product_id,sku,product_name,brand_id,sub_category_id,base_uom_id,pack_type,pack_size,base_quantity_per_pac,viscosity_grade,product_status,created_date,created_by,updated_date,updated_by
1,NR-AEO-0001,Northmark RoadShield 0W-20 1.2 L,1,1,1,Bottle,1.2 L,1.2,0W-20,active,2026-01-01 00:00:00,system,2026-01-01 00:00:00,system
2,NR-AEO-0002,Ironcrest DriveCore 0W-20 3 L,2,1,1,Bottle,3 L,3,0W-20,active,2026-01-01 00:00:00,system,2026-01-01 00:00:00,system
3,NR-AEO-0003,Redstone EngineMax 0W-20 5 L,3,1,1,Bucket,5 L,5,0W-20,active,2026-01-01 00:00:00,system,2026-01-01 00:00:00,system
4,NR-AEO-0004,Westmark AutoPrime 0W-20 10 L,4,1,1,Bucket,10 L,10,0W-20,active,2026-01-01 00:00:00,system,2026-01-01 00:00:00,system
5,NR-AEO-0005,Crestfield RoadShield 5W-30 15 L,5,1,1,Bucket,15 L,15,5W-30,active,2026-01-01 00:00:00,system,2026-01-01 00:00:00,system
6,NR-AEO-0006,Stonebridge DriveCore 5W-30 20 L,6,1,1,Bucket,20 L,20,5W-30,active,2026-01-01 00:00:00,system,2026-01-01 00:00:00,system
7,NR-AEO-0007,Ridgewell EngineMax 5W-30 25 L,7,1,1,Bucket,25 L,25,5W-30,active,2026-01-01 00:00:00,system,2026-01-01 00:00:00,system
8,NR-AEO-0008,Millbrook AutoPrime 5W-30 30 L,8,1,1,Bucket,30 L,30,5W-30,active,2026-01-01 00:00:00,system,2026-01-01 00:00:00,system
9,NR-AEO-0009,Highpoint RoadShield 5W-40 50 L,9,1,1,Drum,50 L,50,5W-40,active,2026-01-01 00:00:00,system,2026-01-01 00:00:00,system
10,NR-AEO-0010,Fieldmark DriveCore 5W-40 55 L,10,1,1,Drum,55 L,55,5W-40,active,2026-01-01 00:00:00,system,2026-01-01 00:00:00,system
11,NR-AEO-0011,Northmark EngineMax 5W-40 180 L,1,1,1,Drum,180 L,180,5W-40,active,2026-01-01 00:00:00,system,2026-01-01 00:00:00,system
12,NR-AEO-0012,Ironcrest AutoPrime 5W-40 210 L,2,1,1,Barrel,210 L,210,5W-40,active,2026-01-01 00:00:00,system,2026-01-01 00:00:00,system
13,NR-AEO-0013,Redstone RoadShield 10W-40 1000 L,3,1,1,Bulk,1000 L,1000,10W-40,active,2026-01-01 00:00:00,system,2026-01-01 00:00:00,system
14,NR-AEO-0014,Westmark DriveCore 10W-40 800 ML,4,1,1,Bottle,800 ML,0.8,10W-40,active,2026-01-01 00:00:00,system,2026-01-01 00:00:00,system
15,NR-AEO-0015,Crestfield EngineMax 10W-40 1 L,5,1,1,Bottle,1 L,1,10W-40,active,2026-01-01 00:00:00,system,2026-01-01 00:00:00,system
16,NR-AEO-0016,Stonebridge AutoPrime 10W-40 1.2 L,6,1,1,Bottle,1.2 L,1.2,10W-40,active,2026-01-01 00:00:00,system,2026-01-01 00:00:00,system
17,NR-AEO-0017,Ridgewell RoadShield 0W-20 3 L,7,1,1,Bottle,3 L,3,0W-20,discontinued,2026-01-01 00:00:00,system,2026-01-01 00:00:00,system
18,NR-AEO-0018,Millbrook DriveCore 0W-20 5 L,8,1,1,Bucket,5 L,5,0W-20,active,2026-01-01 00:00:00,system,2026-01-01 00:00:00,system
19,NR-AEO-0019,Highpoint EngineMax 0W-20 10 L,9,1,1,Bucket,10 L,10,0W-20,active,2026-01-01 00:00:00,system,2026-01-01 00:00:00,system
20,NR-AEO-0020,Fieldmark AutoPrime 0W-20 15 L,10,1,1,Bucket,15 L,15,0W-20,active,2026-01-01 00:00:00,system,2026-01-01 00:00:00,system
21,NR-AEO-0021,Northmark RoadShield 5W-30 20 L,1,1,1,Bucket,20 L,20,5W-30,active,2026-01-01 00:00:00,system,2026-01-01 00:00:00,system
22,NR-AEO-0022,Ironcrest DriveCore 5W-30 25 L,2,1,1,Bucket,25 L,25,5W-30,inactive,2026-01-01 00:00:00,system,2026-01-01 00:00:00,system
23,NR-AEO-0023,Redstone EngineMax 5W-30 30 L,3,1,1,Bucket,30 L,30,5W-30,active,2026-01-01 00:00:00,system,2026-01-01 00:00:00,system
24,NR-AEO-0024,Westmark AutoPrime 5W-30 50 L,4,1,1,Drum,50 L,50,5W-30,active,2026-01-01 00:00:00,system,2026-01-01 00:00:00,system
25,NR-AEO-0025,Crestfield RoadShield 5W-40 55 L,5,1,1,Drum,55 L,55,5W-40,active,2026-01-01 00:00:00,system,2026-01-01 00:00:00,system
26,NR-AEO-0026,Stonebridge DriveCore 5W-40 180 L,6,1,1,Drum,180 L,180,5W-40,active,2026-01-01 00:00:00,system,2026-01-01 00:00:00,system
27,NR-AEO-0027,Ridgewell EngineMax 5W-40 210 L,7,1,1,Barrel,210 L,210,5W-40,discontinued,2026-01-01 00:00:00,system,2026-01-01 00:00:00,system
28,NR-AEO-0028,Millbrook AutoPrime 5W-40 1000 L,8,1,1,Bulk,1000 L,1000,5W-40,inactive,2026-01-01 00:00:00,system,2026-01-01 00:00:00,system
29,NR-AEO-0029,Highpoint RoadShield 10W-40 800 ML,9,1,1,Bottle,800 ML,0.8,10W-40,active,2026-01-01 00:00:00,system,2026-01-01 00:00:00,system
30,NR-AEO-0030,Fieldmark DriveCore 10W-40 1 L,10,1,1,Bottle,1 L,1,10W-40,active,2026-01-01 00:00:00,system,2026-01-01 00:00:00,system
31,NR-AEO-0031,Northmark EngineMax 10W-40 1.2 L,1,1,1,Bottle,1.2 L,1.2,10W-40,active,2026-01-01 00:00:00,system,2026-01-01 00:00:00,system
32,NR-AEO-0032,Ironcrest AutoPrime 10W-40 3 L,2,1,1,Bottle,3 L,3,10W-40,inactive,2026-01-01 00:00:00,system,2026-01-01 00:00:00,system
33,NR-AEO-0033,Redstone RoadShield 0W-20 5 L,3,1,1,Bucket,5 L,5,0W-20,active,2026-01-01 00:00:00,system,2026-01-01 00:00:00,system
34,NR-AEO-0034,Westmark DriveCore 0W-20 10 L,4,1,1,Bucket,10 L,10,0W-20,active,2026-01-01 00:00:00,system,2026-01-01 00:00:00,system
35,NR-AEO-0035,Crestfield EngineMax 0W-20 15 L,5,1,1,Bucket,15 L,15,0W-20,active,2026-01-01 00:00:00,system,2026-01-01 00:00:00,system
36,NR-AEO-0036,Stonebridge AutoPrime 0W-20 20 L,6,1,1,Bucket,20 L,20,0W-20,active,2026-01-01 00:00:00,system,2026-01-01 00:00:00,system
37,NR-AEO-0037,Ridgewell RoadShield 5W-30 25 L,7,1,1,Bucket,25 L,25,5W-30,active,2026-01-01 00:00:00,system,2026-01-01 00:00:00,system
38,NR-AEO-0038,Millbrook DriveCore 5W-30 30 L,8,1,1,Bucket,30 L,30,5W-30,active,2026-01-01 00:00:00,system,2026-01-01 00:00:00,system
39,NR-AEO-0039,Highpoint EngineMax 5W-30 50 L,9,1,1,Drum,50 L,50,5W-30,active,2026-01-01 00:00:00,system,2026-01-01 00:00:00,system
40,NR-AEO-0040,Fieldmark AutoPrime 5W-30 55 L,10,1,1,Drum,55 L,55,5W-30,discontinued,2026-01-01 00:00:00,system,2026-01-01 00:00:00,system
41,NR-AEO-0041,Northmark RoadShield 5W-40 180 L,1,1,1,Drum,180 L,180,5W-40,active,2026-01-01 00:00:00,system,2026-01-01 00:00:00,system
42,NR-AEO-0042,Ironcrest DriveCore 5W-40 210 L,2,1,1,Barrel,210 L,210,5W-40,active,2026-01-01 00:00:00,system,2026-01-01 00:00:00,system
43,NR-AEO-0043,Redstone EngineMax 5W-40 1000 L,3,1,1,Bulk,1000 L,1000,5W-40,active,2026-01-01 00:00:00,system,2026-01-01 00:00:00,system
44,NR-AEO-0044,Westmark AutoPrime 5W-40 800 ML,4,1,1,Bottle,800 ML,0.8,5W-40,active,2026-01-01 00:00:00,system,2026-01-01 00:00:00,system
45,NR-AEO-0045,Crestfield RoadShield 10W-40 1 L,5,1,1,Bottle,1 L,1,10W-40,active,2026-01-01 00:00:00,system,2026-01-01 00:00:00,system
46,NR-AEO-0046,Stonebridge DriveCore 10W-40 1.2 L,6,1,1,Bottle,1.2 L,1.2,10W-40,active,2026-01-01 00:00:00,system,2026-01-01 00:00:00,system
47,NR-AEO-0047,Ridgewell EngineMax 10W-40 3 L,7,1,1,Bottle,3 L,3,10W-40,active,2026-01-01 00:00:00,system,2026-01-01 00:00:00,system
48,NR-AEO-0048,Millbrook AutoPrime 10W-40 5 L,8,1,1,Bucket,5 L,5,10W-40,active,2026-01-01 00:00:00,system,2026-01-01 00:00:00,system
49,NR-AEO-0049,Highpoint RoadShield 0W-20 10 L,9,1,1,Bucket,10 L,10,0W-20,active,2026-01-01 00:00:00,system,2026-01-01 00:00:00,system
50,NR-AEO-0050,Fieldmark DriveCore 0W-20 15 L,10,1,1,Bucket,15 L,15,0W-20,active,2026-01-01 00:00:00,system,2026-01-01 00:00:00,system
51,NR-AEO-0051,Northmark EngineMax 0W-20 20 L,1,1,1,Bucket,20 L,20,0W-20,active,2026-01-01 00:00:00,system,2026-01-01 00:00:00,system
52,NR-AEO-0052,Ironcrest AutoPrime 0W-20 25 L,2,1,1,Bucket,25 L,25,0W-20,active,2026-01-01 00:00:00,system,2026-01-01 00:00:00,system
53,NR-AEO-0053,Redstone RoadShield 5W-30 30 L,3,1,1,Bucket,30 L,30,5W-30,active,2026-01-01 00:00:00,system,2026-01-01 00:00:00,system
54,NR-AEO-0054,Westmark DriveCore 5W-30 50 L,4,1,1,Drum,50 L,50,5W-30,active,2026-01-01 00:00:00,system,2026-01-01 00:00:00,system
55,NR-AEO-0055,Crestfield EngineMax 5W-30 55 L,5,1,1,Drum,55 L,55,5W-30,inactive,2026-01-01 00:00:00,system,2026-01-01 00:00:00,system
56,NR-AEO-0056,Stonebridge AutoPrime 5W-30 180 L,6,1,1,Drum,180 L,180,5W-30,active,2026-01-01 00:00:00,system,2026-01-01 00:00:00,system
57,NR-AEO-0057,Ridgewell RoadShield 5W-40 210 L,7,1,1,Barrel,210 L,210,5W-40,active,2026-01-01 00:00:00,system,2026-01-01 00:00:00,system
58,NR-AEO-0058,Millbrook DriveCore 5W-40 1000 L,8,1,1,Bulk,1000 L,1000,5W-40,active,2026-01-01 00:00:00,system,2026-01-01 00:00:00,system
59,NR-AEO-0059,Highpoint EngineMax 5W-40 800 ML,9,1,1,Bottle,800 ML,0.8,5W-40,active,2026-01-01 00:00:00,system,2026-01-01 00:00:00,system
60,NR-AEO-0060,Fieldmark AutoPrime 5W-40 1 L,10,1,1,Bottle,1 L,1,5W-40,active,2026-01-01 00:00:00,system,2026-01-01 00:00:00,system
61,NR-AEO-0061,Northmark RoadShield 10W-40 1.2 L,1,1,1,Bottle,1.2 L,1.2,10W-40,active,2026-01-01 00:00:00,system,2026-01-01 00:00:00,system
62,NR-AEO-0062,Ironcrest DriveCore 10W-40 3 L,2,1,1,Bottle,3 L,3,10W-40,active,2026-01-01 00:00:00,system,2026-01-01 00:00:00,system
63,NR-AEO-0063,Redstone EngineMax 10W-40 5 L,3,1,1,Bucket,5 L,5,10W-40,discontinued,2026-01-01 00:00:00,system,2026-01-01 00:00:00,system
64,NR-AEO-0064,Westmark AutoPrime 10W-40 10 L,4,1,1,Bucket,10 L,10,10W-40,inactive,2026-01-01 00:00:00,system,2026-01-01 00:00:00,system
65,NR-AEO-0065,Crestfield RoadShield 0W-20 15 L,5,1,1,Bucket,15 L,15,0W-20,active,2026-01-01 00:00:00,system,2026-01-01 00:00:00,system
66,NR-AEO-0066,Stonebridge DriveCore 0W-20 20 L,6,1,1,Bucket,20 L,20,0W-20,active,2026-01-01 00:00:00,system,2026-01-01 00:00:00,system
67,NR-AEO-0067,Ridgewell EngineMax 0W-20 25 L,7,1,1,Bucket,25 L,25,0W-20,active,2026-01-01 00:00:00,system,2026-01-01 00:00:00,system
68,NR-AEO-0068,Millbrook AutoPrime 0W-20 30 L,8,1,1,Bucket,30 L,30,0W-20,active,2026-01-01 00:00:00,system,2026-01-01 00:00:00,system
69,NR-AEO-0069,Highpoint RoadShield 5W-30 50 L,9,1,1,Drum,50 L,50,5W-30,active,2026-01-01 00:00:00,system,2026-01-01 00:00:00,system
70,NR-AEO-0070,Fieldmark DriveCore 5W-30 55 L,10,1,1,Drum,55 L,55,5W-30,active,2026-01-01 00:00:00,system,2026-01-01 00:00:00,system
71,NR-AEO-0071,Northmark FleetGuard 10W-30 5 L,1,2,1,Bucket,5 L,5,10W-30,inactive,2026-01-01 00:00:00,system,2026-01-01 00:00:00,system
72,NR-AEO-0072,Ironcrest DieselCore 10W-30 10 L,2,2,1,Bucket,10 L,10,10W-30,active,2026-01-01 00:00:00,system,2026-01-01 00:00:00,system
73,NR-AEO-0073,Redstone HaulPro 10W-30 15 L,3,2,1,Bucket,15 L,15,10W-30,active,2026-01-01 00:00:00,system,2026-01-01 00:00:00,system
74,NR-AEO-0074,Westmark TorqueShield 10W-30 20 L,4,2,1,Bucket,20 L,20,10W-30,inactive,2026-01-01 00:00:00,system,2026-01-01 00:00:00,system
75,NR-AEO-0075,Crestfield FleetGuard 15W-40 25 L,5,2,1,Bucket,25 L,25,15W-40,active,2026-01-01 00:00:00,system,2026-01-01 00:00:00,system
76,NR-AEO-0076,Stonebridge DieselCore 15W-40 30 L,6,2,1,Bucket,30 L,30,15W-40,active,2026-01-01 00:00:00,system,2026-01-01 00:00:00,system
77,NR-AEO-0077,Ridgewell HaulPro 15W-40 50 L,7,2,1,Drum,50 L,50,15W-40,active,2026-01-01 00:00:00,system,2026-01-01 00:00:00,system
78,NR-AEO-0078,Millbrook TorqueShield 15W-40 55 L,8,2,1,Drum,55 L,55,15W-40,active,2026-01-01 00:00:00,system,2026-01-01 00:00:00,system
79,NR-AEO-0079,Highpoint FleetGuard 20W-40 180 L,9,2,1,Drum,180 L,180,20W-40,active,2026-01-01 00:00:00,system,2026-01-01 00:00:00,system
80,NR-AEO-0080,Fieldmark DieselCore 20W-40 210 L,10,2,1,Barrel,210 L,210,20W-40,active,2026-01-01 00:00:00,system,2026-01-01 00:00:00,system
81,NR-AEO-0081,Northmark HaulPro 20W-40 1000 L,1,2,1,Bulk,1000 L,1000,20W-40,active,2026-01-01 00:00:00,system,2026-01-01 00:00:00,system
82,NR-AEO-0082,Ironcrest TorqueShield 20W-40 800 ML,2,2,1,Bottle,800 ML,0.8,20W-40,active,2026-01-01 00:00:00,system,2026-01-01 00:00:00,system
83,NR-AEO-0083,Redstone FleetGuard 20W-50 1 L,3,2,1,Bottle,1 L,1,20W-50,active,2026-01-01 00:00:00,system,2026-01-01 00:00:00,system
84,NR-AEO-0084,Westmark DieselCore 20W-50 1.2 L,4,2,1,Bottle,1.2 L,1.2,20W-50,active,2026-01-01 00:00:00,system,2026-01-01 00:00:00,system
85,NR-AEO-0085,Crestfield HaulPro 20W-50 3 L,5,2,1,Bottle,3 L,3,20W-50,active,2026-01-01 00:00:00,system,2026-01-01 00:00:00,system
86,NR-AEO-0086,Stonebridge TorqueShield 20W-50 5 L,6,2,1,Bucket,5 L,5,20W-50,active,2026-01-01 00:00:00,system,2026-01-01 00:00:00,system
87,NR-AEO-0087,Ridgewell FleetGuard 10W-30 10 L,7,2,1,Bucket,10 L,10,10W-30,active,2026-01-01 00:00:00,system,2026-01-01 00:00:00,system
88,NR-AEO-0088,Millbrook DieselCore 10W-30 15 L,8,2,1,Bucket,15 L,15,10W-30,active,2026-01-01 00:00:00,system,2026-01-01 00:00:00,system
89,NR-AEO-0089,Highpoint HaulPro 10W-30 20 L,9,2,1,Bucket,20 L,20,10W-30,active,2026-01-01 00:00:00,system,2026-01-01 00:00:00,system
90,NR-AEO-0090,Fieldmark TorqueShield 10W-30 25 L,10,2,1,Bucket,25 L,25,10W-30,active,2026-01-01 00:00:00,system,2026-01-01 00:00:00,system
91,NR-AEO-0091,Northmark FleetGuard 15W-40 30 L,1,2,1,Bucket,30 L,30,15W-40,active,2026-01-01 00:00:00,system,2026-01-01 00:00:00,system
92,NR-AEO-0092,Ironcrest DieselCore 15W-40 50 L,2,2,1,Drum,50 L,50,15W-40,active,2026-01-01 00:00:00,system,2026-01-01 00:00:00,system
93,NR-AEO-0093,Redstone HaulPro 15W-40 55 L,3,2,1,Drum,55 L,55,15W-40,active,2026-01-01 00:00:00,system,2026-01-01 00:00:00,system
94,NR-AEO-0094,Westmark TorqueShield 15W-40 180 L,4,2,1,Drum,180 L,180,15W-40,active,2026-01-01 00:00:00,system,2026-01-01 00:00:00,system
95,NR-AEO-0095,Crestfield FleetGuard 20W-40 210 L,5,2,1,Barrel,210 L,210,20W-40,active,2026-01-01 00:00:00,system,2026-01-01 00:00:00,system
96,NR-AEO-0096,Stonebridge DieselCore 20W-40 1000 L,6,2,1,Bulk,1000 L,1000,20W-40,active,2026-01-01 00:00:00,system,2026-01-01 00:00:00,system
97,NR-AEO-0097,Ridgewell HaulPro 20W-40 800 ML,7,2,1,Bottle,800 ML,0.8,20W-40,active,2026-01-01 00:00:00,system,2026-01-01 00:00:00,system
98,NR-AEO-0098,Millbrook TorqueShield 20W-40 1 L,8,2,1,Bottle,1 L,1,20W-40,active,2026-01-01 00:00:00,system,2026-01-01 00:00:00,system
99,NR-AEO-0099,Highpoint FleetGuard 20W-50 1.2 L,9,2,1,Bottle,1.2 L,1.2,20W-50,active,2026-01-01 00:00:00,system,2026-01-01 00:00:00,system
100,NR-AEO-0100,Fieldmark DieselCore 20W-50 3 L,10,2,1,Bottle,3 L,3,20W-50,active,2026-01-01 00:00:00,system,2026-01-01 00:00:00,system
101,NR-AEO-0101,Northmark HaulPro 20W-50 5 L,1,2,1,Bucket,5 L,5,20W-50,active,2026-01-01 00:00:00,system,2026-01-01 00:00:00,system
102,NR-AEO-0102,Ironcrest TorqueShield 20W-50 10 L,2,2,1,Bucket,10 L,10,20W-50,active,2026-01-01 00:00:00,system,2026-01-01 00:00:00,system
103,NR-AEO-0103,Redstone FleetGuard 10W-30 15 L,3,2,1,Bucket,15 L,15,10W-30,active,2026-01-01 00:00:00,system,2026-01-01 00:00:00,system
104,NR-AEO-0104,Westmark DieselCore 10W-30 20 L,4,2,1,Bucket,20 L,20,10W-30,active,2026-01-01 00:00:00,system,2026-01-01 00:00:00,system
105,NR-AEO-0105,Crestfield HaulPro 10W-30 25 L,5,2,1,Bucket,25 L,25,10W-30,active,2026-01-01 00:00:00,system,2026-01-01 00:00:00,system
106,NR-AEO-0106,Stonebridge TorqueShield 10W-30 30 L,6,2,1,Bucket,30 L,30,10W-30,active,2026-01-01 00:00:00,system,2026-01-01 00:00:00,system
107,NR-AEO-0107,Ridgewell FleetGuard 15W-40 50 L,7,2,1,Drum,50 L,50,15W-40,active,2026-01-01 00:00:00,system,2026-01-01 00:00:00,system
108,NR-AEO-0108,Millbrook DieselCore 15W-40 55 L,8,2,1,Drum,55 L,55,15W-40,active,2026-01-01 00:00:00,system,2026-01-01 00:00:00,system
109,NR-AEO-0109,Highpoint HaulPro 15W-40 180 L,9,2,1,Drum,180 L,180,15W-40,active,2026-01-01 00:00:00,system,2026-01-01 00:00:00,system
110,NR-AEO-0110,Fieldmark TorqueShield 15W-40 210 L,10,2,1,Barrel,210 L,210,15W-40,active,2026-01-01 00:00:00,system,2026-01-01 00:00:00,system
111,NR-AEO-0111,Northmark FleetGuard 20W-40 1000 L,1,2,1,Bulk,1000 L,1000,20W-40,active,2026-01-01 00:00:00,system,2026-01-01 00:00:00,system
112,NR-AEO-0112,Ironcrest DieselCore 20W-40 800 ML,2,2,1,Bottle,800 ML,0.8,20W-40,active,2026-01-01 00:00:00,system,2026-01-01 00:00:00,system
113,NR-AEO-0113,Redstone HaulPro 20W-40 1 L,3,2,1,Bottle,1 L,1,20W-40,active,2026-01-01 00:00:00,system,2026-01-01 00:00:00,system
114,NR-AEO-0114,Westmark TorqueShield 20W-40 1.2 L,4,2,1,Bottle,1.2 L,1.2,20W-40,inactive,2026-01-01 00:00:00,system,2026-01-01 00:00:00,system
115,NR-AEO-0115,Crestfield FleetGuard 20W-50 3 L,5,2,1,Bottle,3 L,3,20W-50,active,2026-01-01 00:00:00,system,2026-01-01 00:00:00,system
116,NR-AEO-0116,Stonebridge DieselCore 20W-50 5 L,6,2,1,Bucket,5 L,5,20W-50,active,2026-01-01 00:00:00,system,2026-01-01 00:00:00,system
117,NR-AEO-0117,Ridgewell HaulPro 20W-50 10 L,7,2,1,Bucket,10 L,10,20W-50,active,2026-01-01 00:00:00,system,2026-01-01 00:00:00,system
118,NR-AEO-0118,Millbrook TorqueShield 20W-50 15 L,8,2,1,Bucket,15 L,15,20W-50,active,2026-01-01 00:00:00,system,2026-01-01 00:00:00,system
119,NR-AEO-0119,Highpoint FleetGuard 10W-30 20 L,9,2,1,Bucket,20 L,20,10W-30,active,2026-01-01 00:00:00,system,2026-01-01 00:00:00,system
120,NR-AEO-0120,Fieldmark DieselCore 10W-30 25 L,10,2,1,Bucket,25 L,25,10W-30,active,2026-01-01 00:00:00,system,2026-01-01 00:00:00,system
121,NR-AEO-0121,Northmark HaulPro 10W-30 30 L,1,2,1,Bucket,30 L,30,10W-30,active,2026-01-01 00:00:00,system,2026-01-01 00:00:00,system
122,NR-AEO-0122,Ironcrest TorqueShield 10W-30 50 L,2,2,1,Drum,50 L,50,10W-30,inactive,2026-01-01 00:00:00,system,2026-01-01 00:00:00,system
123,NR-AEO-0123,Redstone FleetGuard 15W-40 55 L,3,2,1,Drum,55 L,55,15W-40,active,2026-01-01 00:00:00,system,2026-01-01 00:00:00,system
124,NR-AEO-0124,Westmark DieselCore 15W-40 180 L,4,2,1,Drum,180 L,180,15W-40,active,2026-01-01 00:00:00,system,2026-01-01 00:00:00,system
125,NR-AEO-0125,Crestfield HaulPro 15W-40 210 L,5,2,1,Barrel,210 L,210,15W-40,active,2026-01-01 00:00:00,system,2026-01-01 00:00:00,system
126,NR-AEO-0126,Stonebridge TorqueShield 15W-40 1000 L,6,2,1,Bulk,1000 L,1000,15W-40,active,2026-01-01 00:00:00,system,2026-01-01 00:00:00,system
127,NR-AEO-0127,Ridgewell FleetGuard 20W-40 800 ML,7,2,1,Bottle,800 ML,0.8,20W-40,active,2026-01-01 00:00:00,system,2026-01-01 00:00:00,system
128,NR-AEO-0128,Millbrook DieselCore 20W-40 1 L,8,2,1,Bottle,1 L,1,20W-40,active,2026-01-01 00:00:00,system,2026-01-01 00:00:00,system
129,NR-AEO-0129,Highpoint HaulPro 20W-40 1.2 L,9,2,1,Bottle,1.2 L,1.2,20W-40,active,2026-01-01 00:00:00,system,2026-01-01 00:00:00,system
130,NR-AEO-0130,Fieldmark TorqueShield 20W-40 3 L,10,2,1,Bottle,3 L,3,20W-40,active,2026-01-01 00:00:00,system,2026-01-01 00:00:00,system
131,NR-AEO-0131,Northmark FleetGuard 20W-50 5 L,1,2,1,Bucket,5 L,5,20W-50,active,2026-01-01 00:00:00,system,2026-01-01 00:00:00,system
132,NR-AEO-0132,Ironcrest DieselCore 20W-50 10 L,2,2,1,Bucket,10 L,10,20W-50,active,2026-01-01 00:00:00,system,2026-01-01 00:00:00,system
133,NR-AEO-0133,Redstone HaulPro 20W-50 15 L,3,2,1,Bucket,15 L,15,20W-50,active,2026-01-01 00:00:00,system,2026-01-01 00:00:00,system
134,NR-AEO-0134,Westmark TorqueShield 20W-50 20 L,4,2,1,Bucket,20 L,20,20W-50,active,2026-01-01 00:00:00,system,2026-01-01 00:00:00,system
135,NR-AEO-0135,Crestfield FleetGuard 10W-30 25 L,5,2,1,Bucket,25 L,25,10W-30,active,2026-01-01 00:00:00,system,2026-01-01 00:00:00,system
136,NR-AEO-0136,Stonebridge FleetLine 10W-40 15 L,6,3,1,Bucket,15 L,15,10W-40,inactive,2026-01-01 00:00:00,system,2026-01-01 00:00:00,system
137,NR-AEO-0137,Ridgewell CargoForce 10W-40 20 L,7,3,1,Bucket,20 L,20,10W-40,active,2026-01-01 00:00:00,system,2026-01-01 00:00:00,system
138,NR-AEO-0138,Millbrook RoadHaul 10W-40 25 L,8,3,1,Bucket,25 L,25,10W-40,active,2026-01-01 00:00:00,system,2026-01-01 00:00:00,system
139,NR-AEO-0139,Highpoint TransitCore 10W-40 30 L,9,3,1,Bucket,30 L,30,10W-40,discontinued,2026-01-01 00:00:00,system,2026-01-01 00:00:00,system
140,NR-AEO-0140,Fieldmark FleetLine 15W-40 50 L,10,3,1,Drum,50 L,50,15W-40,active,2026-01-01 00:00:00,system,2026-01-01 00:00:00,system
141,NR-AEO-0141,Northmark CargoForce 15W-40 55 L,1,3,1,Drum,55 L,55,15W-40,active,2026-01-01 00:00:00,system,2026-01-01 00:00:00,system
142,NR-AEO-0142,Ironcrest RoadHaul 15W-40 180 L,2,3,1,Drum,180 L,180,15W-40,active,2026-01-01 00:00:00,system,2026-01-01 00:00:00,system
143,NR-AEO-0143,Redstone TransitCore 15W-40 210 L,3,3,1,Barrel,210 L,210,15W-40,active,2026-01-01 00:00:00,system,2026-01-01 00:00:00,system
144,NR-AEO-0144,Westmark FleetLine 20W-50 1000 L,4,3,1,Bulk,1000 L,1000,20W-50,active,2026-01-01 00:00:00,system,2026-01-01 00:00:00,system
145,NR-AEO-0145,Crestfield CargoForce 20W-50 800 ML,5,3,1,Bottle,800 ML,0.8,20W-50,active,2026-01-01 00:00:00,system,2026-01-01 00:00:00,system
146,NR-AEO-0146,Stonebridge RoadHaul 20W-50 1 L,6,3,1,Bottle,1 L,1,20W-50,active,2026-01-01 00:00:00,system,2026-01-01 00:00:00,system
147,NR-AEO-0147,Ridgewell TransitCore 20W-50 1.2 L,7,3,1,Bottle,1.2 L,1.2,20W-50,active,2026-01-01 00:00:00,system,2026-01-01 00:00:00,system
148,NR-AEO-0148,Millbrook FleetLine 10W-40 3 L,8,3,1,Bottle,3 L,3,10W-40,active,2026-01-01 00:00:00,system,2026-01-01 00:00:00,system
149,NR-AEO-0149,Highpoint CargoForce 10W-40 5 L,9,3,1,Bucket,5 L,5,10W-40,active,2026-01-01 00:00:00,system,2026-01-01 00:00:00,system
150,NR-AEO-0150,Fieldmark RoadHaul 10W-40 10 L,10,3,1,Bucket,10 L,10,10W-40,active,2026-01-01 00:00:00,system,2026-01-01 00:00:00,system
151,NR-AEO-0151,Northmark TransitCore 10W-40 15 L,1,3,1,Bucket,15 L,15,10W-40,active,2026-01-01 00:00:00,system,2026-01-01 00:00:00,system
152,NR-AEO-0152,Ironcrest FleetLine 15W-40 20 L,2,3,1,Bucket,20 L,20,15W-40,active,2026-01-01 00:00:00,system,2026-01-01 00:00:00,system
153,NR-AEO-0153,Redstone CargoForce 15W-40 25 L,3,3,1,Bucket,25 L,25,15W-40,active,2026-01-01 00:00:00,system,2026-01-01 00:00:00,system
154,NR-AEO-0154,Westmark RoadHaul 15W-40 30 L,4,3,1,Bucket,30 L,30,15W-40,active,2026-01-01 00:00:00,system,2026-01-01 00:00:00,system
155,NR-AEO-0155,Crestfield TransitCore 15W-40 50 L,5,3,1,Drum,50 L,50,15W-40,active,2026-01-01 00:00:00,system,2026-01-01 00:00:00,system
156,NR-AEO-0156,Stonebridge FleetLine 20W-50 55 L,6,3,1,Drum,55 L,55,20W-50,active,2026-01-01 00:00:00,system,2026-01-01 00:00:00,system
157,NR-AEO-0157,Ridgewell CargoForce 20W-50 180 L,7,3,1,Drum,180 L,180,20W-50,active,2026-01-01 00:00:00,system,2026-01-01 00:00:00,system
158,NR-AEO-0158,Millbrook RoadHaul 20W-50 210 L,8,3,1,Barrel,210 L,210,20W-50,active,2026-01-01 00:00:00,system,2026-01-01 00:00:00,system
159,NR-AEO-0159,Highpoint TransitCore 20W-50 1000 L,9,3,1,Bulk,1000 L,1000,20W-50,active,2026-01-01 00:00:00,system,2026-01-01 00:00:00,system
160,NR-AEO-0160,Fieldmark FleetLine 10W-40 800 ML,10,3,1,Bottle,800 ML,0.8,10W-40,active,2026-01-01 00:00:00,system,2026-01-01 00:00:00,system
161,NR-AEO-0161,Northmark CargoForce 10W-40 1 L,1,3,1,Bottle,1 L,1,10W-40,inactive,2026-01-01 00:00:00,system,2026-01-01 00:00:00,system
162,NR-AEO-0162,Ironcrest RoadHaul 10W-40 1.2 L,2,3,1,Bottle,1.2 L,1.2,10W-40,active,2026-01-01 00:00:00,system,2026-01-01 00:00:00,system
163,NR-AEO-0163,Redstone TransitCore 10W-40 3 L,3,3,1,Bottle,3 L,3,10W-40,discontinued,2026-01-01 00:00:00,system,2026-01-01 00:00:00,system
164,NR-AEO-0164,Westmark FleetLine 15W-40 5 L,4,3,1,Bucket,5 L,5,15W-40,active,2026-01-01 00:00:00,system,2026-01-01 00:00:00,system
165,NR-AEO-0165,Crestfield CargoForce 15W-40 10 L,5,3,1,Bucket,10 L,10,15W-40,active,2026-01-01 00:00:00,system,2026-01-01 00:00:00,system
166,NR-AEO-0166,Stonebridge RoadHaul 15W-40 15 L,6,3,1,Bucket,15 L,15,15W-40,active,2026-01-01 00:00:00,system,2026-01-01 00:00:00,system
167,NR-AEO-0167,Ridgewell TransitCore 15W-40 20 L,7,3,1,Bucket,20 L,20,15W-40,active,2026-01-01 00:00:00,system,2026-01-01 00:00:00,system
168,NR-AEO-0168,Millbrook FleetLine 20W-50 25 L,8,3,1,Bucket,25 L,25,20W-50,active,2026-01-01 00:00:00,system,2026-01-01 00:00:00,system
169,NR-AEO-0169,Highpoint CargoForce 20W-50 30 L,9,3,1,Bucket,30 L,30,20W-50,active,2026-01-01 00:00:00,system,2026-01-01 00:00:00,system
170,NR-AEO-0170,Fieldmark RoadHaul 20W-50 50 L,10,3,1,Drum,50 L,50,20W-50,active,2026-01-01 00:00:00,system,2026-01-01 00:00:00,system
171,NR-AEO-0171,Northmark TransitCore 20W-50 55 L,1,3,1,Drum,55 L,55,20W-50,active,2026-01-01 00:00:00,system,2026-01-01 00:00:00,system
172,NR-AEO-0172,Ironcrest FleetLine 10W-40 180 L,2,3,1,Drum,180 L,180,10W-40,active,2026-01-01 00:00:00,system,2026-01-01 00:00:00,system
173,NR-AEO-0173,Redstone CargoForce 10W-40 210 L,3,3,1,Barrel,210 L,210,10W-40,active,2026-01-01 00:00:00,system,2026-01-01 00:00:00,system
174,NR-AEO-0174,Westmark RoadHaul 10W-40 1000 L,4,3,1,Bulk,1000 L,1000,10W-40,inactive,2026-01-01 00:00:00,system,2026-01-01 00:00:00,system
175,NR-AEO-0175,Crestfield TransitCore 10W-40 800 ML,5,3,1,Bottle,800 ML,0.8,10W-40,active,2026-01-01 00:00:00,system,2026-01-01 00:00:00,system
176,NR-AEO-0176,Stonebridge FleetLine 15W-40 1 L,6,3,1,Bottle,1 L,1,15W-40,active,2026-01-01 00:00:00,system,2026-01-01 00:00:00,system
177,NR-AEO-0177,Ridgewell CargoForce 15W-40 1.2 L,7,3,1,Bottle,1.2 L,1.2,15W-40,active,2026-01-01 00:00:00,system,2026-01-01 00:00:00,system
178,NR-AEO-0178,Millbrook RoadHaul 15W-40 3 L,8,3,1,Bottle,3 L,3,15W-40,active,2026-01-01 00:00:00,system,2026-01-01 00:00:00,system
179,NR-AEO-0179,Highpoint TransitCore 15W-40 5 L,9,3,1,Bucket,5 L,5,15W-40,active,2026-01-01 00:00:00,system,2026-01-01 00:00:00,system
180,NR-AEO-0180,Fieldmark FleetLine 20W-50 10 L,10,3,1,Bucket,10 L,10,20W-50,active,2026-01-01 00:00:00,system,2026-01-01 00:00:00,system
181,NR-AEO-0181,Northmark CargoForce 20W-50 15 L,1,3,1,Bucket,15 L,15,20W-50,active,2026-01-01 00:00:00,system,2026-01-01 00:00:00,system
182,NR-AEO-0182,Ironcrest RoadHaul 20W-50 20 L,2,3,1,Bucket,20 L,20,20W-50,inactive,2026-01-01 00:00:00,system,2026-01-01 00:00:00,system
183,NR-AEO-0183,Redstone TransitCore 20W-50 25 L,3,3,1,Bucket,25 L,25,20W-50,active,2026-01-01 00:00:00,system,2026-01-01 00:00:00,system
184,NR-AEO-0184,Westmark FleetLine 10W-40 30 L,4,3,1,Bucket,30 L,30,10W-40,inactive,2026-01-01 00:00:00,system,2026-01-01 00:00:00,system
185,NR-AEO-0185,Crestfield CargoForce 10W-40 50 L,5,3,1,Drum,50 L,50,10W-40,active,2026-01-01 00:00:00,system,2026-01-01 00:00:00,system
186,NR-AEO-0186,Stonebridge RoadHaul 10W-40 55 L,6,3,1,Drum,55 L,55,10W-40,active,2026-01-01 00:00:00,system,2026-01-01 00:00:00,system
187,NR-AEO-0187,Ridgewell TransitCore 10W-40 180 L,7,3,1,Drum,180 L,180,10W-40,inactive,2026-01-01 00:00:00,system,2026-01-01 00:00:00,system
188,NR-AEO-0188,Millbrook FleetLine 15W-40 210 L,8,3,1,Barrel,210 L,210,15W-40,active,2026-01-01 00:00:00,system,2026-01-01 00:00:00,system
189,NR-AEO-0189,Highpoint CargoForce 15W-40 1000 L,9,3,1,Bulk,1000 L,1000,15W-40,active,2026-01-01 00:00:00,system,2026-01-01 00:00:00,system
190,NR-AEO-0190,Fieldmark RoadHaul 15W-40 800 ML,10,3,1,Bottle,800 ML,0.8,15W-40,active,2026-01-01 00:00:00,system,2026-01-01 00:00:00,system
191,NR-AEO-0191,Northmark TransitCore 15W-40 1 L,1,3,1,Bottle,1 L,1,15W-40,active,2026-01-01 00:00:00,system,2026-01-01 00:00:00,system
192,NR-AEO-0192,Ironcrest FleetLine 20W-50 1.2 L,2,3,1,Bottle,1.2 L,1.2,20W-50,active,2026-01-01 00:00:00,system,2026-01-01 00:00:00,system
193,NR-AEO-0193,Redstone CargoForce 20W-50 3 L,3,3,1,Bottle,3 L,3,20W-50,active,2026-01-01 00:00:00,system,2026-01-01 00:00:00,system
194,NR-AEO-0194,Westmark RoadHaul 20W-50 5 L,4,3,1,Bucket,5 L,5,20W-50,active,2026-01-01 00:00:00,system,2026-01-01 00:00:00,system
195,NR-AEO-0195,Crestfield TransitCore 20W-50 10 L,5,3,1,Bucket,10 L,10,20W-50,active,2026-01-01 00:00:00,system,2026-01-01 00:00:00,system
196,NR-AEO-0196,Stonebridge MotoDrive 5W-30 25 L,6,4,1,Bucket,25 L,25,5W-30,active,2026-01-01 00:00:00,system,2026-01-01 00:00:00,system
197,NR-AEO-0197,Ridgewell RiderCore 5W-30 30 L,7,4,1,Bucket,30 L,30,5W-30,discontinued,2026-01-01 00:00:00,system,2026-01-01 00:00:00,system
198,NR-AEO-0198,Millbrook StreetForce 5W-30 50 L,8,4,1,Drum,50 L,50,5W-30,active,2026-01-01 00:00:00,system,2026-01-01 00:00:00,system
199,NR-AEO-0199,Highpoint MotoGuard 5W-30 55 L,9,4,1,Drum,55 L,55,5W-30,active,2026-01-01 00:00:00,system,2026-01-01 00:00:00,system
200,NR-AEO-0200,Fieldmark MotoDrive 10W-30 180 L,10,4,1,Drum,180 L,180,10W-30,active,2026-01-01 00:00:00,system,2026-01-01 00:00:00,system
201,NR-AEO-0201,Northmark RiderCore 10W-30 210 L,1,4,1,Barrel,210 L,210,10W-30,active,2026-01-01 00:00:00,system,2026-01-01 00:00:00,system
202,NR-AEO-0202,Ironcrest StreetForce 10W-30 1000 L,2,4,1,Bulk,1000 L,1000,10W-30,active,2026-01-01 00:00:00,system,2026-01-01 00:00:00,system
203,NR-AEO-0203,Redstone MotoGuard 10W-30 800 ML,3,4,1,Bottle,800 ML,0.8,10W-30,active,2026-01-01 00:00:00,system,2026-01-01 00:00:00,system
204,NR-AEO-0204,Westmark MotoDrive 10W-40 1 L,4,4,1,Bottle,1 L,1,10W-40,active,2026-01-01 00:00:00,system,2026-01-01 00:00:00,system
205,NR-AEO-0205,Crestfield RiderCore 10W-40 1.2 L,5,4,1,Bottle,1.2 L,1.2,10W-40,active,2026-01-01 00:00:00,system,2026-01-01 00:00:00,system
206,NR-AEO-0206,Stonebridge StreetForce 10W-40 3 L,6,4,1,Bottle,3 L,3,10W-40,active,2026-01-01 00:00:00,system,2026-01-01 00:00:00,system
207,NR-AEO-0207,Ridgewell MotoGuard 10W-40 5 L,7,4,1,Bucket,5 L,5,10W-40,inactive,2026-01-01 00:00:00,system,2026-01-01 00:00:00,system
208,NR-AEO-0208,Millbrook MotoDrive 20W-40 10 L,8,4,1,Bucket,10 L,10,20W-40,active,2026-01-01 00:00:00,system,2026-01-01 00:00:00,system
209,NR-AEO-0209,Highpoint RiderCore 20W-40 15 L,9,4,1,Bucket,15 L,15,20W-40,active,2026-01-01 00:00:00,system,2026-01-01 00:00:00,system
210,NR-AEO-0210,Fieldmark StreetForce 20W-40 20 L,10,4,1,Bucket,20 L,20,20W-40,active,2026-01-01 00:00:00,system,2026-01-01 00:00:00,system
211,NR-AEO-0211,Northmark MotoGuard 20W-40 25 L,1,4,1,Bucket,25 L,25,20W-40,active,2026-01-01 00:00:00,system,2026-01-01 00:00:00,system
212,NR-AEO-0212,Ironcrest MotoDrive 5W-30 30 L,2,4,1,Bucket,30 L,30,5W-30,active,2026-01-01 00:00:00,system,2026-01-01 00:00:00,system
213,NR-AEO-0213,Redstone RiderCore 5W-30 50 L,3,4,1,Drum,50 L,50,5W-30,active,2026-01-01 00:00:00,system,2026-01-01 00:00:00,system
214,NR-AEO-0214,Westmark StreetForce 5W-30 55 L,4,4,1,Drum,55 L,55,5W-30,active,2026-01-01 00:00:00,system,2026-01-01 00:00:00,system
215,NR-AEO-0215,Crestfield MotoGuard 5W-30 180 L,5,4,1,Drum,180 L,180,5W-30,active,2026-01-01 00:00:00,system,2026-01-01 00:00:00,system
216,NR-AEO-0216,Stonebridge MotoDrive 10W-30 210 L,6,4,1,Barrel,210 L,210,10W-30,active,2026-01-01 00:00:00,system,2026-01-01 00:00:00,system
217,NR-AEO-0217,Ridgewell RiderCore 10W-30 1000 L,7,4,1,Bulk,1000 L,1000,10W-30,active,2026-01-01 00:00:00,system,2026-01-01 00:00:00,system
218,NR-AEO-0218,Millbrook StreetForce 10W-30 800 ML,8,4,1,Bottle,800 ML,0.8,10W-30,active,2026-01-01 00:00:00,system,2026-01-01 00:00:00,system
219,NR-AEO-0219,Highpoint MotoGuard 10W-30 1 L,9,4,1,Bottle,1 L,1,10W-30,active,2026-01-01 00:00:00,system,2026-01-01 00:00:00,system
220,NR-AEO-0220,Fieldmark MotoDrive 10W-40 1.2 L,10,4,1,Bottle,1.2 L,1.2,10W-40,active,2026-01-01 00:00:00,system,2026-01-01 00:00:00,system
221,NR-AEO-0221,Northmark RiderCore 10W-40 3 L,1,4,1,Bottle,3 L,3,10W-40,active,2026-01-01 00:00:00,system,2026-01-01 00:00:00,system
222,NR-AEO-0222,Ironcrest StreetForce 10W-40 5 L,2,4,1,Bucket,5 L,5,10W-40,active,2026-01-01 00:00:00,system,2026-01-01 00:00:00,system
223,NR-AEO-0223,Redstone MotoGuard 10W-40 10 L,3,4,1,Bucket,10 L,10,10W-40,inactive,2026-01-01 00:00:00,system,2026-01-01 00:00:00,system
224,NR-AEO-0224,Westmark MotoDrive 20W-40 15 L,4,4,1,Bucket,15 L,15,20W-40,active,2026-01-01 00:00:00,system,2026-01-01 00:00:00,system
225,NR-AEO-0225,Crestfield RiderCore 20W-40 20 L,5,4,1,Bucket,20 L,20,20W-40,active,2026-01-01 00:00:00,system,2026-01-01 00:00:00,system
226,NR-AEO-0226,Stonebridge StreetForce 20W-40 25 L,6,4,1,Bucket,25 L,25,20W-40,active,2026-01-01 00:00:00,system,2026-01-01 00:00:00,system
227,NR-AEO-0227,Ridgewell MotoGuard 20W-40 30 L,7,4,1,Bucket,30 L,30,20W-40,active,2026-01-01 00:00:00,system,2026-01-01 00:00:00,system
228,NR-AEO-0228,Millbrook MotoDrive 5W-30 50 L,8,4,1,Drum,50 L,50,5W-30,active,2026-01-01 00:00:00,system,2026-01-01 00:00:00,system
229,NR-AEO-0229,Highpoint RiderCore 5W-30 55 L,9,4,1,Drum,55 L,55,5W-30,active,2026-01-01 00:00:00,system,2026-01-01 00:00:00,system
230,NR-AEO-0230,Fieldmark StreetForce 5W-30 180 L,10,4,1,Drum,180 L,180,5W-30,active,2026-01-01 00:00:00,system,2026-01-01 00:00:00,system
231,NR-AEO-0231,Northmark MotoGuard 5W-30 210 L,1,4,1,Barrel,210 L,210,5W-30,active,2026-01-01 00:00:00,system,2026-01-01 00:00:00,system
232,NR-AEO-0232,Ironcrest MotoDrive 10W-30 1000 L,2,4,1,Bulk,1000 L,1000,10W-30,active,2026-01-01 00:00:00,system,2026-01-01 00:00:00,system
233,NR-AEO-0233,Redstone RiderCore 10W-30 800 ML,3,4,1,Bottle,800 ML,0.8,10W-30,active,2026-01-01 00:00:00,system,2026-01-01 00:00:00,system
234,NR-AEO-0234,Westmark StreetForce 10W-30 1 L,4,4,1,Bottle,1 L,1,10W-30,active,2026-01-01 00:00:00,system,2026-01-01 00:00:00,system
235,NR-AEO-0235,Crestfield MotoGuard 10W-30 1.2 L,5,4,1,Bottle,1.2 L,1.2,10W-30,active,2026-01-01 00:00:00,system,2026-01-01 00:00:00,system
236,NR-AEO-0236,Stonebridge MotoDrive 10W-40 3 L,6,4,1,Bottle,3 L,3,10W-40,active,2026-01-01 00:00:00,system,2026-01-01 00:00:00,system
237,NR-AEO-0237,Ridgewell RiderCore 10W-40 5 L,7,4,1,Bucket,5 L,5,10W-40,active,2026-01-01 00:00:00,system,2026-01-01 00:00:00,system
238,NR-AEO-0238,Millbrook StreetForce 10W-40 10 L,8,4,1,Bucket,10 L,10,10W-40,active,2026-01-01 00:00:00,system,2026-01-01 00:00:00,system
239,NR-AEO-0239,Highpoint MotoGuard 10W-40 15 L,9,4,1,Bucket,15 L,15,10W-40,active,2026-01-01 00:00:00,system,2026-01-01 00:00:00,system
240,NR-AEO-0240,Fieldmark MotoDrive 20W-40 20 L,10,4,1,Bucket,20 L,20,20W-40,active,2026-01-01 00:00:00,system,2026-01-01 00:00:00,system
241,NR-AEO-0241,Northmark RiderCore 20W-40 25 L,1,4,1,Bucket,25 L,25,20W-40,inactive,2026-01-01 00:00:00,system,2026-01-01 00:00:00,system
242,NR-AEO-0242,Ironcrest StreetForce 20W-40 30 L,2,4,1,Bucket,30 L,30,20W-40,active,2026-01-01 00:00:00,system,2026-01-01 00:00:00,system
243,NR-AEO-0243,Redstone MotoGuard 20W-40 50 L,3,4,1,Drum,50 L,50,20W-40,inactive,2026-01-01 00:00:00,system,2026-01-01 00:00:00,system
244,NR-AEO-0244,Westmark MotoDrive 5W-30 55 L,4,4,1,Drum,55 L,55,5W-30,active,2026-01-01 00:00:00,system,2026-01-01 00:00:00,system
245,NR-AEO-0245,Crestfield RiderCore 5W-30 180 L,5,4,1,Drum,180 L,180,5W-30,active,2026-01-01 00:00:00,system,2026-01-01 00:00:00,system
246,NR-AEO-0246,Stonebridge StreetForce 5W-30 210 L,6,4,1,Barrel,210 L,210,5W-30,active,2026-01-01 00:00:00,system,2026-01-01 00:00:00,system
247,NR-AEO-0247,Ridgewell MotoGuard 5W-30 1000 L,7,4,1,Bulk,1000 L,1000,5W-30,active,2026-01-01 00:00:00,system,2026-01-01 00:00:00,system
248,NR-AEO-0248,Millbrook MotoDrive 10W-30 800 ML,8,4,1,Bottle,800 ML,0.8,10W-30,active,2026-01-01 00:00:00,system,2026-01-01 00:00:00,system
249,NR-AEO-0249,Highpoint RiderCore 10W-30 1 L,9,4,1,Bottle,1 L,1,10W-30,active,2026-01-01 00:00:00,system,2026-01-01 00:00:00,system
250,NR-AEO-0250,Fieldmark StreetForce 10W-30 1.2 L,10,4,1,Bottle,1.2 L,1.2,10W-30,active,2026-01-01 00:00:00,system,2026-01-01 00:00:00,system
251,NR-AEO-0251,Northmark GasCore 10W-40 50 L,1,5,1,Drum,50 L,50,10W-40,active,2026-01-01 00:00:00,system,2026-01-01 00:00:00,system
252,NR-AEO-0252,Ironcrest CleanBurn 10W-40 55 L,2,5,1,Drum,55 L,55,10W-40,active,2026-01-01 00:00:00,system,2026-01-01 00:00:00,system
253,NR-AEO-0253,Redstone StationPro 10W-40 180 L,3,5,1,Drum,180 L,180,10W-40,inactive,2026-01-01 00:00:00,system,2026-01-01 00:00:00,system
254,NR-AEO-0254,Westmark GasGuard 10W-40 210 L,4,5,1,Barrel,210 L,210,10W-40,active,2026-01-01 00:00:00,system,2026-01-01 00:00:00,system
255,NR-AEO-0255,Crestfield GasCore 15W-40 1000 L,5,5,1,Bulk,1000 L,1000,15W-40,active,2026-01-01 00:00:00,system,2026-01-01 00:00:00,system
256,NR-AEO-0256,Stonebridge CleanBurn 15W-40 800 ML,6,5,1,Bottle,800 ML,0.8,15W-40,active,2026-01-01 00:00:00,system,2026-01-01 00:00:00,system
257,NR-AEO-0257,Ridgewell StationPro 15W-40 1 L,7,5,1,Bottle,1 L,1,15W-40,active,2026-01-01 00:00:00,system,2026-01-01 00:00:00,system
258,NR-AEO-0258,Millbrook GasGuard 15W-40 1.2 L,8,5,1,Bottle,1.2 L,1.2,15W-40,active,2026-01-01 00:00:00,system,2026-01-01 00:00:00,system
259,NR-AEO-0259,Highpoint GasCore 20W-40 3 L,9,5,1,Bottle,3 L,3,20W-40,active,2026-01-01 00:00:00,system,2026-01-01 00:00:00,system
260,NR-AEO-0260,Fieldmark CleanBurn 20W-40 5 L,10,5,1,Bucket,5 L,5,20W-40,active,2026-01-01 00:00:00,system,2026-01-01 00:00:00,system
261,NR-AEO-0261,Northmark StationPro 20W-40 10 L,1,5,1,Bucket,10 L,10,20W-40,active,2026-01-01 00:00:00,system,2026-01-01 00:00:00,system
262,NR-AEO-0262,Ironcrest GasGuard 20W-40 15 L,2,5,1,Bucket,15 L,15,20W-40,active,2026-01-01 00:00:00,system,2026-01-01 00:00:00,system
263,NR-AEO-0263,Redstone GasCore 10W-40 20 L,3,5,1,Bucket,20 L,20,10W-40,active,2026-01-01 00:00:00,system,2026-01-01 00:00:00,system
264,NR-AEO-0264,Westmark CleanBurn 10W-40 25 L,4,5,1,Bucket,25 L,25,10W-40,active,2026-01-01 00:00:00,system,2026-01-01 00:00:00,system
265,NR-AEO-0265,Crestfield StationPro 10W-40 30 L,5,5,1,Bucket,30 L,30,10W-40,active,2026-01-01 00:00:00,system,2026-01-01 00:00:00,system
266,NR-AEO-0266,Stonebridge GasGuard 10W-40 50 L,6,5,1,Drum,50 L,50,10W-40,active,2026-01-01 00:00:00,system,2026-01-01 00:00:00,system
267,NR-AEO-0267,Ridgewell GasCore 15W-40 55 L,7,5,1,Drum,55 L,55,15W-40,active,2026-01-01 00:00:00,system,2026-01-01 00:00:00,system
268,NR-AEO-0268,Millbrook CleanBurn 15W-40 180 L,8,5,1,Drum,180 L,180,15W-40,active,2026-01-01 00:00:00,system,2026-01-01 00:00:00,system
269,NR-AEO-0269,Highpoint StationPro 15W-40 210 L,9,5,1,Barrel,210 L,210,15W-40,active,2026-01-01 00:00:00,system,2026-01-01 00:00:00,system
270,NR-AEO-0270,Fieldmark GasGuard 15W-40 1000 L,10,5,1,Bulk,1000 L,1000,15W-40,active,2026-01-01 00:00:00,system,2026-01-01 00:00:00,system
271,NR-AEO-0271,Northmark GasCore 20W-40 800 ML,1,5,1,Bottle,800 ML,0.8,20W-40,active,2026-01-01 00:00:00,system,2026-01-01 00:00:00,system
272,NR-AEO-0272,Ironcrest CleanBurn 20W-40 1 L,2,5,1,Bottle,1 L,1,20W-40,active,2026-01-01 00:00:00,system,2026-01-01 00:00:00,system
273,NR-AEO-0273,Redstone StationPro 20W-40 1.2 L,3,5,1,Bottle,1.2 L,1.2,20W-40,active,2026-01-01 00:00:00,system,2026-01-01 00:00:00,system
274,NR-AEO-0274,Westmark GasGuard 20W-40 3 L,4,5,1,Bottle,3 L,3,20W-40,active,2026-01-01 00:00:00,system,2026-01-01 00:00:00,system
275,NR-AEO-0275,Crestfield GasCore 10W-40 5 L,5,5,1,Bucket,5 L,5,10W-40,active,2026-01-01 00:00:00,system,2026-01-01 00:00:00,system
276,NR-AEO-0276,Stonebridge CleanBurn 10W-40 10 L,6,5,1,Bucket,10 L,10,10W-40,active,2026-01-01 00:00:00,system,2026-01-01 00:00:00,system
277,NR-AEO-0277,Ridgewell StationPro 10W-40 15 L,7,5,1,Bucket,15 L,15,10W-40,active,2026-01-01 00:00:00,system,2026-01-01 00:00:00,system
278,NR-AEO-0278,Millbrook GasGuard 10W-40 20 L,8,5,1,Bucket,20 L,20,10W-40,active,2026-01-01 00:00:00,system,2026-01-01 00:00:00,system
279,NR-AEO-0279,Highpoint GasCore 15W-40 25 L,9,5,1,Bucket,25 L,25,15W-40,active,2026-01-01 00:00:00,system,2026-01-01 00:00:00,system
280,NR-AEO-0280,Fieldmark CleanBurn 15W-40 30 L,10,5,1,Bucket,30 L,30,15W-40,active,2026-01-01 00:00:00,system,2026-01-01 00:00:00,system
281,NR-AEO-0281,Northmark StationPro 15W-40 50 L,1,5,1,Drum,50 L,50,15W-40,inactive,2026-01-01 00:00:00,system,2026-01-01 00:00:00,system
282,NR-AEO-0282,Ironcrest GasGuard 15W-40 55 L,2,5,1,Drum,55 L,55,15W-40,discontinued,2026-01-01 00:00:00,system,2026-01-01 00:00:00,system
283,NR-AEO-0283,Redstone GasCore 20W-40 180 L,3,5,1,Drum,180 L,180,20W-40,active,2026-01-01 00:00:00,system,2026-01-01 00:00:00,system
284,NR-AEO-0284,Westmark CleanBurn 20W-40 210 L,4,5,1,Barrel,210 L,210,20W-40,active,2026-01-01 00:00:00,system,2026-01-01 00:00:00,system
285,NR-AEO-0285,Crestfield StationPro 20W-40 1000 L,5,5,1,Bulk,1000 L,1000,20W-40,active,2026-01-01 00:00:00,system,2026-01-01 00:00:00,system
286,NR-AEO-0286,Stonebridge GasGuard 20W-40 800 ML,6,5,1,Bottle,800 ML,0.8,20W-40,inactive,2026-01-01 00:00:00,system,2026-01-01 00:00:00,system
287,NR-AEO-0287,Ridgewell GasCore 10W-40 1 L,7,5,1,Bottle,1 L,1,10W-40,active,2026-01-01 00:00:00,system,2026-01-01 00:00:00,system
288,NR-AEO-0288,Millbrook CleanBurn 10W-40 1.2 L,8,5,1,Bottle,1.2 L,1.2,10W-40,active,2026-01-01 00:00:00,system,2026-01-01 00:00:00,system
289,NR-AEO-0289,Highpoint StationPro 10W-40 3 L,9,5,1,Bottle,3 L,3,10W-40,active,2026-01-01 00:00:00,system,2026-01-01 00:00:00,system
290,NR-AEO-0290,Fieldmark GasGuard 10W-40 5 L,10,5,1,Bucket,5 L,5,10W-40,active,2026-01-01 00:00:00,system,2026-01-01 00:00:00,system
291,NR-AEO-0291,Northmark GasCore 15W-40 10 L,1,5,1,Bucket,10 L,10,15W-40,active,2026-01-01 00:00:00,system,2026-01-01 00:00:00,system
292,NR-AEO-0292,Ironcrest CleanBurn 15W-40 15 L,2,5,1,Bucket,15 L,15,15W-40,active,2026-01-01 00:00:00,system,2026-01-01 00:00:00,system
293,NR-AEO-0293,Redstone StationPro 15W-40 20 L,3,5,1,Bucket,20 L,20,15W-40,active,2026-01-01 00:00:00,system,2026-01-01 00:00:00,system
294,NR-AEO-0294,Westmark GasGuard 15W-40 25 L,4,5,1,Bucket,25 L,25,15W-40,active,2026-01-01 00:00:00,system,2026-01-01 00:00:00,system
295,NR-AEO-0295,Crestfield GasCore 20W-40 30 L,5,5,1,Bucket,30 L,30,20W-40,active,2026-01-01 00:00:00,system,2026-01-01 00:00:00,system
296,NR-AEO-0296,Stonebridge CleanBurn 20W-40 50 L,6,5,1,Drum,50 L,50,20W-40,active,2026-01-01 00:00:00,system,2026-01-01 00:00:00,system
297,NR-AEO-0297,Ridgewell StationPro 20W-40 55 L,7,5,1,Drum,55 L,55,20W-40,discontinued,2026-01-01 00:00:00,system,2026-01-01 00:00:00,system
298,NR-AEO-0298,Millbrook GasGuard 20W-40 180 L,8,5,1,Drum,180 L,180,20W-40,inactive,2026-01-01 00:00:00,system,2026-01-01 00:00:00,system
299,NR-AEO-0299,Highpoint GasCore 10W-40 210 L,9,5,1,Barrel,210 L,210,10W-40,active,2026-01-01 00:00:00,system,2026-01-01 00:00:00,system
300,NR-AEO-0300,Fieldmark CleanBurn 10W-40 1000 L,10,5,1,Bulk,1000 L,1000,10W-40,active,2026-01-01 00:00:00,system,2026-01-01 00:00:00,system
301,NR-ADF-0001,Northmark GearShield 75W-90 180 L,1,6,1,Drum,180 L,180,75W-90,discontinued,2026-01-01 00:00:00,system,2026-01-01 00:00:00,system
302,NR-ADF-0002,Ironcrest TorqueLine 75W-90 210 L,2,6,1,Barrel,210 L,210,75W-90,active,2026-01-01 00:00:00,system,2026-01-01 00:00:00,system
303,NR-ADF-0003,Redstone DriveGear 75W-90 1000 L,3,6,1,Bulk,1000 L,1000,75W-90,active,2026-01-01 00:00:00,system,2026-01-01 00:00:00,system
304,NR-ADF-0004,Westmark AxleGuard 75W-90 800 ML,4,6,1,Bottle,800 ML,0.8,75W-90,active,2026-01-01 00:00:00,system,2026-01-01 00:00:00,system
305,NR-ADF-0005,Crestfield GearShield 80W-90 1 L,5,6,1,Bottle,1 L,1,80W-90,active,2026-01-01 00:00:00,system,2026-01-01 00:00:00,system
306,NR-ADF-0006,Stonebridge TorqueLine 80W-90 1.2 L,6,6,1,Bottle,1.2 L,1.2,80W-90,active,2026-01-01 00:00:00,system,2026-01-01 00:00:00,system
307,NR-ADF-0007,Ridgewell DriveGear 80W-90 3 L,7,6,1,Bottle,3 L,3,80W-90,active,2026-01-01 00:00:00,system,2026-01-01 00:00:00,system
308,NR-ADF-0008,Millbrook AxleGuard 80W-90 5 L,8,6,1,Bucket,5 L,5,80W-90,active,2026-01-01 00:00:00,system,2026-01-01 00:00:00,system
309,NR-ADF-0009,Highpoint GearShield 85W-140 10 L,9,6,1,Bucket,10 L,10,85W-140,active,2026-01-01 00:00:00,system,2026-01-01 00:00:00,system
310,NR-ADF-0010,Fieldmark TorqueLine 85W-140 15 L,10,6,1,Bucket,15 L,15,85W-140,active,2026-01-01 00:00:00,system,2026-01-01 00:00:00,system
311,NR-ADF-0011,Northmark DriveGear 85W-140 20 L,1,6,1,Bucket,20 L,20,85W-140,active,2026-01-01 00:00:00,system,2026-01-01 00:00:00,system
312,NR-ADF-0012,Ironcrest AxleGuard 85W-140 25 L,2,6,1,Bucket,25 L,25,85W-140,active,2026-01-01 00:00:00,system,2026-01-01 00:00:00,system
313,NR-ADF-0013,Redstone GearShield 75W-90 30 L,3,6,1,Bucket,30 L,30,75W-90,active,2026-01-01 00:00:00,system,2026-01-01 00:00:00,system
314,NR-ADF-0014,Westmark TorqueLine 75W-90 50 L,4,6,1,Drum,50 L,50,75W-90,active,2026-01-01 00:00:00,system,2026-01-01 00:00:00,system
315,NR-ADF-0015,Crestfield DriveGear 75W-90 55 L,5,6,1,Drum,55 L,55,75W-90,active,2026-01-01 00:00:00,system,2026-01-01 00:00:00,system
316,NR-ADF-0016,Stonebridge AxleGuard 75W-90 180 L,6,6,1,Drum,180 L,180,75W-90,active,2026-01-01 00:00:00,system,2026-01-01 00:00:00,system
317,NR-ADF-0017,Ridgewell GearShield 80W-90 210 L,7,6,1,Barrel,210 L,210,80W-90,active,2026-01-01 00:00:00,system,2026-01-01 00:00:00,system
318,NR-ADF-0018,Millbrook TorqueLine 80W-90 1000 L,8,6,1,Bulk,1000 L,1000,80W-90,active,2026-01-01 00:00:00,system,2026-01-01 00:00:00,system
319,NR-ADF-0019,Highpoint DriveGear 80W-90 800 ML,9,6,1,Bottle,800 ML,0.8,80W-90,active,2026-01-01 00:00:00,system,2026-01-01 00:00:00,system
320,NR-ADF-0020,Fieldmark AxleGuard 80W-90 1 L,10,6,1,Bottle,1 L,1,80W-90,discontinued,2026-01-01 00:00:00,system,2026-01-01 00:00:00,system
321,NR-ADF-0021,Northmark GearShield 85W-140 1.2 L,1,6,1,Bottle,1.2 L,1.2,85W-140,active,2026-01-01 00:00:00,system,2026-01-01 00:00:00,system
322,NR-ADF-0022,Ironcrest TorqueLine 85W-140 3 L,2,6,1,Bottle,3 L,3,85W-140,active,2026-01-01 00:00:00,system,2026-01-01 00:00:00,system
323,NR-ADF-0023,Redstone DriveGear 85W-140 5 L,3,6,1,Bucket,5 L,5,85W-140,active,2026-01-01 00:00:00,system,2026-01-01 00:00:00,system
324,NR-ADF-0024,Westmark AxleGuard 85W-140 10 L,4,6,1,Bucket,10 L,10,85W-140,active,2026-01-01 00:00:00,system,2026-01-01 00:00:00,system
325,NR-ADF-0025,Crestfield GearShield 75W-90 15 L,5,6,1,Bucket,15 L,15,75W-90,active,2026-01-01 00:00:00,system,2026-01-01 00:00:00,system
326,NR-ADF-0026,Stonebridge TorqueLine 75W-90 20 L,6,6,1,Bucket,20 L,20,75W-90,inactive,2026-01-01 00:00:00,system,2026-01-01 00:00:00,system
327,NR-ADF-0027,Ridgewell DriveGear 75W-90 25 L,7,6,1,Bucket,25 L,25,75W-90,active,2026-01-01 00:00:00,system,2026-01-01 00:00:00,system
328,NR-ADF-0028,Millbrook AxleGuard 75W-90 30 L,8,6,1,Bucket,30 L,30,75W-90,active,2026-01-01 00:00:00,system,2026-01-01 00:00:00,system
329,NR-ADF-0029,Highpoint GearShield 80W-90 50 L,9,6,1,Drum,50 L,50,80W-90,active,2026-01-01 00:00:00,system,2026-01-01 00:00:00,system
330,NR-ADF-0030,Fieldmark TorqueLine 80W-90 55 L,10,6,1,Drum,55 L,55,80W-90,active,2026-01-01 00:00:00,system,2026-01-01 00:00:00,system
331,NR-ADF-0031,Northmark DriveGear 80W-90 180 L,1,6,1,Drum,180 L,180,80W-90,active,2026-01-01 00:00:00,system,2026-01-01 00:00:00,system
332,NR-ADF-0032,Ironcrest AxleGuard 80W-90 210 L,2,6,1,Barrel,210 L,210,80W-90,active,2026-01-01 00:00:00,system,2026-01-01 00:00:00,system
333,NR-ADF-0033,Redstone GearShield 85W-140 1000 L,3,6,1,Bulk,1000 L,1000,85W-140,active,2026-01-01 00:00:00,system,2026-01-01 00:00:00,system
334,NR-ADF-0034,Westmark TorqueLine 85W-140 800 ML,4,6,1,Bottle,800 ML,0.8,85W-140,active,2026-01-01 00:00:00,system,2026-01-01 00:00:00,system
335,NR-ADF-0035,Crestfield DriveGear 85W-140 1 L,5,6,1,Bottle,1 L,1,85W-140,active,2026-01-01 00:00:00,system,2026-01-01 00:00:00,system
336,NR-ADF-0036,Stonebridge AxleGuard 85W-140 1.2 L,6,6,1,Bottle,1.2 L,1.2,85W-140,active,2026-01-01 00:00:00,system,2026-01-01 00:00:00,system
337,NR-ADF-0037,Ridgewell GearShield 75W-90 3 L,7,6,1,Bottle,3 L,3,75W-90,active,2026-01-01 00:00:00,system,2026-01-01 00:00:00,system
338,NR-ADF-0038,Millbrook TorqueLine 75W-90 5 L,8,6,1,Bucket,5 L,5,75W-90,discontinued,2026-01-01 00:00:00,system,2026-01-01 00:00:00,system
339,NR-ADF-0039,Highpoint DriveGear 75W-90 10 L,9,6,1,Bucket,10 L,10,75W-90,active,2026-01-01 00:00:00,system,2026-01-01 00:00:00,system
340,NR-ADF-0040,Fieldmark AxleGuard 75W-90 15 L,10,6,1,Bucket,15 L,15,75W-90,active,2026-01-01 00:00:00,system,2026-01-01 00:00:00,system
341,NR-ADF-0041,Northmark GearShield 80W-90 20 L,1,6,1,Bucket,20 L,20,80W-90,active,2026-01-01 00:00:00,system,2026-01-01 00:00:00,system
342,NR-ADF-0042,Ironcrest TorqueLine 80W-90 25 L,2,6,1,Bucket,25 L,25,80W-90,inactive,2026-01-01 00:00:00,system,2026-01-01 00:00:00,system
343,NR-ADF-0043,Redstone DriveGear 80W-90 30 L,3,6,1,Bucket,30 L,30,80W-90,active,2026-01-01 00:00:00,system,2026-01-01 00:00:00,system
344,NR-ADF-0044,Westmark AxleGuard 80W-90 50 L,4,6,1,Drum,50 L,50,80W-90,active,2026-01-01 00:00:00,system,2026-01-01 00:00:00,system
345,NR-ADF-0045,Crestfield GearShield 85W-140 55 L,5,6,1,Drum,55 L,55,85W-140,active,2026-01-01 00:00:00,system,2026-01-01 00:00:00,system
346,NR-ADF-0046,Stonebridge TorqueLine 85W-140 180 L,6,6,1,Drum,180 L,180,85W-140,active,2026-01-01 00:00:00,system,2026-01-01 00:00:00,system
347,NR-ADF-0047,Ridgewell DriveGear 85W-140 210 L,7,6,1,Barrel,210 L,210,85W-140,active,2026-01-01 00:00:00,system,2026-01-01 00:00:00,system
348,NR-ADF-0048,Millbrook AxleGuard 85W-140 1000 L,8,6,1,Bulk,1000 L,1000,85W-140,active,2026-01-01 00:00:00,system,2026-01-01 00:00:00,system
349,NR-ADF-0049,Highpoint GearShield 75W-90 800 ML,9,6,1,Bottle,800 ML,0.8,75W-90,active,2026-01-01 00:00:00,system,2026-01-01 00:00:00,system
350,NR-ADF-0050,Fieldmark TorqueLine 75W-90 1 L,10,6,1,Bottle,1 L,1,75W-90,active,2026-01-01 00:00:00,system,2026-01-01 00:00:00,system
351,NR-ADF-0051,Northmark TransFlow ATF Multi-Vehicle 1000 L,1,7,1,Bulk,1000 L,1000,ATF Multi-Vehicle,active,2026-01-01 00:00:00,system,2026-01-01 00:00:00,system
352,NR-ADF-0052,Ironcrest ShiftCore ATF Multi-Vehicle 800 ML,2,7,1,Bottle,800 ML,0.8,ATF Multi-Vehicle,active,2026-01-01 00:00:00,system,2026-01-01 00:00:00,system
353,NR-ADF-0053,Redstone AutoShift ATF Multi-Vehicle 1 L,3,7,1,Bottle,1 L,1,ATF Multi-Vehicle,active,2026-01-01 00:00:00,system,2026-01-01 00:00:00,system
354,NR-ADF-0054,Westmark TransGuard ATF Multi-Vehicle 1.2 L,4,7,1,Bottle,1.2 L,1.2,ATF Multi-Vehicle,active,2026-01-01 00:00:00,system,2026-01-01 00:00:00,system
355,NR-ADF-0055,Crestfield TransFlow ATF Low-Viscosity 3 L,5,7,1,Bottle,3 L,3,ATF Low-Viscosity,active,2026-01-01 00:00:00,system,2026-01-01 00:00:00,system
356,NR-ADF-0056,Stonebridge ShiftCore ATF Low-Viscosity 5 L,6,7,1,Bucket,5 L,5,ATF Low-Viscosity,active,2026-01-01 00:00:00,system,2026-01-01 00:00:00,system
357,NR-ADF-0057,Ridgewell AutoShift ATF Low-Viscosity 10 L,7,7,1,Bucket,10 L,10,ATF Low-Viscosity,active,2026-01-01 00:00:00,system,2026-01-01 00:00:00,system
358,NR-ADF-0058,Millbrook TransGuard ATF Low-Viscosity 15 L,8,7,1,Bucket,15 L,15,ATF Low-Viscosity,active,2026-01-01 00:00:00,system,2026-01-01 00:00:00,system
359,NR-ADF-0059,Highpoint TransFlow ATF Synthetic 20 L,9,7,1,Bucket,20 L,20,ATF Synthetic,active,2026-01-01 00:00:00,system,2026-01-01 00:00:00,system
360,NR-ADF-0060,Fieldmark ShiftCore ATF Synthetic 25 L,10,7,1,Bucket,25 L,25,ATF Synthetic,active,2026-01-01 00:00:00,system,2026-01-01 00:00:00,system
361,NR-ADF-0061,Northmark AutoShift ATF Synthetic 30 L,1,7,1,Bucket,30 L,30,ATF Synthetic,active,2026-01-01 00:00:00,system,2026-01-01 00:00:00,system
362,NR-ADF-0062,Ironcrest TransGuard ATF Synthetic 50 L,2,7,1,Drum,50 L,50,ATF Synthetic,active,2026-01-01 00:00:00,system,2026-01-01 00:00:00,system
363,NR-ADF-0063,Redstone TransFlow ATF Multi-Vehicle 55 L,3,7,1,Drum,55 L,55,ATF Multi-Vehicle,discontinued,2026-01-01 00:00:00,system,2026-01-01 00:00:00,system
364,NR-ADF-0064,Westmark ShiftCore ATF Multi-Vehicle 180 L,4,7,1,Drum,180 L,180,ATF Multi-Vehicle,active,2026-01-01 00:00:00,system,2026-01-01 00:00:00,system
365,NR-ADF-0065,Crestfield AutoShift ATF Multi-Vehicle 210 L,5,7,1,Barrel,210 L,210,ATF Multi-Vehicle,active,2026-01-01 00:00:00,system,2026-01-01 00:00:00,system
366,NR-ADF-0066,Stonebridge TransGuard ATF Multi-Vehicle 1000 L,6,7,1,Bulk,1000 L,1000,ATF Multi-Vehicle,active,2026-01-01 00:00:00,system,2026-01-01 00:00:00,system
367,NR-ADF-0067,Ridgewell TransFlow ATF Low-Viscosity 800 ML,7,7,1,Bottle,800 ML,0.8,ATF Low-Viscosity,active,2026-01-01 00:00:00,system,2026-01-01 00:00:00,system
368,NR-ADF-0068,Millbrook ShiftCore ATF Low-Viscosity 1 L,8,7,1,Bottle,1 L,1,ATF Low-Viscosity,active,2026-01-01 00:00:00,system,2026-01-01 00:00:00,system
369,NR-ADF-0069,Highpoint AutoShift ATF Low-Viscosity 1.2 L,9,7,1,Bottle,1.2 L,1.2,ATF Low-Viscosity,active,2026-01-01 00:00:00,system,2026-01-01 00:00:00,system
370,NR-ADF-0070,Fieldmark TransGuard ATF Low-Viscosity 3 L,10,7,1,Bottle,3 L,3,ATF Low-Viscosity,active,2026-01-01 00:00:00,system,2026-01-01 00:00:00,system
371,NR-ADF-0071,Northmark TransFlow ATF Synthetic 5 L,1,7,1,Bucket,5 L,5,ATF Synthetic,active,2026-01-01 00:00:00,system,2026-01-01 00:00:00,system
372,NR-ADF-0072,Ironcrest ShiftCore ATF Synthetic 10 L,2,7,1,Bucket,10 L,10,ATF Synthetic,inactive,2026-01-01 00:00:00,system,2026-01-01 00:00:00,system
373,NR-ADF-0073,Redstone AutoShift ATF Synthetic 15 L,3,7,1,Bucket,15 L,15,ATF Synthetic,active,2026-01-01 00:00:00,system,2026-01-01 00:00:00,system
374,NR-ADF-0074,Westmark TransGuard ATF Synthetic 20 L,4,7,1,Bucket,20 L,20,ATF Synthetic,active,2026-01-01 00:00:00,system,2026-01-01 00:00:00,system
375,NR-ADF-0075,Crestfield TransFlow ATF Multi-Vehicle 25 L,5,7,1,Bucket,25 L,25,ATF Multi-Vehicle,active,2026-01-01 00:00:00,system,2026-01-01 00:00:00,system
376,NR-ADF-0076,Stonebridge ShiftCore ATF Multi-Vehicle 30 L,6,7,1,Bucket,30 L,30,ATF Multi-Vehicle,inactive,2026-01-01 00:00:00,system,2026-01-01 00:00:00,system
377,NR-ADF-0077,Ridgewell AutoShift ATF Multi-Vehicle 50 L,7,7,1,Drum,50 L,50,ATF Multi-Vehicle,active,2026-01-01 00:00:00,system,2026-01-01 00:00:00,system
378,NR-ADF-0078,Millbrook TransGuard ATF Multi-Vehicle 55 L,8,7,1,Drum,55 L,55,ATF Multi-Vehicle,active,2026-01-01 00:00:00,system,2026-01-01 00:00:00,system
379,NR-ADF-0079,Highpoint TransFlow ATF Low-Viscosity 180 L,9,7,1,Drum,180 L,180,ATF Low-Viscosity,active,2026-01-01 00:00:00,system,2026-01-01 00:00:00,system
380,NR-ADF-0080,Fieldmark ShiftCore ATF Low-Viscosity 210 L,10,7,1,Barrel,210 L,210,ATF Low-Viscosity,active,2026-01-01 00:00:00,system,2026-01-01 00:00:00,system
381,NR-ADF-0081,Northmark AutoShift ATF Low-Viscosity 1000 L,1,7,1,Bulk,1000 L,1000,ATF Low-Viscosity,active,2026-01-01 00:00:00,system,2026-01-01 00:00:00,system
382,NR-ADF-0082,Ironcrest TransGuard ATF Low-Viscosity 800 ML,2,7,1,Bottle,800 ML,0.8,ATF Low-Viscosity,active,2026-01-01 00:00:00,system,2026-01-01 00:00:00,system
383,NR-ADF-0083,Redstone TransFlow ATF Synthetic 1 L,3,7,1,Bottle,1 L,1,ATF Synthetic,active,2026-01-01 00:00:00,system,2026-01-01 00:00:00,system
384,NR-ADF-0084,Westmark ShiftCore ATF Synthetic 1.2 L,4,7,1,Bottle,1.2 L,1.2,ATF Synthetic,discontinued,2026-01-01 00:00:00,system,2026-01-01 00:00:00,system
385,NR-ADF-0085,Crestfield AutoShift ATF Synthetic 3 L,5,7,1,Bottle,3 L,3,ATF Synthetic,active,2026-01-01 00:00:00,system,2026-01-01 00:00:00,system
386,NR-ADF-0086,Stonebridge TransGuard ATF Synthetic 5 L,6,7,1,Bucket,5 L,5,ATF Synthetic,active,2026-01-01 00:00:00,system,2026-01-01 00:00:00,system
387,NR-ADF-0087,Ridgewell TransFlow ATF Multi-Vehicle 10 L,7,7,1,Bucket,10 L,10,ATF Multi-Vehicle,active,2026-01-01 00:00:00,system,2026-01-01 00:00:00,system
388,NR-ADF-0088,Millbrook ShiftCore ATF Multi-Vehicle 15 L,8,7,1,Bucket,15 L,15,ATF Multi-Vehicle,inactive,2026-01-01 00:00:00,system,2026-01-01 00:00:00,system
389,NR-ADF-0089,Highpoint AutoShift ATF Multi-Vehicle 20 L,9,7,1,Bucket,20 L,20,ATF Multi-Vehicle,active,2026-01-01 00:00:00,system,2026-01-01 00:00:00,system
390,NR-ADF-0090,Fieldmark TransGuard ATF Multi-Vehicle 25 L,10,7,1,Bucket,25 L,25,ATF Multi-Vehicle,active,2026-01-01 00:00:00,system,2026-01-01 00:00:00,system
391,NR-ADF-0091,Northmark ManualCore 75W-80 1 L,1,8,1,Bottle,1 L,1,75W-80,inactive,2026-01-01 00:00:00,system,2026-01-01 00:00:00,system
392,NR-ADF-0092,Ironcrest ShiftForce 75W-80 1.2 L,2,8,1,Bottle,1.2 L,1.2,75W-80,active,2026-01-01 00:00:00,system,2026-01-01 00:00:00,system
393,NR-ADF-0093,Redstone GearFlow 75W-80 3 L,3,8,1,Bottle,3 L,3,75W-80,active,2026-01-01 00:00:00,system,2026-01-01 00:00:00,system
394,NR-ADF-0094,Westmark DriveShift 75W-80 5 L,4,8,1,Bucket,5 L,5,75W-80,active,2026-01-01 00:00:00,system,2026-01-01 00:00:00,system
395,NR-ADF-0095,Crestfield ManualCore 75W-90 10 L,5,8,1,Bucket,10 L,10,75W-90,active,2026-01-01 00:00:00,system,2026-01-01 00:00:00,system
396,NR-ADF-0096,Stonebridge ShiftForce 75W-90 15 L,6,8,1,Bucket,15 L,15,75W-90,active,2026-01-01 00:00:00,system,2026-01-01 00:00:00,system
397,NR-ADF-0097,Ridgewell GearFlow 75W-90 20 L,7,8,1,Bucket,20 L,20,75W-90,active,2026-01-01 00:00:00,system,2026-01-01 00:00:00,system
398,NR-ADF-0098,Millbrook DriveShift 75W-90 25 L,8,8,1,Bucket,25 L,25,75W-90,active,2026-01-01 00:00:00,system,2026-01-01 00:00:00,system
399,NR-ADF-0099,Highpoint ManualCore 80W 30 L,9,8,1,Bucket,30 L,30,80W,active,2026-01-01 00:00:00,system,2026-01-01 00:00:00,system
400,NR-ADF-0100,Fieldmark ShiftForce 80W 50 L,10,8,1,Drum,50 L,50,80W,active,2026-01-01 00:00:00,system,2026-01-01 00:00:00,system
401,NR-ADF-0101,Northmark GearFlow 80W 55 L,1,8,1,Drum,55 L,55,80W,active,2026-01-01 00:00:00,system,2026-01-01 00:00:00,system
402,NR-ADF-0102,Ironcrest DriveShift 80W 180 L,2,8,1,Drum,180 L,180,80W,active,2026-01-01 00:00:00,system,2026-01-01 00:00:00,system
403,NR-ADF-0103,Redstone ManualCore 75W-80 210 L,3,8,1,Barrel,210 L,210,75W-80,active,2026-01-01 00:00:00,system,2026-01-01 00:00:00,system
404,NR-ADF-0104,Westmark ShiftForce 75W-80 1000 L,4,8,1,Bulk,1000 L,1000,75W-80,inactive,2026-01-01 00:00:00,system,2026-01-01 00:00:00,system
405,NR-ADF-0105,Crestfield GearFlow 75W-80 800 ML,5,8,1,Bottle,800 ML,0.8,75W-80,inactive,2026-01-01 00:00:00,system,2026-01-01 00:00:00,system
406,NR-ADF-0106,Stonebridge DriveShift 75W-80 1 L,6,8,1,Bottle,1 L,1,75W-80,active,2026-01-01 00:00:00,system,2026-01-01 00:00:00,system
407,NR-ADF-0107,Ridgewell ManualCore 75W-90 1.2 L,7,8,1,Bottle,1.2 L,1.2,75W-90,active,2026-01-01 00:00:00,system,2026-01-01 00:00:00,system
408,NR-ADF-0108,Millbrook ShiftForce 75W-90 3 L,8,8,1,Bottle,3 L,3,75W-90,active,2026-01-01 00:00:00,system,2026-01-01 00:00:00,system
409,NR-ADF-0109,Highpoint GearFlow 75W-90 5 L,9,8,1,Bucket,5 L,5,75W-90,active,2026-01-01 00:00:00,system,2026-01-01 00:00:00,system
410,NR-ADF-0110,Fieldmark DriveShift 75W-90 10 L,10,8,1,Bucket,10 L,10,75W-90,active,2026-01-01 00:00:00,system,2026-01-01 00:00:00,system
411,NR-ADF-0111,Northmark ManualCore 80W 15 L,1,8,1,Bucket,15 L,15,80W,active,2026-01-01 00:00:00,system,2026-01-01 00:00:00,system
412,NR-ADF-0112,Ironcrest ShiftForce 80W 20 L,2,8,1,Bucket,20 L,20,80W,active,2026-01-01 00:00:00,system,2026-01-01 00:00:00,system
413,NR-ADF-0113,Redstone GearFlow 80W 25 L,3,8,1,Bucket,25 L,25,80W,active,2026-01-01 00:00:00,system,2026-01-01 00:00:00,system
414,NR-ADF-0114,Westmark DriveShift 80W 30 L,4,8,1,Bucket,30 L,30,80W,active,2026-01-01 00:00:00,system,2026-01-01 00:00:00,system
415,NR-ADF-0115,Crestfield ManualCore 75W-80 50 L,5,8,1,Drum,50 L,50,75W-80,inactive,2026-01-01 00:00:00,system,2026-01-01 00:00:00,system
416,NR-ADF-0116,Stonebridge ShiftForce 75W-80 55 L,6,8,1,Drum,55 L,55,75W-80,active,2026-01-01 00:00:00,system,2026-01-01 00:00:00,system
417,NR-ADF-0117,Ridgewell GearFlow 75W-80 180 L,7,8,1,Drum,180 L,180,75W-80,active,2026-01-01 00:00:00,system,2026-01-01 00:00:00,system
418,NR-ADF-0118,Millbrook DriveShift 75W-80 210 L,8,8,1,Barrel,210 L,210,75W-80,active,2026-01-01 00:00:00,system,2026-01-01 00:00:00,system
419,NR-ADF-0119,Highpoint ManualCore 75W-90 1000 L,9,8,1,Bulk,1000 L,1000,75W-90,active,2026-01-01 00:00:00,system,2026-01-01 00:00:00,system
420,NR-ADF-0120,Fieldmark ShiftForce 75W-90 800 ML,10,8,1,Bottle,800 ML,0.8,75W-90,active,2026-01-01 00:00:00,system,2026-01-01 00:00:00,system
421,NR-ADF-0121,Northmark GearFlow 75W-90 1 L,1,8,1,Bottle,1 L,1,75W-90,active,2026-01-01 00:00:00,system,2026-01-01 00:00:00,system
422,NR-ADF-0122,Ironcrest DriveShift 75W-90 1.2 L,2,8,1,Bottle,1.2 L,1.2,75W-90,active,2026-01-01 00:00:00,system,2026-01-01 00:00:00,system
423,NR-ADF-0123,Redstone ManualCore 80W 3 L,3,8,1,Bottle,3 L,3,80W,active,2026-01-01 00:00:00,system,2026-01-01 00:00:00,system
424,NR-ADF-0124,Westmark ShiftForce 80W 5 L,4,8,1,Bucket,5 L,5,80W,active,2026-01-01 00:00:00,system,2026-01-01 00:00:00,system
425,NR-ADF-0125,Crestfield GearFlow 80W 10 L,5,8,1,Bucket,10 L,10,80W,active,2026-01-01 00:00:00,system,2026-01-01 00:00:00,system
426,NR-ADF-0126,Stonebridge DriveShift 80W 15 L,6,8,1,Bucket,15 L,15,80W,active,2026-01-01 00:00:00,system,2026-01-01 00:00:00,system
427,NR-ADF-0127,Ridgewell ManualCore 75W-80 20 L,7,8,1,Bucket,20 L,20,75W-80,active,2026-01-01 00:00:00,system,2026-01-01 00:00:00,system
428,NR-ADF-0128,Millbrook ShiftForce 75W-80 25 L,8,8,1,Bucket,25 L,25,75W-80,active,2026-01-01 00:00:00,system,2026-01-01 00:00:00,system
429,NR-ADF-0129,Highpoint GearFlow 75W-80 30 L,9,8,1,Bucket,30 L,30,75W-80,active,2026-01-01 00:00:00,system,2026-01-01 00:00:00,system
430,NR-ADF-0130,Fieldmark DriveShift 75W-80 50 L,10,8,1,Drum,50 L,50,75W-80,active,2026-01-01 00:00:00,system,2026-01-01 00:00:00,system
431,NR-ADF-0131,Northmark DiffShield 75W-90 3 L,1,9,1,Bottle,3 L,3,75W-90,active,2026-01-01 00:00:00,system,2026-01-01 00:00:00,system
432,NR-ADF-0132,Ironcrest AxleCore 75W-90 5 L,2,9,1,Bucket,5 L,5,75W-90,active,2026-01-01 00:00:00,system,2026-01-01 00:00:00,system
433,NR-ADF-0133,Redstone DriveDiff 75W-90 10 L,3,9,1,Bucket,10 L,10,75W-90,active,2026-01-01 00:00:00,system,2026-01-01 00:00:00,system
434,NR-ADF-0134,Westmark FinalGuard 75W-90 15 L,4,9,1,Bucket,15 L,15,75W-90,active,2026-01-01 00:00:00,system,2026-01-01 00:00:00,system
435,NR-ADF-0135,Crestfield DiffShield 80W-90 20 L,5,9,1,Bucket,20 L,20,80W-90,active,2026-01-01 00:00:00,system,2026-01-01 00:00:00,system
436,NR-ADF-0136,Stonebridge AxleCore 80W-90 25 L,6,9,1,Bucket,25 L,25,80W-90,active,2026-01-01 00:00:00,system,2026-01-01 00:00:00,system
437,NR-ADF-0137,Ridgewell DriveDiff 80W-90 30 L,7,9,1,Bucket,30 L,30,80W-90,active,2026-01-01 00:00:00,system,2026-01-01 00:00:00,system
438,NR-ADF-0138,Millbrook FinalGuard 80W-90 50 L,8,9,1,Drum,50 L,50,80W-90,active,2026-01-01 00:00:00,system,2026-01-01 00:00:00,system
439,NR-ADF-0139,Highpoint DiffShield 85W-140 55 L,9,9,1,Drum,55 L,55,85W-140,active,2026-01-01 00:00:00,system,2026-01-01 00:00:00,system
440,NR-ADF-0140,Fieldmark AxleCore 85W-140 180 L,10,9,1,Drum,180 L,180,85W-140,active,2026-01-01 00:00:00,system,2026-01-01 00:00:00,system
441,NR-ADF-0141,Northmark DriveDiff 85W-140 210 L,1,9,1,Barrel,210 L,210,85W-140,discontinued,2026-01-01 00:00:00,system,2026-01-01 00:00:00,system
442,NR-ADF-0142,Ironcrest FinalGuard 85W-140 1000 L,2,9,1,Bulk,1000 L,1000,85W-140,active,2026-01-01 00:00:00,system,2026-01-01 00:00:00,system
443,NR-ADF-0143,Redstone DiffShield 75W-90 800 ML,3,9,1,Bottle,800 ML,0.8,75W-90,active,2026-01-01 00:00:00,system,2026-01-01 00:00:00,system
444,NR-ADF-0144,Westmark AxleCore 75W-90 1 L,4,9,1,Bottle,1 L,1,75W-90,discontinued,2026-01-01 00:00:00,system,2026-01-01 00:00:00,system
445,NR-ADF-0145,Crestfield DriveDiff 75W-90 1.2 L,5,9,1,Bottle,1.2 L,1.2,75W-90,active,2026-01-01 00:00:00,system,2026-01-01 00:00:00,system
446,NR-ADF-0146,Stonebridge FinalGuard 75W-90 3 L,6,9,1,Bottle,3 L,3,75W-90,active,2026-01-01 00:00:00,system,2026-01-01 00:00:00,system
447,NR-ADF-0147,Ridgewell DiffShield 80W-90 5 L,7,9,1,Bucket,5 L,5,80W-90,active,2026-01-01 00:00:00,system,2026-01-01 00:00:00,system
448,NR-ADF-0148,Millbrook AxleCore 80W-90 10 L,8,9,1,Bucket,10 L,10,80W-90,active,2026-01-01 00:00:00,system,2026-01-01 00:00:00,system
449,NR-ADF-0149,Highpoint DriveDiff 80W-90 15 L,9,9,1,Bucket,15 L,15,80W-90,active,2026-01-01 00:00:00,system,2026-01-01 00:00:00,system
450,NR-ADF-0150,Fieldmark FinalGuard 80W-90 20 L,10,9,1,Bucket,20 L,20,80W-90,active,2026-01-01 00:00:00,system,2026-01-01 00:00:00,system
451,NR-ADF-0151,Northmark DiffShield 85W-140 25 L,1,9,1,Bucket,25 L,25,85W-140,inactive,2026-01-01 00:00:00,system,2026-01-01 00:00:00,system
452,NR-ADF-0152,Ironcrest AxleCore 85W-140 30 L,2,9,1,Bucket,30 L,30,85W-140,active,2026-01-01 00:00:00,system,2026-01-01 00:00:00,system
453,NR-ADF-0153,Redstone DriveDiff 85W-140 50 L,3,9,1,Drum,50 L,50,85W-140,active,2026-01-01 00:00:00,system,2026-01-01 00:00:00,system
454,NR-ADF-0154,Westmark FinalGuard 85W-140 55 L,4,9,1,Drum,55 L,55,85W-140,inactive,2026-01-01 00:00:00,system,2026-01-01 00:00:00,system
455,NR-ADF-0155,Crestfield DiffShield 75W-90 180 L,5,9,1,Drum,180 L,180,75W-90,active,2026-01-01 00:00:00,system,2026-01-01 00:00:00,system
456,NR-ADF-0156,Stonebridge AxleCore 75W-90 210 L,6,9,1,Barrel,210 L,210,75W-90,active,2026-01-01 00:00:00,system,2026-01-01 00:00:00,system
457,NR-ADF-0157,Ridgewell DriveDiff 75W-90 1000 L,7,9,1,Bulk,1000 L,1000,75W-90,active,2026-01-01 00:00:00,system,2026-01-01 00:00:00,system
458,NR-ADF-0158,Millbrook FinalGuard 75W-90 800 ML,8,9,1,Bottle,800 ML,0.8,75W-90,active,2026-01-01 00:00:00,system,2026-01-01 00:00:00,system
459,NR-ADF-0159,Highpoint DiffShield 80W-90 1 L,9,9,1,Bottle,1 L,1,80W-90,active,2026-01-01 00:00:00,system,2026-01-01 00:00:00,system
460,NR-ADF-0160,Fieldmark AxleCore 80W-90 1.2 L,10,9,1,Bottle,1.2 L,1.2,80W-90,inactive,2026-01-01 00:00:00,system,2026-01-01 00:00:00,system
461,NR-ADF-0161,Northmark DriveDiff 80W-90 3 L,1,9,1,Bottle,3 L,3,80W-90,active,2026-01-01 00:00:00,system,2026-01-01 00:00:00,system
462,NR-ADF-0162,Ironcrest FinalGuard 80W-90 5 L,2,9,1,Bucket,5 L,5,80W-90,active,2026-01-01 00:00:00,system,2026-01-01 00:00:00,system
463,NR-ADF-0163,Redstone DiffShield 85W-140 10 L,3,9,1,Bucket,10 L,10,85W-140,active,2026-01-01 00:00:00,system,2026-01-01 00:00:00,system
464,NR-ADF-0164,Westmark AxleCore 85W-140 15 L,4,9,1,Bucket,15 L,15,85W-140,active,2026-01-01 00:00:00,system,2026-01-01 00:00:00,system
465,NR-ADF-0165,Crestfield DriveDiff 85W-140 20 L,5,9,1,Bucket,20 L,20,85W-140,active,2026-01-01 00:00:00,system,2026-01-01 00:00:00,system
466,NR-ADF-0166,Stonebridge FinalDrive 80W-90 10 L,6,10,1,Bucket,10 L,10,80W-90,active,2026-01-01 00:00:00,system,2026-01-01 00:00:00,system
467,NR-ADF-0167,Ridgewell AxleForce 80W-90 15 L,7,10,1,Bucket,15 L,15,80W-90,active,2026-01-01 00:00:00,system,2026-01-01 00:00:00,system
468,NR-ADF-0168,Millbrook PowerAxle 80W-90 20 L,8,10,1,Bucket,20 L,20,80W-90,active,2026-01-01 00:00:00,system,2026-01-01 00:00:00,system
469,NR-ADF-0169,Highpoint DriveLoad 80W-90 25 L,9,10,1,Bucket,25 L,25,80W-90,active,2026-01-01 00:00:00,system,2026-01-01 00:00:00,system
470,NR-ADF-0170,Fieldmark FinalDrive 85W-140 30 L,10,10,1,Bucket,30 L,30,85W-140,active,2026-01-01 00:00:00,system,2026-01-01 00:00:00,system
471,NR-ADF-0171,Northmark AxleForce 85W-140 50 L,1,10,1,Drum,50 L,50,85W-140,active,2026-01-01 00:00:00,system,2026-01-01 00:00:00,system
472,NR-ADF-0172,Ironcrest PowerAxle 85W-140 55 L,2,10,1,Drum,55 L,55,85W-140,active,2026-01-01 00:00:00,system,2026-01-01 00:00:00,system
473,NR-ADF-0173,Redstone DriveLoad 85W-140 180 L,3,10,1,Drum,180 L,180,85W-140,active,2026-01-01 00:00:00,system,2026-01-01 00:00:00,system
474,NR-ADF-0174,Westmark FinalDrive 75W-140 210 L,4,10,1,Barrel,210 L,210,75W-140,active,2026-01-01 00:00:00,system,2026-01-01 00:00:00,system
475,NR-ADF-0175,Crestfield AxleForce 75W-140 1000 L,5,10,1,Bulk,1000 L,1000,75W-140,active,2026-01-01 00:00:00,system,2026-01-01 00:00:00,system
476,NR-ADF-0176,Stonebridge PowerAxle 75W-140 800 ML,6,10,1,Bottle,800 ML,0.8,75W-140,active,2026-01-01 00:00:00,system,2026-01-01 00:00:00,system
477,NR-ADF-0177,Ridgewell DriveLoad 75W-140 1 L,7,10,1,Bottle,1 L,1,75W-140,active,2026-01-01 00:00:00,system,2026-01-01 00:00:00,system
478,NR-ADF-0178,Millbrook FinalDrive 80W-90 1.2 L,8,10,1,Bottle,1.2 L,1.2,80W-90,active,2026-01-01 00:00:00,system,2026-01-01 00:00:00,system
479,NR-ADF-0179,Highpoint AxleForce 80W-90 3 L,9,10,1,Bottle,3 L,3,80W-90,active,2026-01-01 00:00:00,system,2026-01-01 00:00:00,system
480,NR-ADF-0180,Fieldmark PowerAxle 80W-90 5 L,10,10,1,Bucket,5 L,5,80W-90,inactive,2026-01-01 00:00:00,system,2026-01-01 00:00:00,system
481,NR-ADF-0181,Northmark DriveLoad 80W-90 10 L,1,10,1,Bucket,10 L,10,80W-90,active,2026-01-01 00:00:00,system,2026-01-01 00:00:00,system
482,NR-ADF-0182,Ironcrest FinalDrive 85W-140 15 L,2,10,1,Bucket,15 L,15,85W-140,active,2026-01-01 00:00:00,system,2026-01-01 00:00:00,system
483,NR-ADF-0183,Redstone AxleForce 85W-140 20 L,3,10,1,Bucket,20 L,20,85W-140,active,2026-01-01 00:00:00,system,2026-01-01 00:00:00,system
484,NR-ADF-0184,Westmark PowerAxle 85W-140 25 L,4,10,1,Bucket,25 L,25,85W-140,active,2026-01-01 00:00:00,system,2026-01-01 00:00:00,system
485,NR-ADF-0185,Crestfield DriveLoad 85W-140 30 L,5,10,1,Bucket,30 L,30,85W-140,active,2026-01-01 00:00:00,system,2026-01-01 00:00:00,system
486,NR-ADF-0186,Stonebridge FinalDrive 75W-140 50 L,6,10,1,Drum,50 L,50,75W-140,active,2026-01-01 00:00:00,system,2026-01-01 00:00:00,system
487,NR-ADF-0187,Ridgewell AxleForce 75W-140 55 L,7,10,1,Drum,55 L,55,75W-140,active,2026-01-01 00:00:00,system,2026-01-01 00:00:00,system
488,NR-ADF-0188,Millbrook PowerAxle 75W-140 180 L,8,10,1,Drum,180 L,180,75W-140,active,2026-01-01 00:00:00,system,2026-01-01 00:00:00,system
489,NR-ADF-0189,Highpoint DriveLoad 75W-140 210 L,9,10,1,Barrel,210 L,210,75W-140,active,2026-01-01 00:00:00,system,2026-01-01 00:00:00,system
490,NR-ADF-0190,Fieldmark FinalDrive 80W-90 1000 L,10,10,1,Bulk,1000 L,1000,80W-90,active,2026-01-01 00:00:00,system,2026-01-01 00:00:00,system
491,NR-ADF-0191,Northmark AxleForce 80W-90 800 ML,1,10,1,Bottle,800 ML,0.8,80W-90,active,2026-01-01 00:00:00,system,2026-01-01 00:00:00,system
492,NR-ADF-0192,Ironcrest PowerAxle 80W-90 1 L,2,10,1,Bottle,1 L,1,80W-90,active,2026-01-01 00:00:00,system,2026-01-01 00:00:00,system
493,NR-ADF-0193,Redstone DriveLoad 80W-90 1.2 L,3,10,1,Bottle,1.2 L,1.2,80W-90,active,2026-01-01 00:00:00,system,2026-01-01 00:00:00,system
494,NR-ADF-0194,Westmark FinalDrive 85W-140 3 L,4,10,1,Bottle,3 L,3,85W-140,active,2026-01-01 00:00:00,system,2026-01-01 00:00:00,system
495,NR-ADF-0195,Crestfield AxleForce 85W-140 5 L,5,10,1,Bucket,5 L,5,85W-140,active,2026-01-01 00:00:00,system,2026-01-01 00:00:00,system
496,NR-ADF-0196,Stonebridge PowerAxle 85W-140 10 L,6,10,1,Bucket,10 L,10,85W-140,active,2026-01-01 00:00:00,system,2026-01-01 00:00:00,system
497,NR-ADF-0197,Ridgewell DriveLoad 85W-140 15 L,7,10,1,Bucket,15 L,15,85W-140,active,2026-01-01 00:00:00,system,2026-01-01 00:00:00,system
498,NR-ADF-0198,Millbrook FinalDrive 75W-140 20 L,8,10,1,Bucket,20 L,20,75W-140,active,2026-01-01 00:00:00,system,2026-01-01 00:00:00,system
499,NR-ADF-0199,Highpoint AxleForce 75W-140 25 L,9,10,1,Bucket,25 L,25,75W-140,active,2026-01-01 00:00:00,system,2026-01-01 00:00:00,system
500,NR-ADF-0200,Fieldmark PowerAxle 75W-140 30 L,10,10,1,Bucket,30 L,30,75W-140,active,2026-01-01 00:00:00,system,2026-01-01 00:00:00,system
501,NR-ILO-0001,Northmark PlantGear AGMA 4 55 L,1,11,1,Drum,55 L,55,AGMA 4,active,2026-01-01 00:00:00,system,2026-01-01 00:00:00,system
502,NR-ILO-0002,Ironcrest IndustrialGear AGMA 4 180 L,2,11,1,Drum,180 L,180,AGMA 4,active,2026-01-01 00:00:00,system,2026-01-01 00:00:00,system
503,NR-ILO-0003,Redstone MachDrive AGMA 4 210 L,3,11,1,Barrel,210 L,210,AGMA 4,active,2026-01-01 00:00:00,system,2026-01-01 00:00:00,system
504,NR-ILO-0004,Westmark GearWorks AGMA 4 500 L,4,11,1,Bulk,500 L,500,AGMA 4,active,2026-01-01 00:00:00,system,2026-01-01 00:00:00,system
505,NR-ILO-0005,Crestfield PlantGear AGMA 5 1000 L,5,11,1,Bulk,1000 L,1000,AGMA 5,active,2026-01-01 00:00:00,system,2026-01-01 00:00:00,system
506,NR-ILO-0006,Stonebridge IndustrialGear AGMA 5 2000 L,6,11,1,Bulk,2000 L,2000,AGMA 5,active,2026-01-01 00:00:00,system,2026-01-01 00:00:00,system
507,NR-ILO-0007,Ridgewell MachDrive AGMA 5 3 L,7,11,1,Can,3 L,3,AGMA 5,active,2026-01-01 00:00:00,system,2026-01-01 00:00:00,system
508,NR-ILO-0008,Millbrook GearWorks AGMA 5 5 L,8,11,1,Bucket,5 L,5,AGMA 5,active,2026-01-01 00:00:00,system,2026-01-01 00:00:00,system
509,NR-ILO-0009,Highpoint PlantGear AGMA 6 10 L,9,11,1,Bucket,10 L,10,AGMA 6,active,2026-01-01 00:00:00,system,2026-01-01 00:00:00,system
510,NR-ILO-0010,Fieldmark IndustrialGear AGMA 6 15 L,10,11,1,Bucket,15 L,15,AGMA 6,active,2026-01-01 00:00:00,system,2026-01-01 00:00:00,system
511,NR-ILO-0011,Northmark MachDrive AGMA 6 20 L,1,11,1,Bucket,20 L,20,AGMA 6,active,2026-01-01 00:00:00,system,2026-01-01 00:00:00,system
512,NR-ILO-0012,Ironcrest GearWorks AGMA 6 25 L,2,11,1,Bucket,25 L,25,AGMA 6,active,2026-01-01 00:00:00,system,2026-01-01 00:00:00,system
513,NR-ILO-0013,Redstone PlantGear AGMA 4 30 L,3,11,1,Bucket,30 L,30,AGMA 4,active,2026-01-01 00:00:00,system,2026-01-01 00:00:00,system
514,NR-ILO-0014,Westmark IndustrialGear AGMA 4 50 L,4,11,1,Drum,50 L,50,AGMA 4,discontinued,2026-01-01 00:00:00,system,2026-01-01 00:00:00,system
515,NR-ILO-0015,Crestfield MachDrive AGMA 4 55 L,5,11,1,Drum,55 L,55,AGMA 4,active,2026-01-01 00:00:00,system,2026-01-01 00:00:00,system
516,NR-ILO-0016,Stonebridge GearWorks AGMA 4 180 L,6,11,1,Drum,180 L,180,AGMA 4,active,2026-01-01 00:00:00,system,2026-01-01 00:00:00,system
517,NR-ILO-0017,Ridgewell PlantGear AGMA 5 210 L,7,11,1,Barrel,210 L,210,AGMA 5,active,2026-01-01 00:00:00,system,2026-01-01 00:00:00,system
518,NR-ILO-0018,Millbrook IndustrialGear AGMA 5 500 L,8,11,1,Bulk,500 L,500,AGMA 5,active,2026-01-01 00:00:00,system,2026-01-01 00:00:00,system
519,NR-ILO-0019,Highpoint MachDrive AGMA 5 1000 L,9,11,1,Bulk,1000 L,1000,AGMA 5,active,2026-01-01 00:00:00,system,2026-01-01 00:00:00,system
520,NR-ILO-0020,Fieldmark GearWorks AGMA 5 2000 L,10,11,1,Bulk,2000 L,2000,AGMA 5,active,2026-01-01 00:00:00,system,2026-01-01 00:00:00,system
521,NR-ILO-0021,Northmark PlantGear AGMA 6 3 L,1,11,1,Can,3 L,3,AGMA 6,active,2026-01-01 00:00:00,system,2026-01-01 00:00:00,system
522,NR-ILO-0022,Ironcrest IndustrialGear AGMA 6 5 L,2,11,1,Bucket,5 L,5,AGMA 6,inactive,2026-01-01 00:00:00,system,2026-01-01 00:00:00,system
523,NR-ILO-0023,Redstone MachDrive AGMA 6 10 L,3,11,1,Bucket,10 L,10,AGMA 6,active,2026-01-01 00:00:00,system,2026-01-01 00:00:00,system
524,NR-ILO-0024,Westmark GearWorks AGMA 6 15 L,4,11,1,Bucket,15 L,15,AGMA 6,active,2026-01-01 00:00:00,system,2026-01-01 00:00:00,system
525,NR-ILO-0025,Crestfield PlantGear AGMA 4 20 L,5,11,1,Bucket,20 L,20,AGMA 4,active,2026-01-01 00:00:00,system,2026-01-01 00:00:00,system
526,NR-ILO-0026,Stonebridge IndustrialGear AGMA 4 25 L,6,11,1,Bucket,25 L,25,AGMA 4,active,2026-01-01 00:00:00,system,2026-01-01 00:00:00,system
527,NR-ILO-0027,Ridgewell MachDrive AGMA 4 30 L,7,11,1,Bucket,30 L,30,AGMA 4,active,2026-01-01 00:00:00,system,2026-01-01 00:00:00,system
528,NR-ILO-0028,Millbrook GearWorks AGMA 4 50 L,8,11,1,Drum,50 L,50,AGMA 4,active,2026-01-01 00:00:00,system,2026-01-01 00:00:00,system
529,NR-ILO-0029,Highpoint PlantGear AGMA 5 55 L,9,11,1,Drum,55 L,55,AGMA 5,active,2026-01-01 00:00:00,system,2026-01-01 00:00:00,system
530,NR-ILO-0030,Fieldmark IndustrialGear AGMA 5 180 L,10,11,1,Drum,180 L,180,AGMA 5,discontinued,2026-01-01 00:00:00,system,2026-01-01 00:00:00,system
531,NR-ILO-0031,Northmark MachDrive AGMA 5 210 L,1,11,1,Barrel,210 L,210,AGMA 5,active,2026-01-01 00:00:00,system,2026-01-01 00:00:00,system
532,NR-ILO-0032,Ironcrest GearWorks AGMA 5 500 L,2,11,1,Bulk,500 L,500,AGMA 5,active,2026-01-01 00:00:00,system,2026-01-01 00:00:00,system
533,NR-ILO-0033,Redstone PlantGear AGMA 6 1000 L,3,11,1,Bulk,1000 L,1000,AGMA 6,active,2026-01-01 00:00:00,system,2026-01-01 00:00:00,system
534,NR-ILO-0034,Westmark IndustrialGear AGMA 6 2000 L,4,11,1,Bulk,2000 L,2000,AGMA 6,active,2026-01-01 00:00:00,system,2026-01-01 00:00:00,system
535,NR-ILO-0035,Crestfield MachDrive AGMA 6 3 L,5,11,1,Can,3 L,3,AGMA 6,discontinued,2026-01-01 00:00:00,system,2026-01-01 00:00:00,system
536,NR-ILO-0036,Stonebridge GearWorks AGMA 6 5 L,6,11,1,Bucket,5 L,5,AGMA 6,active,2026-01-01 00:00:00,system,2026-01-01 00:00:00,system
537,NR-ILO-0037,Ridgewell PlantGear AGMA 4 10 L,7,11,1,Bucket,10 L,10,AGMA 4,active,2026-01-01 00:00:00,system,2026-01-01 00:00:00,system
538,NR-ILO-0038,Millbrook IndustrialGear AGMA 4 15 L,8,11,1,Bucket,15 L,15,AGMA 4,active,2026-01-01 00:00:00,system,2026-01-01 00:00:00,system
539,NR-ILO-0039,Highpoint MachDrive AGMA 4 20 L,9,11,1,Bucket,20 L,20,AGMA 4,active,2026-01-01 00:00:00,system,2026-01-01 00:00:00,system
540,NR-ILO-0040,Fieldmark GearWorks AGMA 4 25 L,10,11,1,Bucket,25 L,25,AGMA 4,active,2026-01-01 00:00:00,system,2026-01-01 00:00:00,system
541,NR-ILO-0041,Northmark PlantGear AGMA 5 30 L,1,11,1,Bucket,30 L,30,AGMA 5,active,2026-01-01 00:00:00,system,2026-01-01 00:00:00,system
542,NR-ILO-0042,Ironcrest IndustrialGear AGMA 5 50 L,2,11,1,Drum,50 L,50,AGMA 5,active,2026-01-01 00:00:00,system,2026-01-01 00:00:00,system
543,NR-ILO-0043,Redstone MachDrive AGMA 5 55 L,3,11,1,Drum,55 L,55,AGMA 5,active,2026-01-01 00:00:00,system,2026-01-01 00:00:00,system
544,NR-ILO-0044,Westmark GearWorks AGMA 5 180 L,4,11,1,Drum,180 L,180,AGMA 5,active,2026-01-01 00:00:00,system,2026-01-01 00:00:00,system
545,NR-ILO-0045,Crestfield PlantGear AGMA 6 210 L,5,11,1,Barrel,210 L,210,AGMA 6,active,2026-01-01 00:00:00,system,2026-01-01 00:00:00,system
546,NR-ILO-0046,Stonebridge CompressorCore ISO VG 32 210 L,6,12,1,Barrel,210 L,210,ISO VG 32,active,2026-01-01 00:00:00,system,2026-01-01 00:00:00,system
547,NR-ILO-0047,Ridgewell AirGuard ISO VG 32 500 L,7,12,1,Bulk,500 L,500,ISO VG 32,active,2026-01-01 00:00:00,system,2026-01-01 00:00:00,system
548,NR-ILO-0048,Millbrook CompressPro ISO VG 32 1000 L,8,12,1,Bulk,1000 L,1000,ISO VG 32,active,2026-01-01 00:00:00,system,2026-01-01 00:00:00,system
549,NR-ILO-0049,Highpoint AirFlow ISO VG 32 2000 L,9,12,1,Bulk,2000 L,2000,ISO VG 32,active,2026-01-01 00:00:00,system,2026-01-01 00:00:00,system
550,NR-ILO-0050,Fieldmark CompressorCore ISO VG 46 3 L,10,12,1,Can,3 L,3,ISO VG 46,active,2026-01-01 00:00:00,system,2026-01-01 00:00:00,system
551,NR-ILO-0051,Northmark AirGuard ISO VG 46 5 L,1,12,1,Bucket,5 L,5,ISO VG 46,active,2026-01-01 00:00:00,system,2026-01-01 00:00:00,system
552,NR-ILO-0052,Ironcrest CompressPro ISO VG 46 10 L,2,12,1,Bucket,10 L,10,ISO VG 46,active,2026-01-01 00:00:00,system,2026-01-01 00:00:00,system
553,NR-ILO-0053,Redstone AirFlow ISO VG 46 15 L,3,12,1,Bucket,15 L,15,ISO VG 46,active,2026-01-01 00:00:00,system,2026-01-01 00:00:00,system
554,NR-ILO-0054,Westmark CompressorCore ISO VG 68 20 L,4,12,1,Bucket,20 L,20,ISO VG 68,active,2026-01-01 00:00:00,system,2026-01-01 00:00:00,system
555,NR-ILO-0055,Crestfield AirGuard ISO VG 68 25 L,5,12,1,Bucket,25 L,25,ISO VG 68,active,2026-01-01 00:00:00,system,2026-01-01 00:00:00,system
556,NR-ILO-0056,Stonebridge CompressPro ISO VG 68 30 L,6,12,1,Bucket,30 L,30,ISO VG 68,active,2026-01-01 00:00:00,system,2026-01-01 00:00:00,system
557,NR-ILO-0057,Ridgewell AirFlow ISO VG 68 50 L,7,12,1,Drum,50 L,50,ISO VG 68,active,2026-01-01 00:00:00,system,2026-01-01 00:00:00,system
558,NR-ILO-0058,Millbrook CompressorCore ISO VG 100 55 L,8,12,1,Drum,55 L,55,ISO VG 100,active,2026-01-01 00:00:00,system,2026-01-01 00:00:00,system
559,NR-ILO-0059,Highpoint AirGuard ISO VG 100 180 L,9,12,1,Drum,180 L,180,ISO VG 100,active,2026-01-01 00:00:00,system,2026-01-01 00:00:00,system
560,NR-ILO-0060,Fieldmark CompressPro ISO VG 100 210 L,10,12,1,Barrel,210 L,210,ISO VG 100,active,2026-01-01 00:00:00,system,2026-01-01 00:00:00,system
561,NR-ILO-0061,Northmark AirFlow ISO VG 100 500 L,1,12,1,Bulk,500 L,500,ISO VG 100,active,2026-01-01 00:00:00,system,2026-01-01 00:00:00,system
562,NR-ILO-0062,Ironcrest CompressorCore ISO VG 32 1000 L,2,12,1,Bulk,1000 L,1000,ISO VG 32,inactive,2026-01-01 00:00:00,system,2026-01-01 00:00:00,system
563,NR-ILO-0063,Redstone AirGuard ISO VG 32 2000 L,3,12,1,Bulk,2000 L,2000,ISO VG 32,active,2026-01-01 00:00:00,system,2026-01-01 00:00:00,system
564,NR-ILO-0064,Westmark CompressPro ISO VG 32 3 L,4,12,1,Can,3 L,3,ISO VG 32,active,2026-01-01 00:00:00,system,2026-01-01 00:00:00,system
565,NR-ILO-0065,Crestfield AirFlow ISO VG 32 5 L,5,12,1,Bucket,5 L,5,ISO VG 32,active,2026-01-01 00:00:00,system,2026-01-01 00:00:00,system
566,NR-ILO-0066,Stonebridge CompressorCore ISO VG 46 10 L,6,12,1,Bucket,10 L,10,ISO VG 46,active,2026-01-01 00:00:00,system,2026-01-01 00:00:00,system
567,NR-ILO-0067,Ridgewell AirGuard ISO VG 46 15 L,7,12,1,Bucket,15 L,15,ISO VG 46,active,2026-01-01 00:00:00,system,2026-01-01 00:00:00,system
568,NR-ILO-0068,Millbrook CompressPro ISO VG 46 20 L,8,12,1,Bucket,20 L,20,ISO VG 46,active,2026-01-01 00:00:00,system,2026-01-01 00:00:00,system
569,NR-ILO-0069,Highpoint AirFlow ISO VG 46 25 L,9,12,1,Bucket,25 L,25,ISO VG 46,active,2026-01-01 00:00:00,system,2026-01-01 00:00:00,system
570,NR-ILO-0070,Fieldmark CompressorCore ISO VG 68 30 L,10,12,1,Bucket,30 L,30,ISO VG 68,active,2026-01-01 00:00:00,system,2026-01-01 00:00:00,system
571,NR-ILO-0071,Northmark AirGuard ISO VG 68 50 L,1,12,1,Drum,50 L,50,ISO VG 68,active,2026-01-01 00:00:00,system,2026-01-01 00:00:00,system
572,NR-ILO-0072,Ironcrest CompressPro ISO VG 68 55 L,2,12,1,Drum,55 L,55,ISO VG 68,active,2026-01-01 00:00:00,system,2026-01-01 00:00:00,system
573,NR-ILO-0073,Redstone AirFlow ISO VG 68 180 L,3,12,1,Drum,180 L,180,ISO VG 68,active,2026-01-01 00:00:00,system,2026-01-01 00:00:00,system
574,NR-ILO-0074,Westmark CompressorCore ISO VG 100 210 L,4,12,1,Barrel,210 L,210,ISO VG 100,active,2026-01-01 00:00:00,system,2026-01-01 00:00:00,system
575,NR-ILO-0075,Crestfield AirGuard ISO VG 100 500 L,5,12,1,Bulk,500 L,500,ISO VG 100,active,2026-01-01 00:00:00,system,2026-01-01 00:00:00,system
576,NR-ILO-0076,Stonebridge CompressPro ISO VG 100 1000 L,6,12,1,Bulk,1000 L,1000,ISO VG 100,active,2026-01-01 00:00:00,system,2026-01-01 00:00:00,system
577,NR-ILO-0077,Ridgewell AirFlow ISO VG 100 2000 L,7,12,1,Bulk,2000 L,2000,ISO VG 100,active,2026-01-01 00:00:00,system,2026-01-01 00:00:00,system
578,NR-ILO-0078,Millbrook CompressorCore ISO VG 32 3 L,8,12,1,Can,3 L,3,ISO VG 32,active,2026-01-01 00:00:00,system,2026-01-01 00:00:00,system
579,NR-ILO-0079,Highpoint AirGuard ISO VG 32 5 L,9,12,1,Bucket,5 L,5,ISO VG 32,active,2026-01-01 00:00:00,system,2026-01-01 00:00:00,system
580,NR-ILO-0080,Fieldmark CompressPro ISO VG 32 10 L,10,12,1,Bucket,10 L,10,ISO VG 32,active,2026-01-01 00:00:00,system,2026-01-01 00:00:00,system
581,NR-ILO-0081,Northmark AirFlow ISO VG 32 15 L,1,12,1,Bucket,15 L,15,ISO VG 32,inactive,2026-01-01 00:00:00,system,2026-01-01 00:00:00,system
582,NR-ILO-0082,Ironcrest CompressorCore ISO VG 46 20 L,2,12,1,Bucket,20 L,20,ISO VG 46,active,2026-01-01 00:00:00,system,2026-01-01 00:00:00,system
583,NR-ILO-0083,Redstone AirGuard ISO VG 46 25 L,3,12,1,Bucket,25 L,25,ISO VG 46,active,2026-01-01 00:00:00,system,2026-01-01 00:00:00,system
584,NR-ILO-0084,Westmark CompressPro ISO VG 46 30 L,4,12,1,Bucket,30 L,30,ISO VG 46,active,2026-01-01 00:00:00,system,2026-01-01 00:00:00,system
585,NR-ILO-0085,Crestfield AirFlow ISO VG 46 50 L,5,12,1,Drum,50 L,50,ISO VG 46,active,2026-01-01 00:00:00,system,2026-01-01 00:00:00,system
586,NR-ILO-0086,Stonebridge CompressorCore ISO VG 68 55 L,6,12,1,Drum,55 L,55,ISO VG 68,active,2026-01-01 00:00:00,system,2026-01-01 00:00:00,system
587,NR-ILO-0087,Ridgewell AirGuard ISO VG 68 180 L,7,12,1,Drum,180 L,180,ISO VG 68,active,2026-01-01 00:00:00,system,2026-01-01 00:00:00,system
588,NR-ILO-0088,Millbrook CompressPro ISO VG 68 210 L,8,12,1,Barrel,210 L,210,ISO VG 68,inactive,2026-01-01 00:00:00,system,2026-01-01 00:00:00,system
589,NR-ILO-0089,Highpoint AirFlow ISO VG 68 500 L,9,12,1,Bulk,500 L,500,ISO VG 68,active,2026-01-01 00:00:00,system,2026-01-01 00:00:00,system
590,NR-ILO-0090,Fieldmark CompressorCore ISO VG 100 1000 L,10,12,1,Bulk,1000 L,1000,ISO VG 100,active,2026-01-01 00:00:00,system,2026-01-01 00:00:00,system
591,NR-ILO-0091,Northmark TurbineCore ISO VG 32 1000 L,1,13,1,Bulk,1000 L,1000,ISO VG 32,active,2026-01-01 00:00:00,system,2026-01-01 00:00:00,system
592,NR-ILO-0092,Ironcrest RotorGuard ISO VG 32 2000 L,2,13,1,Bulk,2000 L,2000,ISO VG 32,inactive,2026-01-01 00:00:00,system,2026-01-01 00:00:00,system
593,NR-ILO-0093,Redstone PowerTurb ISO VG 32 3 L,3,13,1,Can,3 L,3,ISO VG 32,active,2026-01-01 00:00:00,system,2026-01-01 00:00:00,system
594,NR-ILO-0094,Westmark TurbineLine ISO VG 32 5 L,4,13,1,Bucket,5 L,5,ISO VG 32,active,2026-01-01 00:00:00,system,2026-01-01 00:00:00,system
595,NR-ILO-0095,Crestfield TurbineCore ISO VG 46 10 L,5,13,1,Bucket,10 L,10,ISO VG 46,active,2026-01-01 00:00:00,system,2026-01-01 00:00:00,system
596,NR-ILO-0096,Stonebridge RotorGuard ISO VG 46 15 L,6,13,1,Bucket,15 L,15,ISO VG 46,active,2026-01-01 00:00:00,system,2026-01-01 00:00:00,system
597,NR-ILO-0097,Ridgewell PowerTurb ISO VG 46 20 L,7,13,1,Bucket,20 L,20,ISO VG 46,active,2026-01-01 00:00:00,system,2026-01-01 00:00:00,system
598,NR-ILO-0098,Millbrook TurbineLine ISO VG 46 25 L,8,13,1,Bucket,25 L,25,ISO VG 46,active,2026-01-01 00:00:00,system,2026-01-01 00:00:00,system
599,NR-ILO-0099,Highpoint TurbineCore ISO VG 68 30 L,9,13,1,Bucket,30 L,30,ISO VG 68,active,2026-01-01 00:00:00,system,2026-01-01 00:00:00,system
600,NR-ILO-0100,Fieldmark RotorGuard ISO VG 68 50 L,10,13,1,Drum,50 L,50,ISO VG 68,active,2026-01-01 00:00:00,system,2026-01-01 00:00:00,system
601,NR-ILO-0101,Northmark PowerTurb ISO VG 68 55 L,1,13,1,Drum,55 L,55,ISO VG 68,active,2026-01-01 00:00:00,system,2026-01-01 00:00:00,system
602,NR-ILO-0102,Ironcrest TurbineLine ISO VG 68 180 L,2,13,1,Drum,180 L,180,ISO VG 68,active,2026-01-01 00:00:00,system,2026-01-01 00:00:00,system
603,NR-ILO-0103,Redstone TurbineCore ISO VG 32 210 L,3,13,1,Barrel,210 L,210,ISO VG 32,active,2026-01-01 00:00:00,system,2026-01-01 00:00:00,system
604,NR-ILO-0104,Westmark RotorGuard ISO VG 32 500 L,4,13,1,Bulk,500 L,500,ISO VG 32,active,2026-01-01 00:00:00,system,2026-01-01 00:00:00,system
605,NR-ILO-0105,Crestfield PowerTurb ISO VG 32 1000 L,5,13,1,Bulk,1000 L,1000,ISO VG 32,discontinued,2026-01-01 00:00:00,system,2026-01-01 00:00:00,system
606,NR-ILO-0106,Stonebridge TurbineLine ISO VG 32 2000 L,6,13,1,Bulk,2000 L,2000,ISO VG 32,active,2026-01-01 00:00:00,system,2026-01-01 00:00:00,system
607,NR-ILO-0107,Ridgewell TurbineCore ISO VG 46 3 L,7,13,1,Can,3 L,3,ISO VG 46,inactive,2026-01-01 00:00:00,system,2026-01-01 00:00:00,system
608,NR-ILO-0108,Millbrook RotorGuard ISO VG 46 5 L,8,13,1,Bucket,5 L,5,ISO VG 46,active,2026-01-01 00:00:00,system,2026-01-01 00:00:00,system
609,NR-ILO-0109,Highpoint PowerTurb ISO VG 46 10 L,9,13,1,Bucket,10 L,10,ISO VG 46,active,2026-01-01 00:00:00,system,2026-01-01 00:00:00,system
610,NR-ILO-0110,Fieldmark TurbineLine ISO VG 46 15 L,10,13,1,Bucket,15 L,15,ISO VG 46,active,2026-01-01 00:00:00,system,2026-01-01 00:00:00,system
611,NR-ILO-0111,Northmark TurbineCore ISO VG 68 20 L,1,13,1,Bucket,20 L,20,ISO VG 68,active,2026-01-01 00:00:00,system,2026-01-01 00:00:00,system
612,NR-ILO-0112,Ironcrest RotorGuard ISO VG 68 25 L,2,13,1,Bucket,25 L,25,ISO VG 68,active,2026-01-01 00:00:00,system,2026-01-01 00:00:00,system
613,NR-ILO-0113,Redstone PowerTurb ISO VG 68 30 L,3,13,1,Bucket,30 L,30,ISO VG 68,active,2026-01-01 00:00:00,system,2026-01-01 00:00:00,system
614,NR-ILO-0114,Westmark TurbineLine ISO VG 68 50 L,4,13,1,Drum,50 L,50,ISO VG 68,active,2026-01-01 00:00:00,system,2026-01-01 00:00:00,system
615,NR-ILO-0115,Crestfield TurbineCore ISO VG 32 55 L,5,13,1,Drum,55 L,55,ISO VG 32,active,2026-01-01 00:00:00,system,2026-01-01 00:00:00,system
616,NR-ILO-0116,Stonebridge RotorGuard ISO VG 32 180 L,6,13,1,Drum,180 L,180,ISO VG 32,active,2026-01-01 00:00:00,system,2026-01-01 00:00:00,system
617,NR-ILO-0117,Ridgewell PowerTurb ISO VG 32 210 L,7,13,1,Barrel,210 L,210,ISO VG 32,active,2026-01-01 00:00:00,system,2026-01-01 00:00:00,system
618,NR-ILO-0118,Millbrook TurbineLine ISO VG 32 500 L,8,13,1,Bulk,500 L,500,ISO VG 32,active,2026-01-01 00:00:00,system,2026-01-01 00:00:00,system
619,NR-ILO-0119,Highpoint TurbineCore ISO VG 46 1000 L,9,13,1,Bulk,1000 L,1000,ISO VG 46,active,2026-01-01 00:00:00,system,2026-01-01 00:00:00,system
620,NR-ILO-0120,Fieldmark RotorGuard ISO VG 46 2000 L,10,13,1,Bulk,2000 L,2000,ISO VG 46,active,2026-01-01 00:00:00,system,2026-01-01 00:00:00,system
621,NR-ILO-0121,Northmark PowerTurb ISO VG 46 3 L,1,13,1,Can,3 L,3,ISO VG 46,active,2026-01-01 00:00:00,system,2026-01-01 00:00:00,system
622,NR-ILO-0122,Ironcrest TurbineLine ISO VG 46 5 L,2,13,1,Bucket,5 L,5,ISO VG 46,active,2026-01-01 00:00:00,system,2026-01-01 00:00:00,system
623,NR-ILO-0123,Redstone TurbineCore ISO VG 68 10 L,3,13,1,Bucket,10 L,10,ISO VG 68,active,2026-01-01 00:00:00,system,2026-01-01 00:00:00,system
624,NR-ILO-0124,Westmark RotorGuard ISO VG 68 15 L,4,13,1,Bucket,15 L,15,ISO VG 68,active,2026-01-01 00:00:00,system,2026-01-01 00:00:00,system
625,NR-ILO-0125,Crestfield PowerTurb ISO VG 68 20 L,5,13,1,Bucket,20 L,20,ISO VG 68,active,2026-01-01 00:00:00,system,2026-01-01 00:00:00,system
626,NR-ILO-0126,Stonebridge TurbineLine ISO VG 68 25 L,6,13,1,Bucket,25 L,25,ISO VG 68,active,2026-01-01 00:00:00,system,2026-01-01 00:00:00,system
627,NR-ILO-0127,Ridgewell TurbineCore ISO VG 32 30 L,7,13,1,Bucket,30 L,30,ISO VG 32,active,2026-01-01 00:00:00,system,2026-01-01 00:00:00,system
628,NR-ILO-0128,Millbrook RotorGuard ISO VG 32 50 L,8,13,1,Drum,50 L,50,ISO VG 32,active,2026-01-01 00:00:00,system,2026-01-01 00:00:00,system
629,NR-ILO-0129,Highpoint PowerTurb ISO VG 32 55 L,9,13,1,Drum,55 L,55,ISO VG 32,active,2026-01-01 00:00:00,system,2026-01-01 00:00:00,system
630,NR-ILO-0130,Fieldmark TurbineLine ISO VG 32 180 L,10,13,1,Drum,180 L,180,ISO VG 32,active,2026-01-01 00:00:00,system,2026-01-01 00:00:00,system
631,NR-ILO-0131,Northmark CircuCore ISO VG 32 3 L,1,14,1,Can,3 L,3,ISO VG 32,active,2026-01-01 00:00:00,system,2026-01-01 00:00:00,system
632,NR-ILO-0132,Ironcrest MachineFlow ISO VG 32 5 L,2,14,1,Bucket,5 L,5,ISO VG 32,inactive,2026-01-01 00:00:00,system,2026-01-01 00:00:00,system
633,NR-ILO-0133,Redstone LoopGuard ISO VG 32 10 L,3,14,1,Bucket,10 L,10,ISO VG 32,active,2026-01-01 00:00:00,system,2026-01-01 00:00:00,system
634,NR-ILO-0134,Westmark CircuLine ISO VG 32 15 L,4,14,1,Bucket,15 L,15,ISO VG 32,discontinued,2026-01-01 00:00:00,system,2026-01-01 00:00:00,system
635,NR-ILO-0135,Crestfield CircuCore ISO VG 46 20 L,5,14,1,Bucket,20 L,20,ISO VG 46,active,2026-01-01 00:00:00,system,2026-01-01 00:00:00,system
636,NR-ILO-0136,Stonebridge MachineFlow ISO VG 46 25 L,6,14,1,Bucket,25 L,25,ISO VG 46,active,2026-01-01 00:00:00,system,2026-01-01 00:00:00,system
637,NR-ILO-0137,Ridgewell LoopGuard ISO VG 46 30 L,7,14,1,Bucket,30 L,30,ISO VG 46,active,2026-01-01 00:00:00,system,2026-01-01 00:00:00,system
638,NR-ILO-0138,Millbrook CircuLine ISO VG 46 50 L,8,14,1,Drum,50 L,50,ISO VG 46,active,2026-01-01 00:00:00,system,2026-01-01 00:00:00,system
639,NR-ILO-0139,Highpoint CircuCore ISO VG 68 55 L,9,14,1,Drum,55 L,55,ISO VG 68,active,2026-01-01 00:00:00,system,2026-01-01 00:00:00,system
640,NR-ILO-0140,Fieldmark MachineFlow ISO VG 68 180 L,10,14,1,Drum,180 L,180,ISO VG 68,active,2026-01-01 00:00:00,system,2026-01-01 00:00:00,system
641,NR-ILO-0141,Northmark LoopGuard ISO VG 68 210 L,1,14,1,Barrel,210 L,210,ISO VG 68,active,2026-01-01 00:00:00,system,2026-01-01 00:00:00,system
642,NR-ILO-0142,Ironcrest CircuLine ISO VG 68 500 L,2,14,1,Bulk,500 L,500,ISO VG 68,discontinued,2026-01-01 00:00:00,system,2026-01-01 00:00:00,system
643,NR-ILO-0143,Redstone CircuCore ISO VG 100 1000 L,3,14,1,Bulk,1000 L,1000,ISO VG 100,active,2026-01-01 00:00:00,system,2026-01-01 00:00:00,system
644,NR-ILO-0144,Westmark MachineFlow ISO VG 100 2000 L,4,14,1,Bulk,2000 L,2000,ISO VG 100,active,2026-01-01 00:00:00,system,2026-01-01 00:00:00,system
645,NR-ILO-0145,Crestfield LoopGuard ISO VG 100 3 L,5,14,1,Can,3 L,3,ISO VG 100,active,2026-01-01 00:00:00,system,2026-01-01 00:00:00,system
646,NR-ILO-0146,Stonebridge CircuLine ISO VG 100 5 L,6,14,1,Bucket,5 L,5,ISO VG 100,active,2026-01-01 00:00:00,system,2026-01-01 00:00:00,system
647,NR-ILO-0147,Ridgewell CircuCore ISO VG 32 10 L,7,14,1,Bucket,10 L,10,ISO VG 32,active,2026-01-01 00:00:00,system,2026-01-01 00:00:00,system
648,NR-ILO-0148,Millbrook MachineFlow ISO VG 32 15 L,8,14,1,Bucket,15 L,15,ISO VG 32,active,2026-01-01 00:00:00,system,2026-01-01 00:00:00,system
649,NR-ILO-0149,Highpoint LoopGuard ISO VG 32 20 L,9,14,1,Bucket,20 L,20,ISO VG 32,active,2026-01-01 00:00:00,system,2026-01-01 00:00:00,system
650,NR-ILO-0150,Fieldmark CircuLine ISO VG 32 25 L,10,14,1,Bucket,25 L,25,ISO VG 32,active,2026-01-01 00:00:00,system,2026-01-01 00:00:00,system
651,NR-ILO-0151,Northmark CircuCore ISO VG 46 30 L,1,14,1,Bucket,30 L,30,ISO VG 46,active,2026-01-01 00:00:00,system,2026-01-01 00:00:00,system
652,NR-ILO-0152,Ironcrest MachineFlow ISO VG 46 50 L,2,14,1,Drum,50 L,50,ISO VG 46,active,2026-01-01 00:00:00,system,2026-01-01 00:00:00,system
653,NR-ILO-0153,Redstone LoopGuard ISO VG 46 55 L,3,14,1,Drum,55 L,55,ISO VG 46,active,2026-01-01 00:00:00,system,2026-01-01 00:00:00,system
654,NR-ILO-0154,Westmark CircuLine ISO VG 46 180 L,4,14,1,Drum,180 L,180,ISO VG 46,active,2026-01-01 00:00:00,system,2026-01-01 00:00:00,system
655,NR-ILO-0155,Crestfield CircuCore ISO VG 68 210 L,5,14,1,Barrel,210 L,210,ISO VG 68,active,2026-01-01 00:00:00,system,2026-01-01 00:00:00,system
656,NR-ILO-0156,Stonebridge MachineFlow ISO VG 68 500 L,6,14,1,Bulk,500 L,500,ISO VG 68,active,2026-01-01 00:00:00,system,2026-01-01 00:00:00,system
657,NR-ILO-0157,Ridgewell LoopGuard ISO VG 68 1000 L,7,14,1,Bulk,1000 L,1000,ISO VG 68,discontinued,2026-01-01 00:00:00,system,2026-01-01 00:00:00,system
658,NR-ILO-0158,Millbrook CircuLine ISO VG 68 2000 L,8,14,1,Bulk,2000 L,2000,ISO VG 68,active,2026-01-01 00:00:00,system,2026-01-01 00:00:00,system
659,NR-ILO-0159,Highpoint CircuCore ISO VG 100 3 L,9,14,1,Can,3 L,3,ISO VG 100,active,2026-01-01 00:00:00,system,2026-01-01 00:00:00,system
660,NR-ILO-0160,Fieldmark MachineFlow ISO VG 100 5 L,10,14,1,Bucket,5 L,5,ISO VG 100,active,2026-01-01 00:00:00,system,2026-01-01 00:00:00,system
661,NR-ILO-0161,Northmark LoopGuard ISO VG 100 10 L,1,14,1,Bucket,10 L,10,ISO VG 100,active,2026-01-01 00:00:00,system,2026-01-01 00:00:00,system
662,NR-ILO-0162,Ironcrest CircuLine ISO VG 100 15 L,2,14,1,Bucket,15 L,15,ISO VG 100,active,2026-01-01 00:00:00,system,2026-01-01 00:00:00,system
663,NR-ILO-0163,Redstone CircuCore ISO VG 32 20 L,3,14,1,Bucket,20 L,20,ISO VG 32,active,2026-01-01 00:00:00,system,2026-01-01 00:00:00,system
664,NR-ILO-0164,Westmark MachineFlow ISO VG 32 25 L,4,14,1,Bucket,25 L,25,ISO VG 32,active,2026-01-01 00:00:00,system,2026-01-01 00:00:00,system
665,NR-ILO-0165,Crestfield LoopGuard ISO VG 32 30 L,5,14,1,Bucket,30 L,30,ISO VG 32,active,2026-01-01 00:00:00,system,2026-01-01 00:00:00,system
666,NR-ILO-0166,Stonebridge CircuLine ISO VG 32 50 L,6,14,1,Drum,50 L,50,ISO VG 32,active,2026-01-01 00:00:00,system,2026-01-01 00:00:00,system
667,NR-ILO-0167,Ridgewell CircuCore ISO VG 46 55 L,7,14,1,Drum,55 L,55,ISO VG 46,active,2026-01-01 00:00:00,system,2026-01-01 00:00:00,system
668,NR-ILO-0168,Millbrook MachineFlow ISO VG 46 180 L,8,14,1,Drum,180 L,180,ISO VG 46,active,2026-01-01 00:00:00,system,2026-01-01 00:00:00,system
669,NR-ILO-0169,Highpoint LoopGuard ISO VG 46 210 L,9,14,1,Barrel,210 L,210,ISO VG 46,active,2026-01-01 00:00:00,system,2026-01-01 00:00:00,system
670,NR-ILO-0170,Fieldmark CircuLine ISO VG 46 500 L,10,14,1,Bulk,500 L,500,ISO VG 46,active,2026-01-01 00:00:00,system,2026-01-01 00:00:00,system
671,NR-ILO-0171,Northmark SlideGuard ISO VG 68 10 L,1,15,1,Bucket,10 L,10,ISO VG 68,active,2026-01-01 00:00:00,system,2026-01-01 00:00:00,system
672,NR-ILO-0172,Ironcrest WayCore ISO VG 68 15 L,2,15,1,Bucket,15 L,15,ISO VG 68,active,2026-01-01 00:00:00,system,2026-01-01 00:00:00,system
673,NR-ILO-0173,Redstone MachineWay ISO VG 68 20 L,3,15,1,Bucket,20 L,20,ISO VG 68,active,2026-01-01 00:00:00,system,2026-01-01 00:00:00,system
674,NR-ILO-0174,Westmark SlideForce ISO VG 68 25 L,4,15,1,Bucket,25 L,25,ISO VG 68,active,2026-01-01 00:00:00,system,2026-01-01 00:00:00,system
675,NR-ILO-0175,Crestfield SlideGuard ISO VG 100 30 L,5,15,1,Bucket,30 L,30,ISO VG 100,active,2026-01-01 00:00:00,system,2026-01-01 00:00:00,system
676,NR-ILO-0176,Stonebridge WayCore ISO VG 100 50 L,6,15,1,Drum,50 L,50,ISO VG 100,active,2026-01-01 00:00:00,system,2026-01-01 00:00:00,system
677,NR-ILO-0177,Ridgewell MachineWay ISO VG 100 55 L,7,15,1,Drum,55 L,55,ISO VG 100,active,2026-01-01 00:00:00,system,2026-01-01 00:00:00,system
678,NR-ILO-0178,Millbrook SlideForce ISO VG 100 180 L,8,15,1,Drum,180 L,180,ISO VG 100,active,2026-01-01 00:00:00,system,2026-01-01 00:00:00,system
679,NR-ILO-0179,Highpoint SlideGuard ISO VG 220 210 L,9,15,1,Barrel,210 L,210,ISO VG 220,active,2026-01-01 00:00:00,system,2026-01-01 00:00:00,system
680,NR-ILO-0180,Fieldmark WayCore ISO VG 220 500 L,10,15,1,Bulk,500 L,500,ISO VG 220,active,2026-01-01 00:00:00,system,2026-01-01 00:00:00,system
681,NR-ILO-0181,Northmark MachineWay ISO VG 220 1000 L,1,15,1,Bulk,1000 L,1000,ISO VG 220,active,2026-01-01 00:00:00,system,2026-01-01 00:00:00,system
682,NR-ILO-0182,Ironcrest SlideForce ISO VG 220 2000 L,2,15,1,Bulk,2000 L,2000,ISO VG 220,active,2026-01-01 00:00:00,system,2026-01-01 00:00:00,system
683,NR-ILO-0183,Redstone SlideGuard ISO VG 68 3 L,3,15,1,Can,3 L,3,ISO VG 68,active,2026-01-01 00:00:00,system,2026-01-01 00:00:00,system
684,NR-ILO-0184,Westmark WayCore ISO VG 68 5 L,4,15,1,Bucket,5 L,5,ISO VG 68,active,2026-01-01 00:00:00,system,2026-01-01 00:00:00,system
685,NR-ILO-0185,Crestfield MachineWay ISO VG 68 10 L,5,15,1,Bucket,10 L,10,ISO VG 68,active,2026-01-01 00:00:00,system,2026-01-01 00:00:00,system
686,NR-ILO-0186,Stonebridge SlideForce ISO VG 68 15 L,6,15,1,Bucket,15 L,15,ISO VG 68,active,2026-01-01 00:00:00,system,2026-01-01 00:00:00,system
687,NR-ILO-0187,Ridgewell SlideGuard ISO VG 100 20 L,7,15,1,Bucket,20 L,20,ISO VG 100,active,2026-01-01 00:00:00,system,2026-01-01 00:00:00,system
688,NR-ILO-0188,Millbrook WayCore ISO VG 100 25 L,8,15,1,Bucket,25 L,25,ISO VG 100,active,2026-01-01 00:00:00,system,2026-01-01 00:00:00,system
689,NR-ILO-0189,Highpoint MachineWay ISO VG 100 30 L,9,15,1,Bucket,30 L,30,ISO VG 100,active,2026-01-01 00:00:00,system,2026-01-01 00:00:00,system
690,NR-ILO-0190,Fieldmark SlideForce ISO VG 100 50 L,10,15,1,Drum,50 L,50,ISO VG 100,active,2026-01-01 00:00:00,system,2026-01-01 00:00:00,system
691,NR-ILO-0191,Northmark SlideGuard ISO VG 220 55 L,1,15,1,Drum,55 L,55,ISO VG 220,active,2026-01-01 00:00:00,system,2026-01-01 00:00:00,system
692,NR-ILO-0192,Ironcrest WayCore ISO VG 220 180 L,2,15,1,Drum,180 L,180,ISO VG 220,active,2026-01-01 00:00:00,system,2026-01-01 00:00:00,system
693,NR-ILO-0193,Redstone MachineWay ISO VG 220 210 L,3,15,1,Barrel,210 L,210,ISO VG 220,active,2026-01-01 00:00:00,system,2026-01-01 00:00:00,system
694,NR-ILO-0194,Westmark SlideForce ISO VG 220 500 L,4,15,1,Bulk,500 L,500,ISO VG 220,active,2026-01-01 00:00:00,system,2026-01-01 00:00:00,system
695,NR-ILO-0195,Crestfield SlideGuard ISO VG 68 1000 L,5,15,1,Bulk,1000 L,1000,ISO VG 68,active,2026-01-01 00:00:00,system,2026-01-01 00:00:00,system
696,NR-ILO-0196,Stonebridge WayCore ISO VG 68 2000 L,6,15,1,Bulk,2000 L,2000,ISO VG 68,active,2026-01-01 00:00:00,system,2026-01-01 00:00:00,system
697,NR-ILO-0197,Ridgewell MachineWay ISO VG 68 3 L,7,15,1,Can,3 L,3,ISO VG 68,active,2026-01-01 00:00:00,system,2026-01-01 00:00:00,system
698,NR-ILO-0198,Millbrook SlideForce ISO VG 68 5 L,8,15,1,Bucket,5 L,5,ISO VG 68,active,2026-01-01 00:00:00,system,2026-01-01 00:00:00,system
699,NR-ILO-0199,Highpoint SlideGuard ISO VG 100 10 L,9,15,1,Bucket,10 L,10,ISO VG 100,active,2026-01-01 00:00:00,system,2026-01-01 00:00:00,system
700,NR-ILO-0200,Fieldmark WayCore ISO VG 100 15 L,10,15,1,Bucket,15 L,15,ISO VG 100,active,2026-01-01 00:00:00,system,2026-01-01 00:00:00,system
701,NR-ILO-0201,Northmark MachineWay ISO VG 100 20 L,1,15,1,Bucket,20 L,20,ISO VG 100,active,2026-01-01 00:00:00,system,2026-01-01 00:00:00,system
702,NR-ILO-0202,Ironcrest SlideForce ISO VG 100 25 L,2,15,1,Bucket,25 L,25,ISO VG 100,active,2026-01-01 00:00:00,system,2026-01-01 00:00:00,system
703,NR-ILO-0203,Redstone SlideGuard ISO VG 220 30 L,3,15,1,Bucket,30 L,30,ISO VG 220,active,2026-01-01 00:00:00,system,2026-01-01 00:00:00,system
704,NR-ILO-0204,Westmark WayCore ISO VG 220 50 L,4,15,1,Drum,50 L,50,ISO VG 220,active,2026-01-01 00:00:00,system,2026-01-01 00:00:00,system
705,NR-ILO-0205,Crestfield MachineWay ISO VG 220 55 L,5,15,1,Drum,55 L,55,ISO VG 220,active,2026-01-01 00:00:00,system,2026-01-01 00:00:00,system
706,NR-ILO-0206,Stonebridge SlideForce ISO VG 220 180 L,6,15,1,Drum,180 L,180,ISO VG 220,active,2026-01-01 00:00:00,system,2026-01-01 00:00:00,system
707,NR-ILO-0207,Ridgewell SlideGuard ISO VG 68 210 L,7,15,1,Barrel,210 L,210,ISO VG 68,active,2026-01-01 00:00:00,system,2026-01-01 00:00:00,system
708,NR-ILO-0208,Millbrook WayCore ISO VG 68 500 L,8,15,1,Bulk,500 L,500,ISO VG 68,active,2026-01-01 00:00:00,system,2026-01-01 00:00:00,system
709,NR-ILO-0209,Highpoint MachineWay ISO VG 68 1000 L,9,15,1,Bulk,1000 L,1000,ISO VG 68,active,2026-01-01 00:00:00,system,2026-01-01 00:00:00,system
710,NR-ILO-0210,Fieldmark SlideForce ISO VG 68 2000 L,10,15,1,Bulk,2000 L,2000,ISO VG 68,active,2026-01-01 00:00:00,system,2026-01-01 00:00:00,system
711,NR-ILO-0211,Northmark ToolCore ISO VG 32 20 L,1,16,1,Bucket,20 L,20,ISO VG 32,active,2026-01-01 00:00:00,system,2026-01-01 00:00:00,system
712,NR-ILO-0212,Ironcrest MachinePro ISO VG 32 25 L,2,16,1,Bucket,25 L,25,ISO VG 32,active,2026-01-01 00:00:00,system,2026-01-01 00:00:00,system
713,NR-ILO-0213,Redstone ToolGuard ISO VG 32 30 L,3,16,1,Bucket,30 L,30,ISO VG 32,active,2026-01-01 00:00:00,system,2026-01-01 00:00:00,system
714,NR-ILO-0214,Westmark MachLube ISO VG 32 50 L,4,16,1,Drum,50 L,50,ISO VG 32,active,2026-01-01 00:00:00,system,2026-01-01 00:00:00,system
715,NR-ILO-0215,Crestfield ToolCore ISO VG 46 55 L,5,16,1,Drum,55 L,55,ISO VG 46,active,2026-01-01 00:00:00,system,2026-01-01 00:00:00,system
716,NR-ILO-0216,Stonebridge MachinePro ISO VG 46 180 L,6,16,1,Drum,180 L,180,ISO VG 46,active,2026-01-01 00:00:00,system,2026-01-01 00:00:00,system
717,NR-ILO-0217,Ridgewell ToolGuard ISO VG 46 210 L,7,16,1,Barrel,210 L,210,ISO VG 46,active,2026-01-01 00:00:00,system,2026-01-01 00:00:00,system
718,NR-ILO-0218,Millbrook MachLube ISO VG 46 500 L,8,16,1,Bulk,500 L,500,ISO VG 46,active,2026-01-01 00:00:00,system,2026-01-01 00:00:00,system
719,NR-ILO-0219,Highpoint ToolCore ISO VG 68 1000 L,9,16,1,Bulk,1000 L,1000,ISO VG 68,active,2026-01-01 00:00:00,system,2026-01-01 00:00:00,system
720,NR-ILO-0220,Fieldmark MachinePro ISO VG 68 2000 L,10,16,1,Bulk,2000 L,2000,ISO VG 68,active,2026-01-01 00:00:00,system,2026-01-01 00:00:00,system
721,NR-ILO-0221,Northmark ToolGuard ISO VG 68 3 L,1,16,1,Can,3 L,3,ISO VG 68,active,2026-01-01 00:00:00,system,2026-01-01 00:00:00,system
722,NR-ILO-0222,Ironcrest MachLube ISO VG 68 5 L,2,16,1,Bucket,5 L,5,ISO VG 68,active,2026-01-01 00:00:00,system,2026-01-01 00:00:00,system
723,NR-ILO-0223,Redstone ToolCore ISO VG 32 10 L,3,16,1,Bucket,10 L,10,ISO VG 32,active,2026-01-01 00:00:00,system,2026-01-01 00:00:00,system
724,NR-ILO-0224,Westmark MachinePro ISO VG 32 15 L,4,16,1,Bucket,15 L,15,ISO VG 32,discontinued,2026-01-01 00:00:00,system,2026-01-01 00:00:00,system
725,NR-ILO-0225,Crestfield ToolGuard ISO VG 32 20 L,5,16,1,Bucket,20 L,20,ISO VG 32,active,2026-01-01 00:00:00,system,2026-01-01 00:00:00,system
726,NR-ILO-0226,Stonebridge MachLube ISO VG 32 25 L,6,16,1,Bucket,25 L,25,ISO VG 32,discontinued,2026-01-01 00:00:00,system,2026-01-01 00:00:00,system
727,NR-ILO-0227,Ridgewell ToolCore ISO VG 46 30 L,7,16,1,Bucket,30 L,30,ISO VG 46,active,2026-01-01 00:00:00,system,2026-01-01 00:00:00,system
728,NR-ILO-0228,Millbrook MachinePro ISO VG 46 50 L,8,16,1,Drum,50 L,50,ISO VG 46,active,2026-01-01 00:00:00,system,2026-01-01 00:00:00,system
729,NR-ILO-0229,Highpoint ToolGuard ISO VG 46 55 L,9,16,1,Drum,55 L,55,ISO VG 46,active,2026-01-01 00:00:00,system,2026-01-01 00:00:00,system
730,NR-ILO-0230,Fieldmark MachLube ISO VG 46 180 L,10,16,1,Drum,180 L,180,ISO VG 46,active,2026-01-01 00:00:00,system,2026-01-01 00:00:00,system
731,NR-ILO-0231,Northmark ToolCore ISO VG 68 210 L,1,16,1,Barrel,210 L,210,ISO VG 68,active,2026-01-01 00:00:00,system,2026-01-01 00:00:00,system
732,NR-ILO-0232,Ironcrest MachinePro ISO VG 68 500 L,2,16,1,Bulk,500 L,500,ISO VG 68,active,2026-01-01 00:00:00,system,2026-01-01 00:00:00,system
733,NR-ILO-0233,Redstone ToolGuard ISO VG 68 1000 L,3,16,1,Bulk,1000 L,1000,ISO VG 68,active,2026-01-01 00:00:00,system,2026-01-01 00:00:00,system
734,NR-ILO-0234,Westmark MachLube ISO VG 68 2000 L,4,16,1,Bulk,2000 L,2000,ISO VG 68,active,2026-01-01 00:00:00,system,2026-01-01 00:00:00,system
735,NR-ILO-0235,Crestfield ToolCore ISO VG 32 3 L,5,16,1,Can,3 L,3,ISO VG 32,active,2026-01-01 00:00:00,system,2026-01-01 00:00:00,system
736,NR-ILO-0236,Stonebridge MachinePro ISO VG 32 5 L,6,16,1,Bucket,5 L,5,ISO VG 32,active,2026-01-01 00:00:00,system,2026-01-01 00:00:00,system
737,NR-ILO-0237,Ridgewell ToolGuard ISO VG 32 10 L,7,16,1,Bucket,10 L,10,ISO VG 32,active,2026-01-01 00:00:00,system,2026-01-01 00:00:00,system
738,NR-ILO-0238,Millbrook MachLube ISO VG 32 15 L,8,16,1,Bucket,15 L,15,ISO VG 32,active,2026-01-01 00:00:00,system,2026-01-01 00:00:00,system
739,NR-ILO-0239,Highpoint ToolCore ISO VG 46 20 L,9,16,1,Bucket,20 L,20,ISO VG 46,discontinued,2026-01-01 00:00:00,system,2026-01-01 00:00:00,system
740,NR-ILO-0240,Fieldmark MachinePro ISO VG 46 25 L,10,16,1,Bucket,25 L,25,ISO VG 46,active,2026-01-01 00:00:00,system,2026-01-01 00:00:00,system
741,NR-ILO-0241,Northmark ToolGuard ISO VG 46 30 L,1,16,1,Bucket,30 L,30,ISO VG 46,active,2026-01-01 00:00:00,system,2026-01-01 00:00:00,system
742,NR-ILO-0242,Ironcrest MachLube ISO VG 46 50 L,2,16,1,Drum,50 L,50,ISO VG 46,active,2026-01-01 00:00:00,system,2026-01-01 00:00:00,system
743,NR-ILO-0243,Redstone ToolCore ISO VG 68 55 L,3,16,1,Drum,55 L,55,ISO VG 68,active,2026-01-01 00:00:00,system,2026-01-01 00:00:00,system
744,NR-ILO-0244,Westmark MachinePro ISO VG 68 180 L,4,16,1,Drum,180 L,180,ISO VG 68,active,2026-01-01 00:00:00,system,2026-01-01 00:00:00,system
745,NR-ILO-0245,Crestfield ToolGuard ISO VG 68 210 L,5,16,1,Barrel,210 L,210,ISO VG 68,active,2026-01-01 00:00:00,system,2026-01-01 00:00:00,system
746,NR-ILO-0246,Stonebridge MachLube ISO VG 68 500 L,6,16,1,Bulk,500 L,500,ISO VG 68,discontinued,2026-01-01 00:00:00,system,2026-01-01 00:00:00,system
747,NR-ILO-0247,Ridgewell ToolCore ISO VG 32 1000 L,7,16,1,Bulk,1000 L,1000,ISO VG 32,active,2026-01-01 00:00:00,system,2026-01-01 00:00:00,system
748,NR-ILO-0248,Millbrook MachinePro ISO VG 32 2000 L,8,16,1,Bulk,2000 L,2000,ISO VG 32,active,2026-01-01 00:00:00,system,2026-01-01 00:00:00,system
749,NR-ILO-0249,Highpoint ToolGuard ISO VG 32 3 L,9,16,1,Can,3 L,3,ISO VG 32,active,2026-01-01 00:00:00,system,2026-01-01 00:00:00,system
750,NR-ILO-0250,Fieldmark MachLube ISO VG 32 5 L,10,16,1,Bucket,5 L,5,ISO VG 32,active,2026-01-01 00:00:00,system,2026-01-01 00:00:00,system
751,NR-HEF-0001,Northmark HydraCore ISO VG 32 30 L,1,17,1,Bucket,30 L,30,ISO VG 32,active,2026-01-01 00:00:00,system,2026-01-01 00:00:00,system
752,NR-HEF-0002,Ironcrest HydroForce ISO VG 32 50 L,2,17,1,Drum,50 L,50,ISO VG 32,active,2026-01-01 00:00:00,system,2026-01-01 00:00:00,system
753,NR-HEF-0003,Redstone PowerHyd ISO VG 32 55 L,3,17,1,Drum,55 L,55,ISO VG 32,active,2026-01-01 00:00:00,system,2026-01-01 00:00:00,system
754,NR-HEF-0004,Westmark HydraFlow ISO VG 32 180 L,4,17,1,Drum,180 L,180,ISO VG 32,active,2026-01-01 00:00:00,system,2026-01-01 00:00:00,system
755,NR-HEF-0005,Crestfield HydraCore ISO VG 46 210 L,5,17,1,Barrel,210 L,210,ISO VG 46,active,2026-01-01 00:00:00,system,2026-01-01 00:00:00,system
756,NR-HEF-0006,Stonebridge HydroForce ISO VG 46 500 L,6,17,1,Bulk,500 L,500,ISO VG 46,active,2026-01-01 00:00:00,system,2026-01-01 00:00:00,system
757,NR-HEF-0007,Ridgewell PowerHyd ISO VG 46 1000 L,7,17,1,Bulk,1000 L,1000,ISO VG 46,active,2026-01-01 00:00:00,system,2026-01-01 00:00:00,system
758,NR-HEF-0008,Millbrook HydraFlow ISO VG 46 2000 L,8,17,1,Bulk,2000 L,2000,ISO VG 46,active,2026-01-01 00:00:00,system,2026-01-01 00:00:00,system
759,NR-HEF-0009,Highpoint HydraCore ISO VG 68 3 L,9,17,1,Can,3 L,3,ISO VG 68,active,2026-01-01 00:00:00,system,2026-01-01 00:00:00,system
760,NR-HEF-0010,Fieldmark HydroForce ISO VG 68 5 L,10,17,1,Bucket,5 L,5,ISO VG 68,active,2026-01-01 00:00:00,system,2026-01-01 00:00:00,system
761,NR-HEF-0011,Northmark PowerHyd ISO VG 68 10 L,1,17,1,Bucket,10 L,10,ISO VG 68,active,2026-01-01 00:00:00,system,2026-01-01 00:00:00,system
762,NR-HEF-0012,Ironcrest HydraFlow ISO VG 68 15 L,2,17,1,Bucket,15 L,15,ISO VG 68,active,2026-01-01 00:00:00,system,2026-01-01 00:00:00,system
763,NR-HEF-0013,Redstone HydraCore ISO VG 32 20 L,3,17,1,Bucket,20 L,20,ISO VG 32,active,2026-01-01 00:00:00,system,2026-01-01 00:00:00,system
764,NR-HEF-0014,Westmark HydroForce ISO VG 32 25 L,4,17,1,Bucket,25 L,25,ISO VG 32,active,2026-01-01 00:00:00,system,2026-01-01 00:00:00,system
765,NR-HEF-0015,Crestfield PowerHyd ISO VG 32 30 L,5,17,1,Bucket,30 L,30,ISO VG 32,active,2026-01-01 00:00:00,system,2026-01-01 00:00:00,system
766,NR-HEF-0016,Stonebridge HydraFlow ISO VG 32 50 L,6,17,1,Drum,50 L,50,ISO VG 32,active,2026-01-01 00:00:00,system,2026-01-01 00:00:00,system
767,NR-HEF-0017,Ridgewell HydraCore ISO VG 46 55 L,7,17,1,Drum,55 L,55,ISO VG 46,active,2026-01-01 00:00:00,system,2026-01-01 00:00:00,system
768,NR-HEF-0018,Millbrook HydroForce ISO VG 46 180 L,8,17,1,Drum,180 L,180,ISO VG 46,active,2026-01-01 00:00:00,system,2026-01-01 00:00:00,system
769,NR-HEF-0019,Highpoint PowerHyd ISO VG 46 210 L,9,17,1,Barrel,210 L,210,ISO VG 46,active,2026-01-01 00:00:00,system,2026-01-01 00:00:00,system
770,NR-HEF-0020,Fieldmark HydraFlow ISO VG 46 500 L,10,17,1,Bulk,500 L,500,ISO VG 46,active,2026-01-01 00:00:00,system,2026-01-01 00:00:00,system
771,NR-HEF-0021,Northmark HydraCore ISO VG 68 1000 L,1,17,1,Bulk,1000 L,1000,ISO VG 68,active,2026-01-01 00:00:00,system,2026-01-01 00:00:00,system
772,NR-HEF-0022,Ironcrest HydroForce ISO VG 68 2000 L,2,17,1,Bulk,2000 L,2000,ISO VG 68,active,2026-01-01 00:00:00,system,2026-01-01 00:00:00,system
773,NR-HEF-0023,Redstone PowerHyd ISO VG 68 3 L,3,17,1,Can,3 L,3,ISO VG 68,discontinued,2026-01-01 00:00:00,system,2026-01-01 00:00:00,system
774,NR-HEF-0024,Westmark HydraFlow ISO VG 68 5 L,4,17,1,Bucket,5 L,5,ISO VG 68,inactive,2026-01-01 00:00:00,system,2026-01-01 00:00:00,system
775,NR-HEF-0025,Crestfield HydraCore ISO VG 32 10 L,5,17,1,Bucket,10 L,10,ISO VG 32,active,2026-01-01 00:00:00,system,2026-01-01 00:00:00,system
776,NR-HEF-0026,Stonebridge HydroForce ISO VG 32 15 L,6,17,1,Bucket,15 L,15,ISO VG 32,active,2026-01-01 00:00:00,system,2026-01-01 00:00:00,system
777,NR-HEF-0027,Ridgewell PowerHyd ISO VG 32 20 L,7,17,1,Bucket,20 L,20,ISO VG 32,active,2026-01-01 00:00:00,system,2026-01-01 00:00:00,system
778,NR-HEF-0028,Millbrook HydraFlow ISO VG 32 25 L,8,17,1,Bucket,25 L,25,ISO VG 32,active,2026-01-01 00:00:00,system,2026-01-01 00:00:00,system
779,NR-HEF-0029,Highpoint HydraCore ISO VG 46 30 L,9,17,1,Bucket,30 L,30,ISO VG 46,active,2026-01-01 00:00:00,system,2026-01-01 00:00:00,system
780,NR-HEF-0030,Fieldmark HydroForce ISO VG 46 50 L,10,17,1,Drum,50 L,50,ISO VG 46,active,2026-01-01 00:00:00,system,2026-01-01 00:00:00,system
781,NR-HEF-0031,Northmark PowerHyd ISO VG 46 55 L,1,17,1,Drum,55 L,55,ISO VG 46,active,2026-01-01 00:00:00,system,2026-01-01 00:00:00,system
782,NR-HEF-0032,Ironcrest HydraFlow ISO VG 46 180 L,2,17,1,Drum,180 L,180,ISO VG 46,inactive,2026-01-01 00:00:00,system,2026-01-01 00:00:00,system
783,NR-HEF-0033,Redstone HydraCore ISO VG 68 210 L,3,17,1,Barrel,210 L,210,ISO VG 68,active,2026-01-01 00:00:00,system,2026-01-01 00:00:00,system
784,NR-HEF-0034,Westmark HydroForce ISO VG 68 500 L,4,17,1,Bulk,500 L,500,ISO VG 68,active,2026-01-01 00:00:00,system,2026-01-01 00:00:00,system
785,NR-HEF-0035,Crestfield PowerHyd ISO VG 68 1000 L,5,17,1,Bulk,1000 L,1000,ISO VG 68,active,2026-01-01 00:00:00,system,2026-01-01 00:00:00,system
786,NR-HEF-0036,Stonebridge HydraFlow ISO VG 68 2000 L,6,17,1,Bulk,2000 L,2000,ISO VG 68,discontinued,2026-01-01 00:00:00,system,2026-01-01 00:00:00,system
787,NR-HEF-0037,Ridgewell HydraCore ISO VG 32 3 L,7,17,1,Can,3 L,3,ISO VG 32,active,2026-01-01 00:00:00,system,2026-01-01 00:00:00,system
788,NR-HEF-0038,Millbrook HydroForce ISO VG 32 5 L,8,17,1,Bucket,5 L,5,ISO VG 32,active,2026-01-01 00:00:00,system,2026-01-01 00:00:00,system
789,NR-HEF-0039,Highpoint PowerHyd ISO VG 32 10 L,9,17,1,Bucket,10 L,10,ISO VG 32,active,2026-01-01 00:00:00,system,2026-01-01 00:00:00,system
790,NR-HEF-0040,Fieldmark HydraFlow ISO VG 32 15 L,10,17,1,Bucket,15 L,15,ISO VG 32,active,2026-01-01 00:00:00,system,2026-01-01 00:00:00,system
791,NR-HEF-0041,Northmark HydraCore ISO VG 46 20 L,1,17,1,Bucket,20 L,20,ISO VG 46,active,2026-01-01 00:00:00,system,2026-01-01 00:00:00,system
792,NR-HEF-0042,Ironcrest HydroForce ISO VG 46 25 L,2,17,1,Bucket,25 L,25,ISO VG 46,active,2026-01-01 00:00:00,system,2026-01-01 00:00:00,system
793,NR-HEF-0043,Redstone PowerHyd ISO VG 46 30 L,3,17,1,Bucket,30 L,30,ISO VG 46,active,2026-01-01 00:00:00,system,2026-01-01 00:00:00,system
794,NR-HEF-0044,Westmark HydraFlow ISO VG 46 50 L,4,17,1,Drum,50 L,50,ISO VG 46,active,2026-01-01 00:00:00,system,2026-01-01 00:00:00,system
795,NR-HEF-0045,Crestfield HydraCore ISO VG 68 55 L,5,17,1,Drum,55 L,55,ISO VG 68,discontinued,2026-01-01 00:00:00,system,2026-01-01 00:00:00,system
796,NR-HEF-0046,Stonebridge HydroForce ISO VG 68 180 L,6,17,1,Drum,180 L,180,ISO VG 68,inactive,2026-01-01 00:00:00,system,2026-01-01 00:00:00,system
797,NR-HEF-0047,Ridgewell PowerHyd ISO VG 68 210 L,7,17,1,Barrel,210 L,210,ISO VG 68,inactive,2026-01-01 00:00:00,system,2026-01-01 00:00:00,system
798,NR-HEF-0048,Millbrook HydraFlow ISO VG 68 500 L,8,17,1,Bulk,500 L,500,ISO VG 68,active,2026-01-01 00:00:00,system,2026-01-01 00:00:00,system
799,NR-HEF-0049,Highpoint HydraCore ISO VG 32 1000 L,9,17,1,Bulk,1000 L,1000,ISO VG 32,active,2026-01-01 00:00:00,system,2026-01-01 00:00:00,system
800,NR-HEF-0050,Fieldmark HydroForce ISO VG 32 2000 L,10,17,1,Bulk,2000 L,2000,ISO VG 32,active,2026-01-01 00:00:00,system,2026-01-01 00:00:00,system
801,NR-HEF-0051,Northmark HydraShift UTTO 10W-30 55 L,1,18,1,Drum,55 L,55,UTTO 10W-30,active,2026-01-01 00:00:00,system,2026-01-01 00:00:00,system
802,NR-HEF-0052,Ironcrest TransHyd UTTO 10W-30 180 L,2,18,1,Drum,180 L,180,UTTO 10W-30,active,2026-01-01 00:00:00,system,2026-01-01 00:00:00,system
803,NR-HEF-0053,Redstone PowerUTTO UTTO 10W-30 210 L,3,18,1,Barrel,210 L,210,UTTO 10W-30,active,2026-01-01 00:00:00,system,2026-01-01 00:00:00,system
804,NR-HEF-0054,Westmark HydroDrive UTTO 10W-30 500 L,4,18,1,Bulk,500 L,500,UTTO 10W-30,active,2026-01-01 00:00:00,system,2026-01-01 00:00:00,system
805,NR-HEF-0055,Crestfield HydraShift UTTO 20W-30 1000 L,5,18,1,Bulk,1000 L,1000,UTTO 20W-30,active,2026-01-01 00:00:00,system,2026-01-01 00:00:00,system
806,NR-HEF-0056,Stonebridge TransHyd UTTO 20W-30 2000 L,6,18,1,Bulk,2000 L,2000,UTTO 20W-30,active,2026-01-01 00:00:00,system,2026-01-01 00:00:00,system
807,NR-HEF-0057,Ridgewell PowerUTTO UTTO 20W-30 3 L,7,18,1,Can,3 L,3,UTTO 20W-30,active,2026-01-01 00:00:00,system,2026-01-01 00:00:00,system
808,NR-HEF-0058,Millbrook HydroDrive UTTO 20W-30 5 L,8,18,1,Bucket,5 L,5,UTTO 20W-30,active,2026-01-01 00:00:00,system,2026-01-01 00:00:00,system
809,NR-HEF-0059,Highpoint HydraShift UTTO 20W-40 10 L,9,18,1,Bucket,10 L,10,UTTO 20W-40,active,2026-01-01 00:00:00,system,2026-01-01 00:00:00,system
810,NR-HEF-0060,Fieldmark TransHyd UTTO 20W-40 15 L,10,18,1,Bucket,15 L,15,UTTO 20W-40,inactive,2026-01-01 00:00:00,system,2026-01-01 00:00:00,system
811,NR-HEF-0061,Northmark PowerUTTO UTTO 20W-40 20 L,1,18,1,Bucket,20 L,20,UTTO 20W-40,active,2026-01-01 00:00:00,system,2026-01-01 00:00:00,system
812,NR-HEF-0062,Ironcrest HydroDrive UTTO 20W-40 25 L,2,18,1,Bucket,25 L,25,UTTO 20W-40,active,2026-01-01 00:00:00,system,2026-01-01 00:00:00,system
813,NR-HEF-0063,Redstone HydraShift UTTO 10W-30 30 L,3,18,1,Bucket,30 L,30,UTTO 10W-30,inactive,2026-01-01 00:00:00,system,2026-01-01 00:00:00,system
814,NR-HEF-0064,Westmark TransHyd UTTO 10W-30 50 L,4,18,1,Drum,50 L,50,UTTO 10W-30,active,2026-01-01 00:00:00,system,2026-01-01 00:00:00,system
815,NR-HEF-0065,Crestfield PowerUTTO UTTO 10W-30 55 L,5,18,1,Drum,55 L,55,UTTO 10W-30,discontinued,2026-01-01 00:00:00,system,2026-01-01 00:00:00,system
816,NR-HEF-0066,Stonebridge HydroDrive UTTO 10W-30 180 L,6,18,1,Drum,180 L,180,UTTO 10W-30,active,2026-01-01 00:00:00,system,2026-01-01 00:00:00,system
817,NR-HEF-0067,Ridgewell HydraShift UTTO 20W-30 210 L,7,18,1,Barrel,210 L,210,UTTO 20W-30,active,2026-01-01 00:00:00,system,2026-01-01 00:00:00,system
818,NR-HEF-0068,Millbrook TransHyd UTTO 20W-30 500 L,8,18,1,Bulk,500 L,500,UTTO 20W-30,inactive,2026-01-01 00:00:00,system,2026-01-01 00:00:00,system
819,NR-HEF-0069,Highpoint PowerUTTO UTTO 20W-30 1000 L,9,18,1,Bulk,1000 L,1000,UTTO 20W-30,active,2026-01-01 00:00:00,system,2026-01-01 00:00:00,system
820,NR-HEF-0070,Fieldmark HydroDrive UTTO 20W-30 2000 L,10,18,1,Bulk,2000 L,2000,UTTO 20W-30,active,2026-01-01 00:00:00,system,2026-01-01 00:00:00,system
821,NR-HEF-0071,Northmark HydraShift UTTO 20W-40 3 L,1,18,1,Can,3 L,3,UTTO 20W-40,active,2026-01-01 00:00:00,system,2026-01-01 00:00:00,system
822,NR-HEF-0072,Ironcrest TransHyd UTTO 20W-40 5 L,2,18,1,Bucket,5 L,5,UTTO 20W-40,active,2026-01-01 00:00:00,system,2026-01-01 00:00:00,system
823,NR-HEF-0073,Redstone PowerUTTO UTTO 20W-40 10 L,3,18,1,Bucket,10 L,10,UTTO 20W-40,active,2026-01-01 00:00:00,system,2026-01-01 00:00:00,system
824,NR-HEF-0074,Westmark HydroDrive UTTO 20W-40 15 L,4,18,1,Bucket,15 L,15,UTTO 20W-40,active,2026-01-01 00:00:00,system,2026-01-01 00:00:00,system
825,NR-HEF-0075,Crestfield HydraShift UTTO 10W-30 20 L,5,18,1,Bucket,20 L,20,UTTO 10W-30,active,2026-01-01 00:00:00,system,2026-01-01 00:00:00,system
826,NR-HEF-0076,Stonebridge TransHyd UTTO 10W-30 25 L,6,18,1,Bucket,25 L,25,UTTO 10W-30,active,2026-01-01 00:00:00,system,2026-01-01 00:00:00,system
827,NR-HEF-0077,Ridgewell PowerUTTO UTTO 10W-30 30 L,7,18,1,Bucket,30 L,30,UTTO 10W-30,active,2026-01-01 00:00:00,system,2026-01-01 00:00:00,system
828,NR-HEF-0078,Millbrook HydroDrive UTTO 10W-30 50 L,8,18,1,Drum,50 L,50,UTTO 10W-30,discontinued,2026-01-01 00:00:00,system,2026-01-01 00:00:00,system
829,NR-HEF-0079,Highpoint HydraShift UTTO 20W-30 55 L,9,18,1,Drum,55 L,55,UTTO 20W-30,active,2026-01-01 00:00:00,system,2026-01-01 00:00:00,system
830,NR-HEF-0080,Fieldmark TransHyd UTTO 20W-30 180 L,10,18,1,Drum,180 L,180,UTTO 20W-30,active,2026-01-01 00:00:00,system,2026-01-01 00:00:00,system
831,NR-HEF-0081,Northmark PowerUTTO UTTO 20W-30 210 L,1,18,1,Barrel,210 L,210,UTTO 20W-30,active,2026-01-01 00:00:00,system,2026-01-01 00:00:00,system
832,NR-HEF-0082,Ironcrest HydroDrive UTTO 20W-30 500 L,2,18,1,Bulk,500 L,500,UTTO 20W-30,active,2026-01-01 00:00:00,system,2026-01-01 00:00:00,system
833,NR-HEF-0083,Redstone HydraShift UTTO 20W-40 1000 L,3,18,1,Bulk,1000 L,1000,UTTO 20W-40,active,2026-01-01 00:00:00,system,2026-01-01 00:00:00,system
834,NR-HEF-0084,Westmark TransHyd UTTO 20W-40 2000 L,4,18,1,Bulk,2000 L,2000,UTTO 20W-40,active,2026-01-01 00:00:00,system,2026-01-01 00:00:00,system
835,NR-HEF-0085,Crestfield PowerUTTO UTTO 20W-40 3 L,5,18,1,Can,3 L,3,UTTO 20W-40,active,2026-01-01 00:00:00,system,2026-01-01 00:00:00,system
836,NR-HEF-0086,Stonebridge HydroDrive UTTO 20W-40 5 L,6,18,1,Bucket,5 L,5,UTTO 20W-40,active,2026-01-01 00:00:00,system,2026-01-01 00:00:00,system
837,NR-HEF-0087,Ridgewell HydraShift UTTO 10W-30 10 L,7,18,1,Bucket,10 L,10,UTTO 10W-30,discontinued,2026-01-01 00:00:00,system,2026-01-01 00:00:00,system
838,NR-HEF-0088,Millbrook TransHyd UTTO 10W-30 15 L,8,18,1,Bucket,15 L,15,UTTO 10W-30,active,2026-01-01 00:00:00,system,2026-01-01 00:00:00,system
839,NR-HEF-0089,Highpoint PowerUTTO UTTO 10W-30 20 L,9,18,1,Bucket,20 L,20,UTTO 10W-30,active,2026-01-01 00:00:00,system,2026-01-01 00:00:00,system
840,NR-HEF-0090,Fieldmark HydroDrive UTTO 10W-30 25 L,10,18,1,Bucket,25 L,25,UTTO 10W-30,active,2026-01-01 00:00:00,system,2026-01-01 00:00:00,system
841,NR-HEF-0091,Northmark HydraShift UTTO 20W-30 30 L,1,18,1,Bucket,30 L,30,UTTO 20W-30,active,2026-01-01 00:00:00,system,2026-01-01 00:00:00,system
842,NR-HEF-0092,Ironcrest TransHyd UTTO 20W-30 50 L,2,18,1,Drum,50 L,50,UTTO 20W-30,active,2026-01-01 00:00:00,system,2026-01-01 00:00:00,system
843,NR-HEF-0093,Redstone PowerUTTO UTTO 20W-30 55 L,3,18,1,Drum,55 L,55,UTTO 20W-30,active,2026-01-01 00:00:00,system,2026-01-01 00:00:00,system
844,NR-HEF-0094,Westmark HydroDrive UTTO 20W-30 180 L,4,18,1,Drum,180 L,180,UTTO 20W-30,active,2026-01-01 00:00:00,system,2026-01-01 00:00:00,system
845,NR-HEF-0095,Crestfield HydraShift UTTO 20W-40 210 L,5,18,1,Barrel,210 L,210,UTTO 20W-40,active,2026-01-01 00:00:00,system,2026-01-01 00:00:00,system
846,NR-HEF-0096,Stonebridge TractorHyd UTTO 10W-30 210 L,6,19,1,Barrel,210 L,210,UTTO 10W-30,inactive,2026-01-01 00:00:00,system,2026-01-01 00:00:00,system
847,NR-HEF-0097,Ridgewell AgriHydro UTTO 10W-30 500 L,7,19,1,Bulk,500 L,500,UTTO 10W-30,active,2026-01-01 00:00:00,system,2026-01-01 00:00:00,system
848,NR-HEF-0098,Millbrook FieldFlow UTTO 10W-30 1000 L,8,19,1,Bulk,1000 L,1000,UTTO 10W-30,active,2026-01-01 00:00:00,system,2026-01-01 00:00:00,system
849,NR-HEF-0099,Highpoint FarmHyd UTTO 10W-30 2000 L,9,19,1,Bulk,2000 L,2000,UTTO 10W-30,active,2026-01-01 00:00:00,system,2026-01-01 00:00:00,system
850,NR-HEF-0100,Fieldmark TractorHyd UTTO 20W-30 3 L,10,19,1,Can,3 L,3,UTTO 20W-30,active,2026-01-01 00:00:00,system,2026-01-01 00:00:00,system
851,NR-HEF-0101,Northmark AgriHydro UTTO 20W-30 5 L,1,19,1,Bucket,5 L,5,UTTO 20W-30,inactive,2026-01-01 00:00:00,system,2026-01-01 00:00:00,system
852,NR-HEF-0102,Ironcrest FieldFlow UTTO 20W-30 10 L,2,19,1,Bucket,10 L,10,UTTO 20W-30,active,2026-01-01 00:00:00,system,2026-01-01 00:00:00,system
853,NR-HEF-0103,Redstone FarmHyd UTTO 20W-30 15 L,3,19,1,Bucket,15 L,15,UTTO 20W-30,active,2026-01-01 00:00:00,system,2026-01-01 00:00:00,system
854,NR-HEF-0104,Westmark TractorHyd UTTO 20W-40 20 L,4,19,1,Bucket,20 L,20,UTTO 20W-40,active,2026-01-01 00:00:00,system,2026-01-01 00:00:00,system
855,NR-HEF-0105,Crestfield AgriHydro UTTO 20W-40 25 L,5,19,1,Bucket,25 L,25,UTTO 20W-40,active,2026-01-01 00:00:00,system,2026-01-01 00:00:00,system
856,NR-HEF-0106,Stonebridge FieldFlow UTTO 20W-40 30 L,6,19,1,Bucket,30 L,30,UTTO 20W-40,active,2026-01-01 00:00:00,system,2026-01-01 00:00:00,system
857,NR-HEF-0107,Ridgewell FarmHyd UTTO 20W-40 50 L,7,19,1,Drum,50 L,50,UTTO 20W-40,active,2026-01-01 00:00:00,system,2026-01-01 00:00:00,system
858,NR-HEF-0108,Millbrook TractorHyd UTTO 10W-30 55 L,8,19,1,Drum,55 L,55,UTTO 10W-30,active,2026-01-01 00:00:00,system,2026-01-01 00:00:00,system
859,NR-HEF-0109,Highpoint AgriHydro UTTO 10W-30 180 L,9,19,1,Drum,180 L,180,UTTO 10W-30,active,2026-01-01 00:00:00,system,2026-01-01 00:00:00,system
860,NR-HEF-0110,Fieldmark FieldFlow UTTO 10W-30 210 L,10,19,1,Barrel,210 L,210,UTTO 10W-30,active,2026-01-01 00:00:00,system,2026-01-01 00:00:00,system
861,NR-HEF-0111,Northmark FarmHyd UTTO 10W-30 500 L,1,19,1,Bulk,500 L,500,UTTO 10W-30,active,2026-01-01 00:00:00,system,2026-01-01 00:00:00,system
862,NR-HEF-0112,Ironcrest TractorHyd UTTO 20W-30 1000 L,2,19,1,Bulk,1000 L,1000,UTTO 20W-30,active,2026-01-01 00:00:00,system,2026-01-01 00:00:00,system
863,NR-HEF-0113,Redstone AgriHydro UTTO 20W-30 2000 L,3,19,1,Bulk,2000 L,2000,UTTO 20W-30,active,2026-01-01 00:00:00,system,2026-01-01 00:00:00,system
864,NR-HEF-0114,Westmark FieldFlow UTTO 20W-30 3 L,4,19,1,Can,3 L,3,UTTO 20W-30,active,2026-01-01 00:00:00,system,2026-01-01 00:00:00,system
865,NR-HEF-0115,Crestfield FarmHyd UTTO 20W-30 5 L,5,19,1,Bucket,5 L,5,UTTO 20W-30,active,2026-01-01 00:00:00,system,2026-01-01 00:00:00,system
866,NR-HEF-0116,Stonebridge TractorHyd UTTO 20W-40 10 L,6,19,1,Bucket,10 L,10,UTTO 20W-40,active,2026-01-01 00:00:00,system,2026-01-01 00:00:00,system
867,NR-HEF-0117,Ridgewell AgriHydro UTTO 20W-40 15 L,7,19,1,Bucket,15 L,15,UTTO 20W-40,active,2026-01-01 00:00:00,system,2026-01-01 00:00:00,system
868,NR-HEF-0118,Millbrook FieldFlow UTTO 20W-40 20 L,8,19,1,Bucket,20 L,20,UTTO 20W-40,inactive,2026-01-01 00:00:00,system,2026-01-01 00:00:00,system
869,NR-HEF-0119,Highpoint FarmHyd UTTO 20W-40 25 L,9,19,1,Bucket,25 L,25,UTTO 20W-40,active,2026-01-01 00:00:00,system,2026-01-01 00:00:00,system
870,NR-HEF-0120,Fieldmark TractorHyd UTTO 10W-30 30 L,10,19,1,Bucket,30 L,30,UTTO 10W-30,active,2026-01-01 00:00:00,system,2026-01-01 00:00:00,system
871,NR-HEF-0121,Northmark AgriHydro UTTO 10W-30 50 L,1,19,1,Drum,50 L,50,UTTO 10W-30,active,2026-01-01 00:00:00,system,2026-01-01 00:00:00,system
872,NR-HEF-0122,Ironcrest FieldFlow UTTO 10W-30 55 L,2,19,1,Drum,55 L,55,UTTO 10W-30,active,2026-01-01 00:00:00,system,2026-01-01 00:00:00,system
873,NR-HEF-0123,Redstone FarmHyd UTTO 10W-30 180 L,3,19,1,Drum,180 L,180,UTTO 10W-30,active,2026-01-01 00:00:00,system,2026-01-01 00:00:00,system
874,NR-HEF-0124,Westmark TractorHyd UTTO 20W-30 210 L,4,19,1,Barrel,210 L,210,UTTO 20W-30,active,2026-01-01 00:00:00,system,2026-01-01 00:00:00,system
875,NR-HEF-0125,Crestfield AgriHydro UTTO 20W-30 500 L,5,19,1,Bulk,500 L,500,UTTO 20W-30,active,2026-01-01 00:00:00,system,2026-01-01 00:00:00,system
876,NR-HEF-0126,Stonebridge FieldFlow UTTO 20W-30 1000 L,6,19,1,Bulk,1000 L,1000,UTTO 20W-30,inactive,2026-01-01 00:00:00,system,2026-01-01 00:00:00,system
877,NR-HEF-0127,Ridgewell FarmHyd UTTO 20W-30 2000 L,7,19,1,Bulk,2000 L,2000,UTTO 20W-30,active,2026-01-01 00:00:00,system,2026-01-01 00:00:00,system
878,NR-HEF-0128,Millbrook TractorHyd UTTO 20W-40 3 L,8,19,1,Can,3 L,3,UTTO 20W-40,active,2026-01-01 00:00:00,system,2026-01-01 00:00:00,system
879,NR-HEF-0129,Highpoint AgriHydro UTTO 20W-40 5 L,9,19,1,Bucket,5 L,5,UTTO 20W-40,active,2026-01-01 00:00:00,system,2026-01-01 00:00:00,system
880,NR-HEF-0130,Fieldmark FieldFlow UTTO 20W-40 10 L,10,19,1,Bucket,10 L,10,UTTO 20W-40,active,2026-01-01 00:00:00,system,2026-01-01 00:00:00,system
881,NR-HEF-0131,Northmark FarmHyd UTTO 20W-40 15 L,1,19,1,Bucket,15 L,15,UTTO 20W-40,active,2026-01-01 00:00:00,system,2026-01-01 00:00:00,system
882,NR-HEF-0132,Ironcrest TractorHyd UTTO 10W-30 20 L,2,19,1,Bucket,20 L,20,UTTO 10W-30,active,2026-01-01 00:00:00,system,2026-01-01 00:00:00,system
883,NR-HEF-0133,Redstone AgriHydro UTTO 10W-30 25 L,3,19,1,Bucket,25 L,25,UTTO 10W-30,active,2026-01-01 00:00:00,system,2026-01-01 00:00:00,system
884,NR-HEF-0134,Westmark FieldFlow UTTO 10W-30 30 L,4,19,1,Bucket,30 L,30,UTTO 10W-30,active,2026-01-01 00:00:00,system,2026-01-01 00:00:00,system
885,NR-HEF-0135,Crestfield FarmHyd UTTO 10W-30 50 L,5,19,1,Drum,50 L,50,UTTO 10W-30,active,2026-01-01 00:00:00,system,2026-01-01 00:00:00,system
886,NR-HEF-0136,Stonebridge TractorHyd UTTO 20W-30 55 L,6,19,1,Drum,55 L,55,UTTO 20W-30,active,2026-01-01 00:00:00,system,2026-01-01 00:00:00,system
887,NR-HEF-0137,Ridgewell AgriHydro UTTO 20W-30 180 L,7,19,1,Drum,180 L,180,UTTO 20W-30,active,2026-01-01 00:00:00,system,2026-01-01 00:00:00,system
888,NR-HEF-0138,Millbrook FieldFlow UTTO 20W-30 210 L,8,19,1,Barrel,210 L,210,UTTO 20W-30,active,2026-01-01 00:00:00,system,2026-01-01 00:00:00,system
889,NR-HEF-0139,Highpoint FarmHyd UTTO 20W-30 500 L,9,19,1,Bulk,500 L,500,UTTO 20W-30,active,2026-01-01 00:00:00,system,2026-01-01 00:00:00,system
890,NR-HEF-0140,Fieldmark TractorHyd UTTO 20W-40 1000 L,10,19,1,Bulk,1000 L,1000,UTTO 20W-40,active,2026-01-01 00:00:00,system,2026-01-01 00:00:00,system
891,NR-HEF-0141,Northmark SiteHyd 10W 1000 L,1,20,1,Bulk,1000 L,1000,10W,active,2026-01-01 00:00:00,system,2026-01-01 00:00:00,system
892,NR-HEF-0142,Ironcrest BuildForce 10W 2000 L,2,20,1,Bulk,2000 L,2000,10W,active,2026-01-01 00:00:00,system,2026-01-01 00:00:00,system
893,NR-HEF-0143,Redstone EarthMove 10W 3 L,3,20,1,Can,3 L,3,10W,active,2026-01-01 00:00:00,system,2026-01-01 00:00:00,system
894,NR-HEF-0144,Westmark EquipHyd 10W 5 L,4,20,1,Bucket,5 L,5,10W,active,2026-01-01 00:00:00,system,2026-01-01 00:00:00,system
895,NR-HEF-0145,Crestfield SiteHyd 10W-30 10 L,5,20,1,Bucket,10 L,10,10W-30,active,2026-01-01 00:00:00,system,2026-01-01 00:00:00,system
896,NR-HEF-0146,Stonebridge BuildForce 10W-30 15 L,6,20,1,Bucket,15 L,15,10W-30,active,2026-01-01 00:00:00,system,2026-01-01 00:00:00,system
897,NR-HEF-0147,Ridgewell EarthMove 10W-30 20 L,7,20,1,Bucket,20 L,20,10W-30,active,2026-01-01 00:00:00,system,2026-01-01 00:00:00,system
898,NR-HEF-0148,Millbrook EquipHyd 10W-30 25 L,8,20,1,Bucket,25 L,25,10W-30,active,2026-01-01 00:00:00,system,2026-01-01 00:00:00,system
899,NR-HEF-0149,Highpoint SiteHyd 15W-40 30 L,9,20,1,Bucket,30 L,30,15W-40,active,2026-01-01 00:00:00,system,2026-01-01 00:00:00,system
900,NR-HEF-0150,Fieldmark BuildForce 15W-40 50 L,10,20,1,Drum,50 L,50,15W-40,active,2026-01-01 00:00:00,system,2026-01-01 00:00:00,system
901,NR-HEF-0151,Northmark EarthMove 15W-40 55 L,1,20,1,Drum,55 L,55,15W-40,active,2026-01-01 00:00:00,system,2026-01-01 00:00:00,system
902,NR-HEF-0152,Ironcrest EquipHyd 15W-40 180 L,2,20,1,Drum,180 L,180,15W-40,active,2026-01-01 00:00:00,system,2026-01-01 00:00:00,system
903,NR-HEF-0153,Redstone SiteHyd 10W 210 L,3,20,1,Barrel,210 L,210,10W,active,2026-01-01 00:00:00,system,2026-01-01 00:00:00,system
904,NR-HEF-0154,Westmark BuildForce 10W 500 L,4,20,1,Bulk,500 L,500,10W,active,2026-01-01 00:00:00,system,2026-01-01 00:00:00,system
905,NR-HEF-0155,Crestfield EarthMove 10W 1000 L,5,20,1,Bulk,1000 L,1000,10W,active,2026-01-01 00:00:00,system,2026-01-01 00:00:00,system
906,NR-HEF-0156,Stonebridge EquipHyd 10W 2000 L,6,20,1,Bulk,2000 L,2000,10W,active,2026-01-01 00:00:00,system,2026-01-01 00:00:00,system
907,NR-HEF-0157,Ridgewell SiteHyd 10W-30 3 L,7,20,1,Can,3 L,3,10W-30,active,2026-01-01 00:00:00,system,2026-01-01 00:00:00,system
908,NR-HEF-0158,Millbrook BuildForce 10W-30 5 L,8,20,1,Bucket,5 L,5,10W-30,active,2026-01-01 00:00:00,system,2026-01-01 00:00:00,system
909,NR-HEF-0159,Highpoint EarthMove 10W-30 10 L,9,20,1,Bucket,10 L,10,10W-30,discontinued,2026-01-01 00:00:00,system,2026-01-01 00:00:00,system
910,NR-HEF-0160,Fieldmark EquipHyd 10W-30 15 L,10,20,1,Bucket,15 L,15,10W-30,active,2026-01-01 00:00:00,system,2026-01-01 00:00:00,system
911,NR-HEF-0161,Northmark SiteHyd 15W-40 20 L,1,20,1,Bucket,20 L,20,15W-40,active,2026-01-01 00:00:00,system,2026-01-01 00:00:00,system
912,NR-HEF-0162,Ironcrest BuildForce 15W-40 25 L,2,20,1,Bucket,25 L,25,15W-40,active,2026-01-01 00:00:00,system,2026-01-01 00:00:00,system
913,NR-HEF-0163,Redstone EarthMove 15W-40 30 L,3,20,1,Bucket,30 L,30,15W-40,active,2026-01-01 00:00:00,system,2026-01-01 00:00:00,system
914,NR-HEF-0164,Westmark EquipHyd 15W-40 50 L,4,20,1,Drum,50 L,50,15W-40,discontinued,2026-01-01 00:00:00,system,2026-01-01 00:00:00,system
915,NR-HEF-0165,Crestfield SiteHyd 10W 55 L,5,20,1,Drum,55 L,55,10W,active,2026-01-01 00:00:00,system,2026-01-01 00:00:00,system
916,NR-HEF-0166,Stonebridge BuildForce 10W 180 L,6,20,1,Drum,180 L,180,10W,active,2026-01-01 00:00:00,system,2026-01-01 00:00:00,system
917,NR-HEF-0167,Ridgewell EarthMove 10W 210 L,7,20,1,Barrel,210 L,210,10W,active,2026-01-01 00:00:00,system,2026-01-01 00:00:00,system
918,NR-HEF-0168,Millbrook EquipHyd 10W 500 L,8,20,1,Bulk,500 L,500,10W,discontinued,2026-01-01 00:00:00,system,2026-01-01 00:00:00,system
919,NR-HEF-0169,Highpoint SiteHyd 10W-30 1000 L,9,20,1,Bulk,1000 L,1000,10W-30,active,2026-01-01 00:00:00,system,2026-01-01 00:00:00,system
920,NR-HEF-0170,Fieldmark BuildForce 10W-30 2000 L,10,20,1,Bulk,2000 L,2000,10W-30,inactive,2026-01-01 00:00:00,system,2026-01-01 00:00:00,system
921,NR-HEF-0171,Northmark EarthMove 10W-30 3 L,1,20,1,Can,3 L,3,10W-30,active,2026-01-01 00:00:00,system,2026-01-01 00:00:00,system
922,NR-HEF-0172,Ironcrest EquipHyd 10W-30 5 L,2,20,1,Bucket,5 L,5,10W-30,inactive,2026-01-01 00:00:00,system,2026-01-01 00:00:00,system
923,NR-HEF-0173,Redstone SiteHyd 15W-40 10 L,3,20,1,Bucket,10 L,10,15W-40,active,2026-01-01 00:00:00,system,2026-01-01 00:00:00,system
924,NR-HEF-0174,Westmark BuildForce 15W-40 15 L,4,20,1,Bucket,15 L,15,15W-40,active,2026-01-01 00:00:00,system,2026-01-01 00:00:00,system
925,NR-HEF-0175,Crestfield EarthMove 15W-40 20 L,5,20,1,Bucket,20 L,20,15W-40,active,2026-01-01 00:00:00,system,2026-01-01 00:00:00,system
926,NR-HEF-0176,Stonebridge EquipHyd 15W-40 25 L,6,20,1,Bucket,25 L,25,15W-40,inactive,2026-01-01 00:00:00,system,2026-01-01 00:00:00,system
927,NR-HEF-0177,Ridgewell SiteHyd 10W 30 L,7,20,1,Bucket,30 L,30,10W,active,2026-01-01 00:00:00,system,2026-01-01 00:00:00,system
928,NR-HEF-0178,Millbrook BuildForce 10W 50 L,8,20,1,Drum,50 L,50,10W,discontinued,2026-01-01 00:00:00,system,2026-01-01 00:00:00,system
929,NR-HEF-0179,Highpoint EarthMove 10W 55 L,9,20,1,Drum,55 L,55,10W,active,2026-01-01 00:00:00,system,2026-01-01 00:00:00,system
930,NR-HEF-0180,Fieldmark EquipHyd 10W 180 L,10,20,1,Drum,180 L,180,10W,active,2026-01-01 00:00:00,system,2026-01-01 00:00:00,system
931,NR-HEF-0181,Northmark AgriFlow UTTO 10W-30 3 L,1,21,1,Can,3 L,3,UTTO 10W-30,active,2026-01-01 00:00:00,system,2026-01-01 00:00:00,system
932,NR-HEF-0182,Ironcrest FarmPower UTTO 10W-30 5 L,2,21,1,Bucket,5 L,5,UTTO 10W-30,active,2026-01-01 00:00:00,system,2026-01-01 00:00:00,system
933,NR-HEF-0183,Redstone FieldHyd UTTO 10W-30 10 L,3,21,1,Bucket,10 L,10,UTTO 10W-30,active,2026-01-01 00:00:00,system,2026-01-01 00:00:00,system
934,NR-HEF-0184,Westmark CropForce UTTO 10W-30 15 L,4,21,1,Bucket,15 L,15,UTTO 10W-30,active,2026-01-01 00:00:00,system,2026-01-01 00:00:00,system
935,NR-HEF-0185,Crestfield AgriFlow STOU 10W-30 20 L,5,21,1,Bucket,20 L,20,STOU 10W-30,inactive,2026-01-01 00:00:00,system,2026-01-01 00:00:00,system
936,NR-HEF-0186,Stonebridge FarmPower STOU 10W-30 25 L,6,21,1,Bucket,25 L,25,STOU 10W-30,active,2026-01-01 00:00:00,system,2026-01-01 00:00:00,system
937,NR-HEF-0187,Ridgewell FieldHyd STOU 10W-30 30 L,7,21,1,Bucket,30 L,30,STOU 10W-30,active,2026-01-01 00:00:00,system,2026-01-01 00:00:00,system
938,NR-HEF-0188,Millbrook CropForce STOU 10W-30 50 L,8,21,1,Drum,50 L,50,STOU 10W-30,active,2026-01-01 00:00:00,system,2026-01-01 00:00:00,system
939,NR-HEF-0189,Highpoint AgriFlow 15W-40 55 L,9,21,1,Drum,55 L,55,15W-40,active,2026-01-01 00:00:00,system,2026-01-01 00:00:00,system
940,NR-HEF-0190,Fieldmark FarmPower 15W-40 180 L,10,21,1,Drum,180 L,180,15W-40,active,2026-01-01 00:00:00,system,2026-01-01 00:00:00,system
941,NR-HEF-0191,Northmark FieldHyd 15W-40 210 L,1,21,1,Barrel,210 L,210,15W-40,active,2026-01-01 00:00:00,system,2026-01-01 00:00:00,system
942,NR-HEF-0192,Ironcrest CropForce 15W-40 500 L,2,21,1,Bulk,500 L,500,15W-40,active,2026-01-01 00:00:00,system,2026-01-01 00:00:00,system
943,NR-HEF-0193,Redstone AgriFlow UTTO 10W-30 1000 L,3,21,1,Bulk,1000 L,1000,UTTO 10W-30,active,2026-01-01 00:00:00,system,2026-01-01 00:00:00,system
944,NR-HEF-0194,Westmark FarmPower UTTO 10W-30 2000 L,4,21,1,Bulk,2000 L,2000,UTTO 10W-30,active,2026-01-01 00:00:00,system,2026-01-01 00:00:00,system
945,NR-HEF-0195,Crestfield FieldHyd UTTO 10W-30 3 L,5,21,1,Can,3 L,3,UTTO 10W-30,active,2026-01-01 00:00:00,system,2026-01-01 00:00:00,system
946,NR-HEF-0196,Stonebridge CropForce UTTO 10W-30 5 L,6,21,1,Bucket,5 L,5,UTTO 10W-30,active,2026-01-01 00:00:00,system,2026-01-01 00:00:00,system
947,NR-HEF-0197,Ridgewell AgriFlow STOU 10W-30 10 L,7,21,1,Bucket,10 L,10,STOU 10W-30,inactive,2026-01-01 00:00:00,system,2026-01-01 00:00:00,system
948,NR-HEF-0198,Millbrook FarmPower STOU 10W-30 15 L,8,21,1,Bucket,15 L,15,STOU 10W-30,active,2026-01-01 00:00:00,system,2026-01-01 00:00:00,system
949,NR-HEF-0199,Highpoint FieldHyd STOU 10W-30 20 L,9,21,1,Bucket,20 L,20,STOU 10W-30,active,2026-01-01 00:00:00,system,2026-01-01 00:00:00,system
950,NR-HEF-0200,Fieldmark CropForce STOU 10W-30 25 L,10,21,1,Bucket,25 L,25,STOU 10W-30,discontinued,2026-01-01 00:00:00,system,2026-01-01 00:00:00,system
951,NR-HEF-0201,Northmark AgriFlow 15W-40 30 L,1,21,1,Bucket,30 L,30,15W-40,active,2026-01-01 00:00:00,system,2026-01-01 00:00:00,system
952,NR-HEF-0202,Ironcrest FarmPower 15W-40 50 L,2,21,1,Drum,50 L,50,15W-40,active,2026-01-01 00:00:00,system,2026-01-01 00:00:00,system
953,NR-HEF-0203,Redstone FieldHyd 15W-40 55 L,3,21,1,Drum,55 L,55,15W-40,active,2026-01-01 00:00:00,system,2026-01-01 00:00:00,system
954,NR-HEF-0204,Westmark CropForce 15W-40 180 L,4,21,1,Drum,180 L,180,15W-40,active,2026-01-01 00:00:00,system,2026-01-01 00:00:00,system
955,NR-HEF-0205,Crestfield AgriFlow UTTO 10W-30 210 L,5,21,1,Barrel,210 L,210,UTTO 10W-30,active,2026-01-01 00:00:00,system,2026-01-01 00:00:00,system
956,NR-HEF-0206,Stonebridge FarmPower UTTO 10W-30 500 L,6,21,1,Bulk,500 L,500,UTTO 10W-30,active,2026-01-01 00:00:00,system,2026-01-01 00:00:00,system
957,NR-HEF-0207,Ridgewell FieldHyd UTTO 10W-30 1000 L,7,21,1,Bulk,1000 L,1000,UTTO 10W-30,active,2026-01-01 00:00:00,system,2026-01-01 00:00:00,system
958,NR-HEF-0208,Millbrook CropForce UTTO 10W-30 2000 L,8,21,1,Bulk,2000 L,2000,UTTO 10W-30,active,2026-01-01 00:00:00,system,2026-01-01 00:00:00,system
959,NR-HEF-0209,Highpoint AgriFlow STOU 10W-30 3 L,9,21,1,Can,3 L,3,STOU 10W-30,active,2026-01-01 00:00:00,system,2026-01-01 00:00:00,system
960,NR-HEF-0210,Fieldmark FarmPower STOU 10W-30 5 L,10,21,1,Bucket,5 L,5,STOU 10W-30,active,2026-01-01 00:00:00,system,2026-01-01 00:00:00,system
961,NR-HEF-0211,Northmark FieldHyd STOU 10W-30 10 L,1,21,1,Bucket,10 L,10,STOU 10W-30,active,2026-01-01 00:00:00,system,2026-01-01 00:00:00,system
962,NR-HEF-0212,Ironcrest CropForce STOU 10W-30 15 L,2,21,1,Bucket,15 L,15,STOU 10W-30,active,2026-01-01 00:00:00,system,2026-01-01 00:00:00,system
963,NR-HEF-0213,Redstone AgriFlow 15W-40 20 L,3,21,1,Bucket,20 L,20,15W-40,active,2026-01-01 00:00:00,system,2026-01-01 00:00:00,system
964,NR-HEF-0214,Westmark FarmPower 15W-40 25 L,4,21,1,Bucket,25 L,25,15W-40,active,2026-01-01 00:00:00,system,2026-01-01 00:00:00,system
965,NR-HEF-0215,Crestfield FieldHyd 15W-40 30 L,5,21,1,Bucket,30 L,30,15W-40,active,2026-01-01 00:00:00,system,2026-01-01 00:00:00,system
966,NR-HEF-0216,Stonebridge CropForce 15W-40 50 L,6,21,1,Drum,50 L,50,15W-40,active,2026-01-01 00:00:00,system,2026-01-01 00:00:00,system
967,NR-HEF-0217,Ridgewell AgriFlow UTTO 10W-30 55 L,7,21,1,Drum,55 L,55,UTTO 10W-30,discontinued,2026-01-01 00:00:00,system,2026-01-01 00:00:00,system
968,NR-HEF-0218,Millbrook FarmPower UTTO 10W-30 180 L,8,21,1,Drum,180 L,180,UTTO 10W-30,active,2026-01-01 00:00:00,system,2026-01-01 00:00:00,system
969,NR-HEF-0219,Highpoint FieldHyd UTTO 10W-30 210 L,9,21,1,Barrel,210 L,210,UTTO 10W-30,active,2026-01-01 00:00:00,system,2026-01-01 00:00:00,system
970,NR-HEF-0220,Fieldmark CropForce UTTO 10W-30 500 L,10,21,1,Bulk,500 L,500,UTTO 10W-30,active,2026-01-01 00:00:00,system,2026-01-01 00:00:00,system
971,NR-GRS-0001,Northmark MultiGrease NLGI 1 180 KG,1,22,3,Drum,180 KG,180,NLGI 1,active,2026-01-01 00:00:00,system,2026-01-01 00:00:00,system
972,NR-GRS-0002,Ironcrest GeneralLube NLGI 1 400 G,2,22,3,Cartridge,400 G,0.4,NLGI 1,discontinued,2026-01-01 00:00:00,system,2026-01-01 00:00:00,system
973,NR-GRS-0003,Redstone AllRoundGrease NLGI 1 500 G,3,22,3,Tub,500 G,0.5,NLGI 1,active,2026-01-01 00:00:00,system,2026-01-01 00:00:00,system
974,NR-GRS-0004,Westmark MultiGuard NLGI 1 1 KG,4,22,3,Tub,1 KG,1,NLGI 1,active,2026-01-01 00:00:00,system,2026-01-01 00:00:00,system
975,NR-GRS-0005,Crestfield MultiGrease NLGI 2 2 KG,5,22,3,Tub,2 KG,2,NLGI 2,active,2026-01-01 00:00:00,system,2026-01-01 00:00:00,system
976,NR-GRS-0006,Stonebridge GeneralLube NLGI 2 5 KG,6,22,3,Tub,5 KG,5,NLGI 2,active,2026-01-01 00:00:00,system,2026-01-01 00:00:00,system
977,NR-GRS-0007,Ridgewell AllRoundGrease NLGI 2 10 KG,7,22,3,Pail,10 KG,10,NLGI 2,active,2026-01-01 00:00:00,system,2026-01-01 00:00:00,system
978,NR-GRS-0008,Millbrook MultiGuard NLGI 2 18 KG,8,22,3,Pail,18 KG,18,NLGI 2,active,2026-01-01 00:00:00,system,2026-01-01 00:00:00,system
979,NR-GRS-0009,Highpoint MultiGrease NLGI 3 50 KG,9,22,3,Drum,50 KG,50,NLGI 3,active,2026-01-01 00:00:00,system,2026-01-01 00:00:00,system
980,NR-GRS-0010,Fieldmark GeneralLube NLGI 3 180 KG,10,22,3,Drum,180 KG,180,NLGI 3,active,2026-01-01 00:00:00,system,2026-01-01 00:00:00,system
981,NR-GRS-0011,Northmark AllRoundGrease NLGI 3 400 G,1,22,3,Cartridge,400 G,0.4,NLGI 3,active,2026-01-01 00:00:00,system,2026-01-01 00:00:00,system
982,NR-GRS-0012,Ironcrest MultiGuard NLGI 3 500 G,2,22,3,Tub,500 G,0.5,NLGI 3,active,2026-01-01 00:00:00,system,2026-01-01 00:00:00,system
983,NR-GRS-0013,Redstone MultiGrease NLGI 1 1 KG,3,22,3,Tub,1 KG,1,NLGI 1,active,2026-01-01 00:00:00,system,2026-01-01 00:00:00,system
984,NR-GRS-0014,Westmark GeneralLube NLGI 1 2 KG,4,22,3,Tub,2 KG,2,NLGI 1,active,2026-01-01 00:00:00,system,2026-01-01 00:00:00,system
985,NR-GRS-0015,Crestfield AllRoundGrease NLGI 1 5 KG,5,22,3,Tub,5 KG,5,NLGI 1,active,2026-01-01 00:00:00,system,2026-01-01 00:00:00,system
986,NR-GRS-0016,Stonebridge MultiGuard NLGI 1 10 KG,6,22,3,Pail,10 KG,10,NLGI 1,active,2026-01-01 00:00:00,system,2026-01-01 00:00:00,system
987,NR-GRS-0017,Ridgewell MultiGrease NLGI 2 18 KG,7,22,3,Pail,18 KG,18,NLGI 2,active,2026-01-01 00:00:00,system,2026-01-01 00:00:00,system
988,NR-GRS-0018,Millbrook GeneralLube NLGI 2 50 KG,8,22,3,Drum,50 KG,50,NLGI 2,active,2026-01-01 00:00:00,system,2026-01-01 00:00:00,system
989,NR-GRS-0019,Highpoint AllRoundGrease NLGI 2 180 KG,9,22,3,Drum,180 KG,180,NLGI 2,active,2026-01-01 00:00:00,system,2026-01-01 00:00:00,system
990,NR-GRS-0020,Fieldmark MultiGuard NLGI 2 400 G,10,22,3,Cartridge,400 G,0.4,NLGI 2,inactive,2026-01-01 00:00:00,system,2026-01-01 00:00:00,system
991,NR-GRS-0021,Northmark MultiGrease NLGI 3 500 G,1,22,3,Tub,500 G,0.5,NLGI 3,active,2026-01-01 00:00:00,system,2026-01-01 00:00:00,system
992,NR-GRS-0022,Ironcrest GeneralLube NLGI 3 1 KG,2,22,3,Tub,1 KG,1,NLGI 3,inactive,2026-01-01 00:00:00,system,2026-01-01 00:00:00,system
993,NR-GRS-0023,Redstone AllRoundGrease NLGI 3 2 KG,3,22,3,Tub,2 KG,2,NLGI 3,active,2026-01-01 00:00:00,system,2026-01-01 00:00:00,system
994,NR-GRS-0024,Westmark MultiGuard NLGI 3 5 KG,4,22,3,Tub,5 KG,5,NLGI 3,active,2026-01-01 00:00:00,system,2026-01-01 00:00:00,system
995,NR-GRS-0025,Crestfield MultiGrease NLGI 1 10 KG,5,22,3,Pail,10 KG,10,NLGI 1,active,2026-01-01 00:00:00,system,2026-01-01 00:00:00,system
996,NR-GRS-0026,Stonebridge GeneralLube NLGI 1 18 KG,6,22,3,Pail,18 KG,18,NLGI 1,active,2026-01-01 00:00:00,system,2026-01-01 00:00:00,system
997,NR-GRS-0027,Ridgewell AllRoundGrease NLGI 1 50 KG,7,22,3,Drum,50 KG,50,NLGI 1,active,2026-01-01 00:00:00,system,2026-01-01 00:00:00,system
998,NR-GRS-0028,Millbrook MultiGuard NLGI 1 180 KG,8,22,3,Drum,180 KG,180,NLGI 1,active,2026-01-01 00:00:00,system,2026-01-01 00:00:00,system
999,NR-GRS-0029,Highpoint MultiGrease NLGI 2 400 G,9,22,3,Cartridge,400 G,0.4,NLGI 2,active,2026-01-01 00:00:00,system,2026-01-01 00:00:00,system
1000,NR-GRS-0030,Fieldmark GeneralLube NLGI 2 500 G,10,22,3,Tub,500 G,0.5,NLGI 2,active,2026-01-01 00:00:00,system,2026-01-01 00:00:00,system
1001,NR-GRS-0031,Northmark EPShield NLGI 1 500 G,1,23,3,Tub,500 G,0.5,NLGI 1,active,2026-01-01 00:00:00,system,2026-01-01 00:00:00,system
1002,NR-GRS-0032,Ironcrest LoadGuard NLGI 1 1 KG,2,23,3,Tub,1 KG,1,NLGI 1,active,2026-01-01 00:00:00,system,2026-01-01 00:00:00,system
1003,NR-GRS-0033,Redstone ExtremeLube NLGI 1 2 KG,3,23,3,Tub,2 KG,2,NLGI 1,active,2026-01-01 00:00:00,system,2026-01-01 00:00:00,system
1004,NR-GRS-0034,Westmark EPForce NLGI 1 5 KG,4,23,3,Tub,5 KG,5,NLGI 1,active,2026-01-01 00:00:00,system,2026-01-01 00:00:00,system
1005,NR-GRS-0035,Crestfield EPShield NLGI 2 10 KG,5,23,3,Pail,10 KG,10,NLGI 2,active,2026-01-01 00:00:00,system,2026-01-01 00:00:00,system
1006,NR-GRS-0036,Stonebridge LoadGuard NLGI 2 18 KG,6,23,3,Pail,18 KG,18,NLGI 2,active,2026-01-01 00:00:00,system,2026-01-01 00:00:00,system
1007,NR-GRS-0037,Ridgewell ExtremeLube NLGI 2 50 KG,7,23,3,Drum,50 KG,50,NLGI 2,active,2026-01-01 00:00:00,system,2026-01-01 00:00:00,system
1008,NR-GRS-0038,Millbrook EPForce NLGI 2 180 KG,8,23,3,Drum,180 KG,180,NLGI 2,active,2026-01-01 00:00:00,system,2026-01-01 00:00:00,system
1009,NR-GRS-0039,Highpoint EPShield NLGI 3 400 G,9,23,3,Cartridge,400 G,0.4,NLGI 3,active,2026-01-01 00:00:00,system,2026-01-01 00:00:00,system
1010,NR-GRS-0040,Fieldmark LoadGuard NLGI 3 500 G,10,23,3,Tub,500 G,0.5,NLGI 3,active,2026-01-01 00:00:00,system,2026-01-01 00:00:00,system
1011,NR-GRS-0041,Northmark ExtremeLube NLGI 3 1 KG,1,23,3,Tub,1 KG,1,NLGI 3,active,2026-01-01 00:00:00,system,2026-01-01 00:00:00,system
1012,NR-GRS-0042,Ironcrest EPForce NLGI 3 2 KG,2,23,3,Tub,2 KG,2,NLGI 3,inactive,2026-01-01 00:00:00,system,2026-01-01 00:00:00,system
1013,NR-GRS-0043,Redstone EPShield NLGI 1 5 KG,3,23,3,Tub,5 KG,5,NLGI 1,active,2026-01-01 00:00:00,system,2026-01-01 00:00:00,system
1014,NR-GRS-0044,Westmark LoadGuard NLGI 1 10 KG,4,23,3,Pail,10 KG,10,NLGI 1,active,2026-01-01 00:00:00,system,2026-01-01 00:00:00,system
1015,NR-GRS-0045,Crestfield ExtremeLube NLGI 1 18 KG,5,23,3,Pail,18 KG,18,NLGI 1,active,2026-01-01 00:00:00,system,2026-01-01 00:00:00,system
1016,NR-GRS-0046,Stonebridge EPForce NLGI 1 50 KG,6,23,3,Drum,50 KG,50,NLGI 1,inactive,2026-01-01 00:00:00,system,2026-01-01 00:00:00,system
1017,NR-GRS-0047,Ridgewell EPShield NLGI 2 180 KG,7,23,3,Drum,180 KG,180,NLGI 2,active,2026-01-01 00:00:00,system,2026-01-01 00:00:00,system
1018,NR-GRS-0048,Millbrook LoadGuard NLGI 2 400 G,8,23,3,Cartridge,400 G,0.4,NLGI 2,active,2026-01-01 00:00:00,system,2026-01-01 00:00:00,system
1019,NR-GRS-0049,Highpoint ExtremeLube NLGI 2 500 G,9,23,3,Tub,500 G,0.5,NLGI 2,inactive,2026-01-01 00:00:00,system,2026-01-01 00:00:00,system
1020,NR-GRS-0050,Fieldmark EPForce NLGI 2 1 KG,10,23,3,Tub,1 KG,1,NLGI 2,active,2026-01-01 00:00:00,system,2026-01-01 00:00:00,system
1021,NR-GRS-0051,Northmark EPShield NLGI 3 2 KG,1,23,3,Tub,2 KG,2,NLGI 3,inactive,2026-01-01 00:00:00,system,2026-01-01 00:00:00,system
1022,NR-GRS-0052,Ironcrest LoadGuard NLGI 3 5 KG,2,23,3,Tub,5 KG,5,NLGI 3,active,2026-01-01 00:00:00,system,2026-01-01 00:00:00,system
1023,NR-GRS-0053,Redstone ExtremeLube NLGI 3 10 KG,3,23,3,Pail,10 KG,10,NLGI 3,active,2026-01-01 00:00:00,system,2026-01-01 00:00:00,system
1024,NR-GRS-0054,Westmark EPForce NLGI 3 18 KG,4,23,3,Pail,18 KG,18,NLGI 3,active,2026-01-01 00:00:00,system,2026-01-01 00:00:00,system
1025,NR-GRS-0055,Crestfield EPShield NLGI 1 50 KG,5,23,3,Drum,50 KG,50,NLGI 1,active,2026-01-01 00:00:00,system,2026-01-01 00:00:00,system
1026,NR-GRS-0056,Stonebridge LoadGuard NLGI 1 180 KG,6,23,3,Drum,180 KG,180,NLGI 1,active,2026-01-01 00:00:00,system,2026-01-01 00:00:00,system
1027,NR-GRS-0057,Ridgewell ExtremeLube NLGI 1 400 G,7,23,3,Cartridge,400 G,0.4,NLGI 1,active,2026-01-01 00:00:00,system,2026-01-01 00:00:00,system
1028,NR-GRS-0058,Millbrook EPForce NLGI 1 500 G,8,23,3,Tub,500 G,0.5,NLGI 1,active,2026-01-01 00:00:00,system,2026-01-01 00:00:00,system
1029,NR-GRS-0059,Highpoint EPShield NLGI 2 1 KG,9,23,3,Tub,1 KG,1,NLGI 2,active,2026-01-01 00:00:00,system,2026-01-01 00:00:00,system
1030,NR-GRS-0060,Fieldmark LoadGuard NLGI 2 2 KG,10,23,3,Tub,2 KG,2,NLGI 2,discontinued,2026-01-01 00:00:00,system,2026-01-01 00:00:00,system
1031,NR-GRS-0061,Northmark ThermoGrease NLGI 2 2 KG,1,24,3,Tub,2 KG,2,NLGI 2,discontinued,2026-01-01 00:00:00,system,2026-01-01 00:00:00,system
1032,NR-GRS-0062,Ironcrest HeatGuard NLGI 2 5 KG,2,24,3,Tub,5 KG,5,NLGI 2,active,2026-01-01 00:00:00,system,2026-01-01 00:00:00,system
1033,NR-GRS-0063,Redstone TempForce NLGI 2 10 KG,3,24,3,Pail,10 KG,10,NLGI 2,active,2026-01-01 00:00:00,system,2026-01-01 00:00:00,system
1034,NR-GRS-0064,Westmark HeatShield NLGI 2 18 KG,4,24,3,Pail,18 KG,18,NLGI 2,discontinued,2026-01-01 00:00:00,system,2026-01-01 00:00:00,system
1035,NR-GRS-0065,Crestfield ThermoGrease NLGI 3 50 KG,5,24,3,Drum,50 KG,50,NLGI 3,active,2026-01-01 00:00:00,system,2026-01-01 00:00:00,system
1036,NR-GRS-0066,Stonebridge HeatGuard NLGI 3 180 KG,6,24,3,Drum,180 KG,180,NLGI 3,active,2026-01-01 00:00:00,system,2026-01-01 00:00:00,system
1037,NR-GRS-0067,Ridgewell TempForce NLGI 3 400 G,7,24,3,Cartridge,400 G,0.4,NLGI 3,active,2026-01-01 00:00:00,system,2026-01-01 00:00:00,system
1038,NR-GRS-0068,Millbrook HeatShield NLGI 3 500 G,8,24,3,Tub,500 G,0.5,NLGI 3,active,2026-01-01 00:00:00,system,2026-01-01 00:00:00,system
1039,NR-GRS-0069,Highpoint ThermoGrease NLGI 2 1 KG,9,24,3,Tub,1 KG,1,NLGI 2,active,2026-01-01 00:00:00,system,2026-01-01 00:00:00,system
1040,NR-GRS-0070,Fieldmark HeatGuard NLGI 2 2 KG,10,24,3,Tub,2 KG,2,NLGI 2,active,2026-01-01 00:00:00,system,2026-01-01 00:00:00,system
1041,NR-GRS-0071,Northmark TempForce NLGI 2 5 KG,1,24,3,Tub,5 KG,5,NLGI 2,active,2026-01-01 00:00:00,system,2026-01-01 00:00:00,system
1042,NR-GRS-0072,Ironcrest HeatShield NLGI 2 10 KG,2,24,3,Pail,10 KG,10,NLGI 2,active,2026-01-01 00:00:00,system,2026-01-01 00:00:00,system
1043,NR-GRS-0073,Redstone ThermoGrease NLGI 3 18 KG,3,24,3,Pail,18 KG,18,NLGI 3,active,2026-01-01 00:00:00,system,2026-01-01 00:00:00,system
1044,NR-GRS-0074,Westmark HeatGuard NLGI 3 50 KG,4,24,3,Drum,50 KG,50,NLGI 3,discontinued,2026-01-01 00:00:00,system,2026-01-01 00:00:00,system
1045,NR-GRS-0075,Crestfield TempForce NLGI 3 180 KG,5,24,3,Drum,180 KG,180,NLGI 3,active,2026-01-01 00:00:00,system,2026-01-01 00:00:00,system
1046,NR-GRS-0076,Stonebridge HeatShield NLGI 3 400 G,6,24,3,Cartridge,400 G,0.4,NLGI 3,active,2026-01-01 00:00:00,system,2026-01-01 00:00:00,system
1047,NR-GRS-0077,Ridgewell ThermoGrease NLGI 2 500 G,7,24,3,Tub,500 G,0.5,NLGI 2,active,2026-01-01 00:00:00,system,2026-01-01 00:00:00,system
1048,NR-GRS-0078,Millbrook HeatGuard NLGI 2 1 KG,8,24,3,Tub,1 KG,1,NLGI 2,active,2026-01-01 00:00:00,system,2026-01-01 00:00:00,system
1049,NR-GRS-0079,Highpoint TempForce NLGI 2 2 KG,9,24,3,Tub,2 KG,2,NLGI 2,active,2026-01-01 00:00:00,system,2026-01-01 00:00:00,system
1050,NR-GRS-0080,Fieldmark HeatShield NLGI 2 5 KG,10,24,3,Tub,5 KG,5,NLGI 2,active,2026-01-01 00:00:00,system,2026-01-01 00:00:00,system
1051,NR-GRS-0081,Northmark ThermoGrease NLGI 3 10 KG,1,24,3,Pail,10 KG,10,NLGI 3,active,2026-01-01 00:00:00,system,2026-01-01 00:00:00,system
1052,NR-GRS-0082,Ironcrest HeatGuard NLGI 3 18 KG,2,24,3,Pail,18 KG,18,NLGI 3,active,2026-01-01 00:00:00,system,2026-01-01 00:00:00,system
1053,NR-GRS-0083,Redstone TempForce NLGI 3 50 KG,3,24,3,Drum,50 KG,50,NLGI 3,active,2026-01-01 00:00:00,system,2026-01-01 00:00:00,system
1054,NR-GRS-0084,Westmark HeatShield NLGI 3 180 KG,4,24,3,Drum,180 KG,180,NLGI 3,active,2026-01-01 00:00:00,system,2026-01-01 00:00:00,system
1055,NR-GRS-0085,Crestfield ThermoGrease NLGI 2 400 G,5,24,3,Cartridge,400 G,0.4,NLGI 2,active,2026-01-01 00:00:00,system,2026-01-01 00:00:00,system
1056,NR-GRS-0086,Stonebridge HeatGuard NLGI 2 500 G,6,24,3,Tub,500 G,0.5,NLGI 2,active,2026-01-01 00:00:00,system,2026-01-01 00:00:00,system
1057,NR-GRS-0087,Ridgewell TempForce NLGI 2 1 KG,7,24,3,Tub,1 KG,1,NLGI 2,active,2026-01-01 00:00:00,system,2026-01-01 00:00:00,system
1058,NR-GRS-0088,Millbrook HeatShield NLGI 2 2 KG,8,24,3,Tub,2 KG,2,NLGI 2,active,2026-01-01 00:00:00,system,2026-01-01 00:00:00,system
1059,NR-GRS-0089,Highpoint ThermoGrease NLGI 3 5 KG,9,24,3,Tub,5 KG,5,NLGI 3,active,2026-01-01 00:00:00,system,2026-01-01 00:00:00,system
1060,NR-GRS-0090,Fieldmark HeatGuard NLGI 3 10 KG,10,24,3,Pail,10 KG,10,NLGI 3,active,2026-01-01 00:00:00,system,2026-01-01 00:00:00,system
1061,NR-GRS-0091,Northmark LithoGuard NLGI 1 10 KG,1,25,3,Pail,10 KG,10,NLGI 1,active,2026-01-01 00:00:00,system,2026-01-01 00:00:00,system
1062,NR-GRS-0092,Ironcrest LithoForce NLGI 1 18 KG,2,25,3,Pail,18 KG,18,NLGI 1,active,2026-01-01 00:00:00,system,2026-01-01 00:00:00,system
1063,NR-GRS-0093,Redstone BearingLube NLGI 1 50 KG,3,25,3,Drum,50 KG,50,NLGI 1,active,2026-01-01 00:00:00,system,2026-01-01 00:00:00,system
1064,NR-GRS-0094,Westmark LithoPro NLGI 1 180 KG,4,25,3,Drum,180 KG,180,NLGI 1,active,2026-01-01 00:00:00,system,2026-01-01 00:00:00,system
1065,NR-GRS-0095,Crestfield LithoGuard NLGI 2 400 G,5,25,3,Cartridge,400 G,0.4,NLGI 2,active,2026-01-01 00:00:00,system,2026-01-01 00:00:00,system
1066,NR-GRS-0096,Stonebridge LithoForce NLGI 2 500 G,6,25,3,Tub,500 G,0.5,NLGI 2,active,2026-01-01 00:00:00,system,2026-01-01 00:00:00,system
1067,NR-GRS-0097,Ridgewell BearingLube NLGI 2 1 KG,7,25,3,Tub,1 KG,1,NLGI 2,active,2026-01-01 00:00:00,system,2026-01-01 00:00:00,system
1068,NR-GRS-0098,Millbrook LithoPro NLGI 2 2 KG,8,25,3,Tub,2 KG,2,NLGI 2,active,2026-01-01 00:00:00,system,2026-01-01 00:00:00,system
1069,NR-GRS-0099,Highpoint LithoGuard NLGI 3 5 KG,9,25,3,Tub,5 KG,5,NLGI 3,active,2026-01-01 00:00:00,system,2026-01-01 00:00:00,system
1070,NR-GRS-0100,Fieldmark LithoForce NLGI 3 10 KG,10,25,3,Pail,10 KG,10,NLGI 3,active,2026-01-01 00:00:00,system,2026-01-01 00:00:00,system
1071,NR-GRS-0101,Northmark BearingLube NLGI 3 18 KG,1,25,3,Pail,18 KG,18,NLGI 3,active,2026-01-01 00:00:00,system,2026-01-01 00:00:00,system
1072,NR-GRS-0102,Ironcrest LithoPro NLGI 3 50 KG,2,25,3,Drum,50 KG,50,NLGI 3,active,2026-01-01 00:00:00,system,2026-01-01 00:00:00,system
1073,NR-GRS-0103,Redstone LithoGuard NLGI 1 180 KG,3,25,3,Drum,180 KG,180,NLGI 1,active,2026-01-01 00:00:00,system,2026-01-01 00:00:00,system
1074,NR-GRS-0104,Westmark LithoForce NLGI 1 400 G,4,25,3,Cartridge,400 G,0.4,NLGI 1,active,2026-01-01 00:00:00,system,2026-01-01 00:00:00,system
1075,NR-GRS-0105,Crestfield BearingLube NLGI 1 500 G,5,25,3,Tub,500 G,0.5,NLGI 1,active,2026-01-01 00:00:00,system,2026-01-01 00:00:00,system
1076,NR-GRS-0106,Stonebridge LithoPro NLGI 1 1 KG,6,25,3,Tub,1 KG,1,NLGI 1,active,2026-01-01 00:00:00,system,2026-01-01 00:00:00,system
1077,NR-GRS-0107,Ridgewell LithoGuard NLGI 2 2 KG,7,25,3,Tub,2 KG,2,NLGI 2,active,2026-01-01 00:00:00,system,2026-01-01 00:00:00,system
1078,NR-GRS-0108,Millbrook LithoForce NLGI 2 5 KG,8,25,3,Tub,5 KG,5,NLGI 2,active,2026-01-01 00:00:00,system,2026-01-01 00:00:00,system
1079,NR-GRS-0109,Highpoint BearingLube NLGI 2 10 KG,9,25,3,Pail,10 KG,10,NLGI 2,active,2026-01-01 00:00:00,system,2026-01-01 00:00:00,system
1080,NR-GRS-0110,Fieldmark LithoPro NLGI 2 18 KG,10,25,3,Pail,18 KG,18,NLGI 2,active,2026-01-01 00:00:00,system,2026-01-01 00:00:00,system
1081,NR-GRS-0111,Northmark LithoGuard NLGI 3 50 KG,1,25,3,Drum,50 KG,50,NLGI 3,active,2026-01-01 00:00:00,system,2026-01-01 00:00:00,system
1082,NR-GRS-0112,Ironcrest LithoForce NLGI 3 180 KG,2,25,3,Drum,180 KG,180,NLGI 3,active,2026-01-01 00:00:00,system,2026-01-01 00:00:00,system
1083,NR-GRS-0113,Redstone BearingLube NLGI 3 400 G,3,25,3,Cartridge,400 G,0.4,NLGI 3,active,2026-01-01 00:00:00,system,2026-01-01 00:00:00,system
1084,NR-GRS-0114,Westmark LithoPro NLGI 3 500 G,4,25,3,Tub,500 G,0.5,NLGI 3,active,2026-01-01 00:00:00,system,2026-01-01 00:00:00,system
1085,NR-GRS-0115,Crestfield LithoGuard NLGI 1 1 KG,5,25,3,Tub,1 KG,1,NLGI 1,active,2026-01-01 00:00:00,system,2026-01-01 00:00:00,system
1086,NR-GRS-0116,Stonebridge LithoForce NLGI 1 2 KG,6,25,3,Tub,2 KG,2,NLGI 1,active,2026-01-01 00:00:00,system,2026-01-01 00:00:00,system
1087,NR-GRS-0117,Ridgewell BearingLube NLGI 1 5 KG,7,25,3,Tub,5 KG,5,NLGI 1,active,2026-01-01 00:00:00,system,2026-01-01 00:00:00,system
1088,NR-GRS-0118,Millbrook LithoPro NLGI 1 10 KG,8,25,3,Pail,10 KG,10,NLGI 1,active,2026-01-01 00:00:00,system,2026-01-01 00:00:00,system
1089,NR-GRS-0119,Highpoint LithoGuard NLGI 2 18 KG,9,25,3,Pail,18 KG,18,NLGI 2,active,2026-01-01 00:00:00,system,2026-01-01 00:00:00,system
1090,NR-GRS-0120,Fieldmark LithoForce NLGI 2 50 KG,10,25,3,Drum,50 KG,50,NLGI 2,active,2026-01-01 00:00:00,system,2026-01-01 00:00:00,system
1091,NR-GRS-0121,Northmark CalciCore NLGI 2 50 KG,1,26,3,Drum,50 KG,50,NLGI 2,discontinued,2026-01-01 00:00:00,system,2026-01-01 00:00:00,system
1092,NR-GRS-0122,Ironcrest CalciGuard NLGI 2 180 KG,2,26,3,Drum,180 KG,180,NLGI 2,active,2026-01-01 00:00:00,system,2026-01-01 00:00:00,system
1093,NR-GRS-0123,Redstone CalciForce NLGI 2 400 G,3,26,3,Cartridge,400 G,0.4,NLGI 2,active,2026-01-01 00:00:00,system,2026-01-01 00:00:00,system
1094,NR-GRS-0124,Westmark CalciLube NLGI 2 500 G,4,26,3,Tub,500 G,0.5,NLGI 2,active,2026-01-01 00:00:00,system,2026-01-01 00:00:00,system
1095,NR-GRS-0125,Crestfield CalciCore NLGI 3 1 KG,5,26,3,Tub,1 KG,1,NLGI 3,active,2026-01-01 00:00:00,system,2026-01-01 00:00:00,system
1096,NR-GRS-0126,Stonebridge CalciGuard NLGI 3 2 KG,6,26,3,Tub,2 KG,2,NLGI 3,active,2026-01-01 00:00:00,system,2026-01-01 00:00:00,system
1097,NR-GRS-0127,Ridgewell CalciForce NLGI 3 5 KG,7,26,3,Tub,5 KG,5,NLGI 3,active,2026-01-01 00:00:00,system,2026-01-01 00:00:00,system
1098,NR-GRS-0128,Millbrook CalciLube NLGI 3 10 KG,8,26,3,Pail,10 KG,10,NLGI 3,active,2026-01-01 00:00:00,system,2026-01-01 00:00:00,system
1099,NR-GRS-0129,Highpoint CalciCore NLGI 2 18 KG,9,26,3,Pail,18 KG,18,NLGI 2,active,2026-01-01 00:00:00,system,2026-01-01 00:00:00,system
1100,NR-GRS-0130,Fieldmark CalciGuard NLGI 2 50 KG,10,26,3,Drum,50 KG,50,NLGI 2,discontinued,2026-01-01 00:00:00,system,2026-01-01 00:00:00,system
1101,NR-GRS-0131,Northmark CalciForce NLGI 2 180 KG,1,26,3,Drum,180 KG,180,NLGI 2,active,2026-01-01 00:00:00,system,2026-01-01 00:00:00,system
1102,NR-GRS-0132,Ironcrest CalciLube NLGI 2 400 G,2,26,3,Cartridge,400 G,0.4,NLGI 2,active,2026-01-01 00:00:00,system,2026-01-01 00:00:00,system
1103,NR-GRS-0133,Redstone CalciCore NLGI 3 500 G,3,26,3,Tub,500 G,0.5,NLGI 3,active,2026-01-01 00:00:00,system,2026-01-01 00:00:00,system
1104,NR-GRS-0134,Westmark CalciGuard NLGI 3 1 KG,4,26,3,Tub,1 KG,1,NLGI 3,active,2026-01-01 00:00:00,system,2026-01-01 00:00:00,system
1105,NR-GRS-0135,Crestfield CalciForce NLGI 3 2 KG,5,26,3,Tub,2 KG,2,NLGI 3,active,2026-01-01 00:00:00,system,2026-01-01 00:00:00,system
1106,NR-GRS-0136,Stonebridge CalciLube NLGI 3 5 KG,6,26,3,Tub,5 KG,5,NLGI 3,active,2026-01-01 00:00:00,system,2026-01-01 00:00:00,system
1107,NR-GRS-0137,Ridgewell CalciCore NLGI 2 10 KG,7,26,3,Pail,10 KG,10,NLGI 2,active,2026-01-01 00:00:00,system,2026-01-01 00:00:00,system
1108,NR-GRS-0138,Millbrook CalciGuard NLGI 2 18 KG,8,26,3,Pail,18 KG,18,NLGI 2,active,2026-01-01 00:00:00,system,2026-01-01 00:00:00,system
1109,NR-GRS-0139,Highpoint CalciForce NLGI 2 50 KG,9,26,3,Drum,50 KG,50,NLGI 2,active,2026-01-01 00:00:00,system,2026-01-01 00:00:00,system
1110,NR-GRS-0140,Fieldmark CalciLube NLGI 2 180 KG,10,26,3,Drum,180 KG,180,NLGI 2,inactive,2026-01-01 00:00:00,system,2026-01-01 00:00:00,system
1111,NR-GRS-0141,Northmark CalciCore NLGI 3 400 G,1,26,3,Cartridge,400 G,0.4,NLGI 3,active,2026-01-01 00:00:00,system,2026-01-01 00:00:00,system
1112,NR-GRS-0142,Ironcrest CalciGuard NLGI 3 500 G,2,26,3,Tub,500 G,0.5,NLGI 3,active,2026-01-01 00:00:00,system,2026-01-01 00:00:00,system
1113,NR-GRS-0143,Redstone CalciForce NLGI 3 1 KG,3,26,3,Tub,1 KG,1,NLGI 3,inactive,2026-01-01 00:00:00,system,2026-01-01 00:00:00,system
1114,NR-GRS-0144,Westmark CalciLube NLGI 3 2 KG,4,26,3,Tub,2 KG,2,NLGI 3,active,2026-01-01 00:00:00,system,2026-01-01 00:00:00,system
1115,NR-GRS-0145,Crestfield CalciCore NLGI 2 5 KG,5,26,3,Tub,5 KG,5,NLGI 2,active,2026-01-01 00:00:00,system,2026-01-01 00:00:00,system
1116,NR-GRS-0146,Stonebridge SpecialGrease NLGI 1 400 G,6,27,3,Cartridge,400 G,0.4,NLGI 1,active,2026-01-01 00:00:00,system,2026-01-01 00:00:00,system
1117,NR-GRS-0147,Ridgewell LoadSpecial NLGI 1 500 G,7,27,3,Tub,500 G,0.5,NLGI 1,active,2026-01-01 00:00:00,system,2026-01-01 00:00:00,system
1118,NR-GRS-0148,Millbrook MotionGuard NLGI 1 1 KG,8,27,3,Tub,1 KG,1,NLGI 1,active,2026-01-01 00:00:00,system,2026-01-01 00:00:00,system
1119,NR-GRS-0149,Highpoint PurposeLube NLGI 1 2 KG,9,27,3,Tub,2 KG,2,NLGI 1,inactive,2026-01-01 00:00:00,system,2026-01-01 00:00:00,system
1120,NR-GRS-0150,Fieldmark SpecialGrease NLGI 2 5 KG,10,27,3,Tub,5 KG,5,NLGI 2,inactive,2026-01-01 00:00:00,system,2026-01-01 00:00:00,system
1121,NR-GRS-0151,Northmark LoadSpecial NLGI 2 10 KG,1,27,3,Pail,10 KG,10,NLGI 2,active,2026-01-01 00:00:00,system,2026-01-01 00:00:00,system
1122,NR-GRS-0152,Ironcrest MotionGuard NLGI 2 18 KG,2,27,3,Pail,18 KG,18,NLGI 2,active,2026-01-01 00:00:00,system,2026-01-01 00:00:00,system
1123,NR-GRS-0153,Redstone PurposeLube NLGI 2 50 KG,3,27,3,Drum,50 KG,50,NLGI 2,active,2026-01-01 00:00:00,system,2026-01-01 00:00:00,system
1124,NR-GRS-0154,Westmark SpecialGrease NLGI 3 180 KG,4,27,3,Drum,180 KG,180,NLGI 3,active,2026-01-01 00:00:00,system,2026-01-01 00:00:00,system
1125,NR-GRS-0155,Crestfield LoadSpecial NLGI 3 400 G,5,27,3,Cartridge,400 G,0.4,NLGI 3,active,2026-01-01 00:00:00,system,2026-01-01 00:00:00,system
1126,NR-GRS-0156,Stonebridge MotionGuard NLGI 3 500 G,6,27,3,Tub,500 G,0.5,NLGI 3,active,2026-01-01 00:00:00,system,2026-01-01 00:00:00,system
1127,NR-GRS-0157,Ridgewell PurposeLube NLGI 3 1 KG,7,27,3,Tub,1 KG,1,NLGI 3,active,2026-01-01 00:00:00,system,2026-01-01 00:00:00,system
1128,NR-GRS-0158,Millbrook SpecialGrease NLGI 1 2 KG,8,27,3,Tub,2 KG,2,NLGI 1,active,2026-01-01 00:00:00,system,2026-01-01 00:00:00,system
1129,NR-GRS-0159,Highpoint LoadSpecial NLGI 1 5 KG,9,27,3,Tub,5 KG,5,NLGI 1,active,2026-01-01 00:00:00,system,2026-01-01 00:00:00,system
1130,NR-GRS-0160,Fieldmark MotionGuard NLGI 1 10 KG,10,27,3,Pail,10 KG,10,NLGI 1,active,2026-01-01 00:00:00,system,2026-01-01 00:00:00,system
1131,NR-GRS-0161,Northmark PurposeLube NLGI 1 18 KG,1,27,3,Pail,18 KG,18,NLGI 1,active,2026-01-01 00:00:00,system,2026-01-01 00:00:00,system
1132,NR-GRS-0162,Ironcrest SpecialGrease NLGI 2 50 KG,2,27,3,Drum,50 KG,50,NLGI 2,active,2026-01-01 00:00:00,system,2026-01-01 00:00:00,system
1133,NR-GRS-0163,Redstone LoadSpecial NLGI 2 180 KG,3,27,3,Drum,180 KG,180,NLGI 2,active,2026-01-01 00:00:00,system,2026-01-01 00:00:00,system
1134,NR-GRS-0164,Westmark MotionGuard NLGI 2 400 G,4,27,3,Cartridge,400 G,0.4,NLGI 2,active,2026-01-01 00:00:00,system,2026-01-01 00:00:00,system
1135,NR-GRS-0165,Crestfield PurposeLube NLGI 2 500 G,5,27,3,Tub,500 G,0.5,NLGI 2,active,2026-01-01 00:00:00,system,2026-01-01 00:00:00,system
1136,NR-GRS-0166,Stonebridge SpecialGrease NLGI 3 1 KG,6,27,3,Tub,1 KG,1,NLGI 3,active,2026-01-01 00:00:00,system,2026-01-01 00:00:00,system
1137,NR-GRS-0167,Ridgewell LoadSpecial NLGI 3 2 KG,7,27,3,Tub,2 KG,2,NLGI 3,discontinued,2026-01-01 00:00:00,system,2026-01-01 00:00:00,system
1138,NR-GRS-0168,Millbrook MotionGuard NLGI 3 5 KG,8,27,3,Tub,5 KG,5,NLGI 3,active,2026-01-01 00:00:00,system,2026-01-01 00:00:00,system
1139,NR-GRS-0169,Highpoint PurposeLube NLGI 3 10 KG,9,27,3,Pail,10 KG,10,NLGI 3,active,2026-01-01 00:00:00,system,2026-01-01 00:00:00,system
1140,NR-GRS-0170,Fieldmark SpecialGrease NLGI 1 18 KG,10,27,3,Pail,18 KG,18,NLGI 1,active,2026-01-01 00:00:00,system,2026-01-01 00:00:00,system
1141,NR-CMF-0001,Northmark CoolGuard 1 L,1,28,1,Bottle,1 L,1,,discontinued,2026-01-01 00:00:00,system,2026-01-01 00:00:00,system
1142,NR-CMF-0002,Ironcrest EngineCool 3 L,2,28,1,Bottle,3 L,3,,active,2026-01-01 00:00:00,system,2026-01-01 00:00:00,system
1143,NR-CMF-0003,Redstone ThermoCool 5 L,3,28,1,Can,5 L,5,,active,2026-01-01 00:00:00,system,2026-01-01 00:00:00,system
1144,NR-CMF-0004,Westmark CoolFlow 10 L,4,28,1,Bucket,10 L,10,,active,2026-01-01 00:00:00,system,2026-01-01 00:00:00,system
1145,NR-CMF-0005,Crestfield RadiantCore 20 L,5,28,1,Bucket,20 L,20,,active,2026-01-01 00:00:00,system,2026-01-01 00:00:00,system
1146,NR-CMF-0006,Stonebridge CoolGuard 55 L,6,28,1,Drum,55 L,55,,active,2026-01-01 00:00:00,system,2026-01-01 00:00:00,system
1147,NR-CMF-0007,Ridgewell EngineCool 210 L,7,28,1,Barrel,210 L,210,,active,2026-01-01 00:00:00,system,2026-01-01 00:00:00,system
1148,NR-CMF-0008,Millbrook ThermoCool 1000 L,8,28,1,Bulk,1000 L,1000,,active,2026-01-01 00:00:00,system,2026-01-01 00:00:00,system
1149,NR-CMF-0009,Highpoint CoolFlow 1 L,9,28,1,Bottle,1 L,1,,active,2026-01-01 00:00:00,system,2026-01-01 00:00:00,system
1150,NR-CMF-0010,Fieldmark RadiantCore 3 L,10,28,1,Bottle,3 L,3,,active,2026-01-01 00:00:00,system,2026-01-01 00:00:00,system
1151,NR-CMF-0011,Northmark CoolGuard 5 L,1,28,1,Can,5 L,5,,active,2026-01-01 00:00:00,system,2026-01-01 00:00:00,system
1152,NR-CMF-0012,Ironcrest EngineCool 10 L,2,28,1,Bucket,10 L,10,,active,2026-01-01 00:00:00,system,2026-01-01 00:00:00,system
1153,NR-CMF-0013,Redstone ThermoCool 20 L,3,28,1,Bucket,20 L,20,,active,2026-01-01 00:00:00,system,2026-01-01 00:00:00,system
1154,NR-CMF-0014,Westmark CoolFlow 55 L,4,28,1,Drum,55 L,55,,active,2026-01-01 00:00:00,system,2026-01-01 00:00:00,system
1155,NR-CMF-0015,Crestfield RadiantCore 210 L,5,28,1,Barrel,210 L,210,,active,2026-01-01 00:00:00,system,2026-01-01 00:00:00,system
1156,NR-CMF-0016,Stonebridge CoolGuard 1000 L,6,28,1,Bulk,1000 L,1000,,active,2026-01-01 00:00:00,system,2026-01-01 00:00:00,system
1157,NR-CMF-0017,Ridgewell EngineCool 1 L,7,28,1,Bottle,1 L,1,,active,2026-01-01 00:00:00,system,2026-01-01 00:00:00,system
1158,NR-CMF-0018,Millbrook ThermoCool 3 L,8,28,1,Bottle,3 L,3,,active,2026-01-01 00:00:00,system,2026-01-01 00:00:00,system
1159,NR-CMF-0019,Highpoint CoolFlow 5 L,9,28,1,Can,5 L,5,,active,2026-01-01 00:00:00,system,2026-01-01 00:00:00,system
1160,NR-CMF-0020,Fieldmark RadiantCore 10 L,10,28,1,Bucket,10 L,10,,active,2026-01-01 00:00:00,system,2026-01-01 00:00:00,system
1161,NR-CMF-0021,Northmark CoolGuard 20 L,1,28,1,Bucket,20 L,20,,active,2026-01-01 00:00:00,system,2026-01-01 00:00:00,system
1162,NR-CMF-0022,Ironcrest EngineCool 55 L,2,28,1,Drum,55 L,55,,active,2026-01-01 00:00:00,system,2026-01-01 00:00:00,system
1163,NR-CMF-0023,Redstone ThermoCool 210 L,3,28,1,Barrel,210 L,210,,active,2026-01-01 00:00:00,system,2026-01-01 00:00:00,system
1164,NR-CMF-0024,Westmark CoolFlow 1000 L,4,28,1,Bulk,1000 L,1000,,active,2026-01-01 00:00:00,system,2026-01-01 00:00:00,system
1165,NR-CMF-0025,Crestfield RadiantCore 1 L,5,28,1,Bottle,1 L,1,,active,2026-01-01 00:00:00,system,2026-01-01 00:00:00,system
1166,NR-CMF-0026,Stonebridge CoolGuard 3 L,6,28,1,Bottle,3 L,3,,active,2026-01-01 00:00:00,system,2026-01-01 00:00:00,system
1167,NR-CMF-0027,Ridgewell EngineCool 5 L,7,28,1,Can,5 L,5,,active,2026-01-01 00:00:00,system,2026-01-01 00:00:00,system
1168,NR-CMF-0028,Millbrook ThermoCool 10 L,8,28,1,Bucket,10 L,10,,active,2026-01-01 00:00:00,system,2026-01-01 00:00:00,system
1169,NR-CMF-0029,Highpoint CoolFlow 20 L,9,28,1,Bucket,20 L,20,,active,2026-01-01 00:00:00,system,2026-01-01 00:00:00,system
1170,NR-CMF-0030,Fieldmark RadiantCore 55 L,10,28,1,Drum,55 L,55,,active,2026-01-01 00:00:00,system,2026-01-01 00:00:00,system
1171,NR-CMF-0031,Northmark LongLifeCool 5 L,1,29,1,Can,5 L,5,,active,2026-01-01 00:00:00,system,2026-01-01 00:00:00,system
1172,NR-CMF-0032,Ironcrest EnduraCool 10 L,2,29,1,Bucket,10 L,10,,active,2026-01-01 00:00:00,system,2026-01-01 00:00:00,system
1173,NR-CMF-0033,Redstone LifeGuardCool 20 L,3,29,1,Bucket,20 L,20,,active,2026-01-01 00:00:00,system,2026-01-01 00:00:00,system
1174,NR-CMF-0034,Westmark ExtendedCool 55 L,4,29,1,Drum,55 L,55,,discontinued,2026-01-01 00:00:00,system,2026-01-01 00:00:00,system
1175,NR-CMF-0035,Crestfield LongRunCool 210 L,5,29,1,Barrel,210 L,210,,active,2026-01-01 00:00:00,system,2026-01-01 00:00:00,system
1176,NR-CMF-0036,Stonebridge LongLifeCool 1000 L,6,29,1,Bulk,1000 L,1000,,inactive,2026-01-01 00:00:00,system,2026-01-01 00:00:00,system
1177,NR-CMF-0037,Ridgewell EnduraCool 1 L,7,29,1,Bottle,1 L,1,,active,2026-01-01 00:00:00,system,2026-01-01 00:00:00,system
1178,NR-CMF-0038,Millbrook LifeGuardCool 3 L,8,29,1,Bottle,3 L,3,,active,2026-01-01 00:00:00,system,2026-01-01 00:00:00,system
1179,NR-CMF-0039,Highpoint ExtendedCool 5 L,9,29,1,Can,5 L,5,,active,2026-01-01 00:00:00,system,2026-01-01 00:00:00,system
1180,NR-CMF-0040,Fieldmark LongRunCool 10 L,10,29,1,Bucket,10 L,10,,active,2026-01-01 00:00:00,system,2026-01-01 00:00:00,system
1181,NR-CMF-0041,Northmark LongLifeCool 20 L,1,29,1,Bucket,20 L,20,,active,2026-01-01 00:00:00,system,2026-01-01 00:00:00,system
1182,NR-CMF-0042,Ironcrest EnduraCool 55 L,2,29,1,Drum,55 L,55,,active,2026-01-01 00:00:00,system,2026-01-01 00:00:00,system
1183,NR-CMF-0043,Redstone LifeGuardCool 210 L,3,29,1,Barrel,210 L,210,,active,2026-01-01 00:00:00,system,2026-01-01 00:00:00,system
1184,NR-CMF-0044,Westmark ExtendedCool 1000 L,4,29,1,Bulk,1000 L,1000,,active,2026-01-01 00:00:00,system,2026-01-01 00:00:00,system
1185,NR-CMF-0045,Crestfield LongRunCool 1 L,5,29,1,Bottle,1 L,1,,active,2026-01-01 00:00:00,system,2026-01-01 00:00:00,system
1186,NR-CMF-0046,Stonebridge LongLifeCool 3 L,6,29,1,Bottle,3 L,3,,active,2026-01-01 00:00:00,system,2026-01-01 00:00:00,system
1187,NR-CMF-0047,Ridgewell EnduraCool 5 L,7,29,1,Can,5 L,5,,active,2026-01-01 00:00:00,system,2026-01-01 00:00:00,system
1188,NR-CMF-0048,Millbrook LifeGuardCool 10 L,8,29,1,Bucket,10 L,10,,active,2026-01-01 00:00:00,system,2026-01-01 00:00:00,system
1189,NR-CMF-0049,Highpoint ExtendedCool 20 L,9,29,1,Bucket,20 L,20,,active,2026-01-01 00:00:00,system,2026-01-01 00:00:00,system
1190,NR-CMF-0050,Fieldmark LongRunCool 55 L,10,29,1,Drum,55 L,55,,active,2026-01-01 00:00:00,system,2026-01-01 00:00:00,system
1191,NR-CMF-0051,Northmark LongLifeCool 210 L,1,29,1,Barrel,210 L,210,,active,2026-01-01 00:00:00,system,2026-01-01 00:00:00,system
1192,NR-CMF-0052,Ironcrest EnduraCool 1000 L,2,29,1,Bulk,1000 L,1000,,active,2026-01-01 00:00:00,system,2026-01-01 00:00:00,system
1193,NR-CMF-0053,Redstone LifeGuardCool 1 L,3,29,1,Bottle,1 L,1,,active,2026-01-01 00:00:00,system,2026-01-01 00:00:00,system
1194,NR-CMF-0054,Westmark ExtendedCool 3 L,4,29,1,Bottle,3 L,3,,inactive,2026-01-01 00:00:00,system,2026-01-01 00:00:00,system
1195,NR-CMF-0055,Crestfield LongRunCool 5 L,5,29,1,Can,5 L,5,,active,2026-01-01 00:00:00,system,2026-01-01 00:00:00,system
1196,NR-CMF-0056,Stonebridge LongLifeCool 10 L,6,29,1,Bucket,10 L,10,,active,2026-01-01 00:00:00,system,2026-01-01 00:00:00,system
1197,NR-CMF-0057,Ridgewell EnduraCool 20 L,7,29,1,Bucket,20 L,20,,active,2026-01-01 00:00:00,system,2026-01-01 00:00:00,system
1198,NR-CMF-0058,Millbrook LifeGuardCool 55 L,8,29,1,Drum,55 L,55,,active,2026-01-01 00:00:00,system,2026-01-01 00:00:00,system
1199,NR-CMF-0059,Highpoint ExtendedCool 210 L,9,29,1,Barrel,210 L,210,,active,2026-01-01 00:00:00,system,2026-01-01 00:00:00,system
1200,NR-CMF-0060,Fieldmark LongRunCool 1000 L,10,29,1,Bulk,1000 L,1000,,active,2026-01-01 00:00:00,system,2026-01-01 00:00:00,system
1201,NR-CMF-0061,Northmark ReadyCool 20 L,1,30,1,Bucket,20 L,20,,active,2026-01-01 00:00:00,system,2026-01-01 00:00:00,system
1202,NR-CMF-0062,Ironcrest PremixGuard 55 L,2,30,1,Drum,55 L,55,,inactive,2026-01-01 00:00:00,system,2026-01-01 00:00:00,system
1203,NR-CMF-0063,Redstone ReadyFlow 210 L,3,30,1,Barrel,210 L,210,,active,2026-01-01 00:00:00,system,2026-01-01 00:00:00,system
1204,NR-CMF-0064,Westmark InstantCool 1000 L,4,30,1,Bulk,1000 L,1000,,active,2026-01-01 00:00:00,system,2026-01-01 00:00:00,system
1205,NR-CMF-0065,Crestfield UseReadyCool 1 L,5,30,1,Bottle,1 L,1,,active,2026-01-01 00:00:00,system,2026-01-01 00:00:00,system
1206,NR-CMF-0066,Stonebridge ReadyCool 3 L,6,30,1,Bottle,3 L,3,,active,2026-01-01 00:00:00,system,2026-01-01 00:00:00,system
1207,NR-CMF-0067,Ridgewell PremixGuard 5 L,7,30,1,Can,5 L,5,,active,2026-01-01 00:00:00,system,2026-01-01 00:00:00,system
1208,NR-CMF-0068,Millbrook ReadyFlow 10 L,8,30,1,Bucket,10 L,10,,active,2026-01-01 00:00:00,system,2026-01-01 00:00:00,system
1209,NR-CMF-0069,Highpoint InstantCool 20 L,9,30,1,Bucket,20 L,20,,active,2026-01-01 00:00:00,system,2026-01-01 00:00:00,system
1210,NR-CMF-0070,Fieldmark UseReadyCool 55 L,10,30,1,Drum,55 L,55,,active,2026-01-01 00:00:00,system,2026-01-01 00:00:00,system
1211,NR-CMF-0071,Northmark ReadyCool 210 L,1,30,1,Barrel,210 L,210,,active,2026-01-01 00:00:00,system,2026-01-01 00:00:00,system
1212,NR-CMF-0072,Ironcrest PremixGuard 1000 L,2,30,1,Bulk,1000 L,1000,,active,2026-01-01 00:00:00,system,2026-01-01 00:00:00,system
1213,NR-CMF-0073,Redstone ReadyFlow 1 L,3,30,1,Bottle,1 L,1,,active,2026-01-01 00:00:00,system,2026-01-01 00:00:00,system
1214,NR-CMF-0074,Westmark InstantCool 3 L,4,30,1,Bottle,3 L,3,,active,2026-01-01 00:00:00,system,2026-01-01 00:00:00,system
1215,NR-CMF-0075,Crestfield UseReadyCool 5 L,5,30,1,Can,5 L,5,,active,2026-01-01 00:00:00,system,2026-01-01 00:00:00,system
1216,NR-CMF-0076,Stonebridge ReadyCool 10 L,6,30,1,Bucket,10 L,10,,active,2026-01-01 00:00:00,system,2026-01-01 00:00:00,system
1217,NR-CMF-0077,Ridgewell PremixGuard 20 L,7,30,1,Bucket,20 L,20,,discontinued,2026-01-01 00:00:00,system,2026-01-01 00:00:00,system
1218,NR-CMF-0078,Millbrook ReadyFlow 55 L,8,30,1,Drum,55 L,55,,active,2026-01-01 00:00:00,system,2026-01-01 00:00:00,system
1219,NR-CMF-0079,Highpoint InstantCool 210 L,9,30,1,Barrel,210 L,210,,active,2026-01-01 00:00:00,system,2026-01-01 00:00:00,system
1220,NR-CMF-0080,Fieldmark UseReadyCool 1000 L,10,30,1,Bulk,1000 L,1000,,discontinued,2026-01-01 00:00:00,system,2026-01-01 00:00:00,system
1221,NR-CMF-0081,Northmark ReadyCool 1 L,1,30,1,Bottle,1 L,1,,active,2026-01-01 00:00:00,system,2026-01-01 00:00:00,system
1222,NR-CMF-0082,Ironcrest PremixGuard 3 L,2,30,1,Bottle,3 L,3,,active,2026-01-01 00:00:00,system,2026-01-01 00:00:00,system
1223,NR-CMF-0083,Redstone ReadyFlow 5 L,3,30,1,Can,5 L,5,,inactive,2026-01-01 00:00:00,system,2026-01-01 00:00:00,system
1224,NR-CMF-0084,Westmark InstantCool 10 L,4,30,1,Bucket,10 L,10,,active,2026-01-01 00:00:00,system,2026-01-01 00:00:00,system
1225,NR-CMF-0085,Crestfield UseReadyCool 20 L,5,30,1,Bucket,20 L,20,,discontinued,2026-01-01 00:00:00,system,2026-01-01 00:00:00,system
1226,NR-CMF-0086,Stonebridge FreezeGuard 210 L,6,31,1,Barrel,210 L,210,,inactive,2026-01-01 00:00:00,system,2026-01-01 00:00:00,system
1227,NR-CMF-0087,Ridgewell AntifreezeCore 1000 L,7,31,1,Bulk,1000 L,1000,,active,2026-01-01 00:00:00,system,2026-01-01 00:00:00,system
1228,NR-CMF-0088,Millbrook ColdShield 1 L,8,31,1,Bottle,1 L,1,,active,2026-01-01 00:00:00,system,2026-01-01 00:00:00,system
1229,NR-CMF-0089,Highpoint FrostProtect 3 L,9,31,1,Bottle,3 L,3,,active,2026-01-01 00:00:00,system,2026-01-01 00:00:00,system
1230,NR-CMF-0090,Fieldmark WinterGuard 5 L,10,31,1,Can,5 L,5,,active,2026-01-01 00:00:00,system,2026-01-01 00:00:00,system
1231,NR-CMF-0091,Northmark FreezeGuard 10 L,1,31,1,Bucket,10 L,10,,active,2026-01-01 00:00:00,system,2026-01-01 00:00:00,system
1232,NR-CMF-0092,Ironcrest AntifreezeCore 20 L,2,31,1,Bucket,20 L,20,,active,2026-01-01 00:00:00,system,2026-01-01 00:00:00,system
1233,NR-CMF-0093,Redstone ColdShield 55 L,3,31,1,Drum,55 L,55,,active,2026-01-01 00:00:00,system,2026-01-01 00:00:00,system
1234,NR-CMF-0094,Westmark FrostProtect 210 L,4,31,1,Barrel,210 L,210,,active,2026-01-01 00:00:00,system,2026-01-01 00:00:00,system
1235,NR-CMF-0095,Crestfield WinterGuard 1000 L,5,31,1,Bulk,1000 L,1000,,active,2026-01-01 00:00:00,system,2026-01-01 00:00:00,system
1236,NR-CMF-0096,Stonebridge FreezeGuard 1 L,6,31,1,Bottle,1 L,1,,inactive,2026-01-01 00:00:00,system,2026-01-01 00:00:00,system
1237,NR-CMF-0097,Ridgewell AntifreezeCore 3 L,7,31,1,Bottle,3 L,3,,active,2026-01-01 00:00:00,system,2026-01-01 00:00:00,system
1238,NR-CMF-0098,Millbrook ColdShield 5 L,8,31,1,Can,5 L,5,,active,2026-01-01 00:00:00,system,2026-01-01 00:00:00,system
1239,NR-CMF-0099,Highpoint FrostProtect 10 L,9,31,1,Bucket,10 L,10,,active,2026-01-01 00:00:00,system,2026-01-01 00:00:00,system
1240,NR-CMF-0100,Fieldmark WinterGuard 20 L,10,31,1,Bucket,20 L,20,,active,2026-01-01 00:00:00,system,2026-01-01 00:00:00,system
1241,NR-CMF-0101,Northmark FreezeGuard 55 L,1,31,1,Drum,55 L,55,,active,2026-01-01 00:00:00,system,2026-01-01 00:00:00,system
1242,NR-CMF-0102,Ironcrest AntifreezeCore 210 L,2,31,1,Barrel,210 L,210,,discontinued,2026-01-01 00:00:00,system,2026-01-01 00:00:00,system
1243,NR-CMF-0103,Redstone ColdShield 1000 L,3,31,1,Bulk,1000 L,1000,,active,2026-01-01 00:00:00,system,2026-01-01 00:00:00,system
1244,NR-CMF-0104,Westmark FrostProtect 1 L,4,31,1,Bottle,1 L,1,,active,2026-01-01 00:00:00,system,2026-01-01 00:00:00,system
1245,NR-CMF-0105,Crestfield WinterGuard 3 L,5,31,1,Bottle,3 L,3,,active,2026-01-01 00:00:00,system,2026-01-01 00:00:00,system
1246,NR-CMF-0106,Stonebridge FreezeGuard 5 L,6,31,1,Can,5 L,5,,inactive,2026-01-01 00:00:00,system,2026-01-01 00:00:00,system
1247,NR-CMF-0107,Ridgewell AntifreezeCore 10 L,7,31,1,Bucket,10 L,10,,active,2026-01-01 00:00:00,system,2026-01-01 00:00:00,system
1248,NR-CMF-0108,Millbrook ColdShield 20 L,8,31,1,Bucket,20 L,20,,active,2026-01-01 00:00:00,system,2026-01-01 00:00:00,system
1249,NR-CMF-0109,Highpoint FrostProtect 55 L,9,31,1,Drum,55 L,55,,active,2026-01-01 00:00:00,system,2026-01-01 00:00:00,system
1250,NR-CMF-0110,Fieldmark WinterGuard 210 L,10,31,1,Barrel,210 L,210,,active,2026-01-01 00:00:00,system,2026-01-01 00:00:00,system
1251,NR-CMF-0111,Northmark RadiatorGuard 1 L,1,32,1,Bottle,1 L,1,,inactive,2026-01-01 00:00:00,system,2026-01-01 00:00:00,system
1252,NR-CMF-0112,Ironcrest RadFlow 3 L,2,32,1,Bottle,3 L,3,,active,2026-01-01 00:00:00,system,2026-01-01 00:00:00,system
1253,NR-CMF-0113,Redstone CoolingCore 5 L,3,32,1,Can,5 L,5,,active,2026-01-01 00:00:00,system,2026-01-01 00:00:00,system
1254,NR-CMF-0114,Westmark RadShield 10 L,4,32,1,Bucket,10 L,10,,active,2026-01-01 00:00:00,system,2026-01-01 00:00:00,system
1255,NR-CMF-0115,Crestfield ThermoGuard 20 L,5,32,1,Bucket,20 L,20,,active,2026-01-01 00:00:00,system,2026-01-01 00:00:00,system
1256,NR-CMF-0116,Stonebridge RadiatorGuard 55 L,6,32,1,Drum,55 L,55,,active,2026-01-01 00:00:00,system,2026-01-01 00:00:00,system
1257,NR-CMF-0117,Ridgewell RadFlow 210 L,7,32,1,Barrel,210 L,210,,active,2026-01-01 00:00:00,system,2026-01-01 00:00:00,system
1258,NR-CMF-0118,Millbrook CoolingCore 1000 L,8,32,1,Bulk,1000 L,1000,,active,2026-01-01 00:00:00,system,2026-01-01 00:00:00,system
1259,NR-CMF-0119,Highpoint RadShield 1 L,9,32,1,Bottle,1 L,1,,active,2026-01-01 00:00:00,system,2026-01-01 00:00:00,system
1260,NR-CMF-0120,Fieldmark ThermoGuard 3 L,10,32,1,Bottle,3 L,3,,active,2026-01-01 00:00:00,system,2026-01-01 00:00:00,system
1261,NR-CMF-0121,Northmark RadiatorGuard 5 L,1,32,1,Can,5 L,5,,active,2026-01-01 00:00:00,system,2026-01-01 00:00:00,system
1262,NR-CMF-0122,Ironcrest RadFlow 10 L,2,32,1,Bucket,10 L,10,,active,2026-01-01 00:00:00,system,2026-01-01 00:00:00,system
1263,NR-CMF-0123,Redstone CoolingCore 20 L,3,32,1,Bucket,20 L,20,,active,2026-01-01 00:00:00,system,2026-01-01 00:00:00,system
1264,NR-CMF-0124,Westmark RadShield 55 L,4,32,1,Drum,55 L,55,,active,2026-01-01 00:00:00,system,2026-01-01 00:00:00,system
1265,NR-CMF-0125,Crestfield ThermoGuard 210 L,5,32,1,Barrel,210 L,210,,active,2026-01-01 00:00:00,system,2026-01-01 00:00:00,system
1266,NR-CMF-0126,Stonebridge RadiatorGuard 1000 L,6,32,1,Bulk,1000 L,1000,,active,2026-01-01 00:00:00,system,2026-01-01 00:00:00,system
1267,NR-CMF-0127,Ridgewell RadFlow 1 L,7,32,1,Bottle,1 L,1,,active,2026-01-01 00:00:00,system,2026-01-01 00:00:00,system
1268,NR-CMF-0128,Millbrook CoolingCore 3 L,8,32,1,Bottle,3 L,3,,active,2026-01-01 00:00:00,system,2026-01-01 00:00:00,system
1269,NR-CMF-0129,Highpoint RadShield 5 L,9,32,1,Can,5 L,5,,active,2026-01-01 00:00:00,system,2026-01-01 00:00:00,system
1270,NR-CMF-0130,Fieldmark ThermoGuard 10 L,10,32,1,Bucket,10 L,10,,active,2026-01-01 00:00:00,system,2026-01-01 00:00:00,system
1271,NR-SPF-0001,Northmark CutFlow 20 L,1,33,1,Bucket,20 L,20,,active,2026-01-01 00:00:00,system,2026-01-01 00:00:00,system
1272,NR-SPF-0002,Ironcrest MetalCut 55 L,2,33,1,Drum,55 L,55,,active,2026-01-01 00:00:00,system,2026-01-01 00:00:00,system
1273,NR-SPF-0003,Redstone MachCut 180 L,3,33,1,Drum,180 L,180,,active,2026-01-01 00:00:00,system,2026-01-01 00:00:00,system
1274,NR-SPF-0004,Westmark ToolCool 210 L,4,33,1,Barrel,210 L,210,,active,2026-01-01 00:00:00,system,2026-01-01 00:00:00,system
1275,NR-SPF-0005,Crestfield CutGuard 1000 L,5,33,1,Bulk,1000 L,1000,,active,2026-01-01 00:00:00,system,2026-01-01 00:00:00,system
1276,NR-SPF-0006,Stonebridge CutFlow 2000 L,6,33,1,Bulk,2000 L,2000,,active,2026-01-01 00:00:00,system,2026-01-01 00:00:00,system
1277,NR-SPF-0007,Ridgewell MetalCut 1 L,7,33,1,Bottle,1 L,1,,active,2026-01-01 00:00:00,system,2026-01-01 00:00:00,system
1278,NR-SPF-0008,Millbrook MachCut 5 L,8,33,1,Can,5 L,5,,active,2026-01-01 00:00:00,system,2026-01-01 00:00:00,system
1279,NR-SPF-0009,Highpoint ToolCool 20 L,9,33,1,Bucket,20 L,20,,active,2026-01-01 00:00:00,system,2026-01-01 00:00:00,system
1280,NR-SPF-0010,Fieldmark CutGuard 55 L,10,33,1,Drum,55 L,55,,active,2026-01-01 00:00:00,system,2026-01-01 00:00:00,system
1281,NR-SPF-0011,Northmark CutFlow 180 L,1,33,1,Drum,180 L,180,,active,2026-01-01 00:00:00,system,2026-01-01 00:00:00,system
1282,NR-SPF-0012,Ironcrest MetalCut 210 L,2,33,1,Barrel,210 L,210,,active,2026-01-01 00:00:00,system,2026-01-01 00:00:00,system
1283,NR-SPF-0013,Redstone MachCut 1000 L,3,33,1,Bulk,1000 L,1000,,active,2026-01-01 00:00:00,system,2026-01-01 00:00:00,system
1284,NR-SPF-0014,Westmark ToolCool 2000 L,4,33,1,Bulk,2000 L,2000,,active,2026-01-01 00:00:00,system,2026-01-01 00:00:00,system
1285,NR-SPF-0015,Crestfield CutGuard 1 L,5,33,1,Bottle,1 L,1,,active,2026-01-01 00:00:00,system,2026-01-01 00:00:00,system
1286,NR-SPF-0016,Stonebridge CutFlow 5 L,6,33,1,Can,5 L,5,,active,2026-01-01 00:00:00,system,2026-01-01 00:00:00,system
1287,NR-SPF-0017,Ridgewell MetalCut 20 L,7,33,1,Bucket,20 L,20,,active,2026-01-01 00:00:00,system,2026-01-01 00:00:00,system
1288,NR-SPF-0018,Millbrook MachCut 55 L,8,33,1,Drum,55 L,55,,active,2026-01-01 00:00:00,system,2026-01-01 00:00:00,system
1289,NR-SPF-0019,Highpoint ToolCool 180 L,9,33,1,Drum,180 L,180,,active,2026-01-01 00:00:00,system,2026-01-01 00:00:00,system
1290,NR-SPF-0020,Fieldmark CutGuard 210 L,10,33,1,Barrel,210 L,210,,active,2026-01-01 00:00:00,system,2026-01-01 00:00:00,system
1291,NR-SPF-0021,Northmark CutFlow 1000 L,1,33,1,Bulk,1000 L,1000,,active,2026-01-01 00:00:00,system,2026-01-01 00:00:00,system
1292,NR-SPF-0022,Ironcrest MetalCut 2000 L,2,33,1,Bulk,2000 L,2000,,active,2026-01-01 00:00:00,system,2026-01-01 00:00:00,system
1293,NR-SPF-0023,Redstone MachCut 1 L,3,33,1,Bottle,1 L,1,,active,2026-01-01 00:00:00,system,2026-01-01 00:00:00,system
1294,NR-SPF-0024,Westmark ToolCool 5 L,4,33,1,Can,5 L,5,,inactive,2026-01-01 00:00:00,system,2026-01-01 00:00:00,system
1295,NR-SPF-0025,Crestfield CutGuard 20 L,5,33,1,Bucket,20 L,20,,active,2026-01-01 00:00:00,system,2026-01-01 00:00:00,system
1296,NR-SPF-0026,Stonebridge MetalCore 180 L,6,34,1,Drum,180 L,180,,active,2026-01-01 00:00:00,system,2026-01-01 00:00:00,system
1297,NR-SPF-0027,Ridgewell ProcessFlow 210 L,7,34,1,Barrel,210 L,210,,active,2026-01-01 00:00:00,system,2026-01-01 00:00:00,system
1298,NR-SPF-0028,Millbrook WorkshopCool 1000 L,8,34,1,Bulk,1000 L,1000,,active,2026-01-01 00:00:00,system,2026-01-01 00:00:00,system
1299,NR-SPF-0029,Highpoint MetalGuard 2000 L,9,34,1,Bulk,2000 L,2000,,active,2026-01-01 00:00:00,system,2026-01-01 00:00:00,system
1300,NR-SPF-0030,Fieldmark ProcessLube 1 L,10,34,1,Bottle,1 L,1,,active,2026-01-01 00:00:00,system,2026-01-01 00:00:00,system
1301,NR-SPF-0031,Northmark MetalCore 5 L,1,34,1,Can,5 L,5,,active,2026-01-01 00:00:00,system,2026-01-01 00:00:00,system
1302,NR-SPF-0032,Ironcrest ProcessFlow 20 L,2,34,1,Bucket,20 L,20,,active,2026-01-01 00:00:00,system,2026-01-01 00:00:00,system
1303,NR-SPF-0033,Redstone WorkshopCool 55 L,3,34,1,Drum,55 L,55,,active,2026-01-01 00:00:00,system,2026-01-01 00:00:00,system
1304,NR-SPF-0034,Westmark MetalGuard 180 L,4,34,1,Drum,180 L,180,,active,2026-01-01 00:00:00,system,2026-01-01 00:00:00,system
1305,NR-SPF-0035,Crestfield ProcessLube 210 L,5,34,1,Barrel,210 L,210,,active,2026-01-01 00:00:00,system,2026-01-01 00:00:00,system
1306,NR-SPF-0036,Stonebridge MetalCore 1000 L,6,34,1,Bulk,1000 L,1000,,active,2026-01-01 00:00:00,system,2026-01-01 00:00:00,system
1307,NR-SPF-0037,Ridgewell ProcessFlow 2000 L,7,34,1,Bulk,2000 L,2000,,active,2026-01-01 00:00:00,system,2026-01-01 00:00:00,system
1308,NR-SPF-0038,Millbrook WorkshopCool 1 L,8,34,1,Bottle,1 L,1,,active,2026-01-01 00:00:00,system,2026-01-01 00:00:00,system
1309,NR-SPF-0039,Highpoint MetalGuard 5 L,9,34,1,Can,5 L,5,,active,2026-01-01 00:00:00,system,2026-01-01 00:00:00,system
1310,NR-SPF-0040,Fieldmark ProcessLube 20 L,10,34,1,Bucket,20 L,20,,active,2026-01-01 00:00:00,system,2026-01-01 00:00:00,system
1311,NR-SPF-0041,Northmark MetalCore 55 L,1,34,1,Drum,55 L,55,,active,2026-01-01 00:00:00,system,2026-01-01 00:00:00,system
1312,NR-SPF-0042,Ironcrest ProcessFlow 180 L,2,34,1,Drum,180 L,180,,active,2026-01-01 00:00:00,system,2026-01-01 00:00:00,system
1313,NR-SPF-0043,Redstone WorkshopCool 210 L,3,34,1,Barrel,210 L,210,,active,2026-01-01 00:00:00,system,2026-01-01 00:00:00,system
1314,NR-SPF-0044,Westmark MetalGuard 1000 L,4,34,1,Bulk,1000 L,1000,,active,2026-01-01 00:00:00,system,2026-01-01 00:00:00,system
1315,NR-SPF-0045,Crestfield ProcessLube 2000 L,5,34,1,Bulk,2000 L,2000,,discontinued,2026-01-01 00:00:00,system,2026-01-01 00:00:00,system
1316,NR-SPF-0046,Stonebridge HeatFlow 1000 L,6,35,1,Bulk,1000 L,1000,,active,2026-01-01 00:00:00,system,2026-01-01 00:00:00,system
1317,NR-SPF-0047,Ridgewell ThermoProcess 2000 L,7,35,1,Bulk,2000 L,2000,,active,2026-01-01 00:00:00,system,2026-01-01 00:00:00,system
1318,NR-SPF-0048,Millbrook HeatCore 1 L,8,35,1,Bottle,1 L,1,,inactive,2026-01-01 00:00:00,system,2026-01-01 00:00:00,system
1319,NR-SPF-0049,Highpoint ThermalGuard 5 L,9,35,1,Can,5 L,5,,inactive,2026-01-01 00:00:00,system,2026-01-01 00:00:00,system
1320,NR-SPF-0050,Fieldmark ProcessTherm 20 L,10,35,1,Bucket,20 L,20,,active,2026-01-01 00:00:00,system,2026-01-01 00:00:00,system
1321,NR-SPF-0051,Northmark HeatFlow 55 L,1,35,1,Drum,55 L,55,,active,2026-01-01 00:00:00,system,2026-01-01 00:00:00,system
1322,NR-SPF-0052,Ironcrest ThermoProcess 180 L,2,35,1,Drum,180 L,180,,active,2026-01-01 00:00:00,system,2026-01-01 00:00:00,system
1323,NR-SPF-0053,Redstone HeatCore 210 L,3,35,1,Barrel,210 L,210,,active,2026-01-01 00:00:00,system,2026-01-01 00:00:00,system
1324,NR-SPF-0054,Westmark ThermalGuard 1000 L,4,35,1,Bulk,1000 L,1000,,active,2026-01-01 00:00:00,system,2026-01-01 00:00:00,system
1325,NR-SPF-0055,Crestfield ProcessTherm 2000 L,5,35,1,Bulk,2000 L,2000,,active,2026-01-01 00:00:00,system,2026-01-01 00:00:00,system
1326,NR-SPF-0056,Stonebridge HeatFlow 1 L,6,35,1,Bottle,1 L,1,,active,2026-01-01 00:00:00,system,2026-01-01 00:00:00,system
1327,NR-SPF-0057,Ridgewell ThermoProcess 5 L,7,35,1,Can,5 L,5,,active,2026-01-01 00:00:00,system,2026-01-01 00:00:00,system
1328,NR-SPF-0058,Millbrook HeatCore 20 L,8,35,1,Bucket,20 L,20,,active,2026-01-01 00:00:00,system,2026-01-01 00:00:00,system
1329,NR-SPF-0059,Highpoint ThermalGuard 55 L,9,35,1,Drum,55 L,55,,active,2026-01-01 00:00:00,system,2026-01-01 00:00:00,system
1330,NR-SPF-0060,Fieldmark ProcessTherm 180 L,10,35,1,Drum,180 L,180,,active,2026-01-01 00:00:00,system,2026-01-01 00:00:00,system
1331,NR-SPF-0061,Northmark HeatFlow 210 L,1,35,1,Barrel,210 L,210,,active,2026-01-01 00:00:00,system,2026-01-01 00:00:00,system
1332,NR-SPF-0062,Ironcrest ThermoProcess 1000 L,2,35,1,Bulk,1000 L,1000,,active,2026-01-01 00:00:00,system,2026-01-01 00:00:00,system
1333,NR-SPF-0063,Redstone HeatCore 2000 L,3,35,1,Bulk,2000 L,2000,,active,2026-01-01 00:00:00,system,2026-01-01 00:00:00,system
1334,NR-SPF-0064,Westmark ThermalGuard 1 L,4,35,1,Bottle,1 L,1,,active,2026-01-01 00:00:00,system,2026-01-01 00:00:00,system
1335,NR-SPF-0065,Crestfield ProcessTherm 5 L,5,35,1,Can,5 L,5,,active,2026-01-01 00:00:00,system,2026-01-01 00:00:00,system
1336,NR-SPF-0066,Stonebridge RustGuard 1 L,6,36,1,Bottle,1 L,1,,active,2026-01-01 00:00:00,system,2026-01-01 00:00:00,system
1337,NR-SPF-0067,Ridgewell CorroShield 5 L,7,36,1,Can,5 L,5,,active,2026-01-01 00:00:00,system,2026-01-01 00:00:00,system
1338,NR-SPF-0068,Millbrook MetalProtect 20 L,8,36,1,Bucket,20 L,20,,active,2026-01-01 00:00:00,system,2026-01-01 00:00:00,system
1339,NR-SPF-0069,Highpoint RustBlock 55 L,9,36,1,Drum,55 L,55,,active,2026-01-01 00:00:00,system,2026-01-01 00:00:00,system
1340,NR-SPF-0070,Fieldmark SurfaceGuard 180 L,10,36,1,Drum,180 L,180,,active,2026-01-01 00:00:00,system,2026-01-01 00:00:00,system
1341,NR-SPF-0071,Northmark RustGuard 210 L,1,36,1,Barrel,210 L,210,,active,2026-01-01 00:00:00,system,2026-01-01 00:00:00,system
1342,NR-SPF-0072,Ironcrest CorroShield 1000 L,2,36,1,Bulk,1000 L,1000,,active,2026-01-01 00:00:00,system,2026-01-01 00:00:00,system
1343,NR-SPF-0073,Redstone MetalProtect 2000 L,3,36,1,Bulk,2000 L,2000,,active,2026-01-01 00:00:00,system,2026-01-01 00:00:00,system
1344,NR-SPF-0074,Westmark RustBlock 1 L,4,36,1,Bottle,1 L,1,,active,2026-01-01 00:00:00,system,2026-01-01 00:00:00,system
1345,NR-SPF-0075,Crestfield SurfaceGuard 5 L,5,36,1,Can,5 L,5,,active,2026-01-01 00:00:00,system,2026-01-01 00:00:00,system
1346,NR-SPF-0076,Stonebridge RustGuard 20 L,6,36,1,Bucket,20 L,20,,active,2026-01-01 00:00:00,system,2026-01-01 00:00:00,system
1347,NR-SPF-0077,Ridgewell CorroShield 55 L,7,36,1,Drum,55 L,55,,active,2026-01-01 00:00:00,system,2026-01-01 00:00:00,system
1348,NR-SPF-0078,Millbrook MetalProtect 180 L,8,36,1,Drum,180 L,180,,inactive,2026-01-01 00:00:00,system,2026-01-01 00:00:00,system
1349,NR-SPF-0079,Highpoint RustBlock 210 L,9,36,1,Barrel,210 L,210,,active,2026-01-01 00:00:00,system,2026-01-01 00:00:00,system
1350,NR-SPF-0080,Fieldmark SurfaceGuard 1000 L,10,36,1,Bulk,1000 L,1000,,active,2026-01-01 00:00:00,system,2026-01-01 00:00:00,system
1351,NR-SPF-0081,Northmark RustGuard 2000 L,1,36,1,Bulk,2000 L,2000,,active,2026-01-01 00:00:00,system,2026-01-01 00:00:00,system
1352,NR-SPF-0082,Ironcrest CorroShield 1 L,2,36,1,Bottle,1 L,1,,inactive,2026-01-01 00:00:00,system,2026-01-01 00:00:00,system
1353,NR-SPF-0083,Redstone MetalProtect 5 L,3,36,1,Can,5 L,5,,active,2026-01-01 00:00:00,system,2026-01-01 00:00:00,system
1354,NR-SPF-0084,Westmark RustBlock 20 L,4,36,1,Bucket,20 L,20,,active,2026-01-01 00:00:00,system,2026-01-01 00:00:00,system
1355,NR-SPF-0085,Crestfield SurfaceGuard 55 L,5,36,1,Drum,55 L,55,,active,2026-01-01 00:00:00,system,2026-01-01 00:00:00,system
1356,NR-SPF-0086,Stonebridge InsulCore 20 L,6,37,1,Bucket,20 L,20,,active,2026-01-01 00:00:00,system,2026-01-01 00:00:00,system
1357,NR-SPF-0087,Ridgewell VoltGuard 55 L,7,37,1,Drum,55 L,55,,active,2026-01-01 00:00:00,system,2026-01-01 00:00:00,system
1358,NR-SPF-0088,Millbrook DielectricPro 180 L,8,37,1,Drum,180 L,180,,active,2026-01-01 00:00:00,system,2026-01-01 00:00:00,system
1359,NR-SPF-0089,Highpoint TransformShield 210 L,9,37,1,Barrel,210 L,210,,active,2026-01-01 00:00:00,system,2026-01-01 00:00:00,system
1360,NR-SPF-0090,Fieldmark InsulFlow 1000 L,10,37,1,Bulk,1000 L,1000,,active,2026-01-01 00:00:00,system,2026-01-01 00:00:00,system
1361,NR-SPF-0091,Northmark InsulCore 2000 L,1,37,1,Bulk,2000 L,2000,,active,2026-01-01 00:00:00,system,2026-01-01 00:00:00,system
1362,NR-SPF-0092,Ironcrest VoltGuard 1 L,2,37,1,Bottle,1 L,1,,active,2026-01-01 00:00:00,system,2026-01-01 00:00:00,system
1363,NR-SPF-0093,Redstone DielectricPro 5 L,3,37,1,Can,5 L,5,,active,2026-01-01 00:00:00,system,2026-01-01 00:00:00,system
1364,NR-SPF-0094,Westmark TransformShield 20 L,4,37,1,Bucket,20 L,20,,active,2026-01-01 00:00:00,system,2026-01-01 00:00:00,system
1365,NR-SPF-0095,Crestfield InsulFlow 55 L,5,37,1,Drum,55 L,55,,active,2026-01-01 00:00:00,system,2026-01-01 00:00:00,system
1366,NR-SPF-0096,Stonebridge InsulCore 180 L,6,37,1,Drum,180 L,180,,active,2026-01-01 00:00:00,system,2026-01-01 00:00:00,system
1367,NR-SPF-0097,Ridgewell VoltGuard 210 L,7,37,1,Barrel,210 L,210,,active,2026-01-01 00:00:00,system,2026-01-01 00:00:00,system
1368,NR-SPF-0098,Millbrook DielectricPro 1000 L,8,37,1,Bulk,1000 L,1000,,active,2026-01-01 00:00:00,system,2026-01-01 00:00:00,system
1369,NR-SPF-0099,Highpoint TransformShield 2000 L,9,37,1,Bulk,2000 L,2000,,active,2026-01-01 00:00:00,system,2026-01-01 00:00:00,system
1370,NR-SPF-0100,Fieldmark InsulFlow 1 L,10,37,1,Bottle,1 L,1,,active,2026-01-01 00:00:00,system,2026-01-01 00:00:00,system
1371,NR-AOL-0001,Northmark TractorDrive 10W-30 30 L,1,38,1,Bucket,30 L,30,10W-30,inactive,2026-01-01 00:00:00,system,2026-01-01 00:00:00,system
1372,NR-AOL-0002,Ironcrest FieldEngine 10W-30 50 L,2,38,1,Drum,50 L,50,10W-30,active,2026-01-01 00:00:00,system,2026-01-01 00:00:00,system
1373,NR-AOL-0003,Redstone AgriEngine 10W-30 55 L,3,38,1,Drum,55 L,55,10W-30,active,2026-01-01 00:00:00,system,2026-01-01 00:00:00,system
1374,NR-AOL-0004,Westmark FarmPowerOil 10W-30 180 L,4,38,1,Drum,180 L,180,10W-30,active,2026-01-01 00:00:00,system,2026-01-01 00:00:00,system
1375,NR-AOL-0005,Crestfield TractorDrive 15W-40 210 L,5,38,1,Barrel,210 L,210,15W-40,active,2026-01-01 00:00:00,system,2026-01-01 00:00:00,system
1376,NR-AOL-0006,Stonebridge FieldEngine 15W-40 500 L,6,38,1,Bulk,500 L,500,15W-40,active,2026-01-01 00:00:00,system,2026-01-01 00:00:00,system
1377,NR-AOL-0007,Ridgewell AgriEngine 15W-40 1000 L,7,38,1,Bulk,1000 L,1000,15W-40,active,2026-01-01 00:00:00,system,2026-01-01 00:00:00,system
1378,NR-AOL-0008,Millbrook FarmPowerOil 15W-40 2000 L,8,38,1,Bulk,2000 L,2000,15W-40,active,2026-01-01 00:00:00,system,2026-01-01 00:00:00,system
1379,NR-AOL-0009,Highpoint TractorDrive 20W-50 3 L,9,38,1,Can,3 L,3,20W-50,inactive,2026-01-01 00:00:00,system,2026-01-01 00:00:00,system
1380,NR-AOL-0010,Fieldmark FieldEngine 20W-50 5 L,10,38,1,Bucket,5 L,5,20W-50,active,2026-01-01 00:00:00,system,2026-01-01 00:00:00,system
1381,NR-AOL-0011,Northmark AgriEngine 20W-50 10 L,1,38,1,Bucket,10 L,10,20W-50,active,2026-01-01 00:00:00,system,2026-01-01 00:00:00,system
1382,NR-AOL-0012,Ironcrest FarmPowerOil 20W-50 15 L,2,38,1,Bucket,15 L,15,20W-50,active,2026-01-01 00:00:00,system,2026-01-01 00:00:00,system
1383,NR-AOL-0013,Redstone TractorDrive 10W-30 20 L,3,38,1,Bucket,20 L,20,10W-30,active,2026-01-01 00:00:00,system,2026-01-01 00:00:00,system
1384,NR-AOL-0014,Westmark FieldEngine 10W-30 25 L,4,38,1,Bucket,25 L,25,10W-30,discontinued,2026-01-01 00:00:00,system,2026-01-01 00:00:00,system
1385,NR-AOL-0015,Crestfield AgriEngine 10W-30 30 L,5,38,1,Bucket,30 L,30,10W-30,active,2026-01-01 00:00:00,system,2026-01-01 00:00:00,system
1386,NR-AOL-0016,Stonebridge FarmPowerOil 10W-30 50 L,6,38,1,Drum,50 L,50,10W-30,active,2026-01-01 00:00:00,system,2026-01-01 00:00:00,system
1387,NR-AOL-0017,Ridgewell TractorDrive 15W-40 55 L,7,38,1,Drum,55 L,55,15W-40,active,2026-01-01 00:00:00,system,2026-01-01 00:00:00,system
1388,NR-AOL-0018,Millbrook FieldEngine 15W-40 180 L,8,38,1,Drum,180 L,180,15W-40,active,2026-01-01 00:00:00,system,2026-01-01 00:00:00,system
1389,NR-AOL-0019,Highpoint AgriEngine 15W-40 210 L,9,38,1,Barrel,210 L,210,15W-40,active,2026-01-01 00:00:00,system,2026-01-01 00:00:00,system
1390,NR-AOL-0020,Fieldmark FarmPowerOil 15W-40 500 L,10,38,1,Bulk,500 L,500,15W-40,active,2026-01-01 00:00:00,system,2026-01-01 00:00:00,system
1391,NR-AOL-0021,Northmark TractorDrive 20W-50 1000 L,1,38,1,Bulk,1000 L,1000,20W-50,active,2026-01-01 00:00:00,system,2026-01-01 00:00:00,system
1392,NR-AOL-0022,Ironcrest FieldEngine 20W-50 2000 L,2,38,1,Bulk,2000 L,2000,20W-50,active,2026-01-01 00:00:00,system,2026-01-01 00:00:00,system
1393,NR-AOL-0023,Redstone AgriEngine 20W-50 3 L,3,38,1,Can,3 L,3,20W-50,active,2026-01-01 00:00:00,system,2026-01-01 00:00:00,system
1394,NR-AOL-0024,Westmark FarmPowerOil 20W-50 5 L,4,38,1,Bucket,5 L,5,20W-50,active,2026-01-01 00:00:00,system,2026-01-01 00:00:00,system
1395,NR-AOL-0025,Crestfield TractorDrive 10W-30 10 L,5,38,1,Bucket,10 L,10,10W-30,active,2026-01-01 00:00:00,system,2026-01-01 00:00:00,system
1396,NR-AOL-0026,Stonebridge FieldEngine 10W-30 15 L,6,38,1,Bucket,15 L,15,10W-30,active,2026-01-01 00:00:00,system,2026-01-01 00:00:00,system
1397,NR-AOL-0027,Ridgewell AgriEngine 10W-30 20 L,7,38,1,Bucket,20 L,20,10W-30,active,2026-01-01 00:00:00,system,2026-01-01 00:00:00,system
1398,NR-AOL-0028,Millbrook FarmPowerOil 10W-30 25 L,8,38,1,Bucket,25 L,25,10W-30,active,2026-01-01 00:00:00,system,2026-01-01 00:00:00,system
1399,NR-AOL-0029,Highpoint TractorDrive 15W-40 30 L,9,38,1,Bucket,30 L,30,15W-40,active,2026-01-01 00:00:00,system,2026-01-01 00:00:00,system
1400,NR-AOL-0030,Fieldmark FieldEngine 15W-40 50 L,10,38,1,Drum,50 L,50,15W-40,active,2026-01-01 00:00:00,system,2026-01-01 00:00:00,system
1401,NR-AOL-0031,Northmark TractorGear 80W-90 55 L,1,39,1,Drum,55 L,55,80W-90,active,2026-01-01 00:00:00,system,2026-01-01 00:00:00,system
1402,NR-AOL-0032,Ironcrest FarmTransmission 80W-90 180 L,2,39,1,Drum,180 L,180,80W-90,active,2026-01-01 00:00:00,system,2026-01-01 00:00:00,system
1403,NR-AOL-0033,Redstone FieldGear 80W-90 210 L,3,39,1,Barrel,210 L,210,80W-90,active,2026-01-01 00:00:00,system,2026-01-01 00:00:00,system
1404,NR-AOL-0034,Westmark AgriDrive 80W-90 500 L,4,39,1,Bulk,500 L,500,80W-90,active,2026-01-01 00:00:00,system,2026-01-01 00:00:00,system
1405,NR-AOL-0035,Crestfield TractorGear 85W-140 1000 L,5,39,1,Bulk,1000 L,1000,85W-140,active,2026-01-01 00:00:00,system,2026-01-01 00:00:00,system
1406,NR-AOL-0036,Stonebridge FarmTransmission 85W-140 2000 L,6,39,1,Bulk,2000 L,2000,85W-140,discontinued,2026-01-01 00:00:00,system,2026-01-01 00:00:00,system
1407,NR-AOL-0037,Ridgewell FieldGear 85W-140 3 L,7,39,1,Can,3 L,3,85W-140,active,2026-01-01 00:00:00,system,2026-01-01 00:00:00,system
1408,NR-AOL-0038,Millbrook AgriDrive 85W-140 5 L,8,39,1,Bucket,5 L,5,85W-140,active,2026-01-01 00:00:00,system,2026-01-01 00:00:00,system
1409,NR-AOL-0039,Highpoint TractorGear 75W-90 10 L,9,39,1,Bucket,10 L,10,75W-90,active,2026-01-01 00:00:00,system,2026-01-01 00:00:00,system
1410,NR-AOL-0040,Fieldmark FarmTransmission 75W-90 15 L,10,39,1,Bucket,15 L,15,75W-90,active,2026-01-01 00:00:00,system,2026-01-01 00:00:00,system
1411,NR-AOL-0041,Northmark FieldGear 75W-90 20 L,1,39,1,Bucket,20 L,20,75W-90,active,2026-01-01 00:00:00,system,2026-01-01 00:00:00,system
1412,NR-AOL-0042,Ironcrest AgriDrive 75W-90 25 L,2,39,1,Bucket,25 L,25,75W-90,discontinued,2026-01-01 00:00:00,system,2026-01-01 00:00:00,system
1413,NR-AOL-0043,Redstone TractorGear 80W-90 30 L,3,39,1,Bucket,30 L,30,80W-90,active,2026-01-01 00:00:00,system,2026-01-01 00:00:00,system
1414,NR-AOL-0044,Westmark FarmTransmission 80W-90 50 L,4,39,1,Drum,50 L,50,80W-90,active,2026-01-01 00:00:00,system,2026-01-01 00:00:00,system
1415,NR-AOL-0045,Crestfield FieldGear 80W-90 55 L,5,39,1,Drum,55 L,55,80W-90,active,2026-01-01 00:00:00,system,2026-01-01 00:00:00,system
1416,NR-AOL-0046,Stonebridge AgriDrive 80W-90 180 L,6,39,1,Drum,180 L,180,80W-90,active,2026-01-01 00:00:00,system,2026-01-01 00:00:00,system
1417,NR-AOL-0047,Ridgewell TractorGear 85W-140 210 L,7,39,1,Barrel,210 L,210,85W-140,active,2026-01-01 00:00:00,system,2026-01-01 00:00:00,system
1418,NR-AOL-0048,Millbrook FarmTransmission 85W-140 500 L,8,39,1,Bulk,500 L,500,85W-140,active,2026-01-01 00:00:00,system,2026-01-01 00:00:00,system
1419,NR-AOL-0049,Highpoint FieldGear 85W-140 1000 L,9,39,1,Bulk,1000 L,1000,85W-140,active,2026-01-01 00:00:00,system,2026-01-01 00:00:00,system
1420,NR-AOL-0050,Fieldmark AgriDrive 85W-140 2000 L,10,39,1,Bulk,2000 L,2000,85W-140,active,2026-01-01 00:00:00,system,2026-01-01 00:00:00,system
1421,NR-AOL-0051,Northmark TractorGear 75W-90 3 L,1,39,1,Can,3 L,3,75W-90,active,2026-01-01 00:00:00,system,2026-01-01 00:00:00,system
1422,NR-AOL-0052,Ironcrest FarmTransmission 75W-90 5 L,2,39,1,Bucket,5 L,5,75W-90,active,2026-01-01 00:00:00,system,2026-01-01 00:00:00,system
1423,NR-AOL-0053,Redstone FieldGear 75W-90 10 L,3,39,1,Bucket,10 L,10,75W-90,active,2026-01-01 00:00:00,system,2026-01-01 00:00:00,system
1424,NR-AOL-0054,Westmark AgriDrive 75W-90 15 L,4,39,1,Bucket,15 L,15,75W-90,active,2026-01-01 00:00:00,system,2026-01-01 00:00:00,system
1425,NR-AOL-0055,Crestfield TractorGear 80W-90 20 L,5,39,1,Bucket,20 L,20,80W-90,active,2026-01-01 00:00:00,system,2026-01-01 00:00:00,system
1426,NR-AOL-0056,Stonebridge TractorDiff 80W-90 210 L,6,40,1,Barrel,210 L,210,80W-90,active,2026-01-01 00:00:00,system,2026-01-01 00:00:00,system
1427,NR-AOL-0057,Ridgewell FarmAxle 80W-90 500 L,7,40,1,Bulk,500 L,500,80W-90,active,2026-01-01 00:00:00,system,2026-01-01 00:00:00,system
1428,NR-AOL-0058,Millbrook AgriFinal 80W-90 1000 L,8,40,1,Bulk,1000 L,1000,80W-90,active,2026-01-01 00:00:00,system,2026-01-01 00:00:00,system
1429,NR-AOL-0059,Highpoint FieldDiff 80W-90 2000 L,9,40,1,Bulk,2000 L,2000,80W-90,active,2026-01-01 00:00:00,system,2026-01-01 00:00:00,system
1430,NR-AOL-0060,Fieldmark TractorDiff 85W-140 3 L,10,40,1,Can,3 L,3,85W-140,active,2026-01-01 00:00:00,system,2026-01-01 00:00:00,system
1431,NR-AOL-0061,Northmark FarmAxle 85W-140 5 L,1,40,1,Bucket,5 L,5,85W-140,active,2026-01-01 00:00:00,system,2026-01-01 00:00:00,system
1432,NR-AOL-0062,Ironcrest AgriFinal 85W-140 10 L,2,40,1,Bucket,10 L,10,85W-140,active,2026-01-01 00:00:00,system,2026-01-01 00:00:00,system
1433,NR-AOL-0063,Redstone FieldDiff 85W-140 15 L,3,40,1,Bucket,15 L,15,85W-140,active,2026-01-01 00:00:00,system,2026-01-01 00:00:00,system
1434,NR-AOL-0064,Westmark TractorDiff 75W-140 20 L,4,40,1,Bucket,20 L,20,75W-140,active,2026-01-01 00:00:00,system,2026-01-01 00:00:00,system
1435,NR-AOL-0065,Crestfield FarmAxle 75W-140 25 L,5,40,1,Bucket,25 L,25,75W-140,active,2026-01-01 00:00:00,system,2026-01-01 00:00:00,system
1436,NR-AOL-0066,Stonebridge AgriFinal 75W-140 30 L,6,40,1,Bucket,30 L,30,75W-140,inactive,2026-01-01 00:00:00,system,2026-01-01 00:00:00,system
1437,NR-AOL-0067,Ridgewell FieldDiff 75W-140 50 L,7,40,1,Drum,50 L,50,75W-140,active,2026-01-01 00:00:00,system,2026-01-01 00:00:00,system
1438,NR-AOL-0068,Millbrook TractorDiff 80W-90 55 L,8,40,1,Drum,55 L,55,80W-90,active,2026-01-01 00:00:00,system,2026-01-01 00:00:00,system
1439,NR-AOL-0069,Highpoint FarmAxle 80W-90 180 L,9,40,1,Drum,180 L,180,80W-90,active,2026-01-01 00:00:00,system,2026-01-01 00:00:00,system
1440,NR-AOL-0070,Fieldmark AgriFinal 80W-90 210 L,10,40,1,Barrel,210 L,210,80W-90,active,2026-01-01 00:00:00,system,2026-01-01 00:00:00,system
1441,NR-AOL-0071,Northmark FieldDiff 80W-90 500 L,1,40,1,Bulk,500 L,500,80W-90,inactive,2026-01-01 00:00:00,system,2026-01-01 00:00:00,system
1442,NR-AOL-0072,Ironcrest TractorDiff 85W-140 1000 L,2,40,1,Bulk,1000 L,1000,85W-140,discontinued,2026-01-01 00:00:00,system,2026-01-01 00:00:00,system
1443,NR-AOL-0073,Redstone FarmAxle 85W-140 2000 L,3,40,1,Bulk,2000 L,2000,85W-140,active,2026-01-01 00:00:00,system,2026-01-01 00:00:00,system
1444,NR-AOL-0074,Westmark AgriFinal 85W-140 3 L,4,40,1,Can,3 L,3,85W-140,active,2026-01-01 00:00:00,system,2026-01-01 00:00:00,system
1445,NR-AOL-0075,Crestfield FieldDiff 85W-140 5 L,5,40,1,Bucket,5 L,5,85W-140,active,2026-01-01 00:00:00,system,2026-01-01 00:00:00,system
1446,NR-AOL-0076,Stonebridge TractorDiff 75W-140 10 L,6,40,1,Bucket,10 L,10,75W-140,active,2026-01-01 00:00:00,system,2026-01-01 00:00:00,system
1447,NR-AOL-0077,Ridgewell FarmAxle 75W-140 15 L,7,40,1,Bucket,15 L,15,75W-140,active,2026-01-01 00:00:00,system,2026-01-01 00:00:00,system
1448,NR-AOL-0078,Millbrook AgriFinal 75W-140 20 L,8,40,1,Bucket,20 L,20,75W-140,active,2026-01-01 00:00:00,system,2026-01-01 00:00:00,system
1449,NR-AOL-0079,Highpoint FieldDiff 75W-140 25 L,9,40,1,Bucket,25 L,25,75W-140,active,2026-01-01 00:00:00,system,2026-01-01 00:00:00,system
1450,NR-AOL-0080,Fieldmark TractorDiff 80W-90 30 L,10,40,1,Bucket,30 L,30,80W-90,active,2026-01-01 00:00:00,system,2026-01-01 00:00:00,system
1451,NR-AOL-0081,Northmark MachineryCore 15W-40 1000 L,1,41,1,Bulk,1000 L,1000,15W-40,active,2026-01-01 00:00:00,system,2026-01-01 00:00:00,system
1452,NR-AOL-0082,Ironcrest AgriMach 15W-40 2000 L,2,41,1,Bulk,2000 L,2000,15W-40,inactive,2026-01-01 00:00:00,system,2026-01-01 00:00:00,system
1453,NR-AOL-0083,Redstone FieldMach 15W-40 3 L,3,41,1,Can,3 L,3,15W-40,active,2026-01-01 00:00:00,system,2026-01-01 00:00:00,system
1454,NR-AOL-0084,Westmark FarmLube 15W-40 5 L,4,41,1,Bucket,5 L,5,15W-40,active,2026-01-01 00:00:00,system,2026-01-01 00:00:00,system
1455,NR-AOL-0085,Crestfield MachineryCore 20W-40 10 L,5,41,1,Bucket,10 L,10,20W-40,active,2026-01-01 00:00:00,system,2026-01-01 00:00:00,system
1456,NR-AOL-0086,Stonebridge AgriMach 20W-40 15 L,6,41,1,Bucket,15 L,15,20W-40,active,2026-01-01 00:00:00,system,2026-01-01 00:00:00,system
1457,NR-AOL-0087,Ridgewell FieldMach 20W-40 20 L,7,41,1,Bucket,20 L,20,20W-40,active,2026-01-01 00:00:00,system,2026-01-01 00:00:00,system
1458,NR-AOL-0088,Millbrook FarmLube 20W-40 25 L,8,41,1,Bucket,25 L,25,20W-40,active,2026-01-01 00:00:00,system,2026-01-01 00:00:00,system
1459,NR-AOL-0089,Highpoint MachineryCore 20W-50 30 L,9,41,1,Bucket,30 L,30,20W-50,active,2026-01-01 00:00:00,system,2026-01-01 00:00:00,system
1460,NR-AOL-0090,Fieldmark AgriMach 20W-50 50 L,10,41,1,Drum,50 L,50,20W-50,active,2026-01-01 00:00:00,system,2026-01-01 00:00:00,system
1461,NR-AOL-0091,Northmark FieldMach 20W-50 55 L,1,41,1,Drum,55 L,55,20W-50,inactive,2026-01-01 00:00:00,system,2026-01-01 00:00:00,system
1462,NR-AOL-0092,Ironcrest FarmLube 20W-50 180 L,2,41,1,Drum,180 L,180,20W-50,active,2026-01-01 00:00:00,system,2026-01-01 00:00:00,system
1463,NR-AOL-0093,Redstone MachineryCore 15W-40 210 L,3,41,1,Barrel,210 L,210,15W-40,active,2026-01-01 00:00:00,system,2026-01-01 00:00:00,system
1464,NR-AOL-0094,Westmark AgriMach 15W-40 500 L,4,41,1,Bulk,500 L,500,15W-40,active,2026-01-01 00:00:00,system,2026-01-01 00:00:00,system
1465,NR-AOL-0095,Crestfield FieldMach 15W-40 1000 L,5,41,1,Bulk,1000 L,1000,15W-40,active,2026-01-01 00:00:00,system,2026-01-01 00:00:00,system
1466,NR-AOL-0096,Stonebridge FarmLube 15W-40 2000 L,6,41,1,Bulk,2000 L,2000,15W-40,active,2026-01-01 00:00:00,system,2026-01-01 00:00:00,system
1467,NR-AOL-0097,Ridgewell MachineryCore 20W-40 3 L,7,41,1,Can,3 L,3,20W-40,active,2026-01-01 00:00:00,system,2026-01-01 00:00:00,system
1468,NR-AOL-0098,Millbrook AgriMach 20W-40 5 L,8,41,1,Bucket,5 L,5,20W-40,inactive,2026-01-01 00:00:00,system,2026-01-01 00:00:00,system
1469,NR-AOL-0099,Highpoint FieldMach 20W-40 10 L,9,41,1,Bucket,10 L,10,20W-40,active,2026-01-01 00:00:00,system,2026-01-01 00:00:00,system
1470,NR-AOL-0100,Fieldmark FarmLube 20W-40 15 L,10,41,1,Bucket,15 L,15,20W-40,active,2026-01-01 00:00:00,system,2026-01-01 00:00:00,system
1471,NR-AOL-0101,Northmark MachineryCore 20W-50 20 L,1,41,1,Bucket,20 L,20,20W-50,active,2026-01-01 00:00:00,system,2026-01-01 00:00:00,system
1472,NR-AOL-0102,Ironcrest AgriMach 20W-50 25 L,2,41,1,Bucket,25 L,25,20W-50,inactive,2026-01-01 00:00:00,system,2026-01-01 00:00:00,system
1473,NR-AOL-0103,Redstone FieldMach 20W-50 30 L,3,41,1,Bucket,30 L,30,20W-50,active,2026-01-01 00:00:00,system,2026-01-01 00:00:00,system
1474,NR-AOL-0104,Westmark FarmLube 20W-50 50 L,4,41,1,Drum,50 L,50,20W-50,active,2026-01-01 00:00:00,system,2026-01-01 00:00:00,system
1475,NR-AOL-0105,Crestfield MachineryCore 15W-40 55 L,5,41,1,Drum,55 L,55,15W-40,active,2026-01-01 00:00:00,system,2026-01-01 00:00:00,system
1476,NR-AOL-0106,Stonebridge OffRoadPower 10W-40 3 L,6,42,1,Can,3 L,3,10W-40,active,2026-01-01 00:00:00,system,2026-01-01 00:00:00,system
1477,NR-AOL-0107,Ridgewell EarthEngine 10W-40 5 L,7,42,1,Bucket,5 L,5,10W-40,active,2026-01-01 00:00:00,system,2026-01-01 00:00:00,system
1478,NR-AOL-0108,Millbrook SiteEngine 10W-40 10 L,8,42,1,Bucket,10 L,10,10W-40,active,2026-01-01 00:00:00,system,2026-01-01 00:00:00,system
1479,NR-AOL-0109,Highpoint RuggedCore 10W-40 15 L,9,42,1,Bucket,15 L,15,10W-40,active,2026-01-01 00:00:00,system,2026-01-01 00:00:00,system
1480,NR-AOL-0110,Fieldmark OffRoadPower 15W-40 20 L,10,42,1,Bucket,20 L,20,15W-40,active,2026-01-01 00:00:00,system,2026-01-01 00:00:00,system
1481,NR-AOL-0111,Northmark EarthEngine 15W-40 25 L,1,42,1,Bucket,25 L,25,15W-40,active,2026-01-01 00:00:00,system,2026-01-01 00:00:00,system
1482,NR-AOL-0112,Ironcrest SiteEngine 15W-40 30 L,2,42,1,Bucket,30 L,30,15W-40,active,2026-01-01 00:00:00,system,2026-01-01 00:00:00,system
1483,NR-AOL-0113,Redstone RuggedCore 15W-40 50 L,3,42,1,Drum,50 L,50,15W-40,discontinued,2026-01-01 00:00:00,system,2026-01-01 00:00:00,system
1484,NR-AOL-0114,Westmark OffRoadPower 20W-50 55 L,4,42,1,Drum,55 L,55,20W-50,active,2026-01-01 00:00:00,system,2026-01-01 00:00:00,system
1485,NR-AOL-0115,Crestfield EarthEngine 20W-50 180 L,5,42,1,Drum,180 L,180,20W-50,active,2026-01-01 00:00:00,system,2026-01-01 00:00:00,system
1486,NR-AOL-0116,Stonebridge SiteEngine 20W-50 210 L,6,42,1,Barrel,210 L,210,20W-50,active,2026-01-01 00:00:00,system,2026-01-01 00:00:00,system
1487,NR-AOL-0117,Ridgewell RuggedCore 20W-50 500 L,7,42,1,Bulk,500 L,500,20W-50,active,2026-01-01 00:00:00,system,2026-01-01 00:00:00,system
1488,NR-AOL-0118,Millbrook OffRoadPower 10W-40 1000 L,8,42,1,Bulk,1000 L,1000,10W-40,active,2026-01-01 00:00:00,system,2026-01-01 00:00:00,system
1489,NR-AOL-0119,Highpoint EarthEngine 10W-40 2000 L,9,42,1,Bulk,2000 L,2000,10W-40,active,2026-01-01 00:00:00,system,2026-01-01 00:00:00,system
1490,NR-AOL-0120,Fieldmark SiteEngine 10W-40 3 L,10,42,1,Can,3 L,3,10W-40,active,2026-01-01 00:00:00,system,2026-01-01 00:00:00,system
1491,NR-AOL-0121,Northmark RuggedCore 10W-40 5 L,1,42,1,Bucket,5 L,5,10W-40,active,2026-01-01 00:00:00,system,2026-01-01 00:00:00,system
1492,NR-AOL-0122,Ironcrest OffRoadPower 15W-40 10 L,2,42,1,Bucket,10 L,10,15W-40,active,2026-01-01 00:00:00,system,2026-01-01 00:00:00,system
1493,NR-AOL-0123,Redstone EarthEngine 15W-40 15 L,3,42,1,Bucket,15 L,15,15W-40,discontinued,2026-01-01 00:00:00,system,2026-01-01 00:00:00,system
1494,NR-AOL-0124,Westmark SiteEngine 15W-40 20 L,4,42,1,Bucket,20 L,20,15W-40,active,2026-01-01 00:00:00,system,2026-01-01 00:00:00,system
1495,NR-AOL-0125,Crestfield RuggedCore 15W-40 25 L,5,42,1,Bucket,25 L,25,15W-40,active,2026-01-01 00:00:00,system,2026-01-01 00:00:00,system
1496,NR-AOL-0126,Stonebridge OffRoadPower 20W-50 30 L,6,42,1,Bucket,30 L,30,20W-50,active,2026-01-01 00:00:00,system,2026-01-01 00:00:00,system
1497,NR-AOL-0127,Ridgewell EarthEngine 20W-50 50 L,7,42,1,Drum,50 L,50,20W-50,active,2026-01-01 00:00:00,system,2026-01-01 00:00:00,system
1498,NR-AOL-0128,Millbrook SiteEngine 20W-50 55 L,8,42,1,Drum,55 L,55,20W-50,active,2026-01-01 00:00:00,system,2026-01-01 00:00:00,system
1499,NR-AOL-0129,Highpoint RuggedCore 20W-50 180 L,9,42,1,Drum,180 L,180,20W-50,active,2026-01-01 00:00:00,system,2026-01-01 00:00:00,system
1500,NR-AOL-0130,Fieldmark OffRoadPower 10W-40 210 L,10,42,1,Barrel,210 L,210,10W-40,active,2026-01-01 00:00:00,system,2026-01-01 00:00:00,system
