product_supplier_id,product_id,supplier_id,supplier_product_code,supplier_product_name,purchase_uom_id,unit_purchase_price,minimum_order_quantity,lead_time_days,is_primary_source,relationship_status,effective_from,effective_to,created_date,created_by,updated_date,updated_by
1,1,15,SUP015-AEO-0001,Northmark RoadShield 0W-20 (1.2 L),6,337.45,17.0,6,False,active,2024-06-17,,2026-01-01 00:00:00,system,2026-01-01 00:00:00,system
2,1,13,SUP013-AEO-0001,Northmark RoadShield 0W-20 (1.2 L),6,320.56,16.0,4,True,active,2024-04-14,,2026-01-01 00:00:00,system,2026-01-01 00:00:00,system
3,1,2,SUP002-AEO-0001,Northmark RoadShield 0W-20 (1.2 L),6,298.89,13.0,11,False,active,2024-11-12,,2026-01-01 00:00:00,system,2026-01-01 00:00:00,system
4,2,2,SUP002-AEO-0002,Ironcrest DriveCore 0W-20 (3 L),6,719.24,13.0,13,False,active,2024-10-09,,2026-01-01 00:00:00,system,2026-01-01 00:00:00,system
5,2,11,SUP011-AEO-0002,Ironcrest DriveCore 0W-20 (3 L),6,781.49,14.0,6,True,active,2024-05-13,,2026-01-01 00:00:00,system,2026-01-01 00:00:00,system
6,2,5,SUP005-AEO-0002,Ironcrest DriveCore 0W-20 (3 L),6,710.13,14.0,13,False,active,2024-11-05,,2026-01-01 00:00:00,system,2026-01-01 00:00:00,system
7,3,15,SUP015-AEO-0003,Redstone EngineMax 0W-20 (5 L),6,1384.8,7.0,6,False,active,2025-03-31,,2026-01-01 00:00:00,system,2026-01-01 00:00:00,system
8,3,4,SUP004-AEO-0003,Redstone EngineMax 0W-20 (5 L),6,1239.17,6.0,8,True,active,2024-08-29,,2026-01-01 00:00:00,system,2026-01-01 00:00:00,system
9,4,16,SUP016-AEO-0004,Westmark AutoPrime 0W-20 (10 L),6,2646.36,7.0,8,True,active,2025-03-17,,2026-01-01 00:00:00,system,2026-01-01 00:00:00,system
10,4,7,SUP007-AEO-0004,Westmark AutoPrime 0W-20 (10 L),6,2378.41,5.0,12,False,active,2025-03-03,,2026-01-01 00:00:00,system,2026-01-01 00:00:00,system
11,5,4,SUP004-AEO-0005,Crestfield RoadShield 5W-30 (15 L),6,3768.02,6.0,4,True,active,2024-11-16,,2026-01-01 00:00:00,system,2026-01-01 00:00:00,system
12,6,18,SUP018-AEO-0006,Stonebridge DriveCore 5W-30 (20 L),6,5365.23,8.0,7,False,active,2025-07-15,,2026-01-01 00:00:00,system,2026-01-01 00:00:00,system
13,6,2,SUP002-AEO-0006,Stonebridge DriveCore 5W-30 (20 L),6,4990.06,7.0,13,True,active,2025-08-28,,2026-01-01 00:00:00,system,2026-01-01 00:00:00,system
14,7,16,SUP016-AEO-0007,Ridgewell EngineMax 5W-30 (25 L),6,6336.13,7.0,3,True,active,2024-11-25,,2026-01-01 00:00:00,system,2026-01-01 00:00:00,system
15,7,3,SUP003-AEO-0007,Ridgewell EngineMax 5W-30 (25 L),6,6070.47,5.0,7,False,active,2024-07-14,,2026-01-01 00:00:00,system,2026-01-01 00:00:00,system
16,8,7,SUP007-AEO-0008,Millbrook AutoPrime 5W-30 (30 L),6,6935.04,6.0,13,False,active,2025-08-18,,2026-01-01 00:00:00,system,2026-01-01 00:00:00,system
17,8,5,SUP005-AEO-0008,Millbrook AutoPrime 5W-30 (30 L),6,7023.32,6.0,15,True,active,2024-05-16,,2026-01-01 00:00:00,system,2026-01-01 00:00:00,system
18,9,17,SUP017-AEO-0009,Highpoint RoadShield 5W-40 (50 L),6,13005.58,2.0,9,False,active,2024-03-06,,2026-01-01 00:00:00,system,2026-01-01 00:00:00,system
19,9,11,SUP011-AEO-0009,Highpoint RoadShield 5W-40 (50 L),6,12740.75,2.0,8,True,active,2024-10-17,,2026-01-01 00:00:00,system,2026-01-01 00:00:00,system
20,9,5,SUP005-AEO-0009,Highpoint RoadShield 5W-40 (50 L),6,11803.89,2.0,12,False,active,2025-10-06,,2026-01-01 00:00:00,system,2026-01-01 00:00:00,system
21,9,3,SUP003-AEO-0009,Highpoint RoadShield 5W-40 (50 L),6,11568.43,2.0,11,False,active,2024-11-11,,2026-01-01 00:00:00,system,2026-01-01 00:00:00,system
22,10,5,SUP005-AEO-0010,Fieldmark DriveCore 5W-40 (55 L),6,13219.87,2.0,12,False,active,2024-12-16,,2026-01-01 00:00:00,system,2026-01-01 00:00:00,system
23,10,13,SUP013-AEO-0010,Fieldmark DriveCore 5W-40 (55 L),6,14763.96,2.0,3,True,active,2025-03-07,,2026-01-01 00:00:00,system,2026-01-01 00:00:00,system
24,10,1,SUP001-AEO-0010,Fieldmark DriveCore 5W-40 (55 L),6,13229.37,2.0,10,False,active,2024-07-11,,2026-01-01 00:00:00,system,2026-01-01 00:00:00,system
25,11,12,SUP012-AEO-0011,Northmark EngineMax 5W-40 (180 L),6,43812.93,3.0,8,False,active,2025-08-21,,2026-01-01 00:00:00,system,2026-01-01 00:00:00,system
26,11,16,SUP016-AEO-0011,Northmark EngineMax 5W-40 (180 L),6,48261.27,2.0,5,True,active,2024-06-06,,2026-01-01 00:00:00,system,2026-01-01 00:00:00,system
27,12,8,SUP008-AEO-0012,Ironcrest AutoPrime 5W-40 (210 L),6,50262.91,1.0,11,True,active,2025-09-07,,2026-01-01 00:00:00,system,2026-01-01 00:00:00,system
28,12,14,SUP014-AEO-0012,Ironcrest AutoPrime 5W-40 (210 L),6,52235.6,1.0,6,False,active,2025-04-13,,2026-01-01 00:00:00,system,2026-01-01 00:00:00,system
29,12,11,SUP011-AEO-0012,Ironcrest AutoPrime 5W-40 (210 L),6,53983.65,1.0,10,False,active,2024-06-02,,2026-01-01 00:00:00,system,2026-01-01 00:00:00,system
30,13,13,SUP013-AEO-0013,Redstone RoadShield 10W-40 (1000 L),1,229.2,1000.0,8,True,active,2024-06-13,,2026-01-01 00:00:00,system,2026-01-01 00:00:00,system
31,13,5,SUP005-AEO-0013,Redstone RoadShield 10W-40 (1000 L),1,216.74,900.0,11,False,active,2024-08-14,,2026-01-01 00:00:00,system,2026-01-01 00:00:00,system
32,13,8,SUP008-AEO-0013,Redstone RoadShield 10W-40 (1000 L),1,228.02,1000.0,14,False,active,2025-10-04,,2026-01-01 00:00:00,system,2026-01-01 00:00:00,system
33,14,7,SUP007-AEO-0014,Westmark DriveCore 10W-40 (800 ML),6,187.66,14.0,12,True,active,2025-09-10,,2026-01-01 00:00:00,system,2026-01-01 00:00:00,system
34,15,14,SUP014-AEO-0015,Crestfield EngineMax 10W-40 (1 L),6,266.53,15.0,4,True,active,2024-03-08,,2026-01-01 00:00:00,system,2026-01-01 00:00:00,system
35,15,12,SUP012-AEO-0015,Crestfield EngineMax 10W-40 (1 L),6,256.19,15.0,10,False,active,2024-02-15,,2026-01-01 00:00:00,system,2026-01-01 00:00:00,system
36,16,11,SUP011-AEO-0016,Stonebridge AutoPrime 10W-40 (1.2 L),6,315.35,12.0,6,False,active,2025-03-31,,2026-01-01 00:00:00,system,2026-01-01 00:00:00,system
37,16,8,SUP008-AEO-0016,Stonebridge AutoPrime 10W-40 (1.2 L),6,293.67,13.0,13,True,active,2025-10-09,,2026-01-01 00:00:00,system,2026-01-01 00:00:00,system
38,17,8,SUP008-AEO-0017,Ridgewell RoadShield 0W-20 (3 L),6,728.28,13.0,12,False,inactive,2024-06-20,2025-01-15,2026-01-01 00:00:00,system,2026-01-01 00:00:00,system
39,17,14,SUP014-AEO-0017,Ridgewell RoadShield 0W-20 (3 L),6,771.4,14.0,6,False,inactive,2024-09-03,2025-12-31,2026-01-01 00:00:00,system,2026-01-01 00:00:00,system
40,18,11,SUP011-AEO-0018,Millbrook DriveCore 0W-20 (5 L),6,1249.59,7.0,6,False,active,2025-04-04,,2026-01-01 00:00:00,system,2026-01-01 00:00:00,system
41,18,6,SUP006-AEO-0018,Millbrook DriveCore 0W-20 (5 L),6,1135.2,7.0,7,True,active,2025-03-05,,2026-01-01 00:00:00,system,2026-01-01 00:00:00,system
42,19,13,SUP013-AEO-0019,Highpoint EngineMax 0W-20 (10 L),6,2561.19,7.0,3,True,active,2024-11-24,,2026-01-01 00:00:00,system,2026-01-01 00:00:00,system
43,20,8,SUP008-AEO-0020,Fieldmark AutoPrime 0W-20 (15 L),6,3515.39,7.0,12,False,active,2024-02-12,,2026-01-01 00:00:00,system,2026-01-01 00:00:00,system
44,20,16,SUP016-AEO-0020,Fieldmark AutoPrime 0W-20 (15 L),6,3817.14,6.0,7,False,active,2024-05-06,,2026-01-01 00:00:00,system,2026-01-01 00:00:00,system
45,20,14,SUP014-AEO-0020,Fieldmark AutoPrime 0W-20 (15 L),6,3848.59,8.0,5,True,active,2025-02-01,,2026-01-01 00:00:00,system,2026-01-01 00:00:00,system
46,21,1,SUP001-AEO-0021,Northmark RoadShield 5W-30 (20 L),6,4761.36,6.0,8,False,active,2025-04-15,,2026-01-01 00:00:00,system,2026-01-01 00:00:00,system
47,21,11,SUP011-AEO-0021,Northmark RoadShield 5W-30 (20 L),6,5059.75,7.0,9,True,active,2025-05-22,,2026-01-01 00:00:00,system,2026-01-01 00:00:00,system
48,21,8,SUP008-AEO-0021,Northmark RoadShield 5W-30 (20 L),6,4821.72,7.0,11,False,active,2024-08-14,,2026-01-01 00:00:00,system,2026-01-01 00:00:00,system
49,22,7,SUP007-AEO-0022,Ironcrest DriveCore 5W-30 (25 L),6,5743.54,6.0,9,False,inactive,2024-01-04,2025-02-01,2026-01-01 00:00:00,system,2026-01-01 00:00:00,system
50,22,11,SUP011-AEO-0022,Ironcrest DriveCore 5W-30 (25 L),6,6601.1,6.0,5,False,inactive,2024-11-06,2025-06-13,2026-01-01 00:00:00,system,2026-01-01 00:00:00,system
51,23,2,SUP002-AEO-0023,Redstone EngineMax 5W-30 (30 L),6,7021.65,7.0,9,True,active,2024-07-31,,2026-01-01 00:00:00,system,2026-01-01 00:00:00,system
52,23,5,SUP005-AEO-0023,Redstone EngineMax 5W-30 (30 L),6,7107.52,7.0,11,False,active,2024-07-10,,2026-01-01 00:00:00,system,2026-01-01 00:00:00,system
53,24,16,SUP016-AEO-0024,Westmark AutoPrime 5W-30 (50 L),6,12855.37,2.0,6,True,active,2025-06-05,,2026-01-01 00:00:00,system,2026-01-01 00:00:00,system
54,24,14,SUP014-AEO-0024,Westmark AutoPrime 5W-30 (50 L),6,12404.19,2.0,4,False,active,2024-10-28,,2026-01-01 00:00:00,system,2026-01-01 00:00:00,system
55,25,8,SUP008-AEO-0025,Crestfield RoadShield 5W-40 (55 L),6,13511.6,2.0,10,False,active,2025-03-12,,2026-01-01 00:00:00,system,2026-01-01 00:00:00,system
56,25,6,SUP006-AEO-0025,Crestfield RoadShield 5W-40 (55 L),6,13426.83,2.0,7,True,active,2025-07-10,,2026-01-01 00:00:00,system,2026-01-01 00:00:00,system
57,26,14,SUP014-AEO-0026,Stonebridge DriveCore 5W-40 (180 L),6,42746.97,2.0,3,False,active,2024-08-14,,2026-01-01 00:00:00,system,2026-01-01 00:00:00,system
58,26,4,SUP004-AEO-0026,Stonebridge DriveCore 5W-40 (180 L),6,41972.19,2.0,5,True,active,2025-10-09,,2026-01-01 00:00:00,system,2026-01-01 00:00:00,system
59,27,7,SUP007-AEO-0027,Ridgewell EngineMax 5W-40 (210 L),6,48343.49,1.0,14,False,inactive,2024-08-05,2025-08-24,2026-01-01 00:00:00,system,2026-01-01 00:00:00,system
60,27,11,SUP011-AEO-0027,Ridgewell EngineMax 5W-40 (210 L),6,53273.86,1.0,7,False,inactive,2024-07-19,2025-07-03,2026-01-01 00:00:00,system,2026-01-01 00:00:00,system
61,28,3,SUP003-AEO-0028,Millbrook AutoPrime 5W-40 (1000 L),1,208.39,800.0,10,False,inactive,2024-03-31,2025-05-17,2026-01-01 00:00:00,system,2026-01-01 00:00:00,system
62,28,14,SUP014-AEO-0028,Millbrook AutoPrime 5W-40 (1000 L),1,230.24,1200.0,4,False,inactive,2024-11-07,2025-02-12,2026-01-01 00:00:00,system,2026-01-01 00:00:00,system
63,29,1,SUP001-AEO-0029,Highpoint RoadShield 10W-40 (800 ML),6,186.05,11.0,9,False,active,2024-05-07,,2026-01-01 00:00:00,system,2026-01-01 00:00:00,system
64,29,5,SUP005-AEO-0029,Highpoint RoadShield 10W-40 (800 ML),6,194.58,13.0,14,False,active,2025-09-27,,2026-01-01 00:00:00,system,2026-01-01 00:00:00,system
65,29,10,SUP010-AEO-0029,Highpoint RoadShield 10W-40 (800 ML),6,199.3,14.0,6,True,active,2024-09-05,,2026-01-01 00:00:00,system,2026-01-01 00:00:00,system
66,30,6,SUP006-AEO-0030,Fieldmark DriveCore 10W-40 (1 L),6,249.05,11.0,11,False,active,2025-03-17,,2026-01-01 00:00:00,system,2026-01-01 00:00:00,system
67,30,15,SUP015-AEO-0030,Fieldmark DriveCore 10W-40 (1 L),6,273.92,14.0,9,True,active,2025-07-28,,2026-01-01 00:00:00,system,2026-01-01 00:00:00,system
68,31,5,SUP005-AEO-0031,Northmark EngineMax 10W-40 (1.2 L),6,292.66,10.0,15,False,active,2024-06-03,,2026-01-01 00:00:00,system,2026-01-01 00:00:00,system
69,31,6,SUP006-AEO-0031,Northmark EngineMax 10W-40 (1.2 L),6,299.57,11.0,8,True,active,2024-02-22,,2026-01-01 00:00:00,system,2026-01-01 00:00:00,system
70,31,3,SUP003-AEO-0031,Northmark EngineMax 10W-40 (1.2 L),6,270.97,14.0,9,False,active,2025-07-17,,2026-01-01 00:00:00,system,2026-01-01 00:00:00,system
71,32,6,SUP006-AEO-0032,Ironcrest AutoPrime 10W-40 (3 L),6,737.46,14.0,10,False,inactive,2024-07-23,2025-09-14,2026-01-01 00:00:00,system,2026-01-01 00:00:00,system
72,32,2,SUP002-AEO-0032,Ironcrest AutoPrime 10W-40 (3 L),6,701.13,12.0,9,False,inactive,2025-01-23,2025-06-18,2026-01-01 00:00:00,system,2026-01-01 00:00:00,system
73,32,18,SUP018-AEO-0032,Ironcrest AutoPrime 10W-40 (3 L),6,811.06,15.0,4,False,inactive,2024-01-20,2025-07-11,2026-01-01 00:00:00,system,2026-01-01 00:00:00,system
74,33,6,SUP006-AEO-0033,Redstone RoadShield 0W-20 (5 L),6,1197.08,6.0,7,True,active,2024-12-04,,2026-01-01 00:00:00,system,2026-01-01 00:00:00,system
75,33,16,SUP016-AEO-0033,Redstone RoadShield 0W-20 (5 L),6,1413.22,7.0,5,False,active,2024-05-28,,2026-01-01 00:00:00,system,2026-01-01 00:00:00,system
76,34,5,SUP005-AEO-0034,Westmark DriveCore 0W-20 (10 L),6,2396.35,7.0,11,False,active,2025-03-10,,2026-01-01 00:00:00,system,2026-01-01 00:00:00,system
77,34,3,SUP003-AEO-0034,Westmark DriveCore 0W-20 (10 L),6,2325.07,6.0,12,False,active,2024-03-16,,2026-01-01 00:00:00,system,2026-01-01 00:00:00,system
78,34,1,SUP001-AEO-0034,Westmark DriveCore 0W-20 (10 L),6,2428.66,7.0,7,True,active,2024-12-09,,2026-01-01 00:00:00,system,2026-01-01 00:00:00,system
79,34,2,SUP002-AEO-0034,Westmark DriveCore 0W-20 (10 L),6,2503.96,7.0,12,False,active,2025-03-26,,2026-01-01 00:00:00,system,2026-01-01 00:00:00,system
80,35,5,SUP005-AEO-0035,Crestfield EngineMax 0W-20 (15 L),6,3423.16,7.0,13,False,active,2025-03-01,,2026-01-01 00:00:00,system,2026-01-01 00:00:00,system
81,35,3,SUP003-AEO-0035,Crestfield EngineMax 0W-20 (15 L),6,3649.55,7.0,12,True,active,2024-05-15,,2026-01-01 00:00:00,system,2026-01-01 00:00:00,system
82,36,8,SUP008-AEO-0036,Stonebridge AutoPrime 0W-20 (20 L),6,4683.33,7.0,8,False,active,2024-01-10,,2026-01-01 00:00:00,system,2026-01-01 00:00:00,system
83,36,11,SUP011-AEO-0036,Stonebridge AutoPrime 0W-20 (20 L),6,4981.43,7.0,8,False,active,2025-12-13,,2026-01-01 00:00:00,system,2026-01-01 00:00:00,system
84,36,3,SUP003-AEO-0036,Stonebridge AutoPrime 0W-20 (20 L),6,4680.99,5.0,10,False,active,2025-06-23,,2026-01-01 00:00:00,system,2026-01-01 00:00:00,system
85,36,13,SUP013-AEO-0036,Stonebridge AutoPrime 0W-20 (20 L),6,5110.39,7.0,6,True,active,2025-03-28,,2026-01-01 00:00:00,system,2026-01-01 00:00:00,system
86,37,9,SUP009-AEO-0037,Ridgewell RoadShield 5W-30 (25 L),6,6669.59,7.0,3,True,active,2025-11-24,,2026-01-01 00:00:00,system,2026-01-01 00:00:00,system
87,38,10,SUP010-AEO-0038,Millbrook DriveCore 5W-30 (30 L),6,7558.39,7.0,6,True,active,2024-05-29,,2026-01-01 00:00:00,system,2026-01-01 00:00:00,system
88,39,15,SUP015-AEO-0039,Highpoint EngineMax 5W-30 (50 L),6,13787.62,2.0,4,True,active,2025-12-23,,2026-01-01 00:00:00,system,2026-01-01 00:00:00,system
89,39,8,SUP008-AEO-0039,Highpoint EngineMax 5W-30 (50 L),6,12442.28,2.0,12,False,active,2025-01-19,,2026-01-01 00:00:00,system,2026-01-01 00:00:00,system
90,39,2,SUP002-AEO-0039,Highpoint EngineMax 5W-30 (50 L),6,11418.26,2.0,12,False,active,2025-06-06,,2026-01-01 00:00:00,system,2026-01-01 00:00:00,system
91,40,13,SUP013-AEO-0040,Fieldmark AutoPrime 5W-30 (55 L),6,14286.57,2.0,4,False,inactive,2024-10-16,2025-12-14,2026-01-01 00:00:00,system,2026-01-01 00:00:00,system
92,40,10,SUP010-AEO-0040,Fieldmark AutoPrime 5W-30 (55 L),6,14895.98,3.0,3,False,inactive,2024-07-06,2025-03-29,2026-01-01 00:00:00,system,2026-01-01 00:00:00,system
93,41,5,SUP005-AEO-0041,Northmark RoadShield 5W-40 (180 L),6,41273.75,2.0,11,True,active,2024-03-18,,2026-01-01 00:00:00,system,2026-01-01 00:00:00,system
94,42,14,SUP014-AEO-0042,Ironcrest DriveCore 5W-40 (210 L),6,50704.5,1.0,7,True,active,2025-09-20,,2026-01-01 00:00:00,system,2026-01-01 00:00:00,system
95,43,3,SUP003-AEO-0043,Redstone EngineMax 5W-40 (1000 L),1,219.07,900.0,11,True,active,2024-02-23,,2026-01-01 00:00:00,system,2026-01-01 00:00:00,system
96,44,6,SUP006-AEO-0044,Westmark AutoPrime 5W-40 (800 ML),6,184.68,14.0,10,False,active,2025-02-19,,2026-01-01 00:00:00,system,2026-01-01 00:00:00,system
97,44,18,SUP018-AEO-0044,Westmark AutoPrime 5W-40 (800 ML),6,223.13,13.0,5,True,active,2024-03-24,,2026-01-01 00:00:00,system,2026-01-01 00:00:00,system
98,45,4,SUP004-AEO-0045,Crestfield RoadShield 10W-40 (1 L),6,250.39,14.0,6,True,active,2025-08-30,,2026-01-01 00:00:00,system,2026-01-01 00:00:00,system
99,46,16,SUP016-AEO-0046,Stonebridge DriveCore 10W-40 (1.2 L),6,319.49,14.0,4,True,active,2024-02-28,,2026-01-01 00:00:00,system,2026-01-01 00:00:00,system
100,46,3,SUP003-AEO-0046,Stonebridge DriveCore 10W-40 (1.2 L),6,299.23,14.0,12,False,active,2024-09-15,,2026-01-01 00:00:00,system,2026-01-01 00:00:00,system
101,47,1,SUP001-AEO-0047,Ridgewell EngineMax 10W-40 (3 L),6,688.41,10.0,10,True,active,2025-01-20,,2026-01-01 00:00:00,system,2026-01-01 00:00:00,system
102,47,7,SUP007-AEO-0047,Ridgewell EngineMax 10W-40 (3 L),6,736.04,11.0,12,False,active,2025-07-13,,2026-01-01 00:00:00,system,2026-01-01 00:00:00,system
103,48,10,SUP010-AEO-0048,Millbrook AutoPrime 10W-40 (5 L),6,1269.0,7.0,7,False,active,2025-08-04,,2026-01-01 00:00:00,system,2026-01-01 00:00:00,system
104,48,2,SUP002-AEO-0048,Millbrook AutoPrime 10W-40 (5 L),6,1147.63,6.0,8,True,active,2024-04-24,,2026-01-01 00:00:00,system,2026-01-01 00:00:00,system
105,48,9,SUP009-AEO-0048,Millbrook AutoPrime 10W-40 (5 L),6,1227.71,7.0,7,False,active,2024-07-04,,2026-01-01 00:00:00,system,2026-01-01 00:00:00,system
106,48,6,SUP006-AEO-0048,Millbrook AutoPrime 10W-40 (5 L),6,1197.3,6.0,10,False,active,2024-01-20,,2026-01-01 00:00:00,system,2026-01-01 00:00:00,system
107,49,3,SUP003-AEO-0049,Highpoint RoadShield 0W-20 (10 L),6,2319.49,6.0,10,False,active,2024-08-04,,2026-01-01 00:00:00,system,2026-01-01 00:00:00,system
108,49,5,SUP005-AEO-0049,Highpoint RoadShield 0W-20 (10 L),6,2324.4,7.0,15,False,active,2024-04-24,,2026-01-01 00:00:00,system,2026-01-01 00:00:00,system
109,49,4,SUP004-AEO-0049,Highpoint RoadShield 0W-20 (10 L),6,2440.13,7.0,8,True,active,2024-01-25,,2026-01-01 00:00:00,system,2026-01-01 00:00:00,system
110,50,11,SUP011-AEO-0050,Fieldmark DriveCore 0W-20 (15 L),6,3884.09,7.0,8,True,active,2025-03-27,,2026-01-01 00:00:00,system,2026-01-01 00:00:00,system
111,50,5,SUP005-AEO-0050,Fieldmark DriveCore 0W-20 (15 L),6,3762.7,5.0,13,False,active,2024-12-28,,2026-01-01 00:00:00,system,2026-01-01 00:00:00,system
112,50,2,SUP002-AEO-0050,Fieldmark DriveCore 0W-20 (15 L),6,3669.56,6.0,13,False,active,2024-10-02,,2026-01-01 00:00:00,system,2026-01-01 00:00:00,system
113,51,16,SUP016-AEO-0051,Northmark EngineMax 0W-20 (20 L),6,5184.48,9.0,8,True,active,2024-09-02,,2026-01-01 00:00:00,system,2026-01-01 00:00:00,system
114,52,8,SUP008-AEO-0052,Ironcrest AutoPrime 0W-20 (25 L),6,5924.0,7.0,10,False,active,2025-08-15,,2026-01-01 00:00:00,system,2026-01-01 00:00:00,system
115,52,1,SUP001-AEO-0052,Ironcrest AutoPrime 0W-20 (25 L),6,5722.84,5.0,6,True,active,2025-05-10,,2026-01-01 00:00:00,system,2026-01-01 00:00:00,system
116,53,6,SUP006-AEO-0053,Redstone RoadShield 5W-30 (30 L),6,7286.76,7.0,8,False,active,2025-03-24,,2026-01-01 00:00:00,system,2026-01-01 00:00:00,system
117,53,8,SUP008-AEO-0053,Redstone RoadShield 5W-30 (30 L),6,6949.65,6.0,8,True,active,2024-07-25,,2026-01-01 00:00:00,system,2026-01-01 00:00:00,system
118,54,17,SUP017-AEO-0054,Westmark DriveCore 5W-30 (50 L),6,13249.41,3.0,8,False,active,2025-03-31,,2026-01-01 00:00:00,system,2026-01-01 00:00:00,system
119,54,8,SUP008-AEO-0054,Westmark DriveCore 5W-30 (50 L),6,12265.83,2.0,8,False,active,2025-08-10,,2026-01-01 00:00:00,system,2026-01-01 00:00:00,system
120,54,11,SUP011-AEO-0054,Westmark DriveCore 5W-30 (50 L),6,13576.26,2.0,8,True,active,2025-08-31,,2026-01-01 00:00:00,system,2026-01-01 00:00:00,system
121,55,4,SUP004-AEO-0055,Crestfield EngineMax 5W-30 (55 L),6,13768.94,2.0,6,False,inactive,2024-03-03,2025-03-09,2026-01-01 00:00:00,system,2026-01-01 00:00:00,system
122,56,4,SUP004-AEO-0056,Stonebridge AutoPrime 5W-30 (180 L),6,39458.64,2.0,10,False,active,2025-01-16,,2026-01-01 00:00:00,system,2026-01-01 00:00:00,system
123,56,10,SUP010-AEO-0056,Stonebridge AutoPrime 5W-30 (180 L),6,42941.18,2.0,5,False,active,2024-07-11,,2026-01-01 00:00:00,system,2026-01-01 00:00:00,system
124,56,16,SUP016-AEO-0056,Stonebridge AutoPrime 5W-30 (180 L),6,44140.87,2.0,7,True,active,2025-05-29,,2026-01-01 00:00:00,system,2026-01-01 00:00:00,system
125,57,7,SUP007-AEO-0057,Ridgewell RoadShield 5W-40 (210 L),6,45872.26,1.0,11,True,active,2025-11-23,,2026-01-01 00:00:00,system,2026-01-01 00:00:00,system
126,57,18,SUP018-AEO-0057,Ridgewell RoadShield 5W-40 (210 L),6,52948.32,1.0,4,False,active,2024-04-24,,2026-01-01 00:00:00,system,2026-01-01 00:00:00,system
127,58,6,SUP006-AEO-0058,Millbrook DriveCore 5W-40 (1000 L),1,227.01,1050.0,7,False,active,2024-01-16,,2026-01-01 00:00:00,system,2026-01-01 00:00:00,system
128,58,10,SUP010-AEO-0058,Millbrook DriveCore 5W-40 (1000 L),1,235.58,950.0,5,True,active,2025-08-10,,2026-01-01 00:00:00,system,2026-01-01 00:00:00,system
129,58,1,SUP001-AEO-0058,Millbrook DriveCore 5W-40 (1000 L),1,222.93,900.0,9,False,active,2025-02-24,,2026-01-01 00:00:00,system,2026-01-01 00:00:00,system
130,58,7,SUP007-AEO-0058,Millbrook DriveCore 5W-40 (1000 L),1,227.02,1100.0,11,False,active,2024-10-08,,2026-01-01 00:00:00,system,2026-01-01 00:00:00,system
131,59,5,SUP005-AEO-0059,Highpoint EngineMax 5W-40 (800 ML),6,186.99,14.0,14,False,active,2024-01-27,,2026-01-01 00:00:00,system,2026-01-01 00:00:00,system
132,59,18,SUP018-AEO-0059,Highpoint EngineMax 5W-40 (800 ML),6,224.48,14.0,5,False,active,2024-11-26,,2026-01-01 00:00:00,system,2026-01-01 00:00:00,system
133,59,9,SUP009-AEO-0059,Highpoint EngineMax 5W-40 (800 ML),6,217.2,13.0,5,True,active,2025-10-19,,2026-01-01 00:00:00,system,2026-01-01 00:00:00,system
134,60,10,SUP010-AEO-0060,Fieldmark AutoPrime 5W-40 (1 L),6,268.18,12.0,5,True,active,2025-06-24,,2026-01-01 00:00:00,system,2026-01-01 00:00:00,system
135,60,1,SUP001-AEO-0060,Fieldmark AutoPrime 5W-40 (1 L),6,240.21,14.0,10,False,active,2024-06-27,,2026-01-01 00:00:00,system,2026-01-01 00:00:00,system
136,61,15,SUP015-AEO-0061,Northmark RoadShield 10W-40 (1.2 L),6,333.8,18.0,4,True,active,2024-10-24,,2026-01-01 00:00:00,system,2026-01-01 00:00:00,system
137,61,13,SUP013-AEO-0061,Northmark RoadShield 10W-40 (1.2 L),6,305.89,15.0,3,False,active,2024-03-05,,2026-01-01 00:00:00,system,2026-01-01 00:00:00,system
138,61,3,SUP003-AEO-0061,Northmark RoadShield 10W-40 (1.2 L),6,296.53,11.0,11,False,active,2024-07-23,,2026-01-01 00:00:00,system,2026-01-01 00:00:00,system
139,62,10,SUP010-AEO-0062,Ironcrest DriveCore 10W-40 (3 L),6,734.83,16.0,7,True,active,2024-05-04,,2026-01-01 00:00:00,system,2026-01-01 00:00:00,system
140,63,11,SUP011-AEO-0063,Redstone EngineMax 10W-40 (5 L),6,1237.78,8.0,8,False,inactive,2024-12-04,2025-05-05,2026-01-01 00:00:00,system,2026-01-01 00:00:00,system
141,63,14,SUP014-AEO-0063,Redstone EngineMax 10W-40 (5 L),6,1294.41,6.0,4,False,inactive,2024-03-22,2025-02-03,2026-01-01 00:00:00,system,2026-01-01 00:00:00,system
142,63,17,SUP017-AEO-0063,Redstone EngineMax 10W-40 (5 L),6,1360.07,7.0,9,False,inactive,2024-06-30,2025-03-29,2026-01-01 00:00:00,system,2026-01-01 00:00:00,system
143,64,9,SUP009-AEO-0064,Westmark AutoPrime 10W-40 (10 L),6,2595.73,7.0,5,False,inactive,2024-08-02,2025-06-23,2026-01-01 00:00:00,system,2026-01-01 00:00:00,system
144,64,15,SUP015-AEO-0064,Westmark AutoPrime 10W-40 (10 L),6,2576.59,7.0,9,False,inactive,2024-05-11,2025-10-28,2026-01-01 00:00:00,system,2026-01-01 00:00:00,system
145,65,3,SUP003-AEO-0065,Crestfield RoadShield 0W-20 (15 L),6,3763.95,6.0,10,True,active,2025-04-04,,2026-01-01 00:00:00,system,2026-01-01 00:00:00,system
146,65,5,SUP005-AEO-0065,Crestfield RoadShield 0W-20 (15 L),6,3709.27,6.0,14,False,active,2025-05-20,,2026-01-01 00:00:00,system,2026-01-01 00:00:00,system
147,66,7,SUP007-AEO-0066,Stonebridge DriveCore 0W-20 (20 L),6,4835.62,7.0,9,True,active,2024-11-11,,2026-01-01 00:00:00,system,2026-01-01 00:00:00,system
148,66,17,SUP017-AEO-0066,Stonebridge DriveCore 0W-20 (20 L),6,5362.55,7.0,10,False,active,2025-08-16,,2026-01-01 00:00:00,system,2026-01-01 00:00:00,system
149,66,1,SUP001-AEO-0066,Stonebridge DriveCore 0W-20 (20 L),6,4590.38,6.0,10,False,active,2025-05-20,,2026-01-01 00:00:00,system,2026-01-01 00:00:00,system
150,67,13,SUP013-AEO-0067,Ridgewell EngineMax 0W-20 (25 L),6,6243.23,8.0,7,False,active,2025-09-28,,2026-01-01 00:00:00,system,2026-01-01 00:00:00,system
151,67,1,SUP001-AEO-0067,Ridgewell EngineMax 0W-20 (25 L),6,5931.82,5.0,8,True,active,2024-12-28,,2026-01-01 00:00:00,system,2026-01-01 00:00:00,system
152,68,5,SUP005-AEO-0068,Millbrook AutoPrime 0W-20 (30 L),6,7378.62,6.0,14,True,active,2024-02-10,,2026-01-01 00:00:00,system,2026-01-01 00:00:00,system
153,69,9,SUP009-AEO-0069,Highpoint RoadShield 5W-30 (50 L),6,13453.19,3.0,6,True,active,2025-04-11,,2026-01-01 00:00:00,system,2026-01-01 00:00:00,system
154,69,6,SUP006-AEO-0069,Highpoint RoadShield 5W-30 (50 L),6,11573.65,2.0,9,False,active,2024-05-07,,2026-01-01 00:00:00,system,2026-01-01 00:00:00,system
155,70,2,SUP002-AEO-0070,Fieldmark DriveCore 5W-30 (55 L),6,13752.03,2.0,9,False,active,2025-08-02,,2026-01-01 00:00:00,system,2026-01-01 00:00:00,system
156,70,9,SUP009-AEO-0070,Fieldmark DriveCore 5W-30 (55 L),6,14908.75,3.0,7,False,active,2024-05-11,,2026-01-01 00:00:00,system,2026-01-01 00:00:00,system
157,70,11,SUP011-AEO-0070,Fieldmark DriveCore 5W-30 (55 L),6,14342.1,3.0,7,True,active,2024-12-31,,2026-01-01 00:00:00,system,2026-01-01 00:00:00,system
158,71,11,SUP011-AEO-0071,Northmark FleetGuard 10W-30 (5 L),6,1292.26,6.0,8,False,inactive,2024-05-23,2025-09-29,2026-01-01 00:00:00,system,2026-01-01 00:00:00,system
159,71,13,SUP013-AEO-0071,Northmark FleetGuard 10W-30 (5 L),6,1296.38,8.0,8,False,inactive,2024-06-16,2025-09-21,2026-01-01 00:00:00,system,2026-01-01 00:00:00,system
160,71,7,SUP007-AEO-0071,Northmark FleetGuard 10W-30 (5 L),6,1184.54,6.0,13,False,inactive,2024-07-21,2025-07-25,2026-01-01 00:00:00,system,2026-01-01 00:00:00,system
161,72,2,SUP002-AEO-0072,Ironcrest DieselCore 10W-30 (10 L),6,2392.2,6.0,13,False,active,2025-02-19,,2026-01-01 00:00:00,system,2026-01-01 00:00:00,system
162,72,5,SUP005-AEO-0072,Ironcrest DieselCore 10W-30 (10 L),6,2265.89,5.0,10,False,active,2024-08-18,,2026-01-01 00:00:00,system,2026-01-01 00:00:00,system
163,72,17,SUP017-AEO-0072,Ironcrest DieselCore 10W-30 (10 L),6,2647.73,8.0,6,True,active,2025-05-16,,2026-01-01 00:00:00,system,2026-01-01 00:00:00,system
164,73,1,SUP001-AEO-0073,Redstone HaulPro 10W-30 (15 L),6,3559.06,6.0,8,False,active,2024-11-23,,2026-01-01 00:00:00,system,2026-01-01 00:00:00,system
165,73,7,SUP007-AEO-0073,Redstone HaulPro 10W-30 (15 L),6,3712.22,6.0,10,True,active,2024-10-26,,2026-01-01 00:00:00,system,2026-01-01 00:00:00,system
166,73,6,SUP006-AEO-0073,Redstone HaulPro 10W-30 (15 L),6,3514.19,7.0,7,False,active,2024-11-11,,2026-01-01 00:00:00,system,2026-01-01 00:00:00,system
167,74,10,SUP010-AEO-0074,Westmark TorqueShield 10W-30 (20 L),6,4925.69,7.0,2,False,inactive,2023-11-26,2025-03-20,2026-01-01 00:00:00,system,2026-01-01 00:00:00,system
168,74,5,SUP005-AEO-0074,Westmark TorqueShield 10W-30 (20 L),6,4925.61,7.0,14,False,inactive,2024-09-17,2025-11-24,2026-01-01 00:00:00,system,2026-01-01 00:00:00,system
169,75,18,SUP018-AEO-0075,Crestfield FleetGuard 15W-40 (25 L),6,6516.82,9.0,7,False,active,2024-12-11,,2026-01-01 00:00:00,system,2026-01-01 00:00:00,system
170,75,17,SUP017-AEO-0075,Crestfield FleetGuard 15W-40 (25 L),6,6546.87,8.0,10,True,active,2025-01-16,,2026-01-01 00:00:00,system,2026-01-01 00:00:00,system
171,75,2,SUP002-AEO-0075,Crestfield FleetGuard 15W-40 (25 L),6,6112.22,5.0,8,False,active,2025-05-28,,2026-01-01 00:00:00,system,2026-01-01 00:00:00,system
172,76,18,SUP018-AEO-0076,Stonebridge DieselCore 15W-40 (30 L),6,7788.04,9.0,8,True,active,2024-07-11,,2026-01-01 00:00:00,system,2026-01-01 00:00:00,system
173,76,1,SUP001-AEO-0076,Stonebridge DieselCore 15W-40 (30 L),6,7449.51,6.0,6,False,active,2025-08-24,,2026-01-01 00:00:00,system,2026-01-01 00:00:00,system
174,77,1,SUP001-AEO-0077,Ridgewell HaulPro 15W-40 (50 L),6,12415.64,2.0,5,False,active,2025-11-08,,2026-01-01 00:00:00,system,2026-01-01 00:00:00,system
175,77,8,SUP008-AEO-0077,Ridgewell HaulPro 15W-40 (50 L),6,11339.48,2.0,9,True,active,2024-05-10,,2026-01-01 00:00:00,system,2026-01-01 00:00:00,system
176,78,5,SUP005-AEO-0078,Millbrook TorqueShield 15W-40 (55 L),6,12433.3,2.0,15,True,active,2025-06-12,,2026-01-01 00:00:00,system,2026-01-01 00:00:00,system
177,79,6,SUP006-AEO-0079,Highpoint FleetGuard 20W-40 (180 L),6,43009.73,2.0,7,True,active,2024-04-24,,2026-01-01 00:00:00,system,2026-01-01 00:00:00,system
178,79,8,SUP008-AEO-0079,Highpoint FleetGuard 20W-40 (180 L),6,41766.74,2.0,13,False,active,2024-04-10,,2026-01-01 00:00:00,system,2026-01-01 00:00:00,system
179,80,12,SUP012-AEO-0080,Fieldmark DieselCore 20W-40 (210 L),6,48891.95,1.0,10,True,active,2024-01-12,,2026-01-01 00:00:00,system,2026-01-01 00:00:00,system
180,81,15,SUP015-AEO-0081,Northmark HaulPro 20W-40 (1000 L),1,233.7,1550.0,8,False,active,2024-09-22,,2026-01-01 00:00:00,system,2026-01-01 00:00:00,system
181,81,3,SUP003-AEO-0081,Northmark HaulPro 20W-40 (1000 L),1,207.39,1200.0,8,True,active,2024-07-12,,2026-01-01 00:00:00,system,2026-01-01 00:00:00,system
182,82,17,SUP017-AEO-0082,Ironcrest TorqueShield 20W-40 (800 ML),6,210.95,16.0,8,True,active,2024-10-09,,2026-01-01 00:00:00,system,2026-01-01 00:00:00,system
183,83,18,SUP018-AEO-0083,Redstone FleetGuard 20W-50 (1 L),6,252.85,16.0,8,True,active,2024-06-28,,2026-01-01 00:00:00,system,2026-01-01 00:00:00,system
184,84,12,SUP012-AEO-0084,Westmark DieselCore 20W-50 (1.2 L),6,305.68,13.0,9,False,active,2025-12-10,,2026-01-01 00:00:00,system,2026-01-01 00:00:00,system
185,84,16,SUP016-AEO-0084,Westmark DieselCore 20W-50 (1.2 L),6,304.54,13.0,3,True,active,2024-10-23,,2026-01-01 00:00:00,system,2026-01-01 00:00:00,system
186,85,1,SUP001-AEO-0085,Crestfield HaulPro 20W-50 (3 L),6,739.19,11.0,8,False,active,2024-11-29,,2026-01-01 00:00:00,system,2026-01-01 00:00:00,system
187,85,2,SUP002-AEO-0085,Crestfield HaulPro 20W-50 (3 L),6,677.06,11.0,10,True,active,2025-01-26,,2026-01-01 00:00:00,system,2026-01-01 00:00:00,system
188,86,1,SUP001-AEO-0086,Stonebridge TorqueShield 20W-50 (5 L),6,1136.98,6.0,6,True,active,2024-12-25,,2026-01-01 00:00:00,system,2026-01-01 00:00:00,system
189,87,5,SUP005-AEO-0087,Ridgewell FleetGuard 10W-30 (10 L),6,2484.55,6.0,12,False,active,2024-11-22,,2026-01-01 00:00:00,system,2026-01-01 00:00:00,system
190,87,13,SUP013-AEO-0087,Ridgewell FleetGuard 10W-30 (10 L),6,2479.86,8.0,6,True,active,2025-06-12,,2026-01-01 00:00:00,system,2026-01-01 00:00:00,system
191,88,10,SUP010-AEO-0088,Millbrook DieselCore 10W-30 (15 L),6,4021.18,7.0,5,True,active,2024-05-22,,2026-01-01 00:00:00,system,2026-01-01 00:00:00,system
192,88,2,SUP002-AEO-0088,Millbrook DieselCore 10W-30 (15 L),6,3620.84,6.0,12,False,active,2025-01-29,,2026-01-01 00:00:00,system,2026-01-01 00:00:00,system
193,89,7,SUP007-AEO-0089,Highpoint HaulPro 10W-30 (20 L),6,4613.56,7.0,14,True,active,2024-06-19,,2026-01-01 00:00:00,system,2026-01-01 00:00:00,system
194,90,8,SUP008-AEO-0090,Fieldmark TorqueShield 10W-30 (25 L),6,5773.23,5.0,11,False,active,2024-11-19,,2026-01-01 00:00:00,system,2026-01-01 00:00:00,system
195,90,2,SUP002-AEO-0090,Fieldmark TorqueShield 10W-30 (25 L),6,6012.07,7.0,9,False,active,2025-02-04,,2026-01-01 00:00:00,system,2026-01-01 00:00:00,system
196,90,3,SUP003-AEO-0090,Fieldmark TorqueShield 10W-30 (25 L),6,6091.69,6.0,9,False,active,2024-08-26,,2026-01-01 00:00:00,system,2026-01-01 00:00:00,system
197,90,10,SUP010-AEO-0090,Fieldmark TorqueShield 10W-30 (25 L),6,6530.37,8.0,4,True,active,2025-06-06,,2026-01-01 00:00:00,system,2026-01-01 00:00:00,system
198,91,3,SUP003-AEO-0091,Northmark FleetGuard 15W-40 (30 L),6,7180.32,6.0,9,False,active,2025-08-14,,2026-01-01 00:00:00,system,2026-01-01 00:00:00,system
199,91,14,SUP014-AEO-0091,Northmark FleetGuard 15W-40 (30 L),6,8139.94,8.0,2,True,active,2025-11-26,,2026-01-01 00:00:00,system,2026-01-01 00:00:00,system
200,92,6,SUP006-AEO-0092,Ironcrest DieselCore 15W-40 (50 L),6,11588.99,2.0,11,False,active,2025-09-20,,2026-01-01 00:00:00,system,2026-01-01 00:00:00,system
201,92,8,SUP008-AEO-0092,Ironcrest DieselCore 15W-40 (50 L),6,11367.54,2.0,11,False,active,2025-11-08,,2026-01-01 00:00:00,system,2026-01-01 00:00:00,system
202,92,9,SUP009-AEO-0092,Ironcrest DieselCore 15W-40 (50 L),6,12394.09,3.0,4,True,active,2024-11-24,,2026-01-01 00:00:00,system,2026-01-01 00:00:00,system
203,93,2,SUP002-AEO-0093,Redstone HaulPro 15W-40 (55 L),6,13421.9,2.0,9,False,active,2024-02-08,,2026-01-01 00:00:00,system,2026-01-01 00:00:00,system
204,93,6,SUP006-AEO-0093,Redstone HaulPro 15W-40 (55 L),6,13417.18,2.0,6,True,active,2024-02-06,,2026-01-01 00:00:00,system,2026-01-01 00:00:00,system
205,94,9,SUP009-AEO-0094,Westmark TorqueShield 15W-40 (180 L),6,43947.88,2.0,6,False,active,2024-10-11,,2026-01-01 00:00:00,system,2026-01-01 00:00:00,system
206,94,14,SUP014-AEO-0094,Westmark TorqueShield 15W-40 (180 L),6,42403.66,3.0,3,True,active,2025-11-07,,2026-01-01 00:00:00,system,2026-01-01 00:00:00,system
207,94,2,SUP002-AEO-0094,Westmark TorqueShield 15W-40 (180 L),6,42720.9,2.0,11,False,active,2025-11-29,,2026-01-01 00:00:00,system,2026-01-01 00:00:00,system
208,95,1,SUP001-AEO-0095,Crestfield FleetGuard 20W-40 (210 L),6,46285.35,1.0,9,False,active,2024-07-02,,2026-01-01 00:00:00,system,2026-01-01 00:00:00,system
209,95,8,SUP008-AEO-0095,Crestfield FleetGuard 20W-40 (210 L),6,46236.31,1.0,13,False,active,2025-05-22,,2026-01-01 00:00:00,system,2026-01-01 00:00:00,system
210,95,5,SUP005-AEO-0095,Crestfield FleetGuard 20W-40 (210 L),6,48295.13,1.0,13,False,active,2024-04-25,,2026-01-01 00:00:00,system,2026-01-01 00:00:00,system
211,95,10,SUP010-AEO-0095,Crestfield FleetGuard 20W-40 (210 L),6,49149.28,1.0,4,True,active,2024-01-23,,2026-01-01 00:00:00,system,2026-01-01 00:00:00,system
212,96,5,SUP005-AEO-0096,Stonebridge DieselCore 20W-40 (1000 L),1,210.09,1100.0,15,True,active,2024-10-17,,2026-01-01 00:00:00,system,2026-01-01 00:00:00,system
213,97,13,SUP013-AEO-0097,Ridgewell HaulPro 20W-40 (800 ML),6,196.83,14.0,6,True,active,2024-06-19,,2026-01-01 00:00:00,system,2026-01-01 00:00:00,system
214,98,14,SUP014-AEO-0098,Millbrook TorqueShield 20W-40 (1 L),6,270.55,16.0,5,True,active,2025-07-17,,2026-01-01 00:00:00,system,2026-01-01 00:00:00,system
215,99,2,SUP002-AEO-0099,Highpoint FleetGuard 20W-50 (1.2 L),6,288.3,11.0,9,True,active,2024-11-06,,2026-01-01 00:00:00,system,2026-01-01 00:00:00,system
216,100,5,SUP005-AEO-0100,Fieldmark DieselCore 20W-50 (3 L),6,748.54,12.0,11,True,active,2025-01-05,,2026-01-01 00:00:00,system,2026-01-01 00:00:00,system
217,100,13,SUP013-AEO-0100,Fieldmark DieselCore 20W-50 (3 L),6,739.62,14.0,4,False,active,2025-01-10,,2026-01-01 00:00:00,system,2026-01-01 00:00:00,system
218,101,7,SUP007-AEO-0101,Northmark HaulPro 20W-50 (5 L),6,1186.25,5.0,12,True,active,2025-04-11,,2026-01-01 00:00:00,system,2026-01-01 00:00:00,system
219,101,3,SUP003-AEO-0101,Northmark HaulPro 20W-50 (5 L),6,1241.63,6.0,9,False,active,2025-05-30,,2026-01-01 00:00:00,system,2026-01-01 00:00:00,system
220,102,10,SUP010-AEO-0102,Ironcrest TorqueShield 20W-50 (10 L),6,2644.57,7.0,4,True,active,2024-11-13,,2026-01-01 00:00:00,system,2026-01-01 00:00:00,system
221,102,18,SUP018-AEO-0102,Ironcrest TorqueShield 20W-50 (10 L),6,2644.24,9.0,4,False,active,2024-12-24,,2026-01-01 00:00:00,system,2026-01-01 00:00:00,system
222,102,4,SUP004-AEO-0102,Ironcrest TorqueShield 20W-50 (10 L),6,2352.76,5.0,8,False,active,2025-12-14,,2026-01-01 00:00:00,system,2026-01-01 00:00:00,system
223,103,10,SUP010-AEO-0103,Redstone FleetGuard 10W-30 (15 L),6,3793.96,8.0,2,True,active,2025-08-14,,2026-01-01 00:00:00,system,2026-01-01 00:00:00,system
224,104,8,SUP008-AEO-0104,Westmark DieselCore 10W-30 (20 L),6,4983.98,6.0,9,False,active,2024-04-23,,2026-01-01 00:00:00,system,2026-01-01 00:00:00,system
225,104,13,SUP013-AEO-0104,Westmark DieselCore 10W-30 (20 L),6,5045.04,8.0,8,True,active,2024-08-11,,2026-01-01 00:00:00,system,2026-01-01 00:00:00,system
226,104,12,SUP012-AEO-0104,Westmark DieselCore 10W-30 (20 L),6,5304.0,8.0,8,False,active,2025-08-28,,2026-01-01 00:00:00,system,2026-01-01 00:00:00,system
227,104,10,SUP010-AEO-0104,Westmark DieselCore 10W-30 (20 L),6,5036.4,7.0,5,False,active,2025-10-19,,2026-01-01 00:00:00,system,2026-01-01 00:00:00,system
228,105,1,SUP001-AEO-0105,Crestfield HaulPro 10W-30 (25 L),6,6190.54,6.0,9,True,active,2025-09-30,,2026-01-01 00:00:00,system,2026-01-01 00:00:00,system
229,106,8,SUP008-AEO-0106,Stonebridge TorqueShield 10W-30 (30 L),6,6973.29,6.0,13,True,active,2024-12-02,,2026-01-01 00:00:00,system,2026-01-01 00:00:00,system
230,107,10,SUP010-AEO-0107,Ridgewell FleetGuard 15W-40 (50 L),6,13277.23,3.0,6,False,active,2025-05-21,,2026-01-01 00:00:00,system,2026-01-01 00:00:00,system
231,107,11,SUP011-AEO-0107,Ridgewell FleetGuard 15W-40 (50 L),6,13310.1,3.0,7,False,active,2024-02-23,,2026-01-01 00:00:00,system,2026-01-01 00:00:00,system
232,107,1,SUP001-AEO-0107,Ridgewell FleetGuard 15W-40 (50 L),6,11333.94,2.0,5,True,active,2025-09-07,,2026-01-01 00:00:00,system,2026-01-01 00:00:00,system
233,108,10,SUP010-AEO-0108,Millbrook DieselCore 15W-40 (55 L),6,14584.27,2.0,6,True,active,2024-02-27,,2026-01-01 00:00:00,system,2026-01-01 00:00:00,system
234,108,3,SUP003-AEO-0108,Millbrook DieselCore 15W-40 (55 L),6,13751.29,2.0,9,False,active,2024-12-28,,2026-01-01 00:00:00,system,2026-01-01 00:00:00,system
235,108,6,SUP006-AEO-0108,Millbrook DieselCore 15W-40 (55 L),6,12885.41,2.0,11,False,active,2025-05-04,,2026-01-01 00:00:00,system,2026-01-01 00:00:00,system
236,109,2,SUP002-AEO-0109,Highpoint HaulPro 15W-40 (180 L),6,39718.46,2.0,11,False,active,2024-12-01,,2026-01-01 00:00:00,system,2026-01-01 00:00:00,system
237,109,3,SUP003-AEO-0109,Highpoint HaulPro 15W-40 (180 L),6,41321.67,2.0,13,False,active,2024-06-02,,2026-01-01 00:00:00,system,2026-01-01 00:00:00,system
238,109,5,SUP005-AEO-0109,Highpoint HaulPro 15W-40 (180 L),6,41651.5,2.0,12,True,active,2024-05-05,,2026-01-01 00:00:00,system,2026-01-01 00:00:00,system
239,109,7,SUP007-AEO-0109,Highpoint HaulPro 15W-40 (180 L),6,40131.24,2.0,14,False,active,2024-10-25,,2026-01-01 00:00:00,system,2026-01-01 00:00:00,system
240,110,2,SUP002-AEO-0110,Fieldmark TorqueShield 15W-40 (210 L),6,49584.18,1.0,9,False,active,2024-05-20,,2026-01-01 00:00:00,system,2026-01-01 00:00:00,system
241,110,11,SUP011-AEO-0110,Fieldmark TorqueShield 15W-40 (210 L),6,54359.69,1.0,6,True,active,2024-03-30,,2026-01-01 00:00:00,system,2026-01-01 00:00:00,system
242,111,14,SUP014-AEO-0111,Northmark FleetGuard 20W-40 (1000 L),1,224.82,1250.0,7,True,active,2025-01-28,,2026-01-01 00:00:00,system,2026-01-01 00:00:00,system
243,111,13,SUP013-AEO-0111,Northmark FleetGuard 20W-40 (1000 L),1,228.34,1300.0,8,False,active,2024-03-10,,2026-01-01 00:00:00,system,2026-01-01 00:00:00,system
244,111,12,SUP012-AEO-0111,Northmark FleetGuard 20W-40 (1000 L),1,232.56,1000.0,7,False,active,2024-06-12,,2026-01-01 00:00:00,system,2026-01-01 00:00:00,system
245,112,9,SUP009-AEO-0112,Ironcrest DieselCore 20W-40 (800 ML),6,201.66,15.0,8,True,active,2024-05-01,,2026-01-01 00:00:00,system,2026-01-01 00:00:00,system
246,112,18,SUP018-AEO-0112,Ironcrest DieselCore 20W-40 (800 ML),6,207.83,13.0,7,False,active,2025-08-03,,2026-01-01 00:00:00,system,2026-01-01 00:00:00,system
247,112,12,SUP012-AEO-0112,Ironcrest DieselCore 20W-40 (800 ML),6,200.5,15.0,9,False,active,2024-01-20,,2026-01-01 00:00:00,system,2026-01-01 00:00:00,system
248,112,10,SUP010-AEO-0112,Ironcrest DieselCore 20W-40 (800 ML),6,214.29,15.0,2,False,active,2024-10-19,,2026-01-01 00:00:00,system,2026-01-01 00:00:00,system
249,113,18,SUP018-AEO-0113,Redstone HaulPro 20W-40 (1 L),6,265.48,17.0,7,True,active,2024-12-15,,2026-01-01 00:00:00,system,2026-01-01 00:00:00,system
250,114,2,SUP002-AEO-0114,Westmark TorqueShield 20W-40 (1.2 L),6,271.19,14.0,9,False,inactive,2024-07-04,2025-12-20,2026-01-01 00:00:00,system,2026-01-01 00:00:00,system
251,114,15,SUP015-AEO-0114,Westmark TorqueShield 20W-40 (1.2 L),6,314.19,16.0,9,False,inactive,2025-06-11,2025-09-27,2026-01-01 00:00:00,system,2026-01-01 00:00:00,system
252,115,1,SUP001-AEO-0115,Crestfield FleetGuard 20W-50 (3 L),6,715.01,12.0,9,True,active,2024-08-28,,2026-01-01 00:00:00,system,2026-01-01 00:00:00,system
253,115,3,SUP003-AEO-0115,Crestfield FleetGuard 20W-50 (3 L),6,709.9,12.0,11,False,active,2025-08-01,,2026-01-01 00:00:00,system,2026-01-01 00:00:00,system
254,115,18,SUP018-AEO-0115,Crestfield FleetGuard 20W-50 (3 L),6,840.49,14.0,7,False,active,2024-06-30,,2026-01-01 00:00:00,system,2026-01-01 00:00:00,system
255,116,9,SUP009-AEO-0116,Stonebridge DieselCore 20W-50 (5 L),6,1251.34,6.0,3,False,active,2024-04-12,,2026-01-01 00:00:00,system,2026-01-01 00:00:00,system
256,116,2,SUP002-AEO-0116,Stonebridge DieselCore 20W-50 (5 L),6,1221.49,5.0,11,False,active,2024-01-28,,2026-01-01 00:00:00,system,2026-01-01 00:00:00,system
257,116,10,SUP010-AEO-0116,Stonebridge DieselCore 20W-50 (5 L),6,1354.05,7.0,3,True,active,2024-07-16,,2026-01-01 00:00:00,system,2026-01-01 00:00:00,system
258,117,6,SUP006-AEO-0117,Ridgewell HaulPro 20W-50 (10 L),6,2392.14,5.0,6,True,active,2024-04-30,,2026-01-01 00:00:00,system,2026-01-01 00:00:00,system
259,117,5,SUP005-AEO-0117,Ridgewell HaulPro 20W-50 (10 L),6,2383.08,5.0,13,False,active,2025-07-31,,2026-01-01 00:00:00,system,2026-01-01 00:00:00,system
260,118,2,SUP002-AEO-0118,Millbrook TorqueShield 20W-50 (15 L),6,3695.69,5.0,13,True,active,2024-04-25,,2026-01-01 00:00:00,system,2026-01-01 00:00:00,system
261,118,1,SUP001-AEO-0118,Millbrook TorqueShield 20W-50 (15 L),6,3620.9,6.0,10,False,active,2025-11-24,,2026-01-01 00:00:00,system,2026-01-01 00:00:00,system
262,119,4,SUP004-AEO-0119,Highpoint FleetGuard 10W-30 (20 L),6,4768.83,6.0,5,True,active,2024-05-05,,2026-01-01 00:00:00,system,2026-01-01 00:00:00,system
263,119,6,SUP006-AEO-0119,Highpoint FleetGuard 10W-30 (20 L),6,4733.42,6.0,8,False,active,2025-07-12,,2026-01-01 00:00:00,system,2026-01-01 00:00:00,system
264,119,5,SUP005-AEO-0119,Highpoint FleetGuard 10W-30 (20 L),6,4860.34,7.0,10,False,active,2024-08-18,,2026-01-01 00:00:00,system,2026-01-01 00:00:00,system
265,120,5,SUP005-AEO-0120,Fieldmark DieselCore 10W-30 (25 L),6,5825.51,6.0,14,True,active,2025-06-23,,2026-01-01 00:00:00,system,2026-01-01 00:00:00,system
266,120,18,SUP018-AEO-0120,Fieldmark DieselCore 10W-30 (25 L),6,6310.22,9.0,5,False,active,2024-10-20,,2026-01-01 00:00:00,system,2026-01-01 00:00:00,system
267,120,11,SUP011-AEO-0120,Fieldmark DieselCore 10W-30 (25 L),6,6129.98,8.0,8,False,active,2025-06-30,,2026-01-01 00:00:00,system,2026-01-01 00:00:00,system
268,121,9,SUP009-AEO-0121,Northmark HaulPro 10W-30 (30 L),6,7898.22,7.0,6,True,active,2025-06-22,,2026-01-01 00:00:00,system,2026-01-01 00:00:00,system
269,122,19,SUP019-AEO-0122,Ironcrest TorqueShield 10W-30 (50 L),6,12634.36,2.0,8,False,inactive,2025-05-06,2025-09-25,2026-01-01 00:00:00,system,2026-01-01 00:00:00,system
270,122,18,SUP018-AEO-0122,Ironcrest TorqueShield 10W-30 (50 L),6,13607.62,3.0,5,False,inactive,2024-08-25,2025-10-01,2026-01-01 00:00:00,system,2026-01-01 00:00:00,system
271,123,3,SUP003-AEO-0123,Redstone FleetGuard 15W-40 (55 L),6,13053.88,2.0,7,True,active,2024-08-24,,2026-01-01 00:00:00,system,2026-01-01 00:00:00,system
272,124,6,SUP006-AEO-0124,Westmark DieselCore 15W-40 (180 L),6,43059.16,2.0,9,False,active,2025-03-01,,2026-01-01 00:00:00,system,2026-01-01 00:00:00,system
273,124,13,SUP013-AEO-0124,Westmark DieselCore 15W-40 (180 L),6,42574.23,2.0,7,True,active,2024-10-15,,2026-01-01 00:00:00,system,2026-01-01 00:00:00,system
274,125,17,SUP017-AEO-0125,Crestfield HaulPro 15W-40 (210 L),6,55284.25,1.0,9,True,active,2024-09-02,,2026-01-01 00:00:00,system,2026-01-01 00:00:00,system
275,125,18,SUP018-AEO-0125,Crestfield HaulPro 15W-40 (210 L),6,55948.23,1.0,9,False,active,2025-01-22,,2026-01-01 00:00:00,system,2026-01-01 00:00:00,system
276,125,14,SUP014-AEO-0125,Crestfield HaulPro 15W-40 (210 L),6,49133.76,1.0,3,False,active,2024-01-28,,2026-01-01 00:00:00,system,2026-01-01 00:00:00,system
277,125,8,SUP008-AEO-0125,Crestfield HaulPro 15W-40 (210 L),6,49623.03,1.0,10,False,active,2025-07-20,,2026-01-01 00:00:00,system,2026-01-01 00:00:00,system
278,126,17,SUP017-AEO-0126,Stonebridge TorqueShield 15W-40 (1000 L),1,254.84,1050.0,11,True,active,2025-01-04,,2026-01-01 00:00:00,system,2026-01-01 00:00:00,system
279,127,7,SUP007-AEO-0127,Ridgewell FleetGuard 20W-40 (800 ML),6,197.34,14.0,13,False,active,2025-08-30,,2026-01-01 00:00:00,system,2026-01-01 00:00:00,system
280,127,8,SUP008-AEO-0127,Ridgewell FleetGuard 20W-40 (800 ML),6,184.14,12.0,13,False,active,2025-08-02,,2026-01-01 00:00:00,system,2026-01-01 00:00:00,system
281,127,17,SUP017-AEO-0127,Ridgewell FleetGuard 20W-40 (800 ML),6,224.78,13.0,6,True,active,2025-03-11,,2026-01-01 00:00:00,system,2026-01-01 00:00:00,system
282,128,16,SUP016-AEO-0128,Millbrook DieselCore 20W-40 (1 L),6,255.87,17.0,5,True,active,2024-09-30,,2026-01-01 00:00:00,system,2026-01-01 00:00:00,system
283,128,8,SUP008-AEO-0128,Millbrook DieselCore 20W-40 (1 L),6,241.68,11.0,9,False,active,2025-06-25,,2026-01-01 00:00:00,system,2026-01-01 00:00:00,system
284,128,7,SUP007-AEO-0128,Millbrook DieselCore 20W-40 (1 L),6,251.67,11.0,10,False,active,2025-11-16,,2026-01-01 00:00:00,system,2026-01-01 00:00:00,system
285,129,17,SUP017-AEO-0129,Highpoint HaulPro 20W-40 (1.2 L),6,310.1,17.0,7,False,active,2025-08-31,,2026-01-01 00:00:00,system,2026-01-01 00:00:00,system
286,129,13,SUP013-AEO-0129,Highpoint HaulPro 20W-40 (1.2 L),6,304.41,14.0,5,True,active,2024-10-22,,2026-01-01 00:00:00,system,2026-01-01 00:00:00,system
287,130,14,SUP014-AEO-0130,Fieldmark TorqueShield 20W-40 (3 L),6,752.41,15.0,7,True,active,2025-05-07,,2026-01-01 00:00:00,system,2026-01-01 00:00:00,system
288,131,2,SUP002-AEO-0131,Northmark FleetGuard 20W-50 (5 L),6,1149.52,7.0,13,False,active,2024-11-02,,2026-01-01 00:00:00,system,2026-01-01 00:00:00,system
289,131,6,SUP006-AEO-0131,Northmark FleetGuard 20W-50 (5 L),6,1180.03,6.0,9,True,active,2025-12-04,,2026-01-01 00:00:00,system,2026-01-01 00:00:00,system
290,132,4,SUP004-AEO-0132,Ironcrest DieselCore 20W-50 (10 L),6,2289.62,6.0,9,False,active,2024-06-08,,2026-01-01 00:00:00,system,2026-01-01 00:00:00,system
291,132,3,SUP003-AEO-0132,Ironcrest DieselCore 20W-50 (10 L),6,2446.91,7.0,7,False,active,2024-12-05,,2026-01-01 00:00:00,system,2026-01-01 00:00:00,system
292,132,16,SUP016-AEO-0132,Ironcrest DieselCore 20W-50 (10 L),6,2590.54,7.0,8,False,active,2024-08-20,,2026-01-01 00:00:00,system,2026-01-01 00:00:00,system
293,132,10,SUP010-AEO-0132,Ironcrest DieselCore 20W-50 (10 L),6,2689.31,8.0,5,True,active,2024-03-10,,2026-01-01 00:00:00,system,2026-01-01 00:00:00,system
294,133,3,SUP003-AEO-0133,Redstone HaulPro 20W-50 (15 L),6,3385.82,5.0,10,True,active,2025-02-12,,2026-01-01 00:00:00,system,2026-01-01 00:00:00,system
295,133,5,SUP005-AEO-0133,Redstone HaulPro 20W-50 (15 L),6,3553.91,6.0,10,False,active,2025-09-05,,2026-01-01 00:00:00,system,2026-01-01 00:00:00,system
296,134,4,SUP004-AEO-0134,Westmark TorqueShield 20W-50 (20 L),6,4658.17,6.0,4,True,active,2024-09-03,,2026-01-01 00:00:00,system,2026-01-01 00:00:00,system
297,134,13,SUP013-AEO-0134,Westmark TorqueShield 20W-50 (20 L),6,5007.57,6.0,8,False,active,2025-12-18,,2026-01-01 00:00:00,system,2026-01-01 00:00:00,system
298,135,11,SUP011-AEO-0135,Crestfield FleetGuard 10W-30 (25 L),6,6322.72,7.0,7,True,active,2025-07-26,,2026-01-01 00:00:00,system,2026-01-01 00:00:00,system
299,136,9,SUP009-AEO-0136,Stonebridge FleetLine 10W-40 (15 L),6,4065.84,7.0,3,False,inactive,2025-01-17,2025-12-03,2026-01-01 00:00:00,system,2026-01-01 00:00:00,system
300,136,1,SUP001-AEO-0136,Stonebridge FleetLine 10W-40 (15 L),6,3633.64,6.0,9,False,inactive,2025-01-25,2025-04-08,2026-01-01 00:00:00,system,2026-01-01 00:00:00,system
301,137,17,SUP017-AEO-0137,Ridgewell CargoForce 10W-40 (20 L),6,5281.25,7.0,8,False,active,2025-01-17,,2026-01-01 00:00:00,system,2026-01-01 00:00:00,system
302,137,5,SUP005-AEO-0137,Ridgewell CargoForce 10W-40 (20 L),6,4759.29,7.0,15,True,active,2025-04-12,,2026-01-01 00:00:00,system,2026-01-01 00:00:00,system
303,138,1,SUP001-AEO-0138,Millbrook RoadHaul 10W-40 (25 L),6,6025.8,7.0,6,True,active,2024-11-07,,2026-01-01 00:00:00,system,2026-01-01 00:00:00,system
304,139,11,SUP011-AEO-0139,Highpoint TransitCore 10W-40 (30 L),6,7754.55,8.0,8,False,inactive,2024-02-07,2025-01-30,2026-01-01 00:00:00,system,2026-01-01 00:00:00,system
305,139,1,SUP001-AEO-0139,Highpoint TransitCore 10W-40 (30 L),6,7318.3,7.0,6,False,inactive,2024-11-07,2025-05-11,2026-01-01 00:00:00,system,2026-01-01 00:00:00,system
306,140,13,SUP013-AEO-0140,Fieldmark FleetLine 15W-40 (50 L),6,12667.78,2.0,8,True,active,2024-09-09,,2026-01-01 00:00:00,system,2026-01-01 00:00:00,system
307,140,1,SUP001-AEO-0140,Fieldmark FleetLine 15W-40 (50 L),6,12514.04,2.0,7,False,active,2024-03-15,,2026-01-01 00:00:00,system,2026-01-01 00:00:00,system
308,141,5,SUP005-AEO-0141,Northmark CargoForce 15W-40 (55 L),6,12833.06,2.0,12,False,active,2025-04-07,,2026-01-01 00:00:00,system,2026-01-01 00:00:00,system
309,141,4,SUP004-AEO-0141,Northmark CargoForce 15W-40 (55 L),6,13730.67,2.0,9,False,active,2025-09-20,,2026-01-01 00:00:00,system,2026-01-01 00:00:00,system
310,141,10,SUP010-AEO-0141,Northmark CargoForce 15W-40 (55 L),6,14707.15,2.0,6,False,active,2024-01-20,,2026-01-01 00:00:00,system,2026-01-01 00:00:00,system
311,141,14,SUP014-AEO-0141,Northmark CargoForce 15W-40 (55 L),6,14987.42,2.0,7,True,active,2024-08-20,,2026-01-01 00:00:00,system,2026-01-01 00:00:00,system
312,142,5,SUP005-AEO-0142,Ironcrest RoadHaul 15W-40 (180 L),6,40130.41,2.0,11,True,active,2024-01-18,,2026-01-01 00:00:00,system,2026-01-01 00:00:00,system
313,143,7,SUP007-AEO-0143,Redstone TransitCore 15W-40 (210 L),6,46493.07,1.0,15,True,active,2024-08-16,,2026-01-01 00:00:00,system,2026-01-01 00:00:00,system
314,144,16,SUP016-AEO-0144,Westmark FleetLine 20W-50 (1000 L),1,231.36,1350.0,8,False,active,2024-02-29,,2026-01-01 00:00:00,system,2026-01-01 00:00:00,system
315,144,6,SUP006-AEO-0144,Westmark FleetLine 20W-50 (1000 L),1,221.92,1250.0,9,True,active,2025-09-15,,2026-01-01 00:00:00,system,2026-01-01 00:00:00,system
316,145,18,SUP018-AEO-0145,Crestfield CargoForce 20W-50 (800 ML),6,210.51,13.0,4,True,active,2025-08-09,,2026-01-01 00:00:00,system,2026-01-01 00:00:00,system
317,145,8,SUP008-AEO-0145,Crestfield CargoForce 20W-50 (800 ML),6,197.88,11.0,11,False,active,2025-06-29,,2026-01-01 00:00:00,system,2026-01-01 00:00:00,system
318,145,5,SUP005-AEO-0145,Crestfield CargoForce 20W-50 (800 ML),6,200.12,14.0,14,False,active,2024-05-18,,2026-01-01 00:00:00,system,2026-01-01 00:00:00,system
319,146,18,SUP018-AEO-0146,Stonebridge RoadHaul 20W-50 (1 L),6,269.27,13.0,5,False,active,2024-03-15,,2026-01-01 00:00:00,system,2026-01-01 00:00:00,system
320,146,3,SUP003-AEO-0146,Stonebridge RoadHaul 20W-50 (1 L),6,245.39,12.0,9,False,active,2024-01-30,,2026-01-01 00:00:00,system,2026-01-01 00:00:00,system
321,146,7,SUP007-AEO-0146,Stonebridge RoadHaul 20W-50 (1 L),6,236.72,10.0,12,False,active,2025-05-31,,2026-01-01 00:00:00,system,2026-01-01 00:00:00,system
322,146,15,SUP015-AEO-0146,Stonebridge RoadHaul 20W-50 (1 L),6,276.59,13.0,4,True,active,2025-06-23,,2026-01-01 00:00:00,system,2026-01-01 00:00:00,system
323,147,10,SUP010-AEO-0147,Ridgewell TransitCore 20W-50 (1.2 L),6,294.94,14.0,3,True,active,2024-04-03,,2026-01-01 00:00:00,system,2026-01-01 00:00:00,system
324,148,8,SUP008-AEO-0148,Millbrook FleetLine 10W-40 (3 L),6,709.71,13.0,10,True,active,2025-03-01,,2026-01-01 00:00:00,system,2026-01-01 00:00:00,system
325,149,2,SUP002-AEO-0149,Highpoint CargoForce 10W-40 (5 L),6,1248.91,6.0,8,True,active,2025-06-16,,2026-01-01 00:00:00,system,2026-01-01 00:00:00,system
326,149,3,SUP003-AEO-0149,Highpoint CargoForce 10W-40 (5 L),6,1138.81,6.0,9,False,active,2024-09-04,,2026-01-01 00:00:00,system,2026-01-01 00:00:00,system
327,149,16,SUP016-AEO-0149,Highpoint CargoForce 10W-40 (5 L),6,1268.58,8.0,8,False,active,2024-11-15,,2026-01-01 00:00:00,system,2026-01-01 00:00:00,system
328,150,1,SUP001-AEO-0150,Fieldmark RoadHaul 10W-40 (10 L),6,2264.92,5.0,7,True,active,2025-07-25,,2026-01-01 00:00:00,system,2026-01-01 00:00:00,system
329,150,11,SUP011-AEO-0150,Fieldmark RoadHaul 10W-40 (10 L),6,2546.22,6.0,6,False,active,2025-02-07,,2026-01-01 00:00:00,system,2026-01-01 00:00:00,system
330,151,3,SUP003-AEO-0151,Northmark TransitCore 10W-40 (15 L),6,3760.49,5.0,12,True,active,2024-09-19,,2026-01-01 00:00:00,system,2026-01-01 00:00:00,system
331,151,17,SUP017-AEO-0151,Northmark TransitCore 10W-40 (15 L),6,4237.66,8.0,10,False,active,2024-07-17,,2026-01-01 00:00:00,system,2026-01-01 00:00:00,system
332,152,10,SUP010-AEO-0152,Ironcrest FleetLine 15W-40 (20 L),6,5012.14,8.0,4,False,active,2025-09-29,,2026-01-01 00:00:00,system,2026-01-01 00:00:00,system
333,152,6,SUP006-AEO-0152,Ironcrest FleetLine 15W-40 (20 L),6,4894.98,6.0,9,True,active,2025-08-17,,2026-01-01 00:00:00,system,2026-01-01 00:00:00,system
334,152,15,SUP015-AEO-0152,Ironcrest FleetLine 15W-40 (20 L),6,5207.74,9.0,9,False,active,2025-12-29,,2026-01-01 00:00:00,system,2026-01-01 00:00:00,system
335,152,12,SUP012-AEO-0152,Ironcrest FleetLine 15W-40 (20 L),6,5362.18,7.0,9,False,active,2024-02-10,,2026-01-01 00:00:00,system,2026-01-01 00:00:00,system
336,153,7,SUP007-AEO-0153,Redstone CargoForce 15W-40 (25 L),6,5975.51,6.0,12,False,active,2025-02-04,,2026-01-01 00:00:00,system,2026-01-01 00:00:00,system
337,153,17,SUP017-AEO-0153,Redstone CargoForce 15W-40 (25 L),6,6771.75,7.0,9,False,active,2024-05-08,,2026-01-01 00:00:00,system,2026-01-01 00:00:00,system
338,153,5,SUP005-AEO-0153,Redstone CargoForce 15W-40 (25 L),6,6175.3,6.0,10,False,active,2024-11-01,,2026-01-01 00:00:00,system,2026-01-01 00:00:00,system
339,153,6,SUP006-AEO-0153,Redstone CargoForce 15W-40 (25 L),6,5994.93,5.0,10,True,active,2025-06-24,,2026-01-01 00:00:00,system,2026-01-01 00:00:00,system
340,154,1,SUP001-AEO-0154,Westmark RoadHaul 15W-40 (30 L),6,7057.04,6.0,7,False,active,2024-09-03,,2026-01-01 00:00:00,system,2026-01-01 00:00:00,system
341,154,5,SUP005-AEO-0154,Westmark RoadHaul 15W-40 (30 L),6,7022.37,6.0,15,True,active,2024-05-22,,2026-01-01 00:00:00,system,2026-01-01 00:00:00,system
342,155,6,SUP006-AEO-0155,Crestfield TransitCore 15W-40 (50 L),6,12594.66,2.0,7,False,active,2024-11-24,,2026-01-01 00:00:00,system,2026-01-01 00:00:00,system
343,155,8,SUP008-AEO-0155,Crestfield TransitCore 15W-40 (50 L),6,11609.9,2.0,8,False,active,2025-04-07,,2026-01-01 00:00:00,system,2026-01-01 00:00:00,system
344,155,2,SUP002-AEO-0155,Crestfield TransitCore 15W-40 (50 L),6,12213.77,2.0,8,True,active,2025-03-17,,2026-01-01 00:00:00,system,2026-01-01 00:00:00,system
345,156,8,SUP008-AEO-0156,Stonebridge FleetLine 20W-50 (55 L),6,13322.14,2.0,9,False,active,2024-04-22,,2026-01-01 00:00:00,system,2026-01-01 00:00:00,system
346,156,10,SUP010-AEO-0156,Stonebridge FleetLine 20W-50 (55 L),6,13922.5,2.0,2,True,active,2025-11-29,,2026-01-01 00:00:00,system,2026-01-01 00:00:00,system
347,156,9,SUP009-AEO-0156,Stonebridge FleetLine 20W-50 (55 L),6,13580.91,3.0,8,False,active,2025-06-04,,2026-01-01 00:00:00,system,2026-01-01 00:00:00,system
348,156,1,SUP001-AEO-0156,Stonebridge FleetLine 20W-50 (55 L),6,13824.28,2.0,8,False,active,2025-08-17,,2026-01-01 00:00:00,system,2026-01-01 00:00:00,system
349,157,10,SUP010-AEO-0157,Ridgewell CargoForce 20W-50 (180 L),6,44989.51,3.0,5,False,active,2024-07-23,,2026-01-01 00:00:00,system,2026-01-01 00:00:00,system
350,157,9,SUP009-AEO-0157,Ridgewell CargoForce 20W-50 (180 L),6,46585.32,2.0,4,True,active,2024-04-26,,2026-01-01 00:00:00,system,2026-01-01 00:00:00,system
351,158,18,SUP018-AEO-0158,Millbrook RoadHaul 20W-50 (210 L),6,54679.76,1.0,5,True,active,2025-11-24,,2026-01-01 00:00:00,system,2026-01-01 00:00:00,system
352,159,13,SUP013-AEO-0159,Highpoint TransitCore 20W-50 (1000 L),1,243.05,1400.0,6,True,active,2024-05-29,,2026-01-01 00:00:00,system,2026-01-01 00:00:00,system
353,160,3,SUP003-AEO-0160,Fieldmark FleetLine 10W-40 (800 ML),6,189.08,11.0,11,False,active,2025-07-05,,2026-01-01 00:00:00,system,2026-01-01 00:00:00,system
354,160,8,SUP008-AEO-0160,Fieldmark FleetLine 10W-40 (800 ML),6,181.69,12.0,12,False,active,2024-10-13,,2026-01-01 00:00:00,system,2026-01-01 00:00:00,system
355,160,7,SUP007-AEO-0160,Fieldmark FleetLine 10W-40 (800 ML),6,191.91,12.0,11,False,active,2024-08-27,,2026-01-01 00:00:00,system,2026-01-01 00:00:00,system
356,160,9,SUP009-AEO-0160,Fieldmark FleetLine 10W-40 (800 ML),6,205.38,12.0,8,True,active,2024-09-21,,2026-01-01 00:00:00,system,2026-01-01 00:00:00,system
357,161,7,SUP007-AEO-0161,Northmark CargoForce 10W-40 (1 L),6,244.79,12.0,10,False,inactive,2024-07-02,2025-10-27,2026-01-01 00:00:00,system,2026-01-01 00:00:00,system
358,161,3,SUP003-AEO-0161,Northmark CargoForce 10W-40 (1 L),6,245.87,10.0,12,False,inactive,2024-10-29,2025-10-08,2026-01-01 00:00:00,system,2026-01-01 00:00:00,system
359,161,2,SUP002-AEO-0161,Northmark CargoForce 10W-40 (1 L),6,239.96,13.0,8,False,inactive,2024-02-02,2025-03-05,2026-01-01 00:00:00,system,2026-01-01 00:00:00,system
360,161,19,SUP019-AEO-0161,Northmark CargoForce 10W-40 (1 L),6,264.75,14.0,4,False,inactive,2025-02-03,2025-05-17,2026-01-01 00:00:00,system,2026-01-01 00:00:00,system
361,162,11,SUP011-AEO-0162,Ironcrest RoadHaul 10W-40 (1.2 L),6,316.94,14.0,5,False,active,2024-09-08,,2026-01-01 00:00:00,system,2026-01-01 00:00:00,system
362,162,4,SUP004-AEO-0162,Ironcrest RoadHaul 10W-40 (1.2 L),6,279.49,14.0,6,False,active,2025-02-22,,2026-01-01 00:00:00,system,2026-01-01 00:00:00,system
363,162,6,SUP006-AEO-0162,Ironcrest RoadHaul 10W-40 (1.2 L),6,291.52,14.0,9,True,active,2024-07-17,,2026-01-01 00:00:00,system,2026-01-01 00:00:00,system
364,162,17,SUP017-AEO-0162,Ironcrest RoadHaul 10W-40 (1.2 L),6,320.8,17.0,10,False,active,2024-07-19,,2026-01-01 00:00:00,system,2026-01-01 00:00:00,system
365,163,14,SUP014-AEO-0163,Redstone TransitCore 10W-40 (3 L),6,812.14,16.0,3,False,inactive,2024-07-10,2025-10-06,2026-01-01 00:00:00,system,2026-01-01 00:00:00,system
366,163,9,SUP009-AEO-0163,Redstone TransitCore 10W-40 (3 L),6,791.92,15.0,6,False,inactive,2024-10-06,2025-12-14,2026-01-01 00:00:00,system,2026-01-01 00:00:00,system
367,163,8,SUP008-AEO-0163,Redstone TransitCore 10W-40 (3 L),6,752.62,11.0,9,False,inactive,2024-11-20,2025-04-20,2026-01-01 00:00:00,system,2026-01-01 00:00:00,system
368,164,6,SUP006-AEO-0164,Westmark FleetLine 15W-40 (5 L),6,1170.69,5.0,10,False,active,2024-12-29,,2026-01-01 00:00:00,system,2026-01-01 00:00:00,system
369,164,2,SUP002-AEO-0164,Westmark FleetLine 15W-40 (5 L),6,1176.7,6.0,8,True,active,2024-10-08,,2026-01-01 00:00:00,system,2026-01-01 00:00:00,system
370,164,10,SUP010-AEO-0164,Westmark FleetLine 15W-40 (5 L),6,1231.97,7.0,6,False,active,2024-03-01,,2026-01-01 00:00:00,system,2026-01-01 00:00:00,system
371,165,4,SUP004-AEO-0165,Crestfield CargoForce 15W-40 (10 L),6,2379.93,7.0,6,True,active,2024-06-11,,2026-01-01 00:00:00,system,2026-01-01 00:00:00,system
372,165,8,SUP008-AEO-0165,Crestfield CargoForce 15W-40 (10 L),6,2417.17,5.0,13,False,active,2024-07-05,,2026-01-01 00:00:00,system,2026-01-01 00:00:00,system
373,165,3,SUP003-AEO-0165,Crestfield CargoForce 15W-40 (10 L),6,2297.04,6.0,11,False,active,2024-01-20,,2026-01-01 00:00:00,system,2026-01-01 00:00:00,system
374,165,6,SUP006-AEO-0165,Crestfield CargoForce 15W-40 (10 L),6,2319.12,6.0,9,False,active,2024-12-07,,2026-01-01 00:00:00,system,2026-01-01 00:00:00,system
375,166,7,SUP007-AEO-0166,Stonebridge RoadHaul 15W-40 (15 L),6,3491.43,6.0,14,False,active,2025-12-29,,2026-01-01 00:00:00,system,2026-01-01 00:00:00,system
376,166,4,SUP004-AEO-0166,Stonebridge RoadHaul 15W-40 (15 L),6,3756.62,5.0,6,False,active,2025-01-19,,2026-01-01 00:00:00,system,2026-01-01 00:00:00,system
377,166,14,SUP014-AEO-0166,Stonebridge RoadHaul 15W-40 (15 L),6,3963.12,7.0,4,True,active,2024-03-10,,2026-01-01 00:00:00,system,2026-01-01 00:00:00,system
378,166,5,SUP005-AEO-0166,Stonebridge RoadHaul 15W-40 (15 L),6,3427.67,7.0,15,False,active,2025-04-30,,2026-01-01 00:00:00,system,2026-01-01 00:00:00,system
379,167,7,SUP007-AEO-0167,Ridgewell TransitCore 15W-40 (20 L),6,4963.62,6.0,9,False,active,2025-10-16,,2026-01-01 00:00:00,system,2026-01-01 00:00:00,system
380,167,11,SUP011-AEO-0167,Ridgewell TransitCore 15W-40 (20 L),6,5137.32,7.0,7,True,active,2024-12-22,,2026-01-01 00:00:00,system,2026-01-01 00:00:00,system
381,168,11,SUP011-AEO-0168,Millbrook FleetLine 20W-50 (25 L),6,6496.2,7.0,4,True,active,2025-06-06,,2026-01-01 00:00:00,system,2026-01-01 00:00:00,system
382,168,2,SUP002-AEO-0168,Millbrook FleetLine 20W-50 (25 L),6,5765.5,5.0,10,False,active,2025-02-15,,2026-01-01 00:00:00,system,2026-01-01 00:00:00,system
383,168,4,SUP004-AEO-0168,Millbrook FleetLine 20W-50 (25 L),6,6202.63,6.0,5,False,active,2024-02-07,,2026-01-01 00:00:00,system,2026-01-01 00:00:00,system
384,168,5,SUP005-AEO-0168,Millbrook FleetLine 20W-50 (25 L),6,5868.55,7.0,14,False,active,2025-05-23,,2026-01-01 00:00:00,system,2026-01-01 00:00:00,system
385,169,8,SUP008-AEO-0169,Highpoint CargoForce 20W-50 (30 L),6,7537.77,5.0,12,False,active,2025-02-19,,2026-01-01 00:00:00,system,2026-01-01 00:00:00,system
386,169,17,SUP017-AEO-0169,Highpoint CargoForce 20W-50 (30 L),6,8232.15,8.0,9,False,active,2025-01-07,,2026-01-01 00:00:00,system,2026-01-01 00:00:00,system
387,169,4,SUP004-AEO-0169,Highpoint CargoForce 20W-50 (30 L),6,7287.71,7.0,9,True,active,2025-02-18,,2026-01-01 00:00:00,system,2026-01-01 00:00:00,system
388,169,5,SUP005-AEO-0169,Highpoint CargoForce 20W-50 (30 L),6,7202.14,6.0,13,False,active,2024-10-22,,2026-01-01 00:00:00,system,2026-01-01 00:00:00,system
389,170,7,SUP007-AEO-0170,Fieldmark RoadHaul 20W-50 (50 L),6,12288.05,2.0,12,True,active,2025-01-04,,2026-01-01 00:00:00,system,2026-01-01 00:00:00,system
390,170,14,SUP014-AEO-0170,Fieldmark RoadHaul 20W-50 (50 L),6,13492.28,2.0,2,False,active,2024-01-03,,2026-01-01 00:00:00,system,2026-01-01 00:00:00,system
391,170,11,SUP011-AEO-0170,Fieldmark RoadHaul 20W-50 (50 L),6,12322.61,2.0,5,False,active,2024-05-13,,2026-01-01 00:00:00,system,2026-01-01 00:00:00,system
392,171,7,SUP007-AEO-0171,Northmark TransitCore 20W-50 (55 L),6,13660.15,2.0,10,True,active,2024-09-13,,2026-01-01 00:00:00,system,2026-01-01 00:00:00,system
393,172,15,SUP015-AEO-0172,Ironcrest FleetLine 10W-40 (180 L),6,44833.65,3.0,8,False,active,2024-03-28,,2026-01-01 00:00:00,system,2026-01-01 00:00:00,system
394,172,8,SUP008-AEO-0172,Ironcrest FleetLine 10W-40 (180 L),6,40489.41,2.0,10,True,active,2025-03-08,,2026-01-01 00:00:00,system,2026-01-01 00:00:00,system
395,173,14,SUP014-AEO-0173,Redstone CargoForce 10W-40 (210 L),6,49294.99,1.0,6,True,active,2025-10-07,,2026-01-01 00:00:00,system,2026-01-01 00:00:00,system
396,173,6,SUP006-AEO-0173,Redstone CargoForce 10W-40 (210 L),6,45891.06,1.0,7,False,active,2025-09-23,,2026-01-01 00:00:00,system,2026-01-01 00:00:00,system
397,174,8,SUP008-AEO-0174,Westmark RoadHaul 10W-40 (1000 L),1,213.88,1150.0,14,False,inactive,2023-08-11,2025-01-23,2026-01-01 00:00:00,system,2026-01-01 00:00:00,system
398,174,10,SUP010-AEO-0174,Westmark RoadHaul 10W-40 (1000 L),1,224.97,1200.0,3,False,inactive,2025-04-14,2025-12-28,2026-01-01 00:00:00,system,2026-01-01 00:00:00,system
399,174,18,SUP018-AEO-0174,Westmark RoadHaul 10W-40 (1000 L),1,252.75,1200.0,7,False,inactive,2024-08-19,2025-06-17,2026-01-01 00:00:00,system,2026-01-01 00:00:00,system
400,175,18,SUP018-AEO-0175,Crestfield TransitCore 10W-40 (800 ML),6,206.08,13.0,5,True,active,2024-11-01,,2026-01-01 00:00:00,system,2026-01-01 00:00:00,system
401,175,5,SUP005-AEO-0175,Crestfield TransitCore 10W-40 (800 ML),6,192.71,12.0,14,False,active,2025-09-01,,2026-01-01 00:00:00,system,2026-01-01 00:00:00,system
402,175,8,SUP008-AEO-0175,Crestfield TransitCore 10W-40 (800 ML),6,191.02,14.0,8,False,active,2024-04-21,,2026-01-01 00:00:00,system,2026-01-01 00:00:00,system
403,175,9,SUP009-AEO-0175,Crestfield TransitCore 10W-40 (800 ML),6,196.23,12.0,6,False,active,2025-05-29,,2026-01-01 00:00:00,system,2026-01-01 00:00:00,system
404,176,16,SUP016-AEO-0176,Stonebridge FleetLine 15W-40 (1 L),6,268.89,16.0,8,False,active,2025-01-07,,2026-01-01 00:00:00,system,2026-01-01 00:00:00,system
405,176,13,SUP013-AEO-0176,Stonebridge FleetLine 15W-40 (1 L),6,247.54,16.0,6,True,active,2025-09-14,,2026-01-01 00:00:00,system,2026-01-01 00:00:00,system
406,177,13,SUP013-AEO-0177,Ridgewell CargoForce 15W-40 (1.2 L),6,304.23,13.0,5,True,active,2024-07-25,,2026-01-01 00:00:00,system,2026-01-01 00:00:00,system
407,178,11,SUP011-AEO-0178,Millbrook RoadHaul 15W-40 (3 L),6,796.97,12.0,9,False,active,2025-03-31,,2026-01-01 00:00:00,system,2026-01-01 00:00:00,system
408,178,3,SUP003-AEO-0178,Millbrook RoadHaul 15W-40 (3 L),6,691.71,10.0,8,True,active,2025-08-25,,2026-01-01 00:00:00,system,2026-01-01 00:00:00,system
409,179,5,SUP005-AEO-0179,Highpoint TransitCore 15W-40 (5 L),6,1187.42,6.0,11,False,active,2024-02-01,,2026-01-01 00:00:00,system,2026-01-01 00:00:00,system
410,179,17,SUP017-AEO-0179,Highpoint TransitCore 15W-40 (5 L),6,1262.85,8.0,9,False,active,2025-02-03,,2026-01-01 00:00:00,system,2026-01-01 00:00:00,system
411,179,16,SUP016-AEO-0179,Highpoint TransitCore 15W-40 (5 L),6,1361.76,8.0,6,True,active,2024-03-22,,2026-01-01 00:00:00,system,2026-01-01 00:00:00,system
412,180,1,SUP001-AEO-0180,Fieldmark FleetLine 20W-50 (10 L),6,2307.09,7.0,5,True,active,2025-06-14,,2026-01-01 00:00:00,system,2026-01-01 00:00:00,system
413,180,6,SUP006-AEO-0180,Fieldmark FleetLine 20W-50 (10 L),6,2493.52,5.0,9,False,active,2025-10-03,,2026-01-01 00:00:00,system,2026-01-01 00:00:00,system
414,180,2,SUP002-AEO-0180,Fieldmark FleetLine 20W-50 (10 L),6,2280.85,7.0,9,False,active,2024-05-18,,2026-01-01 00:00:00,system,2026-01-01 00:00:00,system
415,181,16,SUP016-AEO-0181,Northmark CargoForce 20W-50 (15 L),6,4186.45,8.0,7,False,active,2025-07-03,,2026-01-01 00:00:00,system,2026-01-01 00:00:00,system
416,181,7,SUP007-AEO-0181,Northmark CargoForce 20W-50 (15 L),6,3464.74,7.0,14,False,active,2024-07-22,,2026-01-01 00:00:00,system,2026-01-01 00:00:00,system
417,181,3,SUP003-AEO-0181,Northmark CargoForce 20W-50 (15 L),6,3615.38,6.0,9,True,active,2025-10-24,,2026-01-01 00:00:00,system,2026-01-01 00:00:00,system
418,182,3,SUP003-AEO-0182,Ironcrest RoadHaul 20W-50 (20 L),6,5021.93,6.0,12,False,inactive,2024-01-07,2025-01-04,2026-01-01 00:00:00,system,2026-01-01 00:00:00,system
419,182,9,SUP009-AEO-0182,Ironcrest RoadHaul 20W-50 (20 L),6,5258.46,7.0,4,False,inactive,2024-12-15,2025-10-28,2026-01-01 00:00:00,system,2026-01-01 00:00:00,system
420,182,12,SUP012-AEO-0182,Ironcrest RoadHaul 20W-50 (20 L),6,5067.32,7.0,6,False,inactive,2024-10-15,2025-05-24,2026-01-01 00:00:00,system,2026-01-01 00:00:00,system
421,182,5,SUP005-AEO-0182,Ironcrest RoadHaul 20W-50 (20 L),6,4972.49,7.0,14,False,inactive,2025-04-23,2025-07-08,2026-01-01 00:00:00,system,2026-01-01 00:00:00,system
422,183,4,SUP004-AEO-0183,Redstone TransitCore 20W-50 (25 L),6,5992.52,6.0,6,True,active,2024-04-26,,2026-01-01 00:00:00,system,2026-01-01 00:00:00,system
423,183,7,SUP007-AEO-0183,Redstone TransitCore 20W-50 (25 L),6,5990.08,6.0,10,False,active,2024-03-13,,2026-01-01 00:00:00,system,2026-01-01 00:00:00,system
424,183,15,SUP015-AEO-0183,Redstone TransitCore 20W-50 (25 L),6,6433.21,7.0,5,False,active,2025-09-06,,2026-01-01 00:00:00,system,2026-01-01 00:00:00,system
425,184,7,SUP007-AEO-0184,Westmark FleetLine 10W-40 (30 L),6,7368.33,7.0,9,False,inactive,2024-03-26,2025-04-11,2026-01-01 00:00:00,system,2026-01-01 00:00:00,system
426,184,13,SUP013-AEO-0184,Westmark FleetLine 10W-40 (30 L),6,8186.58,7.0,3,False,inactive,2024-08-21,2025-03-03,2026-01-01 00:00:00,system,2026-01-01 00:00:00,system
427,185,6,SUP006-AEO-0185,Crestfield CargoForce 10W-40 (50 L),6,12421.49,2.0,6,True,active,2024-03-18,,2026-01-01 00:00:00,system,2026-01-01 00:00:00,system
428,185,12,SUP012-AEO-0185,Crestfield CargoForce 10W-40 (50 L),6,12664.75,3.0,10,False,active,2024-03-02,,2026-01-01 00:00:00,system,2026-01-01 00:00:00,system
429,186,15,SUP015-AEO-0186,Stonebridge RoadHaul 10W-40 (55 L),6,15015.42,3.0,5,True,active,2025-11-11,,2026-01-01 00:00:00,system,2026-01-01 00:00:00,system
430,187,2,SUP002-AEO-0187,Ridgewell TransitCore 10W-40 (180 L),6,42012.97,2.0,13,False,inactive,2024-10-15,2025-03-23,2026-01-01 00:00:00,system,2026-01-01 00:00:00,system
431,187,4,SUP004-AEO-0187,Ridgewell TransitCore 10W-40 (180 L),6,41992.67,2.0,8,False,inactive,2024-10-23,2025-04-02,2026-01-01 00:00:00,system,2026-01-01 00:00:00,system
432,188,4,SUP004-AEO-0188,Millbrook FleetLine 15W-40 (210 L),6,47372.68,1.0,7,True,active,2024-07-12,,2026-01-01 00:00:00,system,2026-01-01 00:00:00,system
433,188,2,SUP002-AEO-0188,Millbrook FleetLine 15W-40 (210 L),6,47294.43,1.0,12,False,active,2024-01-25,,2026-01-01 00:00:00,system,2026-01-01 00:00:00,system
434,188,18,SUP018-AEO-0188,Millbrook FleetLine 15W-40 (210 L),6,55828.09,1.0,6,False,active,2025-01-29,,2026-01-01 00:00:00,system,2026-01-01 00:00:00,system
435,189,10,SUP010-AEO-0189,Highpoint CargoForce 15W-40 (1000 L),1,231.21,1150.0,7,True,active,2024-02-20,,2026-01-01 00:00:00,system,2026-01-01 00:00:00,system
436,189,7,SUP007-AEO-0189,Highpoint CargoForce 15W-40 (1000 L),1,211.8,1200.0,10,False,active,2025-05-14,,2026-01-01 00:00:00,system,2026-01-01 00:00:00,system
437,190,12,SUP012-AEO-0190,Fieldmark RoadHaul 15W-40 (800 ML),6,205.98,12.0,7,True,active,2024-01-15,,2026-01-01 00:00:00,system,2026-01-01 00:00:00,system
438,190,8,SUP008-AEO-0190,Fieldmark RoadHaul 15W-40 (800 ML),6,196.18,13.0,10,False,active,2025-06-23,,2026-01-01 00:00:00,system,2026-01-01 00:00:00,system
439,190,7,SUP007-AEO-0190,Fieldmark RoadHaul 15W-40 (800 ML),6,192.24,14.0,14,False,active,2024-09-30,,2026-01-01 00:00:00,system,2026-01-01 00:00:00,system
440,191,15,SUP015-AEO-0191,Northmark TransitCore 15W-40 (1 L),6,263.53,14.0,7,False,active,2024-09-11,,2026-01-01 00:00:00,system,2026-01-01 00:00:00,system
441,191,9,SUP009-AEO-0191,Northmark TransitCore 15W-40 (1 L),6,263.19,15.0,6,True,active,2024-09-01,,2026-01-01 00:00:00,system,2026-01-01 00:00:00,system
442,191,8,SUP008-AEO-0191,Northmark TransitCore 15W-40 (1 L),6,244.76,12.0,12,False,active,2025-08-09,,2026-01-01 00:00:00,system,2026-01-01 00:00:00,system
443,192,7,SUP007-AEO-0192,Ironcrest FleetLine 20W-50 (1.2 L),6,298.08,14.0,10,False,active,2025-07-19,,2026-01-01 00:00:00,system,2026-01-01 00:00:00,system
444,192,5,SUP005-AEO-0192,Ironcrest FleetLine 20W-50 (1.2 L),6,288.02,11.0,11,False,active,2024-10-29,,2026-01-01 00:00:00,system,2026-01-01 00:00:00,system
445,192,10,SUP010-AEO-0192,Ironcrest FleetLine 20W-50 (1.2 L),6,294.21,13.0,7,True,active,2025-08-24,,2026-01-01 00:00:00,system,2026-01-01 00:00:00,system
446,193,12,SUP012-AEO-0193,Redstone CargoForce 20W-50 (3 L),6,780.02,15.0,6,True,active,2024-01-20,,2026-01-01 00:00:00,system,2026-01-01 00:00:00,system
447,193,10,SUP010-AEO-0193,Redstone CargoForce 20W-50 (3 L),6,781.89,13.0,7,False,active,2025-04-22,,2026-01-01 00:00:00,system,2026-01-01 00:00:00,system
448,193,11,SUP011-AEO-0193,Redstone CargoForce 20W-50 (3 L),6,746.67,15.0,8,False,active,2024-09-15,,2026-01-01 00:00:00,system,2026-01-01 00:00:00,system
449,194,13,SUP013-AEO-0194,Westmark RoadHaul 20W-50 (5 L),6,1249.21,8.0,7,True,active,2024-06-02,,2026-01-01 00:00:00,system,2026-01-01 00:00:00,system
450,194,8,SUP008-AEO-0194,Westmark RoadHaul 20W-50 (5 L),6,1159.34,6.0,9,False,active,2025-07-04,,2026-01-01 00:00:00,system,2026-01-01 00:00:00,system
451,194,3,SUP003-AEO-0194,Westmark RoadHaul 20W-50 (5 L),6,1147.63,6.0,11,False,active,2025-04-15,,2026-01-01 00:00:00,system,2026-01-01 00:00:00,system
452,195,5,SUP005-AEO-0195,Crestfield TransitCore 20W-50 (10 L),6,2330.35,7.0,10,True,active,2024-12-04,,2026-01-01 00:00:00,system,2026-01-01 00:00:00,system
453,196,5,SUP005-AEO-0196,Stonebridge MotoDrive 5W-30 (25 L),6,6233.16,6.0,15,True,active,2024-08-24,,2026-01-01 00:00:00,system,2026-01-01 00:00:00,system
454,196,18,SUP018-AEO-0196,Stonebridge MotoDrive 5W-30 (25 L),6,6663.76,7.0,3,False,active,2025-03-13,,2026-01-01 00:00:00,system,2026-01-01 00:00:00,system
455,197,4,SUP004-AEO-0197,Ridgewell RiderCore 5W-30 (30 L),6,6947.27,6.0,8,False,inactive,2024-11-20,2025-03-14,2026-01-01 00:00:00,system,2026-01-01 00:00:00,system
456,197,15,SUP015-AEO-0197,Ridgewell RiderCore 5W-30 (30 L),6,8292.9,7.0,7,False,inactive,2024-09-06,2025-11-10,2026-01-01 00:00:00,system,2026-01-01 00:00:00,system
457,198,9,SUP009-AEO-0198,Millbrook StreetForce 5W-30 (50 L),6,12387.28,2.0,7,True,active,2024-07-19,,2026-01-01 00:00:00,system,2026-01-01 00:00:00,system
458,199,6,SUP006-AEO-0199,Highpoint MotoGuard 5W-30 (55 L),6,13644.19,2.0,7,True,active,2025-06-11,,2026-01-01 00:00:00,system,2026-01-01 00:00:00,system
459,199,1,SUP001-AEO-0199,Highpoint MotoGuard 5W-30 (55 L),6,12750.78,2.0,8,False,active,2024-12-12,,2026-01-01 00:00:00,system,2026-01-01 00:00:00,system
460,200,6,SUP006-AEO-0200,Fieldmark MotoDrive 10W-30 (180 L),6,41262.01,2.0,10,False,active,2024-12-24,,2026-01-01 00:00:00,system,2026-01-01 00:00:00,system
461,200,1,SUP001-AEO-0200,Fieldmark MotoDrive 10W-30 (180 L),6,40600.92,2.0,7,True,active,2025-11-13,,2026-01-01 00:00:00,system,2026-01-01 00:00:00,system
462,201,6,SUP006-AEO-0201,Northmark RiderCore 10W-30 (210 L),6,48461.51,1.0,11,True,active,2025-10-05,,2026-01-01 00:00:00,system,2026-01-01 00:00:00,system
463,202,11,SUP011-AEO-0202,Ironcrest StreetForce 10W-30 (1000 L),1,234.76,1250.0,6,True,active,2025-12-18,,2026-01-01 00:00:00,system,2026-01-01 00:00:00,system
464,202,13,SUP013-AEO-0202,Ironcrest StreetForce 10W-30 (1000 L),1,235.04,1300.0,8,False,active,2024-10-06,,2026-01-01 00:00:00,system,2026-01-01 00:00:00,system
465,203,5,SUP005-AEO-0203,Redstone MotoGuard 10W-30 (800 ML),6,181.15,10.0,14,False,active,2025-01-16,,2026-01-01 00:00:00,system,2026-01-01 00:00:00,system
466,203,10,SUP010-AEO-0203,Redstone MotoGuard 10W-30 (800 ML),6,199.03,16.0,6,False,active,2025-07-27,,2026-01-01 00:00:00,system,2026-01-01 00:00:00,system
467,203,4,SUP004-AEO-0203,Redstone MotoGuard 10W-30 (800 ML),6,188.51,14.0,4,True,active,2024-06-24,,2026-01-01 00:00:00,system,2026-01-01 00:00:00,system
468,204,7,SUP007-AEO-0204,Westmark MotoDrive 10W-40 (1 L),6,245.85,14.0,10,False,active,2024-08-05,,2026-01-01 00:00:00,system,2026-01-01 00:00:00,system
469,204,5,SUP005-AEO-0204,Westmark MotoDrive 10W-40 (1 L),6,247.62,14.0,14,True,active,2025-11-06,,2026-01-01 00:00:00,system,2026-01-01 00:00:00,system
470,204,12,SUP012-AEO-0204,Westmark MotoDrive 10W-40 (1 L),6,264.0,14.0,7,False,active,2024-01-10,,2026-01-01 00:00:00,system,2026-01-01 00:00:00,system
471,205,9,SUP009-AEO-0205,Crestfield RiderCore 10W-40 (1.2 L),6,327.44,15.0,4,True,active,2025-12-05,,2026-01-01 00:00:00,system,2026-01-01 00:00:00,system
472,205,15,SUP015-AEO-0205,Crestfield RiderCore 10W-40 (1.2 L),6,305.58,16.0,8,False,active,2024-03-04,,2026-01-01 00:00:00,system,2026-01-01 00:00:00,system
473,205,7,SUP007-AEO-0205,Crestfield RiderCore 10W-40 (1.2 L),6,282.59,12.0,10,False,active,2025-04-01,,2026-01-01 00:00:00,system,2026-01-01 00:00:00,system
474,205,1,SUP001-AEO-0205,Crestfield RiderCore 10W-40 (1.2 L),6,285.14,14.0,6,False,active,2025-06-29,,2026-01-01 00:00:00,system,2026-01-01 00:00:00,system
475,206,3,SUP003-AEO-0206,Stonebridge StreetForce 10W-40 (3 L),6,722.8,13.0,11,False,active,2025-05-03,,2026-01-01 00:00:00,system,2026-01-01 00:00:00,system
476,206,2,SUP002-AEO-0206,Stonebridge StreetForce 10W-40 (3 L),6,754.29,14.0,9,True,active,2024-05-01,,2026-01-01 00:00:00,system,2026-01-01 00:00:00,system
477,206,5,SUP005-AEO-0206,Stonebridge StreetForce 10W-40 (3 L),6,700.19,13.0,12,False,active,2024-05-01,,2026-01-01 00:00:00,system,2026-01-01 00:00:00,system
478,207,2,SUP002-AEO-0207,Ridgewell MotoGuard 10W-40 (5 L),6,1148.33,6.0,10,False,inactive,2025-03-07,2025-06-24,2026-01-01 00:00:00,system,2026-01-01 00:00:00,system
479,207,13,SUP013-AEO-0207,Ridgewell MotoGuard 10W-40 (5 L),6,1236.21,8.0,6,False,inactive,2025-07-19,2025-09-22,2026-01-01 00:00:00,system,2026-01-01 00:00:00,system
480,208,14,SUP014-AEO-0208,Millbrook MotoDrive 20W-40 (10 L),6,2449.89,7.0,4,True,active,2025-03-12,,2026-01-01 00:00:00,system,2026-01-01 00:00:00,system
481,208,3,SUP003-AEO-0208,Millbrook MotoDrive 20W-40 (10 L),6,2508.18,7.0,12,False,active,2024-05-15,,2026-01-01 00:00:00,system,2026-01-01 00:00:00,system
482,209,7,SUP007-AEO-0209,Highpoint RiderCore 20W-40 (15 L),6,3756.53,7.0,14,False,active,2024-06-02,,2026-01-01 00:00:00,system,2026-01-01 00:00:00,system
483,209,3,SUP003-AEO-0209,Highpoint RiderCore 20W-40 (15 L),6,3678.34,6.0,10,False,active,2024-02-11,,2026-01-01 00:00:00,system,2026-01-01 00:00:00,system
484,209,4,SUP004-AEO-0209,Highpoint RiderCore 20W-40 (15 L),6,3652.23,7.0,4,True,active,2024-09-23,,2026-01-01 00:00:00,system,2026-01-01 00:00:00,system
485,210,13,SUP013-AEO-0210,Fieldmark StreetForce 20W-40 (20 L),6,5316.88,8.0,8,False,active,2024-12-18,,2026-01-01 00:00:00,system,2026-01-01 00:00:00,system
486,210,3,SUP003-AEO-0210,Fieldmark StreetForce 20W-40 (20 L),6,4849.33,5.0,7,False,active,2025-05-15,,2026-01-01 00:00:00,system,2026-01-01 00:00:00,system
487,210,6,SUP006-AEO-0210,Fieldmark StreetForce 20W-40 (20 L),6,4665.32,6.0,10,True,active,2025-11-20,,2026-01-01 00:00:00,system,2026-01-01 00:00:00,system
488,211,13,SUP013-AEO-0211,Northmark MotoGuard 20W-40 (25 L),6,6739.4,8.0,7,True,active,2024-04-02,,2026-01-01 00:00:00,system,2026-01-01 00:00:00,system
489,211,18,SUP018-AEO-0211,Northmark MotoGuard 20W-40 (25 L),6,6766.78,8.0,4,False,active,2025-06-02,,2026-01-01 00:00:00,system,2026-01-01 00:00:00,system
490,212,11,SUP011-AEO-0212,Ironcrest MotoDrive 5W-30 (30 L),6,7367.25,8.0,9,True,active,2025-12-20,,2026-01-01 00:00:00,system,2026-01-01 00:00:00,system
491,213,13,SUP013-AEO-0213,Redstone RiderCore 5W-30 (50 L),6,12335.31,3.0,5,False,active,2024-12-04,,2026-01-01 00:00:00,system,2026-01-01 00:00:00,system
492,213,10,SUP010-AEO-0213,Redstone RiderCore 5W-30 (50 L),6,12874.99,3.0,2,True,active,2024-06-06,,2026-01-01 00:00:00,system,2026-01-01 00:00:00,system
493,214,17,SUP017-AEO-0214,Westmark StreetForce 5W-30 (55 L),6,14596.78,3.0,9,True,active,2024-06-28,,2026-01-01 00:00:00,system,2026-01-01 00:00:00,system
494,214,11,SUP011-AEO-0214,Westmark StreetForce 5W-30 (55 L),6,14540.65,3.0,4,False,active,2024-10-25,,2026-01-01 00:00:00,system,2026-01-01 00:00:00,system
495,214,4,SUP004-AEO-0214,Westmark StreetForce 5W-30 (55 L),6,12742.31,2.0,6,False,active,2025-12-16,,2026-01-01 00:00:00,system,2026-01-01 00:00:00,system
496,215,11,SUP011-AEO-0215,Crestfield MotoGuard 5W-30 (180 L),6,42558.96,2.0,7,True,active,2025-09-10,,2026-01-01 00:00:00,system,2026-01-01 00:00:00,system
497,216,13,SUP013-AEO-0216,Stonebridge MotoDrive 10W-30 (210 L),6,51533.23,1.0,6,True,active,2024-12-25,,2026-01-01 00:00:00,system,2026-01-01 00:00:00,system
498,216,8,SUP008-AEO-0216,Stonebridge MotoDrive 10W-30 (210 L),6,49321.11,1.0,10,False,active,2024-06-23,,2026-01-01 00:00:00,system,2026-01-01 00:00:00,system
499,216,4,SUP004-AEO-0216,Stonebridge MotoDrive 10W-30 (210 L),6,46629.74,1.0,10,False,active,2025-03-15,,2026-01-01 00:00:00,system,2026-01-01 00:00:00,system
500,217,6,SUP006-AEO-0217,Ridgewell RiderCore 10W-30 (1000 L),1,217.04,850.0,11,True,active,2025-06-01,,2026-01-01 00:00:00,system,2026-01-01 00:00:00,system
501,217,16,SUP016-AEO-0217,Ridgewell RiderCore 10W-30 (1000 L),1,256.89,1400.0,8,False,active,2024-05-28,,2026-01-01 00:00:00,system,2026-01-01 00:00:00,system
502,218,18,SUP018-AEO-0218,Millbrook StreetForce 10W-30 (800 ML),6,216.19,13.0,5,True,active,2025-05-17,,2026-01-01 00:00:00,system,2026-01-01 00:00:00,system
503,218,16,SUP016-AEO-0218,Millbrook StreetForce 10W-30 (800 ML),6,224.62,15.0,5,False,active,2024-02-12,,2026-01-01 00:00:00,system,2026-01-01 00:00:00,system
504,218,11,SUP011-AEO-0218,Millbrook StreetForce 10W-30 (800 ML),6,201.91,15.0,6,False,active,2024-11-06,,2026-01-01 00:00:00,system,2026-01-01 00:00:00,system
505,219,18,SUP018-AEO-0219,Highpoint MotoGuard 10W-30 (1 L),6,269.29,13.0,7,False,active,2024-07-29,,2026-01-01 00:00:00,system,2026-01-01 00:00:00,system
506,219,14,SUP014-AEO-0219,Highpoint MotoGuard 10W-30 (1 L),6,271.33,14.0,5,True,active,2024-07-27,,2026-01-01 00:00:00,system,2026-01-01 00:00:00,system
507,220,11,SUP011-AEO-0220,Fieldmark MotoDrive 10W-40 (1.2 L),6,324.93,12.0,7,True,active,2025-12-06,,2026-01-01 00:00:00,system,2026-01-01 00:00:00,system
508,220,7,SUP007-AEO-0220,Fieldmark MotoDrive 10W-40 (1.2 L),6,274.54,13.0,10,False,active,2024-04-29,,2026-01-01 00:00:00,system,2026-01-01 00:00:00,system
509,221,10,SUP010-AEO-0221,Northmark RiderCore 10W-40 (3 L),6,781.92,15.0,4,False,active,2025-06-02,,2026-01-01 00:00:00,system,2026-01-01 00:00:00,system
510,221,13,SUP013-AEO-0221,Northmark RiderCore 10W-40 (3 L),6,761.59,14.0,6,True,active,2025-06-13,,2026-01-01 00:00:00,system,2026-01-01 00:00:00,system
511,222,1,SUP001-AEO-0222,Ironcrest StreetForce 10W-40 (5 L),6,1181.1,6.0,10,False,active,2024-09-06,,2026-01-01 00:00:00,system,2026-01-01 00:00:00,system
512,222,6,SUP006-AEO-0222,Ironcrest StreetForce 10W-40 (5 L),6,1179.33,7.0,8,True,active,2025-01-24,,2026-01-01 00:00:00,system,2026-01-01 00:00:00,system
513,222,13,SUP013-AEO-0222,Ironcrest StreetForce 10W-40 (5 L),6,1297.44,6.0,8,False,active,2024-02-11,,2026-01-01 00:00:00,system,2026-01-01 00:00:00,system
514,222,4,SUP004-AEO-0222,Ironcrest StreetForce 10W-40 (5 L),6,1147.96,6.0,4,False,active,2025-10-17,,2026-01-01 00:00:00,system,2026-01-01 00:00:00,system
515,223,11,SUP011-AEO-0223,Redstone MotoGuard 10W-40 (10 L),6,2578.7,7.0,4,False,inactive,2024-06-15,2025-05-26,2026-01-01 00:00:00,system,2026-01-01 00:00:00,system
516,223,6,SUP006-AEO-0223,Redstone MotoGuard 10W-40 (10 L),6,2305.75,6.0,10,False,inactive,2024-06-29,2025-02-16,2026-01-01 00:00:00,system,2026-01-01 00:00:00,system
517,224,4,SUP004-AEO-0224,Westmark MotoDrive 20W-40 (15 L),6,3660.58,5.0,7,False,active,2025-04-29,,2026-01-01 00:00:00,system,2026-01-01 00:00:00,system
518,224,11,SUP011-AEO-0224,Westmark MotoDrive 20W-40 (15 L),6,3900.28,7.0,9,False,active,2024-03-23,,2026-01-01 00:00:00,system,2026-01-01 00:00:00,system
519,224,9,SUP009-AEO-0224,Westmark MotoDrive 20W-40 (15 L),6,3837.7,6.0,8,True,active,2024-11-29,,2026-01-01 00:00:00,system,2026-01-01 00:00:00,system
520,225,13,SUP013-AEO-0225,Crestfield RiderCore 20W-40 (20 L),6,5425.34,6.0,7,False,active,2024-11-21,,2026-01-01 00:00:00,system,2026-01-01 00:00:00,system
521,225,2,SUP002-AEO-0225,Crestfield RiderCore 20W-40 (20 L),6,5008.09,7.0,12,False,active,2025-11-14,,2026-01-01 00:00:00,system,2026-01-01 00:00:00,system
522,225,14,SUP014-AEO-0225,Crestfield RiderCore 20W-40 (20 L),6,5351.29,7.0,7,True,active,2024-01-20,,2026-01-01 00:00:00,system,2026-01-01 00:00:00,system
523,226,9,SUP009-AEO-0226,Stonebridge StreetForce 20W-40 (25 L),6,6243.64,8.0,8,True,active,2025-09-03,,2026-01-01 00:00:00,system,2026-01-01 00:00:00,system
524,227,5,SUP005-AEO-0227,Ridgewell MotoGuard 20W-40 (30 L),6,7106.68,7.0,13,False,active,2024-02-17,,2026-01-01 00:00:00,system,2026-01-01 00:00:00,system
525,227,15,SUP015-AEO-0227,Ridgewell MotoGuard 20W-40 (30 L),6,8118.02,8.0,5,True,active,2024-08-09,,2026-01-01 00:00:00,system,2026-01-01 00:00:00,system
526,228,2,SUP002-AEO-0228,Millbrook MotoDrive 5W-30 (50 L),6,12038.96,2.0,11,False,active,2024-05-20,,2026-01-01 00:00:00,system,2026-01-01 00:00:00,system
527,228,17,SUP017-AEO-0228,Millbrook MotoDrive 5W-30 (50 L),6,12813.06,2.0,8,True,active,2025-10-25,,2026-01-01 00:00:00,system,2026-01-01 00:00:00,system
528,228,1,SUP001-AEO-0228,Millbrook MotoDrive 5W-30 (50 L),6,12173.4,2.0,10,False,active,2025-09-27,,2026-01-01 00:00:00,system,2026-01-01 00:00:00,system
529,228,3,SUP003-AEO-0228,Millbrook MotoDrive 5W-30 (50 L),6,12256.92,2.0,8,False,active,2024-05-13,,2026-01-01 00:00:00,system,2026-01-01 00:00:00,system
530,229,18,SUP018-AEO-0229,Highpoint RiderCore 5W-30 (55 L),6,15320.83,3.0,4,True,active,2025-05-09,,2026-01-01 00:00:00,system,2026-01-01 00:00:00,system
531,229,7,SUP007-AEO-0229,Highpoint RiderCore 5W-30 (55 L),6,13773.45,2.0,13,False,active,2025-04-30,,2026-01-01 00:00:00,system,2026-01-01 00:00:00,system
532,230,13,SUP013-AEO-0230,Fieldmark StreetForce 5W-30 (180 L),6,43193.6,2.0,7,False,active,2025-08-29,,2026-01-01 00:00:00,system,2026-01-01 00:00:00,system
533,230,11,SUP011-AEO-0230,Fieldmark StreetForce 5W-30 (180 L),6,42919.5,2.0,8,True,active,2024-05-08,,2026-01-01 00:00:00,system,2026-01-01 00:00:00,system
534,231,10,SUP010-AEO-0231,Northmark MotoGuard 5W-30 (210 L),6,54441.95,1.0,7,False,active,2024-05-08,,2026-01-01 00:00:00,system,2026-01-01 00:00:00,system
535,231,3,SUP003-AEO-0231,Northmark MotoGuard 5W-30 (210 L),6,47559.69,1.0,8,False,active,2025-01-12,,2026-01-01 00:00:00,system,2026-01-01 00:00:00,system
536,231,4,SUP004-AEO-0231,Northmark MotoGuard 5W-30 (210 L),6,48059.25,1.0,6,True,active,2025-11-07,,2026-01-01 00:00:00,system,2026-01-01 00:00:00,system
537,231,8,SUP008-AEO-0231,Northmark MotoGuard 5W-30 (210 L),6,46219.2,1.0,14,False,active,2025-08-04,,2026-01-01 00:00:00,system,2026-01-01 00:00:00,system
538,232,8,SUP008-AEO-0232,Ironcrest MotoDrive 10W-30 (1000 L),1,209.63,1200.0,13,False,active,2024-10-31,,2026-01-01 00:00:00,system,2026-01-01 00:00:00,system
539,232,10,SUP010-AEO-0232,Ironcrest MotoDrive 10W-30 (1000 L),1,236.5,950.0,6,True,active,2025-11-06,,2026-01-01 00:00:00,system,2026-01-01 00:00:00,system
540,232,13,SUP013-AEO-0232,Ironcrest MotoDrive 10W-30 (1000 L),1,224.63,1050.0,9,False,active,2024-01-06,,2026-01-01 00:00:00,system,2026-01-01 00:00:00,system
541,232,5,SUP005-AEO-0232,Ironcrest MotoDrive 10W-30 (1000 L),1,209.91,850.0,16,False,active,2025-07-17,,2026-01-01 00:00:00,system,2026-01-01 00:00:00,system
542,233,5,SUP005-AEO-0233,Redstone RiderCore 10W-30 (800 ML),6,193.77,14.0,13,False,active,2024-04-18,,2026-01-01 00:00:00,system,2026-01-01 00:00:00,system
543,233,1,SUP001-AEO-0233,Redstone RiderCore 10W-30 (800 ML),6,194.23,13.0,5,True,active,2024-12-08,,2026-01-01 00:00:00,system,2026-01-01 00:00:00,system
544,233,2,SUP002-AEO-0233,Redstone RiderCore 10W-30 (800 ML),6,184.64,10.0,8,False,active,2025-05-31,,2026-01-01 00:00:00,system,2026-01-01 00:00:00,system
545,233,15,SUP015-AEO-0233,Redstone RiderCore 10W-30 (800 ML),6,219.61,15.0,6,False,active,2025-10-03,,2026-01-01 00:00:00,system,2026-01-01 00:00:00,system
546,234,10,SUP010-AEO-0234,Westmark StreetForce 10W-30 (1 L),6,273.14,15.0,7,True,active,2025-08-08,,2026-01-01 00:00:00,system,2026-01-01 00:00:00,system
547,234,11,SUP011-AEO-0234,Westmark StreetForce 10W-30 (1 L),6,258.73,12.0,4,False,active,2025-01-11,,2026-01-01 00:00:00,system,2026-01-01 00:00:00,system
548,234,6,SUP006-AEO-0234,Westmark StreetForce 10W-30 (1 L),6,235.95,12.0,11,False,active,2024-10-20,,2026-01-01 00:00:00,system,2026-01-01 00:00:00,system
549,235,5,SUP005-AEO-0235,Crestfield MotoGuard 10W-30 (1.2 L),6,273.25,11.0,11,False,active,2025-09-27,,2026-01-01 00:00:00,system,2026-01-01 00:00:00,system
550,235,2,SUP002-AEO-0235,Crestfield MotoGuard 10W-30 (1.2 L),6,289.46,12.0,11,True,active,2024-03-24,,2026-01-01 00:00:00,system,2026-01-01 00:00:00,system
551,236,1,SUP001-AEO-0236,Stonebridge MotoDrive 10W-40 (3 L),6,698.28,14.0,8,True,active,2025-01-07,,2026-01-01 00:00:00,system,2026-01-01 00:00:00,system
552,237,5,SUP005-AEO-0237,Ridgewell RiderCore 10W-40 (5 L),6,1253.2,6.0,11,False,active,2024-11-13,,2026-01-01 00:00:00,system,2026-01-01 00:00:00,system
553,237,3,SUP003-AEO-0237,Ridgewell RiderCore 10W-40 (5 L),6,1252.06,5.0,9,True,active,2024-08-07,,2026-01-01 00:00:00,system,2026-01-01 00:00:00,system
554,237,8,SUP008-AEO-0237,Ridgewell RiderCore 10W-40 (5 L),6,1227.63,5.0,8,False,active,2025-01-28,,2026-01-01 00:00:00,system,2026-01-01 00:00:00,system
555,238,2,SUP002-AEO-0238,Millbrook StreetForce 10W-40 (10 L),6,2353.43,7.0,9,False,active,2024-08-02,,2026-01-01 00:00:00,system,2026-01-01 00:00:00,system
556,238,11,SUP011-AEO-0238,Millbrook StreetForce 10W-40 (10 L),6,2493.71,7.0,4,True,active,2025-09-25,,2026-01-01 00:00:00,system,2026-01-01 00:00:00,system
557,239,1,SUP001-AEO-0239,Highpoint MotoGuard 10W-40 (15 L),6,3598.5,7.0,9,True,active,2025-01-28,,2026-01-01 00:00:00,system,2026-01-01 00:00:00,system
558,240,4,SUP004-AEO-0240,Fieldmark MotoDrive 20W-40 (20 L),6,4670.54,6.0,4,True,active,2024-04-20,,2026-01-01 00:00:00,system,2026-01-01 00:00:00,system
559,240,1,SUP001-AEO-0240,Fieldmark MotoDrive 20W-40 (20 L),6,4679.66,6.0,9,False,active,2025-08-27,,2026-01-01 00:00:00,system,2026-01-01 00:00:00,system
560,241,10,SUP010-AEO-0241,Northmark RiderCore 20W-40 (25 L),6,6817.2,6.0,7,False,inactive,2024-12-04,2025-11-19,2026-01-01 00:00:00,system,2026-01-01 00:00:00,system
561,241,8,SUP008-AEO-0241,Northmark RiderCore 20W-40 (25 L),6,6029.89,6.0,10,False,inactive,2024-11-25,2025-08-01,2026-01-01 00:00:00,system,2026-01-01 00:00:00,system
562,241,7,SUP007-AEO-0241,Northmark RiderCore 20W-40 (25 L),6,6245.64,6.0,9,False,inactive,2025-04-04,2025-07-05,2026-01-01 00:00:00,system,2026-01-01 00:00:00,system
563,241,11,SUP011-AEO-0241,Northmark RiderCore 20W-40 (25 L),6,6786.54,6.0,8,False,inactive,2024-08-20,2025-02-04,2026-01-01 00:00:00,system,2026-01-01 00:00:00,system
564,242,8,SUP008-AEO-0242,Ironcrest StreetForce 20W-40 (30 L),6,7270.59,6.0,11,False,active,2025-01-03,,2026-01-01 00:00:00,system,2026-01-01 00:00:00,system
565,242,3,SUP003-AEO-0242,Ironcrest StreetForce 20W-40 (30 L),6,7444.82,6.0,8,True,active,2025-03-23,,2026-01-01 00:00:00,system,2026-01-01 00:00:00,system
566,242,1,SUP001-AEO-0242,Ironcrest StreetForce 20W-40 (30 L),6,7357.61,7.0,10,False,active,2024-03-06,,2026-01-01 00:00:00,system,2026-01-01 00:00:00,system
567,243,4,SUP004-AEO-0243,Redstone MotoGuard 20W-40 (50 L),6,11847.74,2.0,7,False,inactive,2025-02-05,2025-11-02,2026-01-01 00:00:00,system,2026-01-01 00:00:00,system
568,243,6,SUP006-AEO-0243,Redstone MotoGuard 20W-40 (50 L),6,12436.6,2.0,9,False,inactive,2024-05-25,2025-10-29,2026-01-01 00:00:00,system,2026-01-01 00:00:00,system
569,244,1,SUP001-AEO-0244,Westmark MotoDrive 5W-30 (55 L),6,13747.11,2.0,7,False,active,2025-12-29,,2026-01-01 00:00:00,system,2026-01-01 00:00:00,system
570,244,16,SUP016-AEO-0244,Westmark MotoDrive 5W-30 (55 L),6,15324.83,2.0,5,True,active,2025-02-08,,2026-01-01 00:00:00,system,2026-01-01 00:00:00,system
571,244,5,SUP005-AEO-0244,Westmark MotoDrive 5W-30 (55 L),6,12557.41,2.0,11,False,active,2024-06-22,,2026-01-01 00:00:00,system,2026-01-01 00:00:00,system
572,245,6,SUP006-AEO-0245,Crestfield RiderCore 5W-30 (180 L),6,39032.09,2.0,9,True,active,2025-07-29,,2026-01-01 00:00:00,system,2026-01-01 00:00:00,system
573,245,11,SUP011-AEO-0245,Crestfield RiderCore 5W-30 (180 L),6,42511.96,2.0,6,False,active,2024-09-04,,2026-01-01 00:00:00,system,2026-01-01 00:00:00,system
574,245,4,SUP004-AEO-0245,Crestfield RiderCore 5W-30 (180 L),6,41018.18,2.0,10,False,active,2024-07-19,,2026-01-01 00:00:00,system,2026-01-01 00:00:00,system
575,246,12,SUP012-AEO-0246,Stonebridge StreetForce 5W-30 (210 L),6,52273.2,1.0,11,False,active,2024-04-20,,2026-01-01 00:00:00,system,2026-01-01 00:00:00,system
576,246,3,SUP003-AEO-0246,Stonebridge StreetForce 5W-30 (210 L),6,47516.68,1.0,12,False,active,2025-01-02,,2026-01-01 00:00:00,system,2026-01-01 00:00:00,system
577,246,13,SUP013-AEO-0246,Stonebridge StreetForce 5W-30 (210 L),6,49525.32,1.0,5,True,active,2025-12-17,,2026-01-01 00:00:00,system,2026-01-01 00:00:00,system
578,247,7,SUP007-AEO-0247,Ridgewell MotoGuard 5W-30 (1000 L),1,209.86,1100.0,10,False,active,2025-12-28,,2026-01-01 00:00:00,system,2026-01-01 00:00:00,system
579,247,14,SUP014-AEO-0247,Ridgewell MotoGuard 5W-30 (1000 L),1,228.58,1100.0,8,True,active,2024-07-16,,2026-01-01 00:00:00,system,2026-01-01 00:00:00,system
580,248,8,SUP008-AEO-0248,Millbrook MotoDrive 10W-30 (800 ML),6,197.5,12.0,12,True,active,2024-04-16,,2026-01-01 00:00:00,system,2026-01-01 00:00:00,system
581,249,9,SUP009-AEO-0249,Highpoint RiderCore 10W-30 (1 L),6,257.43,15.0,6,False,active,2024-01-19,,2026-01-01 00:00:00,system,2026-01-01 00:00:00,system
582,249,1,SUP001-AEO-0249,Highpoint RiderCore 10W-30 (1 L),6,243.76,11.0,7,False,active,2024-06-29,,2026-01-01 00:00:00,system,2026-01-01 00:00:00,system
583,249,17,SUP017-AEO-0249,Highpoint RiderCore 10W-30 (1 L),6,260.86,14.0,6,True,active,2025-11-02,,2026-01-01 00:00:00,system,2026-01-01 00:00:00,system
584,250,3,SUP003-AEO-0250,Fieldmark StreetForce 10W-30 (1.2 L),6,283.68,11.0,10,False,active,2025-02-04,,2026-01-01 00:00:00,system,2026-01-01 00:00:00,system
585,250,8,SUP008-AEO-0250,Fieldmark StreetForce 10W-30 (1.2 L),6,282.49,12.0,10,True,active,2024-08-27,,2026-01-01 00:00:00,system,2026-01-01 00:00:00,system
586,250,13,SUP013-AEO-0250,Fieldmark StreetForce 10W-30 (1.2 L),6,308.67,15.0,4,False,active,2024-05-08,,2026-01-01 00:00:00,system,2026-01-01 00:00:00,system
587,251,15,SUP015-AEO-0251,Northmark GasCore 10W-40 (50 L),6,13389.31,2.0,4,True,active,2024-12-12,,2026-01-01 00:00:00,system,2026-01-01 00:00:00,system
588,251,18,SUP018-AEO-0251,Northmark GasCore 10W-40 (50 L),6,13708.49,2.0,3,False,active,2024-08-03,,2026-01-01 00:00:00,system,2026-01-01 00:00:00,system
589,252,11,SUP011-AEO-0252,Ironcrest CleanBurn 10W-40 (55 L),6,14186.44,2.0,7,True,active,2024-02-11,,2026-01-01 00:00:00,system,2026-01-01 00:00:00,system
590,253,4,SUP004-AEO-0253,Redstone StationPro 10W-40 (180 L),6,41093.9,2.0,6,False,inactive,2023-12-20,2025-05-13,2026-01-01 00:00:00,system,2026-01-01 00:00:00,system
591,253,5,SUP005-AEO-0253,Redstone StationPro 10W-40 (180 L),6,40679.83,2.0,16,False,inactive,2024-03-30,2025-05-10,2026-01-01 00:00:00,system,2026-01-01 00:00:00,system
592,254,5,SUP005-AEO-0254,Westmark GasGuard 10W-40 (210 L),6,48119.32,1.0,16,False,active,2025-05-19,,2026-01-01 00:00:00,system,2026-01-01 00:00:00,system
593,254,15,SUP015-AEO-0254,Westmark GasGuard 10W-40 (210 L),6,53698.03,1.0,6,False,active,2024-07-30,,2026-01-01 00:00:00,system,2026-01-01 00:00:00,system
594,254,18,SUP018-AEO-0254,Westmark GasGuard 10W-40 (210 L),6,51242.56,1.0,9,False,active,2024-03-30,,2026-01-01 00:00:00,system,2026-01-01 00:00:00,system
595,254,6,SUP006-AEO-0254,Westmark GasGuard 10W-40 (210 L),6,50035.21,1.0,7,True,active,2025-06-17,,2026-01-01 00:00:00,system,2026-01-01 00:00:00,system
596,255,6,SUP006-AEO-0255,Crestfield GasCore 15W-40 (1000 L),1,225.92,1000.0,9,False,active,2024-06-19,,2026-01-01 00:00:00,system,2026-01-01 00:00:00,system
597,255,11,SUP011-AEO-0255,Crestfield GasCore 15W-40 (1000 L),1,242.76,1400.0,8,True,active,2024-01-03,,2026-01-01 00:00:00,system,2026-01-01 00:00:00,system
598,255,15,SUP015-AEO-0255,Crestfield GasCore 15W-40 (1000 L),1,241.95,1250.0,10,False,active,2025-08-18,,2026-01-01 00:00:00,system,2026-01-01 00:00:00,system
599,256,12,SUP012-AEO-0256,Stonebridge CleanBurn 15W-40 (800 ML),6,212.1,16.0,10,True,active,2024-09-05,,2026-01-01 00:00:00,system,2026-01-01 00:00:00,system
600,257,18,SUP018-AEO-0257,Ridgewell StationPro 15W-40 (1 L),6,274.21,17.0,8,False,active,2024-11-23,,2026-01-01 00:00:00,system,2026-01-01 00:00:00,system
601,257,13,SUP013-AEO-0257,Ridgewell StationPro 15W-40 (1 L),6,264.91,16.0,6,True,active,2024-09-14,,2026-01-01 00:00:00,system,2026-01-01 00:00:00,system
602,258,3,SUP003-AEO-0258,Millbrook GasGuard 15W-40 (1.2 L),6,293.81,13.0,11,False,active,2025-06-04,,2026-01-01 00:00:00,system,2026-01-01 00:00:00,system
603,258,7,SUP007-AEO-0258,Millbrook GasGuard 15W-40 (1.2 L),6,276.0,13.0,14,True,active,2024-04-02,,2026-01-01 00:00:00,system,2026-01-01 00:00:00,system
604,259,4,SUP004-AEO-0259,Highpoint GasCore 20W-40 (3 L),6,740.23,12.0,7,True,active,2024-10-10,,2026-01-01 00:00:00,system,2026-01-01 00:00:00,system
605,259,9,SUP009-AEO-0259,Highpoint GasCore 20W-40 (3 L),6,787.83,15.0,8,False,active,2024-08-07,,2026-01-01 00:00:00,system,2026-01-01 00:00:00,system
606,259,1,SUP001-AEO-0259,Highpoint GasCore 20W-40 (3 L),6,684.04,14.0,10,False,active,2025-11-04,,2026-01-01 00:00:00,system,2026-01-01 00:00:00,system
607,260,14,SUP014-AEO-0260,Fieldmark CleanBurn 20W-40 (5 L),6,1349.81,7.0,2,True,active,2025-10-22,,2026-01-01 00:00:00,system,2026-01-01 00:00:00,system
608,260,8,SUP008-AEO-0260,Fieldmark CleanBurn 20W-40 (5 L),6,1172.65,7.0,9,False,active,2024-08-17,,2026-01-01 00:00:00,system,2026-01-01 00:00:00,system
609,260,5,SUP005-AEO-0260,Fieldmark CleanBurn 20W-40 (5 L),6,1198.54,6.0,14,False,active,2024-09-14,,2026-01-01 00:00:00,system,2026-01-01 00:00:00,system
610,260,3,SUP003-AEO-0260,Fieldmark CleanBurn 20W-40 (5 L),6,1133.08,6.0,7,False,active,2024-03-21,,2026-01-01 00:00:00,system,2026-01-01 00:00:00,system
611,261,4,SUP004-AEO-0261,Northmark StationPro 20W-40 (10 L),6,2365.09,5.0,6,True,active,2025-03-29,,2026-01-01 00:00:00,system,2026-01-01 00:00:00,system
612,261,9,SUP009-AEO-0261,Northmark StationPro 20W-40 (10 L),6,2553.42,8.0,7,False,active,2025-05-14,,2026-01-01 00:00:00,system,2026-01-01 00:00:00,system
613,262,3,SUP003-AEO-0262,Ironcrest GasGuard 20W-40 (15 L),6,3487.09,5.0,7,False,active,2025-02-27,,2026-01-01 00:00:00,system,2026-01-01 00:00:00,system
614,262,11,SUP011-AEO-0262,Ironcrest GasGuard 20W-40 (15 L),6,3817.83,7.0,5,True,active,2024-07-27,,2026-01-01 00:00:00,system,2026-01-01 00:00:00,system
615,262,5,SUP005-AEO-0262,Ironcrest GasGuard 20W-40 (15 L),6,3673.29,5.0,15,False,active,2024-12-28,,2026-01-01 00:00:00,system,2026-01-01 00:00:00,system
616,263,7,SUP007-AEO-0263,Redstone GasCore 10W-40 (20 L),6,4981.32,5.0,9,True,active,2024-05-19,,2026-01-01 00:00:00,system,2026-01-01 00:00:00,system
617,263,12,SUP012-AEO-0263,Redstone GasCore 10W-40 (20 L),6,5045.77,6.0,6,False,active,2024-02-15,,2026-01-01 00:00:00,system,2026-01-01 00:00:00,system
618,264,1,SUP001-AEO-0264,Westmark CleanBurn 10W-40 (25 L),6,5897.4,7.0,9,True,active,2024-04-11,,2026-01-01 00:00:00,system,2026-01-01 00:00:00,system
619,264,17,SUP017-AEO-0264,Westmark CleanBurn 10W-40 (25 L),6,6791.28,7.0,10,False,active,2025-11-08,,2026-01-01 00:00:00,system,2026-01-01 00:00:00,system
620,265,1,SUP001-AEO-0265,Crestfield StationPro 10W-40 (30 L),6,7230.93,7.0,10,False,active,2024-09-24,,2026-01-01 00:00:00,system,2026-01-01 00:00:00,system
621,265,3,SUP003-AEO-0265,Crestfield StationPro 10W-40 (30 L),6,7543.45,6.0,8,True,active,2024-06-16,,2026-01-01 00:00:00,system,2026-01-01 00:00:00,system
622,265,2,SUP002-AEO-0265,Crestfield StationPro 10W-40 (30 L),6,7018.87,5.0,11,False,active,2025-10-30,,2026-01-01 00:00:00,system,2026-01-01 00:00:00,system
623,266,10,SUP010-AEO-0266,Stonebridge GasGuard 10W-40 (50 L),6,12883.07,2.0,2,True,active,2025-03-04,,2026-01-01 00:00:00,system,2026-01-01 00:00:00,system
624,266,5,SUP005-AEO-0266,Stonebridge GasGuard 10W-40 (50 L),6,11547.01,2.0,14,False,active,2024-06-25,,2026-01-01 00:00:00,system,2026-01-01 00:00:00,system
625,267,2,SUP002-AEO-0267,Ridgewell GasCore 15W-40 (55 L),6,12774.08,2.0,13,False,active,2024-12-23,,2026-01-01 00:00:00,system,2026-01-01 00:00:00,system
626,267,17,SUP017-AEO-0267,Ridgewell GasCore 15W-40 (55 L),6,14286.19,3.0,7,True,active,2024-09-03,,2026-01-01 00:00:00,system,2026-01-01 00:00:00,system
627,268,16,SUP016-AEO-0268,Millbrook CleanBurn 15W-40 (180 L),6,43267.47,3.0,8,False,active,2025-05-13,,2026-01-01 00:00:00,system,2026-01-01 00:00:00,system
628,268,4,SUP004-AEO-0268,Millbrook CleanBurn 15W-40 (180 L),6,39022.25,2.0,10,False,active,2024-03-16,,2026-01-01 00:00:00,system,2026-01-01 00:00:00,system
629,268,13,SUP013-AEO-0268,Millbrook CleanBurn 15W-40 (180 L),6,42570.21,3.0,4,True,active,2025-08-11,,2026-01-01 00:00:00,system,2026-01-01 00:00:00,system
630,268,11,SUP011-AEO-0268,Millbrook CleanBurn 15W-40 (180 L),6,45316.19,3.0,8,False,active,2024-12-13,,2026-01-01 00:00:00,system,2026-01-01 00:00:00,system
631,269,12,SUP012-AEO-0269,Highpoint StationPro 15W-40 (210 L),6,54025.69,1.0,7,False,active,2025-12-25,,2026-01-01 00:00:00,system,2026-01-01 00:00:00,system
632,269,13,SUP013-AEO-0269,Highpoint StationPro 15W-40 (210 L),6,52473.61,1.0,7,True,active,2024-05-14,,2026-01-01 00:00:00,system,2026-01-01 00:00:00,system
633,269,6,SUP006-AEO-0269,Highpoint StationPro 15W-40 (210 L),6,45618.96,1.0,11,False,active,2024-03-19,,2026-01-01 00:00:00,system,2026-01-01 00:00:00,system
634,269,7,SUP007-AEO-0269,Highpoint StationPro 15W-40 (210 L),6,47752.01,1.0,13,False,active,2025-09-10,,2026-01-01 00:00:00,system,2026-01-01 00:00:00,system
635,270,15,SUP015-AEO-0270,Fieldmark GasGuard 15W-40 (1000 L),1,249.43,1550.0,10,True,active,2025-04-09,,2026-01-01 00:00:00,system,2026-01-01 00:00:00,system
636,271,14,SUP014-AEO-0271,Northmark GasCore 20W-40 (800 ML),6,214.54,13.0,4,True,active,2024-06-20,,2026-01-01 00:00:00,system,2026-01-01 00:00:00,system
637,272,5,SUP005-AEO-0272,Ironcrest CleanBurn 20W-40 (1 L),6,226.73,13.0,10,False,active,2025-12-14,,2026-01-01 00:00:00,system,2026-01-01 00:00:00,system
638,272,11,SUP011-AEO-0272,Ironcrest CleanBurn 20W-40 (1 L),6,272.54,13.0,9,True,active,2025-12-19,,2026-01-01 00:00:00,system,2026-01-01 00:00:00,system
639,272,7,SUP007-AEO-0272,Ironcrest CleanBurn 20W-40 (1 L),6,245.67,11.0,13,False,active,2024-11-08,,2026-01-01 00:00:00,system,2026-01-01 00:00:00,system
640,273,6,SUP006-AEO-0273,Redstone StationPro 20W-40 (1.2 L),6,290.39,13.0,8,False,active,2024-07-16,,2026-01-01 00:00:00,system,2026-01-01 00:00:00,system
641,273,1,SUP001-AEO-0273,Redstone StationPro 20W-40 (1.2 L),6,290.31,11.0,10,False,active,2024-03-14,,2026-01-01 00:00:00,system,2026-01-01 00:00:00,system
642,273,14,SUP014-AEO-0273,Redstone StationPro 20W-40 (1.2 L),6,310.73,14.0,3,True,active,2025-11-26,,2026-01-01 00:00:00,system,2026-01-01 00:00:00,system
643,273,5,SUP005-AEO-0273,Redstone StationPro 20W-40 (1.2 L),6,293.61,13.0,12,False,active,2024-03-01,,2026-01-01 00:00:00,system,2026-01-01 00:00:00,system
644,274,3,SUP003-AEO-0274,Westmark GasGuard 20W-40 (3 L),6,752.68,10.0,10,False,active,2025-01-25,,2026-01-01 00:00:00,system,2026-01-01 00:00:00,system
645,274,5,SUP005-AEO-0274,Westmark GasGuard 20W-40 (3 L),6,746.14,13.0,10,False,active,2025-11-08,,2026-01-01 00:00:00,system,2026-01-01 00:00:00,system
646,274,14,SUP014-AEO-0274,Westmark GasGuard 20W-40 (3 L),6,745.17,12.0,6,True,active,2025-04-12,,2026-01-01 00:00:00,system,2026-01-01 00:00:00,system
647,274,6,SUP006-AEO-0274,Westmark GasGuard 20W-40 (3 L),6,693.46,10.0,7,False,active,2025-05-23,,2026-01-01 00:00:00,system,2026-01-01 00:00:00,system
648,275,2,SUP002-AEO-0275,Crestfield GasCore 10W-40 (5 L),6,1247.3,5.0,9,False,active,2025-04-21,,2026-01-01 00:00:00,system,2026-01-01 00:00:00,system
649,275,8,SUP008-AEO-0275,Crestfield GasCore 10W-40 (5 L),6,1208.12,7.0,9,False,active,2025-03-10,,2026-01-01 00:00:00,system,2026-01-01 00:00:00,system
650,275,5,SUP005-AEO-0275,Crestfield GasCore 10W-40 (5 L),6,1158.13,6.0,13,True,active,2024-12-30,,2026-01-01 00:00:00,system,2026-01-01 00:00:00,system
651,276,17,SUP017-AEO-0276,Stonebridge CleanBurn 10W-40 (10 L),6,2640.19,8.0,10,False,active,2025-04-18,,2026-01-01 00:00:00,system,2026-01-01 00:00:00,system
652,276,6,SUP006-AEO-0276,Stonebridge CleanBurn 10W-40 (10 L),6,2462.36,7.0,8,True,active,2024-09-26,,2026-01-01 00:00:00,system,2026-01-01 00:00:00,system
653,277,8,SUP008-AEO-0277,Ridgewell StationPro 10W-40 (15 L),6,3543.23,6.0,8,False,active,2024-12-08,,2026-01-01 00:00:00,system,2026-01-01 00:00:00,system
654,277,1,SUP001-AEO-0277,Ridgewell StationPro 10W-40 (15 L),6,3760.89,7.0,6,False,active,2025-08-03,,2026-01-01 00:00:00,system,2026-01-01 00:00:00,system
655,277,13,SUP013-AEO-0277,Ridgewell StationPro 10W-40 (15 L),6,3720.56,8.0,6,True,active,2025-06-23,,2026-01-01 00:00:00,system,2026-01-01 00:00:00,system
656,278,11,SUP011-AEO-0278,Millbrook GasGuard 10W-40 (20 L),6,4970.39,8.0,8,True,active,2024-07-17,,2026-01-01 00:00:00,system,2026-01-01 00:00:00,system
657,278,6,SUP006-AEO-0278,Millbrook GasGuard 10W-40 (20 L),6,4742.94,6.0,11,False,active,2024-04-25,,2026-01-01 00:00:00,system,2026-01-01 00:00:00,system
658,279,8,SUP008-AEO-0279,Highpoint GasCore 15W-40 (25 L),6,6062.79,6.0,12,False,active,2024-02-15,,2026-01-01 00:00:00,system,2026-01-01 00:00:00,system
659,279,14,SUP014-AEO-0279,Highpoint GasCore 15W-40 (25 L),6,6663.6,8.0,6,True,active,2025-04-28,,2026-01-01 00:00:00,system,2026-01-01 00:00:00,system
660,279,2,SUP002-AEO-0279,Highpoint GasCore 15W-40 (25 L),6,5692.58,7.0,10,False,active,2025-10-17,,2026-01-01 00:00:00,system,2026-01-01 00:00:00,system
661,280,1,SUP001-AEO-0280,Fieldmark CleanBurn 15W-40 (30 L),6,7037.7,5.0,10,False,active,2024-05-07,,2026-01-01 00:00:00,system,2026-01-01 00:00:00,system
662,280,5,SUP005-AEO-0280,Fieldmark CleanBurn 15W-40 (30 L),6,7104.36,6.0,10,True,active,2024-01-24,,2026-01-01 00:00:00,system,2026-01-01 00:00:00,system
663,280,10,SUP010-AEO-0280,Fieldmark CleanBurn 15W-40 (30 L),6,7456.4,7.0,2,False,active,2025-11-19,,2026-01-01 00:00:00,system,2026-01-01 00:00:00,system
664,281,8,SUP008-AEO-0281,Northmark StationPro 15W-40 (50 L),6,12568.16,2.0,11,False,inactive,2024-08-30,2025-01-14,2026-01-01 00:00:00,system,2026-01-01 00:00:00,system
665,281,4,SUP004-AEO-0281,Northmark StationPro 15W-40 (50 L),6,11676.61,2.0,6,False,inactive,2024-12-12,2025-03-31,2026-01-01 00:00:00,system,2026-01-01 00:00:00,system
666,281,12,SUP012-AEO-0281,Northmark StationPro 15W-40 (50 L),6,13344.3,3.0,10,False,inactive,2024-05-16,2025-03-01,2026-01-01 00:00:00,system,2026-01-01 00:00:00,system
667,282,1,SUP001-AEO-0282,Ironcrest GasGuard 15W-40 (55 L),6,12857.47,2.0,7,False,inactive,2024-07-29,2025-02-06,2026-01-01 00:00:00,system,2026-01-01 00:00:00,system
668,282,11,SUP011-AEO-0282,Ironcrest GasGuard 15W-40 (55 L),6,14872.3,2.0,9,False,inactive,2024-10-28,2025-12-09,2026-01-01 00:00:00,system,2026-01-01 00:00:00,system
669,282,3,SUP003-AEO-0282,Ironcrest GasGuard 15W-40 (55 L),6,12761.52,2.0,8,False,inactive,2024-06-03,2025-05-09,2026-01-01 00:00:00,system,2026-01-01 00:00:00,system
670,283,7,SUP007-AEO-0283,Redstone GasCore 20W-40 (180 L),6,40094.29,2.0,11,True,active,2025-02-25,,2026-01-01 00:00:00,system,2026-01-01 00:00:00,system
671,283,1,SUP001-AEO-0283,Redstone GasCore 20W-40 (180 L),6,39496.36,2.0,11,False,active,2024-04-16,,2026-01-01 00:00:00,system,2026-01-01 00:00:00,system
672,284,5,SUP005-AEO-0284,Westmark CleanBurn 20W-40 (210 L),6,46154.17,1.0,15,False,active,2024-10-02,,2026-01-01 00:00:00,system,2026-01-01 00:00:00,system
673,284,10,SUP010-AEO-0284,Westmark CleanBurn 20W-40 (210 L),6,49607.16,1.0,4,True,active,2024-12-19,,2026-01-01 00:00:00,system,2026-01-01 00:00:00,system
674,284,7,SUP007-AEO-0284,Westmark CleanBurn 20W-40 (210 L),6,46946.12,1.0,11,False,active,2025-05-02,,2026-01-01 00:00:00,system,2026-01-01 00:00:00,system
675,284,8,SUP008-AEO-0284,Westmark CleanBurn 20W-40 (210 L),6,45156.88,1.0,14,False,active,2024-09-05,,2026-01-01 00:00:00,system,2026-01-01 00:00:00,system
676,285,4,SUP004-AEO-0285,Crestfield StationPro 20W-40 (1000 L),1,207.6,1050.0,10,False,active,2024-06-02,,2026-01-01 00:00:00,system,2026-01-01 00:00:00,system
677,285,5,SUP005-AEO-0285,Crestfield StationPro 20W-40 (1000 L),1,217.73,900.0,14,False,active,2024-02-01,,2026-01-01 00:00:00,system,2026-01-01 00:00:00,system
678,285,11,SUP011-AEO-0285,Crestfield StationPro 20W-40 (1000 L),1,223.1,1200.0,6,True,active,2025-01-11,,2026-01-01 00:00:00,system,2026-01-01 00:00:00,system
679,286,2,SUP002-AEO-0286,Stonebridge GasGuard 20W-40 (800 ML),6,198.03,13.0,12,False,inactive,2024-08-21,2025-05-15,2026-01-01 00:00:00,system,2026-01-01 00:00:00,system
680,286,5,SUP005-AEO-0286,Stonebridge GasGuard 20W-40 (800 ML),6,198.07,12.0,12,False,inactive,2023-10-15,2025-03-28,2026-01-01 00:00:00,system,2026-01-01 00:00:00,system
681,286,1,SUP001-AEO-0286,Stonebridge GasGuard 20W-40 (800 ML),6,184.1,13.0,6,False,inactive,2023-10-28,2025-03-06,2026-01-01 00:00:00,system,2026-01-01 00:00:00,system
682,287,6,SUP006-AEO-0287,Ridgewell GasCore 10W-40 (1 L),6,241.88,12.0,10,False,active,2025-05-03,,2026-01-01 00:00:00,system,2026-01-01 00:00:00,system
683,287,9,SUP009-AEO-0287,Ridgewell GasCore 10W-40 (1 L),6,265.49,15.0,8,True,active,2024-04-20,,2026-01-01 00:00:00,system,2026-01-01 00:00:00,system
684,288,8,SUP008-AEO-0288,Millbrook CleanBurn 10W-40 (1.2 L),6,281.05,13.0,10,True,active,2024-01-20,,2026-01-01 00:00:00,system,2026-01-01 00:00:00,system
685,288,7,SUP007-AEO-0288,Millbrook CleanBurn 10W-40 (1.2 L),6,281.97,13.0,12,False,active,2025-12-23,,2026-01-01 00:00:00,system,2026-01-01 00:00:00,system
686,288,11,SUP011-AEO-0288,Millbrook CleanBurn 10W-40 (1.2 L),6,320.07,15.0,5,False,active,2025-07-17,,2026-01-01 00:00:00,system,2026-01-01 00:00:00,system
687,288,10,SUP010-AEO-0288,Millbrook CleanBurn 10W-40 (1.2 L),6,309.8,14.0,7,False,active,2025-08-15,,2026-01-01 00:00:00,system,2026-01-01 00:00:00,system
688,289,7,SUP007-AEO-0289,Highpoint StationPro 10W-40 (3 L),6,717.88,12.0,11,False,active,2024-10-22,,2026-01-01 00:00:00,system,2026-01-01 00:00:00,system
689,289,1,SUP001-AEO-0289,Highpoint StationPro 10W-40 (3 L),6,752.25,13.0,5,True,active,2025-12-08,,2026-01-01 00:00:00,system,2026-01-01 00:00:00,system
690,289,2,SUP002-AEO-0289,Highpoint StationPro 10W-40 (3 L),6,730.57,11.0,12,False,active,2025-08-06,,2026-01-01 00:00:00,system,2026-01-01 00:00:00,system
691,289,16,SUP016-AEO-0289,Highpoint StationPro 10W-40 (3 L),6,763.76,16.0,7,False,active,2025-08-22,,2026-01-01 00:00:00,system,2026-01-01 00:00:00,system
692,290,11,SUP011-AEO-0290,Fieldmark GasGuard 10W-40 (5 L),6,1337.04,7.0,6,True,active,2024-02-04,,2026-01-01 00:00:00,system,2026-01-01 00:00:00,system
693,290,1,SUP001-AEO-0290,Fieldmark GasGuard 10W-40 (5 L),6,1173.29,6.0,9,False,active,2024-10-21,,2026-01-01 00:00:00,system,2026-01-01 00:00:00,system
694,291,2,SUP002-AEO-0291,Northmark GasCore 15W-40 (10 L),6,2499.44,7.0,13,False,active,2024-04-20,,2026-01-01 00:00:00,system,2026-01-01 00:00:00,system
695,291,5,SUP005-AEO-0291,Northmark GasCore 15W-40 (10 L),6,2365.36,6.0,10,True,active,2024-05-11,,2026-01-01 00:00:00,system,2026-01-01 00:00:00,system
696,292,13,SUP013-AEO-0292,Ironcrest CleanBurn 15W-40 (15 L),6,3763.28,8.0,4,True,active,2024-09-21,,2026-01-01 00:00:00,system,2026-01-01 00:00:00,system
697,293,1,SUP001-AEO-0293,Redstone StationPro 15W-40 (20 L),6,4935.11,6.0,6,True,active,2024-06-06,,2026-01-01 00:00:00,system,2026-01-01 00:00:00,system
698,294,16,SUP016-AEO-0294,Westmark GasGuard 15W-40 (25 L),6,6810.8,9.0,3,True,active,2024-02-16,,2026-01-01 00:00:00,system,2026-01-01 00:00:00,system
699,295,7,SUP007-AEO-0295,Crestfield GasCore 20W-40 (30 L),6,7349.54,5.0,9,False,active,2024-01-22,,2026-01-01 00:00:00,system,2026-01-01 00:00:00,system
700,295,14,SUP014-AEO-0295,Crestfield GasCore 20W-40 (30 L),6,7777.36,6.0,5,True,active,2025-09-21,,2026-01-01 00:00:00,system,2026-01-01 00:00:00,system
701,295,8,SUP008-AEO-0295,Crestfield GasCore 20W-40 (30 L),6,7032.92,6.0,8,False,active,2025-05-26,,2026-01-01 00:00:00,system,2026-01-01 00:00:00,system
702,296,14,SUP014-AEO-0296,Stonebridge CleanBurn 20W-40 (50 L),6,13313.86,2.0,4,True,active,2025-05-31,,2026-01-01 00:00:00,system,2026-01-01 00:00:00,system
703,296,13,SUP013-AEO-0296,Stonebridge CleanBurn 20W-40 (50 L),6,13177.18,2.0,7,False,active,2024-09-18,,2026-01-01 00:00:00,system,2026-01-01 00:00:00,system
704,296,3,SUP003-AEO-0296,Stonebridge CleanBurn 20W-40 (50 L),6,11532.56,2.0,8,False,active,2024-06-24,,2026-01-01 00:00:00,system,2026-01-01 00:00:00,system
705,297,12,SUP012-AEO-0297,Ridgewell StationPro 20W-40 (55 L),6,14909.48,3.0,9,False,inactive,2025-03-21,2025-08-11,2026-01-01 00:00:00,system,2026-01-01 00:00:00,system
706,298,6,SUP006-AEO-0298,Millbrook GasGuard 20W-40 (180 L),6,40106.09,2.0,11,False,inactive,2024-07-20,2025-10-12,2026-01-01 00:00:00,system,2026-01-01 00:00:00,system
707,298,5,SUP005-AEO-0298,Millbrook GasGuard 20W-40 (180 L),6,42455.73,2.0,11,False,inactive,2023-11-17,2025-04-21,2026-01-01 00:00:00,system,2026-01-01 00:00:00,system
708,298,10,SUP010-AEO-0298,Millbrook GasGuard 20W-40 (180 L),6,45784.75,2.0,3,False,inactive,2024-11-05,2025-03-26,2026-01-01 00:00:00,system,2026-01-01 00:00:00,system
709,298,13,SUP013-AEO-0298,Millbrook GasGuard 20W-40 (180 L),6,43572.15,2.0,9,False,inactive,2023-12-14,2025-05-15,2026-01-01 00:00:00,system,2026-01-01 00:00:00,system
710,299,3,SUP003-AEO-0299,Highpoint GasCore 10W-40 (210 L),6,47223.27,1.0,9,True,active,2025-07-21,,2026-01-01 00:00:00,system,2026-01-01 00:00:00,system
711,300,9,SUP009-AEO-0300,Fieldmark CleanBurn 10W-40 (1000 L),1,229.63,1300.0,6,False,active,2024-12-21,,2026-01-01 00:00:00,system,2026-01-01 00:00:00,system
712,300,8,SUP008-AEO-0300,Fieldmark CleanBurn 10W-40 (1000 L),1,221.37,1200.0,12,False,active,2025-06-12,,2026-01-01 00:00:00,system,2026-01-01 00:00:00,system
713,300,2,SUP002-AEO-0300,Fieldmark CleanBurn 10W-40 (1000 L),1,226.64,1150.0,11,True,active,2025-03-16,,2026-01-01 00:00:00,system,2026-01-01 00:00:00,system
714,301,16,SUP016-ADF-0301,Northmark GearShield 75W-90 (180 L),6,39915.37,3.0,8,False,inactive,2024-08-10,2025-07-09,2026-01-01 00:00:00,system,2026-01-01 00:00:00,system
715,301,8,SUP008-ADF-0301,Northmark GearShield 75W-90 (180 L),6,39145.04,2.0,12,False,inactive,2024-06-06,2025-04-30,2026-01-01 00:00:00,system,2026-01-01 00:00:00,system
716,301,4,SUP004-ADF-0301,Northmark GearShield 75W-90 (180 L),6,36585.69,2.0,8,False,inactive,2024-09-05,2025-08-11,2026-01-01 00:00:00,system,2026-01-01 00:00:00,system
717,301,14,SUP014-ADF-0301,Northmark GearShield 75W-90 (180 L),6,39396.52,2.0,5,False,inactive,2023-12-06,2025-01-02,2026-01-01 00:00:00,system,2026-01-01 00:00:00,system
718,302,2,SUP002-ADF-0302,Ironcrest TorqueLine 75W-90 (210 L),6,45377.47,1.0,13,False,active,2025-03-24,,2026-01-01 00:00:00,system,2026-01-01 00:00:00,system
719,302,13,SUP013-ADF-0302,Ironcrest TorqueLine 75W-90 (210 L),6,48177.3,1.0,5,True,active,2025-08-05,,2026-01-01 00:00:00,system,2026-01-01 00:00:00,system
720,303,7,SUP007-ADF-0303,Redstone DriveGear 75W-90 (1000 L),1,190.72,800.0,10,False,active,2025-01-05,,2026-01-01 00:00:00,system,2026-01-01 00:00:00,system
721,303,2,SUP002-ADF-0303,Redstone DriveGear 75W-90 (1000 L),1,199.38,900.0,13,True,active,2025-04-18,,2026-01-01 00:00:00,system,2026-01-01 00:00:00,system
722,303,4,SUP004-ADF-0303,Redstone DriveGear 75W-90 (1000 L),1,193.26,850.0,9,False,active,2024-12-19,,2026-01-01 00:00:00,system,2026-01-01 00:00:00,system
723,304,14,SUP014-ADF-0304,Westmark AxleGuard 75W-90 (800 ML),6,183.33,14.0,7,False,active,2024-09-26,,2026-01-01 00:00:00,system,2026-01-01 00:00:00,system
724,304,1,SUP001-ADF-0304,Westmark AxleGuard 75W-90 (800 ML),6,173.15,12.0,8,True,active,2025-05-17,,2026-01-01 00:00:00,system,2026-01-01 00:00:00,system
725,305,4,SUP004-ADF-0305,Crestfield GearShield 80W-90 (1 L),6,207.99,12.0,9,True,active,2024-07-31,,2026-01-01 00:00:00,system,2026-01-01 00:00:00,system
726,306,8,SUP008-ADF-0306,Stonebridge TorqueLine 80W-90 (1.2 L),6,270.77,12.0,10,True,active,2024-03-22,,2026-01-01 00:00:00,system,2026-01-01 00:00:00,system
727,306,5,SUP005-ADF-0306,Stonebridge TorqueLine 80W-90 (1.2 L),6,275.48,11.0,14,False,active,2025-02-21,,2026-01-01 00:00:00,system,2026-01-01 00:00:00,system
728,307,12,SUP012-ADF-0307,Ridgewell DriveGear 80W-90 (3 L),6,701.53,12.0,9,False,active,2025-11-06,,2026-01-01 00:00:00,system,2026-01-01 00:00:00,system
729,307,8,SUP008-ADF-0307,Ridgewell DriveGear 80W-90 (3 L),6,663.45,11.0,8,False,active,2024-01-13,,2026-01-01 00:00:00,system,2026-01-01 00:00:00,system
730,307,4,SUP004-ADF-0307,Ridgewell DriveGear 80W-90 (3 L),6,635.93,10.0,6,True,active,2025-06-02,,2026-01-01 00:00:00,system,2026-01-01 00:00:00,system
731,308,22,SUP022-ADF-0308,Millbrook AxleGuard 80W-90 (5 L),6,1348.76,6.0,23,False,active,2025-10-29,,2026-01-01 00:00:00,system,2026-01-01 00:00:00,system
732,308,9,SUP009-ADF-0308,Millbrook AxleGuard 80W-90 (5 L),6,1192.56,6.0,3,True,active,2024-09-08,,2026-01-01 00:00:00,system,2026-01-01 00:00:00,system
733,308,8,SUP008-ADF-0308,Millbrook AxleGuard 80W-90 (5 L),6,1069.25,5.0,10,False,active,2024-08-15,,2026-01-01 00:00:00,system,2026-01-01 00:00:00,system
734,309,10,SUP010-ADF-0309,Highpoint GearShield 85W-140 (10 L),6,2490.19,6.0,6,True,active,2024-09-10,,2026-01-01 00:00:00,system,2026-01-01 00:00:00,system
735,309,16,SUP016-ADF-0309,Highpoint GearShield 85W-140 (10 L),6,2584.0,7.0,8,False,active,2024-01-27,,2026-01-01 00:00:00,system,2026-01-01 00:00:00,system
736,310,5,SUP005-ADF-0310,Fieldmark TorqueLine 85W-140 (15 L),6,3190.99,6.0,14,True,active,2025-08-20,,2026-01-01 00:00:00,system,2026-01-01 00:00:00,system
737,311,11,SUP011-ADF-0311,Northmark DriveGear 85W-140 (20 L),6,4916.88,7.0,6,False,active,2024-12-14,,2026-01-01 00:00:00,system,2026-01-01 00:00:00,system
738,311,5,SUP005-ADF-0311,Northmark DriveGear 85W-140 (20 L),6,4401.44,7.0,12,False,active,2025-08-16,,2026-01-01 00:00:00,system,2026-01-01 00:00:00,system
739,311,7,SUP007-ADF-0311,Northmark DriveGear 85W-140 (20 L),6,4582.83,5.0,9,True,active,2025-09-26,,2026-01-01 00:00:00,system,2026-01-01 00:00:00,system
740,312,1,SUP001-ADF-0312,Ironcrest AxleGuard 85W-140 (25 L),6,5542.75,5.0,9,True,active,2024-12-17,,2026-01-01 00:00:00,system,2026-01-01 00:00:00,system
741,312,12,SUP012-ADF-0312,Ironcrest AxleGuard 85W-140 (25 L),6,5627.94,8.0,10,False,active,2024-08-12,,2026-01-01 00:00:00,system,2026-01-01 00:00:00,system
742,313,12,SUP012-ADF-0313,Redstone GearShield 75W-90 (30 L),6,6981.34,6.0,6,False,active,2025-11-17,,2026-01-01 00:00:00,system,2026-01-01 00:00:00,system
743,313,7,SUP007-ADF-0313,Redstone GearShield 75W-90 (30 L),6,6255.83,7.0,14,True,active,2024-06-15,,2026-01-01 00:00:00,system,2026-01-01 00:00:00,system
744,314,14,SUP014-ADF-0314,Westmark TorqueLine 75W-90 (50 L),6,12270.65,3.0,2,True,active,2025-01-03,,2026-01-01 00:00:00,system,2026-01-01 00:00:00,system
745,314,1,SUP001-ADF-0314,Westmark TorqueLine 75W-90 (50 L),6,11285.89,2.0,6,False,active,2024-05-24,,2026-01-01 00:00:00,system,2026-01-01 00:00:00,system
746,314,8,SUP008-ADF-0314,Westmark TorqueLine 75W-90 (50 L),6,11481.69,2.0,10,False,active,2024-05-19,,2026-01-01 00:00:00,system,2026-01-01 00:00:00,system
747,315,1,SUP001-ADF-0315,Crestfield DriveGear 75W-90 (55 L),6,12333.5,2.0,5,False,active,2024-07-02,,2026-01-01 00:00:00,system,2026-01-01 00:00:00,system
748,315,20,SUP020-ADF-0315,Crestfield DriveGear 75W-90 (55 L),6,14261.21,2.0,24,False,active,2024-09-21,,2026-01-01 00:00:00,system,2026-01-01 00:00:00,system
749,315,9,SUP009-ADF-0315,Crestfield DriveGear 75W-90 (55 L),6,13439.29,2.0,6,True,active,2025-12-30,,2026-01-01 00:00:00,system,2026-01-01 00:00:00,system
750,315,3,SUP003-ADF-0315,Crestfield DriveGear 75W-90 (55 L),6,12542.45,2.0,10,False,active,2025-06-29,,2026-01-01 00:00:00,system,2026-01-01 00:00:00,system
751,316,14,SUP014-ADF-0316,Stonebridge AxleGuard 75W-90 (180 L),6,41493.28,3.0,8,True,active,2025-10-01,,2026-01-01 00:00:00,system,2026-01-01 00:00:00,system
752,316,8,SUP008-ADF-0316,Stonebridge AxleGuard 75W-90 (180 L),6,35428.13,2.0,11,False,active,2025-12-17,,2026-01-01 00:00:00,system,2026-01-01 00:00:00,system
753,317,10,SUP010-ADF-0317,Ridgewell GearShield 80W-90 (210 L),6,45595.92,1.0,6,True,active,2024-03-08,,2026-01-01 00:00:00,system,2026-01-01 00:00:00,system
754,317,2,SUP002-ADF-0317,Ridgewell GearShield 80W-90 (210 L),6,43178.31,1.0,11,False,active,2025-11-12,,2026-01-01 00:00:00,system,2026-01-01 00:00:00,system
755,318,8,SUP008-ADF-0318,Millbrook TorqueLine 80W-90 (1000 L),1,206.21,900.0,14,False,active,2025-04-27,,2026-01-01 00:00:00,system,2026-01-01 00:00:00,system
756,318,7,SUP007-ADF-0318,Millbrook TorqueLine 80W-90 (1000 L),1,201.29,800.0,14,False,active,2025-03-09,,2026-01-01 00:00:00,system,2026-01-01 00:00:00,system
757,318,9,SUP009-ADF-0318,Millbrook TorqueLine 80W-90 (1000 L),1,214.66,1100.0,8,True,active,2025-03-20,,2026-01-01 00:00:00,system,2026-01-01 00:00:00,system
758,319,6,SUP006-ADF-0319,Highpoint DriveGear 80W-90 (800 ML),6,176.8,11.0,9,False,active,2025-03-30,,2026-01-01 00:00:00,system,2026-01-01 00:00:00,system
759,319,11,SUP011-ADF-0319,Highpoint DriveGear 80W-90 (800 ML),6,196.11,14.0,6,True,active,2024-12-13,,2026-01-01 00:00:00,system,2026-01-01 00:00:00,system
760,319,12,SUP012-ADF-0319,Highpoint DriveGear 80W-90 (800 ML),6,187.54,13.0,8,False,active,2025-11-20,,2026-01-01 00:00:00,system,2026-01-01 00:00:00,system
761,319,1,SUP001-ADF-0319,Highpoint DriveGear 80W-90 (800 ML),6,166.65,14.0,9,False,active,2024-05-25,,2026-01-01 00:00:00,system,2026-01-01 00:00:00,system
762,320,1,SUP001-ADF-0320,Fieldmark AxleGuard 80W-90 (1 L),6,221.18,12.0,6,False,inactive,2024-11-11,2025-12-22,2026-01-01 00:00:00,system,2026-01-01 00:00:00,system
763,320,13,SUP013-ADF-0320,Fieldmark AxleGuard 80W-90 (1 L),6,239.8,16.0,6,False,inactive,2025-03-19,2025-11-18,2026-01-01 00:00:00,system,2026-01-01 00:00:00,system
764,320,12,SUP012-ADF-0320,Fieldmark AxleGuard 80W-90 (1 L),6,230.56,12.0,9,False,inactive,2024-08-18,2025-12-13,2026-01-01 00:00:00,system,2026-01-01 00:00:00,system
765,320,11,SUP011-ADF-0320,Fieldmark AxleGuard 80W-90 (1 L),6,240.85,13.0,5,False,inactive,2025-07-13,2025-11-13,2026-01-01 00:00:00,system,2026-01-01 00:00:00,system
766,321,14,SUP014-ADF-0321,Northmark GearShield 85W-140 (1.2 L),6,273.01,15.0,6,True,active,2025-06-16,,2026-01-01 00:00:00,system,2026-01-01 00:00:00,system
767,321,1,SUP001-ADF-0321,Northmark GearShield 85W-140 (1.2 L),6,262.69,12.0,7,False,active,2025-07-30,,2026-01-01 00:00:00,system,2026-01-01 00:00:00,system
768,322,7,SUP007-ADF-0322,Ironcrest TorqueLine 85W-140 (3 L),6,657.63,13.0,14,True,active,2025-09-20,,2026-01-01 00:00:00,system,2026-01-01 00:00:00,system
769,322,18,SUP018-ADF-0322,Ironcrest TorqueLine 85W-140 (3 L),6,705.44,17.0,5,False,active,2025-11-16,,2026-01-01 00:00:00,system,2026-01-01 00:00:00,system
770,322,5,SUP005-ADF-0322,Ironcrest TorqueLine 85W-140 (3 L),6,664.91,13.0,11,False,active,2024-04-26,,2026-01-01 00:00:00,system,2026-01-01 00:00:00,system
771,323,3,SUP003-ADF-0323,Redstone DriveGear 85W-140 (5 L),6,1081.72,7.0,10,True,active,2025-10-08,,2026-01-01 00:00:00,system,2026-01-01 00:00:00,system
772,323,15,SUP015-ADF-0323,Redstone DriveGear 85W-140 (5 L),6,1222.2,9.0,5,False,active,2024-08-11,,2026-01-01 00:00:00,system,2026-01-01 00:00:00,system
773,324,11,SUP011-ADF-0324,Westmark AxleGuard 85W-140 (10 L),6,2402.71,7.0,8,False,active,2025-12-11,,2026-01-01 00:00:00,system,2026-01-01 00:00:00,system
774,324,8,SUP008-ADF-0324,Westmark AxleGuard 85W-140 (10 L),6,2141.02,7.0,11,False,active,2025-12-29,,2026-01-01 00:00:00,system,2026-01-01 00:00:00,system
775,324,17,SUP017-ADF-0324,Westmark AxleGuard 85W-140 (10 L),6,2492.77,6.0,9,False,active,2024-04-30,,2026-01-01 00:00:00,system,2026-01-01 00:00:00,system
776,324,5,SUP005-ADF-0324,Westmark AxleGuard 85W-140 (10 L),6,2165.84,6.0,10,True,active,2025-07-18,,2026-01-01 00:00:00,system,2026-01-01 00:00:00,system
777,325,12,SUP012-ADF-0325,Crestfield GearShield 75W-90 (15 L),6,3478.88,7.0,9,False,active,2024-11-30,,2026-01-01 00:00:00,system,2026-01-01 00:00:00,system
778,325,14,SUP014-ADF-0325,Crestfield GearShield 75W-90 (15 L),6,3411.5,7.0,3,True,active,2025-10-25,,2026-01-01 00:00:00,system,2026-01-01 00:00:00,system
779,326,3,SUP003-ADF-0326,Stonebridge TorqueLine 75W-90 (20 L),6,4288.39,6.0,8,False,inactive,2025-04-18,2025-11-05,2026-01-01 00:00:00,system,2026-01-01 00:00:00,system
780,326,1,SUP001-ADF-0326,Stonebridge TorqueLine 75W-90 (20 L),6,4571.72,5.0,6,False,inactive,2025-01-05,2025-03-18,2026-01-01 00:00:00,system,2026-01-01 00:00:00,system
781,327,2,SUP002-ADF-0327,Ridgewell DriveGear 75W-90 (25 L),6,5646.68,5.0,12,True,active,2025-05-11,,2026-01-01 00:00:00,system,2026-01-01 00:00:00,system
782,328,18,SUP018-ADF-0328,Millbrook AxleGuard 75W-90 (30 L),6,7517.73,8.0,3,False,active,2025-12-19,,2026-01-01 00:00:00,system,2026-01-01 00:00:00,system
783,328,9,SUP009-ADF-0328,Millbrook AxleGuard 75W-90 (30 L),6,6879.38,6.0,8,True,active,2025-04-07,,2026-01-01 00:00:00,system,2026-01-01 00:00:00,system
784,328,3,SUP003-ADF-0328,Millbrook AxleGuard 75W-90 (30 L),6,6550.06,6.0,9,False,active,2025-04-22,,2026-01-01 00:00:00,system,2026-01-01 00:00:00,system
785,329,14,SUP014-ADF-0329,Highpoint GearShield 80W-90 (50 L),6,12535.66,2.0,3,True,active,2025-12-02,,2026-01-01 00:00:00,system,2026-01-01 00:00:00,system
786,329,2,SUP002-ADF-0329,Highpoint GearShield 80W-90 (50 L),6,10873.84,2.0,13,False,active,2024-12-30,,2026-01-01 00:00:00,system,2026-01-01 00:00:00,system
787,330,7,SUP007-ADF-0330,Fieldmark TorqueLine 80W-90 (55 L),6,12683.84,2.0,13,False,active,2024-09-25,,2026-01-01 00:00:00,system,2026-01-01 00:00:00,system
788,330,18,SUP018-ADF-0330,Fieldmark TorqueLine 80W-90 (55 L),6,13471.76,3.0,3,True,active,2025-04-07,,2026-01-01 00:00:00,system,2026-01-01 00:00:00,system
789,331,6,SUP006-ADF-0331,Northmark DriveGear 80W-90 (180 L),6,37962.28,2.0,8,True,active,2025-11-18,,2026-01-01 00:00:00,system,2026-01-01 00:00:00,system
790,332,14,SUP014-ADF-0332,Ironcrest AxleGuard 80W-90 (210 L),6,48984.25,1.0,4,False,active,2025-04-04,,2026-01-01 00:00:00,system,2026-01-01 00:00:00,system
791,332,15,SUP015-ADF-0332,Ironcrest AxleGuard 80W-90 (210 L),6,50456.18,1.0,5,True,active,2025-10-22,,2026-01-01 00:00:00,system,2026-01-01 00:00:00,system
792,333,6,SUP006-ADF-0333,Redstone GearShield 85W-140 (1000 L),1,197.61,900.0,11,True,active,2025-01-20,,2026-01-01 00:00:00,system,2026-01-01 00:00:00,system
793,333,10,SUP010-ADF-0333,Redstone GearShield 85W-140 (1000 L),1,207.32,1000.0,3,False,active,2025-01-14,,2026-01-01 00:00:00,system,2026-01-01 00:00:00,system
794,333,12,SUP012-ADF-0333,Redstone GearShield 85W-140 (1000 L),1,206.08,1350.0,9,False,active,2025-08-16,,2026-01-01 00:00:00,system,2026-01-01 00:00:00,system
795,334,14,SUP014-ADF-0334,Westmark TorqueLine 85W-140 (800 ML),6,198.29,17.0,3,False,active,2024-11-04,,2026-01-01 00:00:00,system,2026-01-01 00:00:00,system
796,334,9,SUP009-ADF-0334,Westmark TorqueLine 85W-140 (800 ML),6,186.52,13.0,5,False,active,2024-08-28,,2026-01-01 00:00:00,system,2026-01-01 00:00:00,system
797,334,3,SUP003-ADF-0334,Westmark TorqueLine 85W-140 (800 ML),6,179.27,12.0,8,True,active,2024-09-04,,2026-01-01 00:00:00,system,2026-01-01 00:00:00,system
798,335,2,SUP002-ADF-0335,Crestfield DriveGear 85W-140 (1 L),6,225.56,12.0,11,False,active,2025-08-09,,2026-01-01 00:00:00,system,2026-01-01 00:00:00,system
799,335,1,SUP001-ADF-0335,Crestfield DriveGear 85W-140 (1 L),6,229.51,11.0,10,True,active,2025-10-26,,2026-01-01 00:00:00,system,2026-01-01 00:00:00,system
800,336,9,SUP009-ADF-0336,Stonebridge AxleGuard 85W-140 (1.2 L),6,283.53,15.0,7,False,active,2025-02-09,,2026-01-01 00:00:00,system,2026-01-01 00:00:00,system
801,336,17,SUP017-ADF-0336,Stonebridge AxleGuard 85W-140 (1.2 L),6,296.71,15.0,9,True,active,2025-08-12,,2026-01-01 00:00:00,system,2026-01-01 00:00:00,system
802,336,14,SUP014-ADF-0336,Stonebridge AxleGuard 85W-140 (1.2 L),6,274.38,16.0,2,False,active,2025-11-15,,2026-01-01 00:00:00,system,2026-01-01 00:00:00,system
803,337,7,SUP007-ADF-0337,Ridgewell GearShield 75W-90 (3 L),6,627.01,13.0,11,False,active,2024-09-23,,2026-01-01 00:00:00,system,2026-01-01 00:00:00,system
804,337,4,SUP004-ADF-0337,Ridgewell GearShield 75W-90 (3 L),6,640.66,12.0,4,True,active,2024-05-06,,2026-01-01 00:00:00,system,2026-01-01 00:00:00,system
805,338,6,SUP006-ADF-0338,Millbrook TorqueLine 75W-90 (5 L),6,1050.82,7.0,11,False,inactive,2025-01-23,2025-05-30,2026-01-01 00:00:00,system,2026-01-01 00:00:00,system
806,338,10,SUP010-ADF-0338,Millbrook TorqueLine 75W-90 (5 L),6,1152.24,8.0,2,False,inactive,2025-09-09,2025-11-10,2026-01-01 00:00:00,system,2026-01-01 00:00:00,system
807,338,7,SUP007-ADF-0338,Millbrook TorqueLine 75W-90 (5 L),6,1148.12,5.0,14,False,inactive,2025-09-15,2025-11-14,2026-01-01 00:00:00,system,2026-01-01 00:00:00,system
808,339,10,SUP010-ADF-0339,Highpoint DriveGear 75W-90 (10 L),6,2376.04,7.0,3,True,active,2024-05-08,,2026-01-01 00:00:00,system,2026-01-01 00:00:00,system
809,339,16,SUP016-ADF-0339,Highpoint DriveGear 75W-90 (10 L),6,2330.66,9.0,3,False,active,2025-06-08,,2026-01-01 00:00:00,system,2026-01-01 00:00:00,system
810,339,2,SUP002-ADF-0339,Highpoint DriveGear 75W-90 (10 L),6,2200.57,6.0,9,False,active,2025-12-12,,2026-01-01 00:00:00,system,2026-01-01 00:00:00,system
811,340,11,SUP011-ADF-0340,Fieldmark AxleGuard 75W-90 (15 L),6,3390.86,7.0,6,True,active,2024-05-10,,2026-01-01 00:00:00,system,2026-01-01 00:00:00,system
812,340,6,SUP006-ADF-0340,Fieldmark AxleGuard 75W-90 (15 L),6,3380.55,6.0,9,False,active,2025-04-30,,2026-01-01 00:00:00,system,2026-01-01 00:00:00,system
813,340,5,SUP005-ADF-0340,Fieldmark AxleGuard 75W-90 (15 L),6,3283.79,7.0,10,False,active,2024-06-28,,2026-01-01 00:00:00,system,2026-01-01 00:00:00,system
814,340,12,SUP012-ADF-0340,Fieldmark AxleGuard 75W-90 (15 L),6,3603.75,7.0,8,False,active,2025-01-14,,2026-01-01 00:00:00,system,2026-01-01 00:00:00,system
815,341,16,SUP016-ADF-0341,Northmark GearShield 80W-90 (20 L),6,4664.22,8.0,8,False,active,2024-04-05,,2026-01-01 00:00:00,system,2026-01-01 00:00:00,system
816,341,17,SUP017-ADF-0341,Northmark GearShield 80W-90 (20 L),6,4875.44,7.0,7,False,active,2025-10-20,,2026-01-01 00:00:00,system,2026-01-01 00:00:00,system
817,341,18,SUP018-ADF-0341,Northmark GearShield 80W-90 (20 L),6,4985.94,8.0,7,False,active,2025-11-16,,2026-01-01 00:00:00,system,2026-01-01 00:00:00,system
818,341,10,SUP010-ADF-0341,Northmark GearShield 80W-90 (20 L),6,4648.76,6.0,2,True,active,2025-11-17,,2026-01-01 00:00:00,system,2026-01-01 00:00:00,system
819,342,14,SUP014-ADF-0342,Ironcrest TorqueLine 80W-90 (25 L),6,5901.51,7.0,2,False,inactive,2024-05-02,2025-05-13,2026-01-01 00:00:00,system,2026-01-01 00:00:00,system
820,343,9,SUP009-ADF-0343,Redstone DriveGear 80W-90 (30 L),6,7278.43,8.0,8,True,active,2025-09-09,,2026-01-01 00:00:00,system,2026-01-01 00:00:00,system
821,343,7,SUP007-ADF-0343,Redstone DriveGear 80W-90 (30 L),6,6319.23,6.0,13,False,active,2025-11-04,,2026-01-01 00:00:00,system,2026-01-01 00:00:00,system
822,344,20,SUP020-ADF-0344,Westmark AxleGuard 80W-90 (50 L),6,12263.71,2.0,27,True,active,2025-05-03,,2026-01-01 00:00:00,system,2026-01-01 00:00:00,system
823,345,4,SUP004-ADF-0345,Crestfield GearShield 85W-140 (55 L),6,12228.06,2.0,6,True,active,2024-07-31,,2026-01-01 00:00:00,system,2026-01-01 00:00:00,system
824,346,20,SUP020-ADF-0346,Stonebridge TorqueLine 85W-140 (180 L),6,41957.64,2.0,24,True,active,2025-01-19,,2026-01-01 00:00:00,system,2026-01-01 00:00:00,system
825,346,2,SUP002-ADF-0346,Stonebridge TorqueLine 85W-140 (180 L),6,38526.22,2.0,9,False,active,2024-09-15,,2026-01-01 00:00:00,system,2026-01-01 00:00:00,system
826,347,18,SUP018-ADF-0347,Ridgewell DriveGear 85W-140 (210 L),6,50236.41,1.0,5,True,active,2025-05-14,,2026-01-01 00:00:00,system,2026-01-01 00:00:00,system
827,347,21,SUP021-ADF-0347,Ridgewell DriveGear 85W-140 (210 L),6,48898.69,1.0,31,False,active,2024-12-14,,2026-01-01 00:00:00,system,2026-01-01 00:00:00,system
828,348,20,SUP020-ADF-0348,Millbrook AxleGuard 85W-140 (1000 L),1,231.14,900.0,27,False,active,2025-09-20,,2026-01-01 00:00:00,system,2026-01-01 00:00:00,system
829,348,14,SUP014-ADF-0348,Millbrook AxleGuard 85W-140 (1000 L),1,209.84,1300.0,3,True,active,2024-10-30,,2026-01-01 00:00:00,system,2026-01-01 00:00:00,system
830,348,13,SUP013-ADF-0348,Millbrook AxleGuard 85W-140 (1000 L),1,222.64,1050.0,9,False,active,2024-05-14,,2026-01-01 00:00:00,system,2026-01-01 00:00:00,system
831,349,21,SUP021-ADF-0349,Highpoint GearShield 75W-90 (800 ML),6,214.0,10.0,29,True,active,2024-01-05,,2026-01-01 00:00:00,system,2026-01-01 00:00:00,system
832,349,4,SUP004-ADF-0349,Highpoint GearShield 75W-90 (800 ML),6,178.3,14.0,9,False,active,2024-10-05,,2026-01-01 00:00:00,system,2026-01-01 00:00:00,system
833,349,22,SUP022-ADF-0349,Highpoint GearShield 75W-90 (800 ML),6,207.59,10.0,23,False,active,2024-07-20,,2026-01-01 00:00:00,system,2026-01-01 00:00:00,system
834,350,16,SUP016-ADF-0350,Fieldmark TorqueLine 75W-90 (1 L),6,241.05,15.0,3,True,active,2024-05-31,,2026-01-01 00:00:00,system,2026-01-01 00:00:00,system
835,350,7,SUP007-ADF-0350,Fieldmark TorqueLine 75W-90 (1 L),6,221.68,12.0,9,False,active,2025-05-24,,2026-01-01 00:00:00,system,2026-01-01 00:00:00,system
836,350,2,SUP002-ADF-0350,Fieldmark TorqueLine 75W-90 (1 L),6,229.77,11.0,8,False,active,2024-09-23,,2026-01-01 00:00:00,system,2026-01-01 00:00:00,system
837,351,22,SUP022-ADF-0351,Northmark TransFlow ATF Multi-Vehicle (1000 L),1,231.16,1000.0,22,False,active,2025-10-23,,2026-01-01 00:00:00,system,2026-01-01 00:00:00,system
838,351,11,SUP011-ADF-0351,Northmark TransFlow ATF Multi-Vehicle (1000 L),1,209.41,1200.0,9,True,active,2025-04-12,,2026-01-01 00:00:00,system,2026-01-01 00:00:00,system
839,351,2,SUP002-ADF-0351,Northmark TransFlow ATF Multi-Vehicle (1000 L),1,196.87,1200.0,14,False,active,2025-12-10,,2026-01-01 00:00:00,system,2026-01-01 00:00:00,system
840,351,21,SUP021-ADF-0351,Northmark TransFlow ATF Multi-Vehicle (1000 L),1,226.35,750.0,31,False,active,2024-03-09,,2026-01-01 00:00:00,system,2026-01-01 00:00:00,system
841,352,4,SUP004-ADF-0352,Ironcrest ShiftCore ATF Multi-Vehicle (800 ML),6,183.6,13.0,9,False,active,2025-06-13,,2026-01-01 00:00:00,system,2026-01-01 00:00:00,system
842,352,22,SUP022-ADF-0352,Ironcrest ShiftCore ATF Multi-Vehicle (800 ML),6,211.32,11.0,23,False,active,2024-11-30,,2026-01-01 00:00:00,system,2026-01-01 00:00:00,system
843,352,15,SUP015-ADF-0352,Ironcrest ShiftCore ATF Multi-Vehicle (800 ML),6,204.76,17.0,6,True,active,2024-03-03,,2026-01-01 00:00:00,system,2026-01-01 00:00:00,system
844,352,11,SUP011-ADF-0352,Ironcrest ShiftCore ATF Multi-Vehicle (800 ML),6,183.16,16.0,9,False,active,2024-09-18,,2026-01-01 00:00:00,system,2026-01-01 00:00:00,system
845,353,3,SUP003-ADF-0353,Redstone AutoShift ATF Multi-Vehicle (1 L),6,228.03,12.0,12,True,active,2025-04-17,,2026-01-01 00:00:00,system,2026-01-01 00:00:00,system
846,353,4,SUP004-ADF-0353,Redstone AutoShift ATF Multi-Vehicle (1 L),6,218.63,12.0,5,False,active,2024-07-13,,2026-01-01 00:00:00,system,2026-01-01 00:00:00,system
847,354,3,SUP003-ADF-0354,Westmark TransGuard ATF Multi-Vehicle (1.2 L),6,254.33,13.0,10,True,active,2025-11-19,,2026-01-01 00:00:00,system,2026-01-01 00:00:00,system
848,355,9,SUP009-ADF-0355,Crestfield TransFlow ATF Low-Viscosity (3 L),6,721.23,14.0,3,False,active,2024-05-10,,2026-01-01 00:00:00,system,2026-01-01 00:00:00,system
849,355,8,SUP008-ADF-0355,Crestfield TransFlow ATF Low-Viscosity (3 L),6,620.49,14.0,13,False,active,2024-02-05,,2026-01-01 00:00:00,system,2026-01-01 00:00:00,system
850,355,18,SUP018-ADF-0355,Crestfield TransFlow ATF Low-Viscosity (3 L),6,749.24,16.0,8,True,active,2025-01-25,,2026-01-01 00:00:00,system,2026-01-01 00:00:00,system
851,356,18,SUP018-ADF-0356,Stonebridge ShiftCore ATF Low-Viscosity (5 L),6,1158.67,7.0,6,False,active,2024-03-05,,2026-01-01 00:00:00,system,2026-01-01 00:00:00,system
852,356,1,SUP001-ADF-0356,Stonebridge ShiftCore ATF Low-Viscosity (5 L),6,1131.0,7.0,8,False,active,2025-05-23,,2026-01-01 00:00:00,system,2026-01-01 00:00:00,system
853,356,11,SUP011-ADF-0356,Stonebridge ShiftCore ATF Low-Viscosity (5 L),6,1150.76,7.0,9,False,active,2025-02-20,,2026-01-01 00:00:00,system,2026-01-01 00:00:00,system
854,356,10,SUP010-ADF-0356,Stonebridge ShiftCore ATF Low-Viscosity (5 L),6,1251.83,7.0,5,True,active,2024-10-02,,2026-01-01 00:00:00,system,2026-01-01 00:00:00,system
855,357,10,SUP010-ADF-0357,Ridgewell AutoShift ATF Low-Viscosity (10 L),6,2280.52,8.0,3,True,active,2024-02-19,,2026-01-01 00:00:00,system,2026-01-01 00:00:00,system
856,358,11,SUP011-ADF-0358,Millbrook TransGuard ATF Low-Viscosity (15 L),6,3381.19,7.0,5,True,active,2025-08-17,,2026-01-01 00:00:00,system,2026-01-01 00:00:00,system
857,359,7,SUP007-ADF-0359,Highpoint TransFlow ATF Synthetic (20 L),6,4490.08,6.0,14,False,active,2024-01-23,,2026-01-01 00:00:00,system,2026-01-01 00:00:00,system
858,359,16,SUP016-ADF-0359,Highpoint TransFlow ATF Synthetic (20 L),6,4998.31,8.0,7,True,active,2025-05-05,,2026-01-01 00:00:00,system,2026-01-01 00:00:00,system
859,360,3,SUP003-ADF-0360,Fieldmark ShiftCore ATF Synthetic (25 L),6,5811.54,7.0,9,True,active,2025-07-19,,2026-01-01 00:00:00,system,2026-01-01 00:00:00,system
860,360,2,SUP002-ADF-0360,Fieldmark ShiftCore ATF Synthetic (25 L),6,5777.33,7.0,10,False,active,2025-01-06,,2026-01-01 00:00:00,system,2026-01-01 00:00:00,system
861,361,13,SUP013-ADF-0361,Northmark AutoShift ATF Synthetic (30 L),6,8049.99,7.0,8,True,active,2025-12-05,,2026-01-01 00:00:00,system,2026-01-01 00:00:00,system
862,361,2,SUP002-ADF-0361,Northmark AutoShift ATF Synthetic (30 L),6,7004.39,7.0,12,False,active,2024-11-29,,2026-01-01 00:00:00,system,2026-01-01 00:00:00,system
863,361,7,SUP007-ADF-0361,Northmark AutoShift ATF Synthetic (30 L),6,7108.35,6.0,13,False,active,2025-08-04,,2026-01-01 00:00:00,system,2026-01-01 00:00:00,system
864,362,13,SUP013-ADF-0362,Ironcrest TransGuard ATF Synthetic (50 L),6,12760.69,3.0,4,True,active,2025-08-05,,2026-01-01 00:00:00,system,2026-01-01 00:00:00,system
865,363,7,SUP007-ADF-0363,Redstone TransFlow ATF Multi-Vehicle (55 L),6,11767.9,2.0,14,False,inactive,2024-11-24,2025-12-18,2026-01-01 00:00:00,system,2026-01-01 00:00:00,system
866,363,21,SUP021-ADF-0363,Redstone TransFlow ATF Multi-Vehicle (55 L),6,14070.3,2.0,28,False,inactive,2024-06-25,2025-07-13,2026-01-01 00:00:00,system,2026-01-01 00:00:00,system
867,364,20,SUP020-ADF-0364,Westmark ShiftCore ATF Multi-Vehicle (180 L),6,42768.27,2.0,27,True,active,2025-04-18,,2026-01-01 00:00:00,system,2026-01-01 00:00:00,system
868,365,6,SUP006-ADF-0365,Crestfield AutoShift ATF Multi-Vehicle (210 L),6,42082.23,1.0,12,False,active,2024-01-10,,2026-01-01 00:00:00,system,2026-01-01 00:00:00,system
869,365,18,SUP018-ADF-0365,Crestfield AutoShift ATF Multi-Vehicle (210 L),6,47216.18,1.0,7,True,active,2025-10-13,,2026-01-01 00:00:00,system,2026-01-01 00:00:00,system
870,365,7,SUP007-ADF-0365,Crestfield AutoShift ATF Multi-Vehicle (210 L),6,44637.21,1.0,14,False,active,2024-12-15,,2026-01-01 00:00:00,system,2026-01-01 00:00:00,system
871,366,6,SUP006-ADF-0366,Stonebridge TransGuard ATF Multi-Vehicle (1000 L),1,202.55,1100.0,10,False,active,2024-08-07,,2026-01-01 00:00:00,system,2026-01-01 00:00:00,system
872,366,17,SUP017-ADF-0366,Stonebridge TransGuard ATF Multi-Vehicle (1000 L),1,219.87,1450.0,9,False,active,2025-03-08,,2026-01-01 00:00:00,system,2026-01-01 00:00:00,system
873,366,1,SUP001-ADF-0366,Stonebridge TransGuard ATF Multi-Vehicle (1000 L),1,191.76,950.0,6,True,active,2024-08-11,,2026-01-01 00:00:00,system,2026-01-01 00:00:00,system
874,367,15,SUP015-ADF-0367,Ridgewell TransFlow ATF Low-Viscosity (800 ML),6,203.79,15.0,4,False,active,2024-08-15,,2026-01-01 00:00:00,system,2026-01-01 00:00:00,system
875,367,4,SUP004-ADF-0367,Ridgewell TransFlow ATF Low-Viscosity (800 ML),6,183.4,14.0,4,True,active,2025-12-22,,2026-01-01 00:00:00,system,2026-01-01 00:00:00,system
876,367,8,SUP008-ADF-0367,Ridgewell TransFlow ATF Low-Viscosity (800 ML),6,175.71,14.0,9,False,active,2024-01-13,,2026-01-01 00:00:00,system,2026-01-01 00:00:00,system
877,368,10,SUP010-ADF-0368,Millbrook ShiftCore ATF Low-Viscosity (1 L),6,234.08,16.0,5,True,active,2025-01-26,,2026-01-01 00:00:00,system,2026-01-01 00:00:00,system
878,368,13,SUP013-ADF-0368,Millbrook ShiftCore ATF Low-Viscosity (1 L),6,240.84,13.0,5,False,active,2025-09-21,,2026-01-01 00:00:00,system,2026-01-01 00:00:00,system
879,368,8,SUP008-ADF-0368,Millbrook ShiftCore ATF Low-Viscosity (1 L),6,208.77,11.0,13,False,active,2025-04-08,,2026-01-01 00:00:00,system,2026-01-01 00:00:00,system
880,368,2,SUP002-ADF-0368,Millbrook ShiftCore ATF Low-Viscosity (1 L),6,219.65,11.0,13,False,active,2024-09-19,,2026-01-01 00:00:00,system,2026-01-01 00:00:00,system
881,369,17,SUP017-ADF-0369,Highpoint AutoShift ATF Low-Viscosity (1.2 L),6,291.62,14.0,7,False,active,2025-11-09,,2026-01-01 00:00:00,system,2026-01-01 00:00:00,system
882,369,13,SUP013-ADF-0369,Highpoint AutoShift ATF Low-Viscosity (1.2 L),6,282.81,14.0,4,True,active,2024-06-25,,2026-01-01 00:00:00,system,2026-01-01 00:00:00,system
883,369,8,SUP008-ADF-0369,Highpoint AutoShift ATF Low-Viscosity (1.2 L),6,257.51,11.0,8,False,active,2025-12-04,,2026-01-01 00:00:00,system,2026-01-01 00:00:00,system
884,370,12,SUP012-ADF-0370,Fieldmark TransGuard ATF Low-Viscosity (3 L),6,708.48,15.0,9,False,active,2025-09-18,,2026-01-01 00:00:00,system,2026-01-01 00:00:00,system
885,370,3,SUP003-ADF-0370,Fieldmark TransGuard ATF Low-Viscosity (3 L),6,669.88,12.0,11,True,active,2025-01-21,,2026-01-01 00:00:00,system,2026-01-01 00:00:00,system
886,371,3,SUP003-ADF-0371,Northmark TransFlow ATF Synthetic (5 L),6,1182.94,6.0,8,True,active,2024-02-06,,2026-01-01 00:00:00,system,2026-01-01 00:00:00,system
887,371,16,SUP016-ADF-0371,Northmark TransFlow ATF Synthetic (5 L),6,1393.53,8.0,6,False,active,2024-01-10,,2026-01-01 00:00:00,system,2026-01-01 00:00:00,system
888,372,2,SUP002-ADF-0372,Ironcrest ShiftCore ATF Synthetic (10 L),6,2245.95,6.0,8,False,inactive,2025-02-25,2025-06-02,2026-01-01 00:00:00,system,2026-01-01 00:00:00,system
889,372,3,SUP003-ADF-0372,Ironcrest ShiftCore ATF Synthetic (10 L),6,2354.48,6.0,12,False,inactive,2024-03-18,2025-04-11,2026-01-01 00:00:00,system,2026-01-01 00:00:00,system
890,373,5,SUP005-ADF-0373,Redstone AutoShift ATF Synthetic (15 L),6,3417.02,7.0,14,False,active,2025-07-23,,2026-01-01 00:00:00,system,2026-01-01 00:00:00,system
891,373,12,SUP012-ADF-0373,Redstone AutoShift ATF Synthetic (15 L),6,3739.05,7.0,8,False,active,2025-04-13,,2026-01-01 00:00:00,system,2026-01-01 00:00:00,system
892,373,7,SUP007-ADF-0373,Redstone AutoShift ATF Synthetic (15 L),6,3567.04,7.0,11,False,active,2024-07-23,,2026-01-01 00:00:00,system,2026-01-01 00:00:00,system
893,373,16,SUP016-ADF-0373,Redstone AutoShift ATF Synthetic (15 L),6,3743.82,7.0,3,True,active,2024-06-09,,2026-01-01 00:00:00,system,2026-01-01 00:00:00,system
894,374,9,SUP009-ADF-0374,Westmark TransGuard ATF Synthetic (20 L),6,4979.64,8.0,6,False,active,2025-07-04,,2026-01-01 00:00:00,system,2026-01-01 00:00:00,system
895,374,3,SUP003-ADF-0374,Westmark TransGuard ATF Synthetic (20 L),6,4866.98,6.0,10,True,active,2024-10-31,,2026-01-01 00:00:00,system,2026-01-01 00:00:00,system
896,374,22,SUP022-ADF-0374,Westmark TransGuard ATF Synthetic (20 L),6,5314.03,6.0,24,False,active,2025-09-11,,2026-01-01 00:00:00,system,2026-01-01 00:00:00,system
897,375,10,SUP010-ADF-0375,Crestfield TransFlow ATF Multi-Vehicle (25 L),6,5996.57,6.0,3,True,active,2024-10-25,,2026-01-01 00:00:00,system,2026-01-01 00:00:00,system
898,376,11,SUP011-ADF-0376,Stonebridge ShiftCore ATF Multi-Vehicle (30 L),6,7066.14,7.0,7,False,inactive,2025-06-18,2025-10-16,2026-01-01 00:00:00,system,2026-01-01 00:00:00,system
899,376,16,SUP016-ADF-0376,Stonebridge ShiftCore ATF Multi-Vehicle (30 L),6,7443.81,8.0,5,False,inactive,2025-01-25,2025-06-26,2026-01-01 00:00:00,system,2026-01-01 00:00:00,system
900,377,16,SUP016-ADF-0377,Ridgewell AutoShift ATF Multi-Vehicle (50 L),6,12216.52,2.0,8,False,active,2024-09-13,,2026-01-01 00:00:00,system,2026-01-01 00:00:00,system
901,377,1,SUP001-ADF-0377,Ridgewell AutoShift ATF Multi-Vehicle (50 L),6,10979.23,2.0,9,True,active,2025-05-22,,2026-01-01 00:00:00,system,2026-01-01 00:00:00,system
902,378,16,SUP016-ADF-0378,Millbrook TransGuard ATF Multi-Vehicle (55 L),6,12716.86,3.0,5,False,active,2024-01-07,,2026-01-01 00:00:00,system,2026-01-01 00:00:00,system
903,378,1,SUP001-ADF-0378,Millbrook TransGuard ATF Multi-Vehicle (55 L),6,11648.21,2.0,9,False,active,2025-02-22,,2026-01-01 00:00:00,system,2026-01-01 00:00:00,system
904,378,21,SUP021-ADF-0378,Millbrook TransGuard ATF Multi-Vehicle (55 L),6,14641.99,2.0,26,False,active,2024-08-12,,2026-01-01 00:00:00,system,2026-01-01 00:00:00,system
905,378,10,SUP010-ADF-0378,Millbrook TransGuard ATF Multi-Vehicle (55 L),6,13293.16,3.0,3,True,active,2025-06-03,,2026-01-01 00:00:00,system,2026-01-01 00:00:00,system
906,379,14,SUP014-ADF-0379,Highpoint TransFlow ATF Low-Viscosity (180 L),6,40225.41,2.0,3,True,active,2025-11-14,,2026-01-01 00:00:00,system,2026-01-01 00:00:00,system
907,380,3,SUP003-ADF-0380,Fieldmark ShiftCore ATF Low-Viscosity (210 L),6,44913.56,1.0,10,False,active,2024-04-18,,2026-01-01 00:00:00,system,2026-01-01 00:00:00,system
908,380,9,SUP009-ADF-0380,Fieldmark ShiftCore ATF Low-Viscosity (210 L),6,49852.98,1.0,8,False,active,2025-04-19,,2026-01-01 00:00:00,system,2026-01-01 00:00:00,system
909,380,18,SUP018-ADF-0380,Fieldmark ShiftCore ATF Low-Viscosity (210 L),6,51136.48,1.0,7,False,active,2024-11-21,,2026-01-01 00:00:00,system,2026-01-01 00:00:00,system
910,380,13,SUP013-ADF-0380,Fieldmark ShiftCore ATF Low-Viscosity (210 L),6,47898.97,1.0,7,True,active,2024-05-24,,2026-01-01 00:00:00,system,2026-01-01 00:00:00,system
911,381,9,SUP009-ADF-0381,Northmark AutoShift ATF Low-Viscosity (1000 L),1,210.48,1050.0,8,False,active,2025-03-15,,2026-01-01 00:00:00,system,2026-01-01 00:00:00,system
912,381,10,SUP010-ADF-0381,Northmark AutoShift ATF Low-Viscosity (1000 L),1,204.86,1050.0,4,True,active,2024-01-19,,2026-01-01 00:00:00,system,2026-01-01 00:00:00,system
913,382,7,SUP007-ADF-0382,Ironcrest TransGuard ATF Low-Viscosity (800 ML),6,166.16,11.0,13,False,active,2025-12-25,,2026-01-01 00:00:00,system,2026-01-01 00:00:00,system
914,382,4,SUP004-ADF-0382,Ironcrest TransGuard ATF Low-Viscosity (800 ML),6,172.17,12.0,5,True,active,2025-04-26,,2026-01-01 00:00:00,system,2026-01-01 00:00:00,system
915,382,1,SUP001-ADF-0382,Ironcrest TransGuard ATF Low-Viscosity (800 ML),6,183.66,13.0,5,False,active,2024-10-28,,2026-01-01 00:00:00,system,2026-01-01 00:00:00,system
916,383,13,SUP013-ADF-0383,Redstone TransFlow ATF Synthetic (1 L),6,260.32,12.0,5,True,active,2024-04-13,,2026-01-01 00:00:00,system,2026-01-01 00:00:00,system
917,384,11,SUP011-ADF-0384,Westmark ShiftCore ATF Synthetic (1.2 L),6,316.17,14.0,6,False,inactive,2025-01-28,2025-04-19,2026-01-01 00:00:00,system,2026-01-01 00:00:00,system
918,384,10,SUP010-ADF-0384,Westmark ShiftCore ATF Synthetic (1.2 L),6,308.25,16.0,3,False,inactive,2024-08-28,2025-01-16,2026-01-01 00:00:00,system,2026-01-01 00:00:00,system
919,384,6,SUP006-ADF-0384,Westmark ShiftCore ATF Synthetic (1.2 L),6,295.77,12.0,6,False,inactive,2024-05-16,2025-06-12,2026-01-01 00:00:00,system,2026-01-01 00:00:00,system
920,385,13,SUP013-ADF-0385,Crestfield AutoShift ATF Synthetic (3 L),6,758.17,14.0,6,True,active,2024-04-26,,2026-01-01 00:00:00,system,2026-01-01 00:00:00,system
921,385,16,SUP016-ADF-0385,Crestfield AutoShift ATF Synthetic (3 L),6,830.82,15.0,6,False,active,2025-10-21,,2026-01-01 00:00:00,system,2026-01-01 00:00:00,system
922,386,12,SUP012-ADF-0386,Stonebridge TransGuard ATF Synthetic (5 L),6,1282.27,7.0,7,True,active,2024-01-07,,2026-01-01 00:00:00,system,2026-01-01 00:00:00,system
923,387,14,SUP014-ADF-0387,Ridgewell TransFlow ATF Multi-Vehicle (10 L),6,2247.06,8.0,2,True,active,2025-02-20,,2026-01-01 00:00:00,system,2026-01-01 00:00:00,system
924,387,5,SUP005-ADF-0387,Ridgewell TransFlow ATF Multi-Vehicle (10 L),6,2295.75,6.0,12,False,active,2025-07-20,,2026-01-01 00:00:00,system,2026-01-01 00:00:00,system
925,388,3,SUP003-ADF-0388,Millbrook ShiftCore ATF Multi-Vehicle (15 L),6,3152.4,6.0,11,False,inactive,2024-11-01,2025-12-24,2026-01-01 00:00:00,system,2026-01-01 00:00:00,system
926,388,13,SUP013-ADF-0388,Millbrook ShiftCore ATF Multi-Vehicle (15 L),6,3412.69,7.0,8,False,inactive,2023-10-01,2025-02-28,2026-01-01 00:00:00,system,2026-01-01 00:00:00,system
927,388,5,SUP005-ADF-0388,Millbrook ShiftCore ATF Multi-Vehicle (15 L),6,3164.28,6.0,10,False,inactive,2024-09-15,2025-10-14,2026-01-01 00:00:00,system,2026-01-01 00:00:00,system
928,389,7,SUP007-ADF-0389,Highpoint AutoShift ATF Multi-Vehicle (20 L),6,4550.38,7.0,14,False,active,2024-01-09,,2026-01-01 00:00:00,system,2026-01-01 00:00:00,system
929,389,11,SUP011-ADF-0389,Highpoint AutoShift ATF Multi-Vehicle (20 L),6,4525.9,7.0,4,True,active,2024-01-13,,2026-01-01 00:00:00,system,2026-01-01 00:00:00,system
930,389,5,SUP005-ADF-0389,Highpoint AutoShift ATF Multi-Vehicle (20 L),6,4318.22,6.0,10,False,active,2024-12-03,,2026-01-01 00:00:00,system,2026-01-01 00:00:00,system
931,390,21,SUP021-ADF-0390,Fieldmark TransGuard ATF Multi-Vehicle (25 L),6,6523.65,6.0,31,False,active,2025-02-27,,2026-01-01 00:00:00,system,2026-01-01 00:00:00,system
932,390,6,SUP006-ADF-0390,Fieldmark TransGuard ATF Multi-Vehicle (25 L),6,5229.21,6.0,9,True,active,2024-07-26,,2026-01-01 00:00:00,system,2026-01-01 00:00:00,system
933,391,9,SUP009-ADF-0391,Northmark ManualCore 75W-80 (1 L),6,230.34,14.0,7,False,inactive,2024-07-03,2025-10-27,2026-01-01 00:00:00,system,2026-01-01 00:00:00,system
934,392,1,SUP001-ADF-0392,Ironcrest ShiftForce 75W-80 (1.2 L),6,271.61,11.0,5,True,active,2024-05-20,,2026-01-01 00:00:00,system,2026-01-01 00:00:00,system
935,392,8,SUP008-ADF-0392,Ironcrest ShiftForce 75W-80 (1.2 L),6,255.23,12.0,10,False,active,2025-04-07,,2026-01-01 00:00:00,system,2026-01-01 00:00:00,system
936,392,18,SUP018-ADF-0392,Ironcrest ShiftForce 75W-80 (1.2 L),6,288.66,16.0,6,False,active,2025-11-17,,2026-01-01 00:00:00,system,2026-01-01 00:00:00,system
937,393,17,SUP017-ADF-0393,Redstone GearFlow 75W-80 (3 L),6,702.04,14.0,7,False,active,2025-06-27,,2026-01-01 00:00:00,system,2026-01-01 00:00:00,system
938,393,8,SUP008-ADF-0393,Redstone GearFlow 75W-80 (3 L),6,636.96,13.0,13,False,active,2024-04-24,,2026-01-01 00:00:00,system,2026-01-01 00:00:00,system
939,393,9,SUP009-ADF-0393,Redstone GearFlow 75W-80 (3 L),6,738.96,13.0,5,True,active,2025-07-04,,2026-01-01 00:00:00,system,2026-01-01 00:00:00,system
940,394,8,SUP008-ADF-0394,Westmark DriveShift 75W-80 (5 L),6,1042.32,6.0,12,False,active,2024-05-23,,2026-01-01 00:00:00,system,2026-01-01 00:00:00,system
941,394,10,SUP010-ADF-0394,Westmark DriveShift 75W-80 (5 L),6,1136.98,7.0,5,True,active,2024-01-12,,2026-01-01 00:00:00,system,2026-01-01 00:00:00,system
942,394,11,SUP011-ADF-0394,Westmark DriveShift 75W-80 (5 L),6,1239.36,7.0,8,False,active,2024-05-29,,2026-01-01 00:00:00,system,2026-01-01 00:00:00,system
943,395,6,SUP006-ADF-0395,Crestfield ManualCore 75W-90 (10 L),6,2133.13,6.0,11,True,active,2024-01-11,,2026-01-01 00:00:00,system,2026-01-01 00:00:00,system
944,395,8,SUP008-ADF-0395,Crestfield ManualCore 75W-90 (10 L),6,2137.6,6.0,9,False,active,2024-02-25,,2026-01-01 00:00:00,system,2026-01-01 00:00:00,system
945,395,16,SUP016-ADF-0395,Crestfield ManualCore 75W-90 (10 L),6,2519.05,7.0,4,False,active,2025-05-30,,2026-01-01 00:00:00,system,2026-01-01 00:00:00,system
946,395,7,SUP007-ADF-0395,Crestfield ManualCore 75W-90 (10 L),6,2301.76,7.0,11,False,active,2024-04-17,,2026-01-01 00:00:00,system,2026-01-01 00:00:00,system
947,396,13,SUP013-ADF-0396,Stonebridge ShiftForce 75W-90 (15 L),6,3425.81,7.0,4,True,active,2024-06-14,,2026-01-01 00:00:00,system,2026-01-01 00:00:00,system
948,397,21,SUP021-ADF-0397,Ridgewell GearFlow 75W-90 (20 L),6,4949.56,5.0,31,False,active,2025-06-01,,2026-01-01 00:00:00,system,2026-01-01 00:00:00,system
949,397,5,SUP005-ADF-0397,Ridgewell GearFlow 75W-90 (20 L),6,4498.38,5.0,14,False,active,2024-07-09,,2026-01-01 00:00:00,system,2026-01-01 00:00:00,system
950,397,8,SUP008-ADF-0397,Ridgewell GearFlow 75W-90 (20 L),6,4384.47,5.0,13,False,active,2025-04-19,,2026-01-01 00:00:00,system,2026-01-01 00:00:00,system
951,397,17,SUP017-ADF-0397,Ridgewell GearFlow 75W-90 (20 L),6,4724.48,8.0,8,True,active,2025-11-29,,2026-01-01 00:00:00,system,2026-01-01 00:00:00,system
952,398,18,SUP018-ADF-0398,Millbrook DriveShift 75W-90 (25 L),6,5987.66,7.0,5,True,active,2025-05-04,,2026-01-01 00:00:00,system,2026-01-01 00:00:00,system
953,399,7,SUP007-ADF-0399,Highpoint ManualCore 80W (30 L),6,6398.55,5.0,12,False,active,2025-07-03,,2026-01-01 00:00:00,system,2026-01-01 00:00:00,system
954,399,15,SUP015-ADF-0399,Highpoint ManualCore 80W (30 L),6,7386.09,8.0,9,True,active,2025-07-13,,2026-01-01 00:00:00,system,2026-01-01 00:00:00,system
955,400,13,SUP013-ADF-0400,Fieldmark ShiftForce 80W (50 L),6,11704.61,2.0,5,True,active,2024-06-19,,2026-01-01 00:00:00,system,2026-01-01 00:00:00,system
956,400,7,SUP007-ADF-0400,Fieldmark ShiftForce 80W (50 L),6,10825.07,2.0,12,False,active,2024-11-04,,2026-01-01 00:00:00,system,2026-01-01 00:00:00,system
957,400,21,SUP021-ADF-0400,Fieldmark ShiftForce 80W (50 L),6,12204.02,2.0,29,False,active,2024-08-30,,2026-01-01 00:00:00,system,2026-01-01 00:00:00,system
958,400,4,SUP004-ADF-0400,Fieldmark ShiftForce 80W (50 L),6,11304.64,2.0,7,False,active,2024-06-06,,2026-01-01 00:00:00,system,2026-01-01 00:00:00,system
959,401,10,SUP010-ADF-0401,Northmark GearFlow 80W (55 L),6,12781.31,2.0,4,True,active,2024-11-19,,2026-01-01 00:00:00,system,2026-01-01 00:00:00,system
960,401,13,SUP013-ADF-0401,Northmark GearFlow 80W (55 L),6,13226.17,2.0,8,False,active,2024-04-07,,2026-01-01 00:00:00,system,2026-01-01 00:00:00,system
961,402,1,SUP001-ADF-0402,Ironcrest DriveShift 80W (180 L),6,38534.57,2.0,7,True,active,2024-05-11,,2026-01-01 00:00:00,system,2026-01-01 00:00:00,system
962,402,12,SUP012-ADF-0402,Ironcrest DriveShift 80W (180 L),6,40397.91,2.0,8,False,active,2024-10-07,,2026-01-01 00:00:00,system,2026-01-01 00:00:00,system
963,403,7,SUP007-ADF-0403,Redstone ManualCore 75W-80 (210 L),6,42871.52,1.0,12,False,active,2024-08-27,,2026-01-01 00:00:00,system,2026-01-01 00:00:00,system
964,403,2,SUP002-ADF-0403,Redstone ManualCore 75W-80 (210 L),6,41785.62,1.0,10,False,active,2025-07-30,,2026-01-01 00:00:00,system,2026-01-01 00:00:00,system
965,403,1,SUP001-ADF-0403,Redstone ManualCore 75W-80 (210 L),6,42730.83,1.0,8,True,active,2024-12-30,,2026-01-01 00:00:00,system,2026-01-01 00:00:00,system
966,403,14,SUP014-ADF-0403,Redstone ManualCore 75W-80 (210 L),6,46177.61,1.0,3,False,active,2025-06-28,,2026-01-01 00:00:00,system,2026-01-01 00:00:00,system
967,404,4,SUP004-ADF-0404,Westmark ShiftForce 75W-80 (1000 L),1,208.77,1050.0,7,False,inactive,2025-01-20,2025-09-11,2026-01-01 00:00:00,system,2026-01-01 00:00:00,system
968,404,20,SUP020-ADF-0404,Westmark ShiftForce 75W-80 (1000 L),1,217.72,850.0,24,False,inactive,2025-04-30,2025-12-13,2026-01-01 00:00:00,system,2026-01-01 00:00:00,system
969,405,13,SUP013-ADF-0405,Crestfield GearFlow 75W-80 (800 ML),6,185.78,16.0,7,False,inactive,2024-06-24,2025-04-10,2026-01-01 00:00:00,system,2026-01-01 00:00:00,system
970,405,19,SUP019-ADF-0405,Crestfield GearFlow 75W-80 (800 ML),6,198.78,15.0,6,False,inactive,2025-03-01,2025-08-18,2026-01-01 00:00:00,system,2026-01-01 00:00:00,system
971,405,4,SUP004-ADF-0405,Crestfield GearFlow 75W-80 (800 ML),6,174.57,12.0,5,False,inactive,2024-07-23,2025-11-06,2026-01-01 00:00:00,system,2026-01-01 00:00:00,system
972,405,17,SUP017-ADF-0405,Crestfield GearFlow 75W-80 (800 ML),6,198.89,16.0,8,False,inactive,2024-02-11,2025-04-11,2026-01-01 00:00:00,system,2026-01-01 00:00:00,system
973,406,1,SUP001-ADF-0406,Stonebridge DriveShift 75W-80 (1 L),6,207.56,14.0,8,True,active,2024-10-23,,2026-01-01 00:00:00,system,2026-01-01 00:00:00,system
974,406,11,SUP011-ADF-0406,Stonebridge DriveShift 75W-80 (1 L),6,249.38,12.0,8,False,active,2025-03-14,,2026-01-01 00:00:00,system,2026-01-01 00:00:00,system
975,407,18,SUP018-ADF-0407,Ridgewell ManualCore 75W-90 (1.2 L),6,300.22,13.0,3,True,active,2024-10-27,,2026-01-01 00:00:00,system,2026-01-01 00:00:00,system
976,407,7,SUP007-ADF-0407,Ridgewell ManualCore 75W-90 (1.2 L),6,273.2,12.0,12,False,active,2024-09-27,,2026-01-01 00:00:00,system,2026-01-01 00:00:00,system
977,408,2,SUP002-ADF-0408,Millbrook ShiftForce 75W-90 (3 L),6,632.15,12.0,10,False,active,2024-11-25,,2026-01-01 00:00:00,system,2026-01-01 00:00:00,system
978,408,12,SUP012-ADF-0408,Millbrook ShiftForce 75W-90 (3 L),6,679.48,13.0,6,True,active,2025-04-29,,2026-01-01 00:00:00,system,2026-01-01 00:00:00,system
979,408,8,SUP008-ADF-0408,Millbrook ShiftForce 75W-90 (3 L),6,669.76,13.0,13,False,active,2025-07-06,,2026-01-01 00:00:00,system,2026-01-01 00:00:00,system
980,409,11,SUP011-ADF-0409,Highpoint GearFlow 75W-90 (5 L),6,1147.67,7.0,8,False,active,2025-10-30,,2026-01-01 00:00:00,system,2026-01-01 00:00:00,system
981,409,18,SUP018-ADF-0409,Highpoint GearFlow 75W-90 (5 L),6,1173.64,6.0,4,True,active,2025-05-19,,2026-01-01 00:00:00,system,2026-01-01 00:00:00,system
982,409,21,SUP021-ADF-0409,Highpoint GearFlow 75W-90 (5 L),6,1323.74,6.0,29,False,active,2024-11-05,,2026-01-01 00:00:00,system,2026-01-01 00:00:00,system
983,410,14,SUP014-ADF-0410,Fieldmark DriveShift 75W-90 (10 L),6,2442.34,8.0,7,True,active,2024-10-15,,2026-01-01 00:00:00,system,2026-01-01 00:00:00,system
984,410,12,SUP012-ADF-0410,Fieldmark DriveShift 75W-90 (10 L),6,2435.25,8.0,5,False,active,2024-01-25,,2026-01-01 00:00:00,system,2026-01-01 00:00:00,system
985,410,10,SUP010-ADF-0410,Fieldmark DriveShift 75W-90 (10 L),6,2441.13,8.0,5,False,active,2024-10-02,,2026-01-01 00:00:00,system,2026-01-01 00:00:00,system
986,411,1,SUP001-ADF-0411,Northmark ManualCore 80W (15 L),6,3165.49,6.0,7,True,active,2024-03-22,,2026-01-01 00:00:00,system,2026-01-01 00:00:00,system
987,411,2,SUP002-ADF-0411,Northmark ManualCore 80W (15 L),6,3150.48,7.0,12,False,active,2024-09-11,,2026-01-01 00:00:00,system,2026-01-01 00:00:00,system
988,412,7,SUP007-ADF-0412,Ironcrest ShiftForce 80W (20 L),6,4244.02,7.0,11,True,active,2024-02-10,,2026-01-01 00:00:00,system,2026-01-01 00:00:00,system
989,412,6,SUP006-ADF-0412,Ironcrest ShiftForce 80W (20 L),6,4301.59,6.0,10,False,active,2024-03-23,,2026-01-01 00:00:00,system,2026-01-01 00:00:00,system
990,413,5,SUP005-ADF-0413,Redstone GearFlow 80W (25 L),6,5611.52,6.0,13,False,active,2024-03-12,,2026-01-01 00:00:00,system,2026-01-01 00:00:00,system
991,413,11,SUP011-ADF-0413,Redstone GearFlow 80W (25 L),6,5854.5,7.0,9,False,active,2025-12-21,,2026-01-01 00:00:00,system,2026-01-01 00:00:00,system
992,413,18,SUP018-ADF-0413,Redstone GearFlow 80W (25 L),6,6219.16,7.0,4,True,active,2025-02-07,,2026-01-01 00:00:00,system,2026-01-01 00:00:00,system
993,414,1,SUP001-ADF-0414,Westmark DriveShift 80W (30 L),6,6380.12,7.0,7,True,active,2025-03-15,,2026-01-01 00:00:00,system,2026-01-01 00:00:00,system
994,414,2,SUP002-ADF-0414,Westmark DriveShift 80W (30 L),6,6271.93,7.0,13,False,active,2025-11-16,,2026-01-01 00:00:00,system,2026-01-01 00:00:00,system
995,415,8,SUP008-ADF-0415,Crestfield ManualCore 75W-80 (50 L),6,11024.29,2.0,10,False,inactive,2024-04-21,2025-04-17,2026-01-01 00:00:00,system,2026-01-01 00:00:00,system
996,415,12,SUP012-ADF-0415,Crestfield ManualCore 75W-80 (50 L),6,11757.73,3.0,5,False,inactive,2023-08-28,2025-02-06,2026-01-01 00:00:00,system,2026-01-01 00:00:00,system
997,416,7,SUP007-ADF-0416,Stonebridge ShiftForce 75W-80 (55 L),6,12492.73,2.0,11,True,active,2024-06-12,,2026-01-01 00:00:00,system,2026-01-01 00:00:00,system
998,416,11,SUP011-ADF-0416,Stonebridge ShiftForce 75W-80 (55 L),6,12916.39,2.0,6,False,active,2024-08-04,,2026-01-01 00:00:00,system,2026-01-01 00:00:00,system
999,417,2,SUP002-ADF-0417,Ridgewell GearFlow 75W-80 (180 L),6,36763.79,2.0,14,False,active,2024-08-30,,2026-01-01 00:00:00,system,2026-01-01 00:00:00,system
1000,417,13,SUP013-ADF-0417,Ridgewell GearFlow 75W-80 (180 L),6,41925.46,2.0,8,True,active,2024-06-01,,2026-01-01 00:00:00,system,2026-01-01 00:00:00,system
1001,418,16,SUP016-ADF-0418,Millbrook DriveShift 75W-80 (210 L),6,48996.5,1.0,6,False,active,2024-11-09,,2026-01-01 00:00:00,system,2026-01-01 00:00:00,system
1002,418,10,SUP010-ADF-0418,Millbrook DriveShift 75W-80 (210 L),6,48972.4,1.0,4,True,active,2025-12-21,,2026-01-01 00:00:00,system,2026-01-01 00:00:00,system
1003,418,13,SUP013-ADF-0418,Millbrook DriveShift 75W-80 (210 L),6,46093.14,1.0,9,False,active,2024-04-22,,2026-01-01 00:00:00,system,2026-01-01 00:00:00,system
1004,419,8,SUP008-ADF-0419,Highpoint ManualCore 75W-90 (1000 L),1,190.3,1050.0,12,False,active,2024-11-19,,2026-01-01 00:00:00,system,2026-01-01 00:00:00,system
1005,419,5,SUP005-ADF-0419,Highpoint ManualCore 75W-90 (1000 L),1,199.21,1200.0,13,False,active,2025-01-21,,2026-01-01 00:00:00,system,2026-01-01 00:00:00,system
1006,419,4,SUP004-ADF-0419,Highpoint ManualCore 75W-90 (1000 L),1,206.23,1000.0,10,True,active,2025-05-29,,2026-01-01 00:00:00,system,2026-01-01 00:00:00,system
1007,420,4,SUP004-ADF-0420,Fieldmark ShiftForce 75W-90 (800 ML),6,166.89,13.0,8,True,active,2024-05-15,,2026-01-01 00:00:00,system,2026-01-01 00:00:00,system
1008,420,11,SUP011-ADF-0420,Fieldmark ShiftForce 75W-90 (800 ML),6,198.68,13.0,9,False,active,2025-07-27,,2026-01-01 00:00:00,system,2026-01-01 00:00:00,system
1009,420,2,SUP002-ADF-0420,Fieldmark ShiftForce 75W-90 (800 ML),6,168.39,13.0,13,False,active,2025-03-30,,2026-01-01 00:00:00,system,2026-01-01 00:00:00,system
1010,421,7,SUP007-ADF-0421,Northmark GearFlow 75W-90 (1 L),6,212.3,13.0,13,True,active,2025-03-09,,2026-01-01 00:00:00,system,2026-01-01 00:00:00,system
1011,421,10,SUP010-ADF-0421,Northmark GearFlow 75W-90 (1 L),6,242.45,12.0,7,False,active,2024-01-22,,2026-01-01 00:00:00,system,2026-01-01 00:00:00,system
1012,421,12,SUP012-ADF-0421,Northmark GearFlow 75W-90 (1 L),6,245.41,15.0,8,False,active,2025-05-20,,2026-01-01 00:00:00,system,2026-01-01 00:00:00,system
1013,422,6,SUP006-ADF-0422,Ironcrest DriveShift 75W-90 (1.2 L),6,272.78,11.0,6,True,active,2024-03-04,,2026-01-01 00:00:00,system,2026-01-01 00:00:00,system
1014,423,10,SUP010-ADF-0423,Redstone ManualCore 80W (3 L),6,729.02,14.0,6,True,active,2024-12-02,,2026-01-01 00:00:00,system,2026-01-01 00:00:00,system
1015,424,11,SUP011-ADF-0424,Westmark ShiftForce 80W (5 L),6,1165.22,7.0,9,False,active,2025-09-27,,2026-01-01 00:00:00,system,2026-01-01 00:00:00,system
1016,424,18,SUP018-ADF-0424,Westmark ShiftForce 80W (5 L),6,1178.23,7.0,7,True,active,2025-01-08,,2026-01-01 00:00:00,system,2026-01-01 00:00:00,system
1017,424,14,SUP014-ADF-0424,Westmark ShiftForce 80W (5 L),6,1222.88,7.0,2,False,active,2024-02-19,,2026-01-01 00:00:00,system,2026-01-01 00:00:00,system
1018,425,10,SUP010-ADF-0425,Crestfield GearFlow 80W (10 L),6,2473.0,7.0,2,True,active,2024-10-08,,2026-01-01 00:00:00,system,2026-01-01 00:00:00,system
1019,425,12,SUP012-ADF-0425,Crestfield GearFlow 80W (10 L),6,2498.01,6.0,10,False,active,2025-10-26,,2026-01-01 00:00:00,system,2026-01-01 00:00:00,system
1020,426,12,SUP012-ADF-0426,Stonebridge DriveShift 80W (15 L),6,3745.44,7.0,7,True,active,2024-08-03,,2026-01-01 00:00:00,system,2026-01-01 00:00:00,system
1021,427,11,SUP011-ADF-0427,Ridgewell ManualCore 75W-80 (20 L),6,4865.55,8.0,8,True,active,2025-04-18,,2026-01-01 00:00:00,system,2026-01-01 00:00:00,system
1022,427,1,SUP001-ADF-0427,Ridgewell ManualCore 75W-80 (20 L),6,4603.03,5.0,10,False,active,2025-06-22,,2026-01-01 00:00:00,system,2026-01-01 00:00:00,system
1023,428,14,SUP014-ADF-0428,Millbrook ShiftForce 75W-80 (25 L),6,6124.5,6.0,6,True,active,2025-02-04,,2026-01-01 00:00:00,system,2026-01-01 00:00:00,system
1024,428,6,SUP006-ADF-0428,Millbrook ShiftForce 75W-80 (25 L),6,5288.02,6.0,7,False,active,2025-09-22,,2026-01-01 00:00:00,system,2026-01-01 00:00:00,system
1025,428,7,SUP007-ADF-0428,Millbrook ShiftForce 75W-80 (25 L),6,5641.78,6.0,14,False,active,2024-03-02,,2026-01-01 00:00:00,system,2026-01-01 00:00:00,system
1026,429,3,SUP003-ADF-0429,Highpoint GearFlow 75W-80 (30 L),6,6606.05,7.0,8,False,active,2025-03-14,,2026-01-01 00:00:00,system,2026-01-01 00:00:00,system
1027,429,12,SUP012-ADF-0429,Highpoint GearFlow 75W-80 (30 L),6,7003.88,8.0,8,True,active,2025-07-18,,2026-01-01 00:00:00,system,2026-01-01 00:00:00,system
1028,430,14,SUP014-ADF-0430,Fieldmark DriveShift 75W-80 (50 L),6,12284.72,2.0,5,False,active,2024-10-10,,2026-01-01 00:00:00,system,2026-01-01 00:00:00,system
1029,430,15,SUP015-ADF-0430,Fieldmark DriveShift 75W-80 (50 L),6,11702.23,3.0,9,True,active,2025-05-09,,2026-01-01 00:00:00,system,2026-01-01 00:00:00,system
1030,431,3,SUP003-ADF-0431,Northmark DiffShield 75W-90 (3 L),6,629.85,13.0,12,True,active,2024-02-03,,2026-01-01 00:00:00,system,2026-01-01 00:00:00,system
1031,432,8,SUP008-ADF-0432,Ironcrest AxleCore 75W-90 (5 L),6,1083.64,7.0,10,False,active,2025-01-26,,2026-01-01 00:00:00,system,2026-01-01 00:00:00,system
1032,432,3,SUP003-ADF-0432,Ironcrest AxleCore 75W-90 (5 L),6,1063.85,7.0,10,True,active,2025-03-02,,2026-01-01 00:00:00,system,2026-01-01 00:00:00,system
1033,432,22,SUP022-ADF-0432,Ironcrest AxleCore 75W-90 (5 L),6,1297.11,6.0,19,False,active,2025-01-29,,2026-01-01 00:00:00,system,2026-01-01 00:00:00,system
1034,432,1,SUP001-ADF-0432,Ironcrest AxleCore 75W-90 (5 L),6,1145.08,5.0,10,False,active,2025-08-07,,2026-01-01 00:00:00,system,2026-01-01 00:00:00,system
1035,433,15,SUP015-ADF-0433,Redstone DriveDiff 75W-90 (10 L),6,2386.6,7.0,6,True,active,2025-09-28,,2026-01-01 00:00:00,system,2026-01-01 00:00:00,system
1036,434,10,SUP010-ADF-0434,Westmark FinalGuard 75W-90 (15 L),6,3690.66,7.0,5,False,active,2024-05-29,,2026-01-01 00:00:00,system,2026-01-01 00:00:00,system
1037,434,6,SUP006-ADF-0434,Westmark FinalGuard 75W-90 (15 L),6,3222.34,6.0,6,False,active,2024-01-26,,2026-01-01 00:00:00,system,2026-01-01 00:00:00,system
1038,434,11,SUP011-ADF-0434,Westmark FinalGuard 75W-90 (15 L),6,3625.35,8.0,5,True,active,2025-10-12,,2026-01-01 00:00:00,system,2026-01-01 00:00:00,system
1039,435,3,SUP003-ADF-0435,Crestfield DiffShield 80W-90 (20 L),6,4276.86,7.0,10,False,active,2024-12-18,,2026-01-01 00:00:00,system,2026-01-01 00:00:00,system
1040,435,1,SUP001-ADF-0435,Crestfield DiffShield 80W-90 (20 L),6,4513.95,6.0,6,True,active,2024-03-20,,2026-01-01 00:00:00,system,2026-01-01 00:00:00,system
1041,435,4,SUP004-ADF-0435,Crestfield DiffShield 80W-90 (20 L),6,4427.91,5.0,6,False,active,2024-09-29,,2026-01-01 00:00:00,system,2026-01-01 00:00:00,system
1042,436,13,SUP013-ADF-0436,Stonebridge AxleCore 80W-90 (25 L),6,6074.92,6.0,4,True,active,2024-08-31,,2026-01-01 00:00:00,system,2026-01-01 00:00:00,system
1043,437,17,SUP017-ADF-0437,Ridgewell DriveDiff 80W-90 (30 L),6,7088.08,7.0,10,True,active,2024-08-04,,2026-01-01 00:00:00,system,2026-01-01 00:00:00,system
1044,437,21,SUP021-ADF-0437,Ridgewell DriveDiff 80W-90 (30 L),6,7759.51,5.0,30,False,active,2024-04-02,,2026-01-01 00:00:00,system,2026-01-01 00:00:00,system
1045,438,14,SUP014-ADF-0438,Millbrook FinalGuard 80W-90 (50 L),6,12164.9,2.0,7,True,active,2024-01-13,,2026-01-01 00:00:00,system,2026-01-01 00:00:00,system
1046,439,2,SUP002-ADF-0439,Highpoint DiffShield 85W-140 (55 L),6,12540.04,2.0,10,False,active,2024-10-04,,2026-01-01 00:00:00,system,2026-01-01 00:00:00,system
1047,439,10,SUP010-ADF-0439,Highpoint DiffShield 85W-140 (55 L),6,12607.91,2.0,6,True,active,2025-09-18,,2026-01-01 00:00:00,system,2026-01-01 00:00:00,system
1048,440,7,SUP007-ADF-0440,Fieldmark AxleCore 85W-140 (180 L),6,38915.01,2.0,10,False,active,2024-10-20,,2026-01-01 00:00:00,system,2026-01-01 00:00:00,system
1049,440,18,SUP018-ADF-0440,Fieldmark AxleCore 85W-140 (180 L),6,41450.32,2.0,6,True,active,2025-02-20,,2026-01-01 00:00:00,system,2026-01-01 00:00:00,system
1050,440,9,SUP009-ADF-0440,Fieldmark AxleCore 85W-140 (180 L),6,39496.29,2.0,8,False,active,2024-05-31,,2026-01-01 00:00:00,system,2026-01-01 00:00:00,system
1051,441,2,SUP002-ADF-0441,Northmark DriveDiff 85W-140 (210 L),6,43550.77,1.0,11,False,inactive,2025-07-01,2025-11-18,2026-01-01 00:00:00,system,2026-01-01 00:00:00,system
1052,441,21,SUP021-ADF-0441,Northmark DriveDiff 85W-140 (210 L),6,49798.53,1.0,28,False,inactive,2024-12-29,2025-03-29,2026-01-01 00:00:00,system,2026-01-01 00:00:00,system
1053,442,3,SUP003-ADF-0442,Ironcrest FinalGuard 85W-140 (1000 L),1,192.33,950.0,12,True,active,2024-05-18,,2026-01-01 00:00:00,system,2026-01-01 00:00:00,system
1054,443,5,SUP005-ADF-0443,Redstone DiffShield 75W-90 (800 ML),6,173.66,14.0,11,True,active,2024-04-20,,2026-01-01 00:00:00,system,2026-01-01 00:00:00,system
1055,443,17,SUP017-ADF-0443,Redstone DiffShield 75W-90 (800 ML),6,190.09,18.0,6,False,active,2025-03-16,,2026-01-01 00:00:00,system,2026-01-01 00:00:00,system
1056,444,5,SUP005-ADF-0444,Westmark AxleCore 75W-90 (1 L),6,216.74,14.0,15,False,inactive,2024-07-08,2025-02-05,2026-01-01 00:00:00,system,2026-01-01 00:00:00,system
1057,444,13,SUP013-ADF-0444,Westmark AxleCore 75W-90 (1 L),6,240.54,13.0,3,False,inactive,2025-05-15,2025-10-29,2026-01-01 00:00:00,system,2026-01-01 00:00:00,system
1058,445,10,SUP010-ADF-0445,Crestfield DriveDiff 75W-90 (1.2 L),6,295.16,17.0,7,True,active,2024-04-03,,2026-01-01 00:00:00,system,2026-01-01 00:00:00,system
1059,445,4,SUP004-ADF-0445,Crestfield DriveDiff 75W-90 (1.2 L),6,263.13,14.0,7,False,active,2025-05-01,,2026-01-01 00:00:00,system,2026-01-01 00:00:00,system
1060,446,16,SUP016-ADF-0446,Stonebridge FinalGuard 75W-90 (3 L),6,736.57,15.0,7,True,active,2025-01-22,,2026-01-01 00:00:00,system,2026-01-01 00:00:00,system
1061,447,8,SUP008-ADF-0447,Ridgewell DiffShield 80W-90 (5 L),6,1062.75,6.0,8,True,active,2025-07-11,,2026-01-01 00:00:00,system,2026-01-01 00:00:00,system
1062,447,13,SUP013-ADF-0447,Ridgewell DiffShield 80W-90 (5 L),6,1171.38,8.0,8,False,active,2024-10-23,,2026-01-01 00:00:00,system,2026-01-01 00:00:00,system
1063,447,3,SUP003-ADF-0447,Ridgewell DiffShield 80W-90 (5 L),6,1114.3,6.0,12,False,active,2024-01-24,,2026-01-01 00:00:00,system,2026-01-01 00:00:00,system
1064,447,5,SUP005-ADF-0447,Ridgewell DiffShield 80W-90 (5 L),6,1047.32,6.0,14,False,active,2025-07-01,,2026-01-01 00:00:00,system,2026-01-01 00:00:00,system
1065,448,12,SUP012-ADF-0448,Millbrook AxleCore 80W-90 (10 L),6,2372.26,8.0,10,False,active,2025-06-28,,2026-01-01 00:00:00,system,2026-01-01 00:00:00,system
1066,448,4,SUP004-ADF-0448,Millbrook AxleCore 80W-90 (10 L),6,2129.36,5.0,7,False,active,2024-10-10,,2026-01-01 00:00:00,system,2026-01-01 00:00:00,system
1067,448,9,SUP009-ADF-0448,Millbrook AxleCore 80W-90 (10 L),6,2413.29,7.0,5,True,active,2024-02-20,,2026-01-01 00:00:00,system,2026-01-01 00:00:00,system
1068,448,14,SUP014-ADF-0448,Millbrook AxleCore 80W-90 (10 L),6,2268.54,6.0,6,False,active,2024-04-23,,2026-01-01 00:00:00,system,2026-01-01 00:00:00,system
1069,449,8,SUP008-ADF-0449,Highpoint DriveDiff 80W-90 (15 L),6,3268.92,7.0,9,False,active,2025-07-05,,2026-01-01 00:00:00,system,2026-01-01 00:00:00,system
1070,449,12,SUP012-ADF-0449,Highpoint DriveDiff 80W-90 (15 L),6,3686.36,8.0,5,True,active,2025-08-09,,2026-01-01 00:00:00,system,2026-01-01 00:00:00,system
1071,449,5,SUP005-ADF-0449,Highpoint DriveDiff 80W-90 (15 L),6,3214.82,6.0,15,False,active,2024-05-13,,2026-01-01 00:00:00,system,2026-01-01 00:00:00,system
1072,450,1,SUP001-ADF-0450,Fieldmark FinalGuard 80W-90 (20 L),6,4596.2,7.0,8,False,active,2024-10-14,,2026-01-01 00:00:00,system,2026-01-01 00:00:00,system
1073,450,21,SUP021-ADF-0450,Fieldmark FinalGuard 80W-90 (20 L),6,4976.31,6.0,30,False,active,2025-04-17,,2026-01-01 00:00:00,system,2026-01-01 00:00:00,system
1074,450,11,SUP011-ADF-0450,Fieldmark FinalGuard 80W-90 (20 L),6,4821.24,7.0,6,True,active,2024-11-07,,2026-01-01 00:00:00,system,2026-01-01 00:00:00,system
1075,451,11,SUP011-ADF-0451,Northmark DiffShield 85W-140 (25 L),6,6235.07,6.0,4,False,inactive,2024-11-20,2025-08-14,2026-01-01 00:00:00,system,2026-01-01 00:00:00,system
1076,451,9,SUP009-ADF-0451,Northmark DiffShield 85W-140 (25 L),6,6034.7,6.0,6,False,inactive,2024-08-07,2025-11-18,2026-01-01 00:00:00,system,2026-01-01 00:00:00,system
1077,451,1,SUP001-ADF-0451,Northmark DiffShield 85W-140 (25 L),6,5311.63,5.0,9,False,inactive,2024-07-21,2025-02-02,2026-01-01 00:00:00,system,2026-01-01 00:00:00,system
1078,452,2,SUP002-ADF-0452,Ironcrest AxleCore 85W-140 (30 L),6,6775.71,5.0,8,True,active,2025-11-28,,2026-01-01 00:00:00,system,2026-01-01 00:00:00,system
1079,453,6,SUP006-ADF-0453,Redstone DriveDiff 85W-140 (50 L),6,11351.68,2.0,7,False,active,2025-03-20,,2026-01-01 00:00:00,system,2026-01-01 00:00:00,system
1080,453,5,SUP005-ADF-0453,Redstone DriveDiff 85W-140 (50 L),6,11154.87,2.0,13,False,active,2025-09-28,,2026-01-01 00:00:00,system,2026-01-01 00:00:00,system
1081,453,17,SUP017-ADF-0453,Redstone DriveDiff 85W-140 (50 L),6,12743.26,2.0,8,True,active,2025-06-17,,2026-01-01 00:00:00,system,2026-01-01 00:00:00,system
1082,454,3,SUP003-ADF-0454,Westmark FinalGuard 85W-140 (55 L),6,11573.75,2.0,9,False,inactive,2024-04-20,2025-05-05,2026-01-01 00:00:00,system,2026-01-01 00:00:00,system
1083,454,9,SUP009-ADF-0454,Westmark FinalGuard 85W-140 (55 L),6,13723.53,2.0,4,False,inactive,2024-08-29,2025-06-18,2026-01-01 00:00:00,system,2026-01-01 00:00:00,system
1084,454,7,SUP007-ADF-0454,Westmark FinalGuard 85W-140 (55 L),6,11792.92,2.0,9,False,inactive,2024-10-29,2025-12-20,2026-01-01 00:00:00,system,2026-01-01 00:00:00,system
1085,454,6,SUP006-ADF-0454,Westmark FinalGuard 85W-140 (55 L),6,11956.36,2.0,8,False,inactive,2024-06-13,2025-05-02,2026-01-01 00:00:00,system,2026-01-01 00:00:00,system
1086,455,7,SUP007-ADF-0455,Crestfield DiffShield 75W-90 (180 L),6,37184.7,2.0,13,False,active,2024-09-03,,2026-01-01 00:00:00,system,2026-01-01 00:00:00,system
1087,455,5,SUP005-ADF-0455,Crestfield DiffShield 75W-90 (180 L),6,39058.4,2.0,11,True,active,2024-05-22,,2026-01-01 00:00:00,system,2026-01-01 00:00:00,system
1088,456,3,SUP003-ADF-0456,Stonebridge AxleCore 75W-90 (210 L),6,43838.37,1.0,9,True,active,2024-06-26,,2026-01-01 00:00:00,system,2026-01-01 00:00:00,system
1089,457,12,SUP012-ADF-0457,Ridgewell DriveDiff 75W-90 (1000 L),1,224.28,1100.0,6,False,active,2024-09-14,,2026-01-01 00:00:00,system,2026-01-01 00:00:00,system
1090,457,13,SUP013-ADF-0457,Ridgewell DriveDiff 75W-90 (1000 L),1,218.94,1250.0,6,True,active,2025-08-27,,2026-01-01 00:00:00,system,2026-01-01 00:00:00,system
1091,457,1,SUP001-ADF-0457,Ridgewell DriveDiff 75W-90 (1000 L),1,208.7,1200.0,10,False,active,2025-07-11,,2026-01-01 00:00:00,system,2026-01-01 00:00:00,system
1092,458,5,SUP005-ADF-0458,Millbrook FinalGuard 75W-90 (800 ML),6,170.62,11.0,14,True,active,2025-05-08,,2026-01-01 00:00:00,system,2026-01-01 00:00:00,system
1093,459,16,SUP016-ADF-0459,Highpoint DiffShield 80W-90 (1 L),6,257.95,14.0,7,False,active,2024-11-19,,2026-01-01 00:00:00,system,2026-01-01 00:00:00,system
1094,459,6,SUP006-ADF-0459,Highpoint DiffShield 80W-90 (1 L),6,222.39,14.0,9,True,active,2025-01-08,,2026-01-01 00:00:00,system,2026-01-01 00:00:00,system
1095,460,16,SUP016-ADF-0460,Fieldmark AxleCore 80W-90 (1.2 L),6,303.75,18.0,7,False,inactive,2025-01-27,2025-08-08,2026-01-01 00:00:00,system,2026-01-01 00:00:00,system
1096,460,5,SUP005-ADF-0460,Fieldmark AxleCore 80W-90 (1.2 L),6,253.14,13.0,11,False,inactive,2024-10-06,2025-09-19,2026-01-01 00:00:00,system,2026-01-01 00:00:00,system
1097,460,15,SUP015-ADF-0460,Fieldmark AxleCore 80W-90 (1.2 L),6,280.43,15.0,6,False,inactive,2025-01-08,2025-07-09,2026-01-01 00:00:00,system,2026-01-01 00:00:00,system
1098,461,11,SUP011-ADF-0461,Northmark DriveDiff 80W-90 (3 L),6,700.05,12.0,5,False,active,2025-06-15,,2026-01-01 00:00:00,system,2026-01-01 00:00:00,system
1099,461,12,SUP012-ADF-0461,Northmark DriveDiff 80W-90 (3 L),6,692.84,14.0,9,False,active,2024-09-07,,2026-01-01 00:00:00,system,2026-01-01 00:00:00,system
1100,461,8,SUP008-ADF-0461,Northmark DriveDiff 80W-90 (3 L),6,628.47,14.0,10,True,active,2024-12-30,,2026-01-01 00:00:00,system,2026-01-01 00:00:00,system
1101,462,16,SUP016-ADF-0462,Ironcrest FinalGuard 80W-90 (5 L),6,1194.45,7.0,4,True,active,2025-07-30,,2026-01-01 00:00:00,system,2026-01-01 00:00:00,system
1102,463,16,SUP016-ADF-0463,Redstone DiffShield 85W-140 (10 L),6,2577.79,8.0,3,True,active,2025-07-14,,2026-01-01 00:00:00,system,2026-01-01 00:00:00,system
1103,464,4,SUP004-ADF-0464,Westmark AxleCore 85W-140 (15 L),6,3218.4,5.0,7,False,active,2025-06-20,,2026-01-01 00:00:00,system,2026-01-01 00:00:00,system
1104,464,3,SUP003-ADF-0464,Westmark AxleCore 85W-140 (15 L),6,3161.71,7.0,7,True,active,2024-02-21,,2026-01-01 00:00:00,system,2026-01-01 00:00:00,system
1105,465,22,SUP022-ADF-0465,Crestfield DriveDiff 85W-140 (20 L),6,5147.98,5.0,20,True,active,2025-06-10,,2026-01-01 00:00:00,system,2026-01-01 00:00:00,system
1106,466,14,SUP014-ADF-0466,Stonebridge FinalDrive 80W-90 (10 L),6,2285.08,7.0,4,False,active,2024-08-10,,2026-01-01 00:00:00,system,2026-01-01 00:00:00,system
1107,466,9,SUP009-ADF-0466,Stonebridge FinalDrive 80W-90 (10 L),6,2293.07,8.0,3,True,active,2024-03-26,,2026-01-01 00:00:00,system,2026-01-01 00:00:00,system
1108,466,4,SUP004-ADF-0466,Stonebridge FinalDrive 80W-90 (10 L),6,2076.43,7.0,8,False,active,2025-12-09,,2026-01-01 00:00:00,system,2026-01-01 00:00:00,system
1109,466,10,SUP010-ADF-0466,Stonebridge FinalDrive 80W-90 (10 L),6,2284.16,7.0,6,False,active,2024-11-22,,2026-01-01 00:00:00,system,2026-01-01 00:00:00,system
1110,467,9,SUP009-ADF-0467,Ridgewell AxleForce 80W-90 (15 L),6,3650.85,6.0,7,False,active,2024-11-26,,2026-01-01 00:00:00,system,2026-01-01 00:00:00,system
1111,467,11,SUP011-ADF-0467,Ridgewell AxleForce 80W-90 (15 L),6,3411.11,8.0,6,True,active,2024-08-16,,2026-01-01 00:00:00,system,2026-01-01 00:00:00,system
1112,468,6,SUP006-ADF-0468,Millbrook PowerAxle 80W-90 (20 L),6,4224.52,6.0,7,True,active,2024-07-24,,2026-01-01 00:00:00,system,2026-01-01 00:00:00,system
1113,468,13,SUP013-ADF-0468,Millbrook PowerAxle 80W-90 (20 L),6,4604.05,6.0,4,False,active,2024-08-04,,2026-01-01 00:00:00,system,2026-01-01 00:00:00,system
1114,469,7,SUP007-ADF-0469,Highpoint DriveLoad 80W-90 (25 L),6,5369.25,7.0,9,True,active,2024-12-08,,2026-01-01 00:00:00,system,2026-01-01 00:00:00,system
1115,470,2,SUP002-ADF-0470,Fieldmark FinalDrive 85W-140 (30 L),6,6591.27,5.0,11,True,active,2025-11-06,,2026-01-01 00:00:00,system,2026-01-01 00:00:00,system
1116,471,4,SUP004-ADF-0471,Northmark AxleForce 85W-140 (50 L),6,10729.79,2.0,6,True,active,2024-03-07,,2026-01-01 00:00:00,system,2026-01-01 00:00:00,system
1117,471,13,SUP013-ADF-0471,Northmark AxleForce 85W-140 (50 L),6,12221.7,2.0,3,False,active,2025-02-08,,2026-01-01 00:00:00,system,2026-01-01 00:00:00,system
1118,472,5,SUP005-ADF-0472,Ironcrest PowerAxle 85W-140 (55 L),6,11446.49,2.0,10,True,active,2024-11-07,,2026-01-01 00:00:00,system,2026-01-01 00:00:00,system
1119,473,18,SUP018-ADF-0473,Redstone DriveLoad 85W-140 (180 L),6,42264.25,2.0,5,True,active,2025-01-28,,2026-01-01 00:00:00,system,2026-01-01 00:00:00,system
1120,473,1,SUP001-ADF-0473,Redstone DriveLoad 85W-140 (180 L),6,36075.89,2.0,9,False,active,2024-09-12,,2026-01-01 00:00:00,system,2026-01-01 00:00:00,system
1121,474,6,SUP006-ADF-0474,Westmark FinalDrive 75W-140 (210 L),6,42878.8,1.0,7,True,active,2025-02-13,,2026-01-01 00:00:00,system,2026-01-01 00:00:00,system
1122,474,7,SUP007-ADF-0474,Westmark FinalDrive 75W-140 (210 L),6,45693.71,1.0,11,False,active,2025-07-18,,2026-01-01 00:00:00,system,2026-01-01 00:00:00,system
1123,474,9,SUP009-ADF-0474,Westmark FinalDrive 75W-140 (210 L),6,47873.5,1.0,6,False,active,2024-12-13,,2026-01-01 00:00:00,system,2026-01-01 00:00:00,system
1124,474,18,SUP018-ADF-0474,Westmark FinalDrive 75W-140 (210 L),6,50260.09,1.0,7,False,active,2025-05-03,,2026-01-01 00:00:00,system,2026-01-01 00:00:00,system
1125,475,15,SUP015-ADF-0475,Crestfield AxleForce 75W-140 (1000 L),1,235.52,1400.0,7,False,active,2024-03-14,,2026-01-01 00:00:00,system,2026-01-01 00:00:00,system
1126,475,2,SUP002-ADF-0475,Crestfield AxleForce 75W-140 (1000 L),1,190.41,1150.0,9,False,active,2025-06-10,,2026-01-01 00:00:00,system,2026-01-01 00:00:00,system
1127,475,6,SUP006-ADF-0475,Crestfield AxleForce 75W-140 (1000 L),1,188.24,1200.0,7,True,active,2025-08-14,,2026-01-01 00:00:00,system,2026-01-01 00:00:00,system
1128,476,14,SUP014-ADF-0476,Stonebridge PowerAxle 75W-140 (800 ML),6,183.03,12.0,5,False,active,2024-07-02,,2026-01-01 00:00:00,system,2026-01-01 00:00:00,system
1129,476,6,SUP006-ADF-0476,Stonebridge PowerAxle 75W-140 (800 ML),6,178.0,12.0,6,True,active,2024-11-24,,2026-01-01 00:00:00,system,2026-01-01 00:00:00,system
1130,477,3,SUP003-ADF-0477,Ridgewell DriveLoad 75W-140 (1 L),6,219.58,11.0,7,True,active,2024-03-03,,2026-01-01 00:00:00,system,2026-01-01 00:00:00,system
1131,477,8,SUP008-ADF-0477,Ridgewell DriveLoad 75W-140 (1 L),6,211.97,10.0,8,False,active,2025-07-20,,2026-01-01 00:00:00,system,2026-01-01 00:00:00,system
1132,477,5,SUP005-ADF-0477,Ridgewell DriveLoad 75W-140 (1 L),6,226.14,12.0,10,False,active,2025-02-14,,2026-01-01 00:00:00,system,2026-01-01 00:00:00,system
1133,477,12,SUP012-ADF-0477,Ridgewell DriveLoad 75W-140 (1 L),6,245.61,12.0,8,False,active,2024-09-11,,2026-01-01 00:00:00,system,2026-01-01 00:00:00,system
1134,478,1,SUP001-ADF-0478,Millbrook FinalDrive 80W-90 (1.2 L),6,252.28,10.0,9,True,active,2025-04-18,,2026-01-01 00:00:00,system,2026-01-01 00:00:00,system
1135,478,3,SUP003-ADF-0478,Millbrook FinalDrive 80W-90 (1.2 L),6,261.9,10.0,8,False,active,2025-02-24,,2026-01-01 00:00:00,system,2026-01-01 00:00:00,system
1136,478,9,SUP009-ADF-0478,Millbrook FinalDrive 80W-90 (1.2 L),6,274.07,13.0,5,False,active,2024-01-13,,2026-01-01 00:00:00,system,2026-01-01 00:00:00,system
1137,478,2,SUP002-ADF-0478,Millbrook FinalDrive 80W-90 (1.2 L),6,267.86,12.0,9,False,active,2025-04-19,,2026-01-01 00:00:00,system,2026-01-01 00:00:00,system
1138,479,5,SUP005-ADF-0479,Highpoint AxleForce 80W-90 (3 L),6,682.72,12.0,12,True,active,2025-10-30,,2026-01-01 00:00:00,system,2026-01-01 00:00:00,system
1139,479,20,SUP020-ADF-0479,Highpoint AxleForce 80W-90 (3 L),6,741.42,12.0,22,False,active,2025-02-21,,2026-01-01 00:00:00,system,2026-01-01 00:00:00,system
1140,479,22,SUP022-ADF-0479,Highpoint AxleForce 80W-90 (3 L),6,776.29,10.0,23,False,active,2024-12-20,,2026-01-01 00:00:00,system,2026-01-01 00:00:00,system
1141,480,1,SUP001-ADF-0480,Fieldmark PowerAxle 80W-90 (5 L),6,1108.21,7.0,8,False,inactive,2025-01-20,2025-08-02,2026-01-01 00:00:00,system,2026-01-01 00:00:00,system
1142,480,2,SUP002-ADF-0480,Fieldmark PowerAxle 80W-90 (5 L),6,1053.67,6.0,12,False,inactive,2024-02-10,2025-03-21,2026-01-01 00:00:00,system,2026-01-01 00:00:00,system
1143,481,4,SUP004-ADF-0481,Northmark DriveLoad 80W-90 (10 L),6,2181.43,6.0,7,False,active,2025-08-27,,2026-01-01 00:00:00,system,2026-01-01 00:00:00,system
1144,481,12,SUP012-ADF-0481,Northmark DriveLoad 80W-90 (10 L),6,2316.82,7.0,8,True,active,2024-02-12,,2026-01-01 00:00:00,system,2026-01-01 00:00:00,system
1145,482,10,SUP010-ADF-0482,Ironcrest FinalDrive 85W-140 (15 L),6,3590.42,7.0,3,True,active,2024-02-21,,2026-01-01 00:00:00,system,2026-01-01 00:00:00,system
1146,483,7,SUP007-ADF-0483,Redstone AxleForce 85W-140 (20 L),6,4431.62,5.0,11,True,active,2025-12-15,,2026-01-01 00:00:00,system,2026-01-01 00:00:00,system
1147,484,21,SUP021-ADF-0484,Westmark PowerAxle 85W-140 (25 L),6,6421.95,6.0,29,False,active,2025-11-03,,2026-01-01 00:00:00,system,2026-01-01 00:00:00,system
1148,484,9,SUP009-ADF-0484,Westmark PowerAxle 85W-140 (25 L),6,5813.59,7.0,4,True,active,2025-12-08,,2026-01-01 00:00:00,system,2026-01-01 00:00:00,system
1149,485,14,SUP014-ADF-0485,Crestfield DriveLoad 85W-140 (30 L),6,7437.46,8.0,4,True,active,2024-12-01,,2026-01-01 00:00:00,system,2026-01-01 00:00:00,system
1150,485,4,SUP004-ADF-0485,Crestfield DriveLoad 85W-140 (30 L),6,6683.43,6.0,7,False,active,2024-04-24,,2026-01-01 00:00:00,system,2026-01-01 00:00:00,system
1151,486,8,SUP008-ADF-0486,Stonebridge FinalDrive 75W-140 (50 L),6,10827.37,2.0,11,True,active,2024-04-10,,2026-01-01 00:00:00,system,2026-01-01 00:00:00,system
1152,487,8,SUP008-ADF-0487,Ridgewell AxleForce 75W-140 (55 L),6,12624.75,2.0,11,False,active,2024-12-17,,2026-01-01 00:00:00,system,2026-01-01 00:00:00,system
1153,487,1,SUP001-ADF-0487,Ridgewell AxleForce 75W-140 (55 L),6,12157.62,2.0,5,True,active,2024-10-08,,2026-01-01 00:00:00,system,2026-01-01 00:00:00,system
1154,488,11,SUP011-ADF-0488,Millbrook PowerAxle 75W-140 (180 L),6,42861.63,2.0,8,True,active,2024-04-26,,2026-01-01 00:00:00,system,2026-01-01 00:00:00,system
1155,488,16,SUP016-ADF-0488,Millbrook PowerAxle 75W-140 (180 L),6,40587.26,3.0,5,False,active,2025-03-09,,2026-01-01 00:00:00,system,2026-01-01 00:00:00,system
1156,489,4,SUP004-ADF-0489,Highpoint DriveLoad 75W-140 (210 L),6,45075.76,1.0,7,False,active,2025-03-10,,2026-01-01 00:00:00,system,2026-01-01 00:00:00,system
1157,489,9,SUP009-ADF-0489,Highpoint DriveLoad 75W-140 (210 L),6,45855.04,1.0,5,True,active,2025-11-03,,2026-01-01 00:00:00,system,2026-01-01 00:00:00,system
1158,489,16,SUP016-ADF-0489,Highpoint DriveLoad 75W-140 (210 L),6,50849.81,1.0,8,False,active,2024-08-27,,2026-01-01 00:00:00,system,2026-01-01 00:00:00,system
1159,490,12,SUP012-ADF-0490,Fieldmark FinalDrive 80W-90 (1000 L),1,206.96,1000.0,6,True,active,2024-08-06,,2026-01-01 00:00:00,system,2026-01-01 00:00:00,system
1160,490,3,SUP003-ADF-0490,Fieldmark FinalDrive 80W-90 (1000 L),1,197.34,950.0,12,False,active,2024-02-10,,2026-01-01 00:00:00,system,2026-01-01 00:00:00,system
1161,490,13,SUP013-ADF-0490,Fieldmark FinalDrive 80W-90 (1000 L),1,210.66,1350.0,4,False,active,2025-02-11,,2026-01-01 00:00:00,system,2026-01-01 00:00:00,system
1162,490,2,SUP002-ADF-0490,Fieldmark FinalDrive 80W-90 (1000 L),1,203.33,1200.0,10,False,active,2024-06-22,,2026-01-01 00:00:00,system,2026-01-01 00:00:00,system
1163,491,7,SUP007-ADF-0491,Northmark AxleForce 80W-90 (800 ML),6,183.12,12.0,10,True,active,2025-01-11,,2026-01-01 00:00:00,system,2026-01-01 00:00:00,system
1164,492,7,SUP007-ADF-0492,Ironcrest PowerAxle 80W-90 (1 L),6,226.92,11.0,9,False,active,2024-11-26,,2026-01-01 00:00:00,system,2026-01-01 00:00:00,system
1165,492,1,SUP001-ADF-0492,Ironcrest PowerAxle 80W-90 (1 L),6,224.12,10.0,8,False,active,2025-05-27,,2026-01-01 00:00:00,system,2026-01-01 00:00:00,system
1166,492,17,SUP017-ADF-0492,Ironcrest PowerAxle 80W-90 (1 L),6,232.95,16.0,6,True,active,2024-05-17,,2026-01-01 00:00:00,system,2026-01-01 00:00:00,system
1167,492,5,SUP005-ADF-0492,Ironcrest PowerAxle 80W-90 (1 L),6,222.76,11.0,11,False,active,2025-05-06,,2026-01-01 00:00:00,system,2026-01-01 00:00:00,system
1168,493,3,SUP003-ADF-0493,Redstone DriveLoad 80W-90 (1.2 L),6,270.96,14.0,7,False,active,2024-10-25,,2026-01-01 00:00:00,system,2026-01-01 00:00:00,system
1169,493,1,SUP001-ADF-0493,Redstone DriveLoad 80W-90 (1.2 L),6,274.28,11.0,5,True,active,2024-08-09,,2026-01-01 00:00:00,system,2026-01-01 00:00:00,system
1170,493,18,SUP018-ADF-0493,Redstone DriveLoad 80W-90 (1.2 L),6,289.39,16.0,6,False,active,2025-01-21,,2026-01-01 00:00:00,system,2026-01-01 00:00:00,system
1171,494,17,SUP017-ADF-0494,Westmark FinalDrive 85W-140 (3 L),6,754.24,13.0,10,True,active,2025-10-06,,2026-01-01 00:00:00,system,2026-01-01 00:00:00,system
1172,495,12,SUP012-ADF-0495,Crestfield AxleForce 85W-140 (5 L),6,1193.96,6.0,10,False,active,2024-08-07,,2026-01-01 00:00:00,system,2026-01-01 00:00:00,system
1173,495,1,SUP001-ADF-0495,Crestfield AxleForce 85W-140 (5 L),6,1060.05,7.0,8,True,active,2025-10-27,,2026-01-01 00:00:00,system,2026-01-01 00:00:00,system
1174,495,3,SUP003-ADF-0495,Crestfield AxleForce 85W-140 (5 L),6,1144.5,6.0,7,False,active,2025-06-26,,2026-01-01 00:00:00,system,2026-01-01 00:00:00,system
1175,495,10,SUP010-ADF-0495,Crestfield AxleForce 85W-140 (5 L),6,1242.18,7.0,6,False,active,2024-02-19,,2026-01-01 00:00:00,system,2026-01-01 00:00:00,system
1176,496,17,SUP017-ADF-0496,Stonebridge PowerAxle 85W-140 (10 L),6,2422.97,8.0,8,False,active,2024-11-16,,2026-01-01 00:00:00,system,2026-01-01 00:00:00,system
1177,496,11,SUP011-ADF-0496,Stonebridge PowerAxle 85W-140 (10 L),6,2400.35,7.0,4,True,active,2024-06-26,,2026-01-01 00:00:00,system,2026-01-01 00:00:00,system
1178,496,8,SUP008-ADF-0496,Stonebridge PowerAxle 85W-140 (10 L),6,2171.95,6.0,10,False,active,2024-02-16,,2026-01-01 00:00:00,system,2026-01-01 00:00:00,system
1179,497,13,SUP013-ADF-0497,Ridgewell DriveLoad 85W-140 (15 L),6,3663.87,6.0,5,True,active,2024-11-09,,2026-01-01 00:00:00,system,2026-01-01 00:00:00,system
1180,498,3,SUP003-ADF-0498,Millbrook FinalDrive 75W-140 (20 L),6,4186.07,6.0,12,True,active,2025-07-09,,2026-01-01 00:00:00,system,2026-01-01 00:00:00,system
1181,499,13,SUP013-ADF-0499,Highpoint AxleForce 75W-140 (25 L),6,6255.66,7.0,8,False,active,2025-05-25,,2026-01-01 00:00:00,system,2026-01-01 00:00:00,system
1182,499,9,SUP009-ADF-0499,Highpoint AxleForce 75W-140 (25 L),6,6079.98,7.0,3,True,active,2025-07-06,,2026-01-01 00:00:00,system,2026-01-01 00:00:00,system
1183,500,11,SUP011-ADF-0500,Fieldmark PowerAxle 75W-140 (30 L),6,7013.64,7.0,8,False,active,2024-02-27,,2026-01-01 00:00:00,system,2026-01-01 00:00:00,system
1184,500,7,SUP007-ADF-0500,Fieldmark PowerAxle 75W-140 (30 L),6,6490.44,5.0,13,False,active,2024-02-11,,2026-01-01 00:00:00,system,2026-01-01 00:00:00,system
1185,500,2,SUP002-ADF-0500,Fieldmark PowerAxle 75W-140 (30 L),6,6500.15,7.0,8,True,active,2025-11-21,,2026-01-01 00:00:00,system,2026-01-01 00:00:00,system
1186,500,4,SUP004-ADF-0500,Fieldmark PowerAxle 75W-140 (30 L),6,6542.21,7.0,5,False,active,2024-01-29,,2026-01-01 00:00:00,system,2026-01-01 00:00:00,system
1187,501,11,SUP011-ILO-0501,Northmark PlantGear AGMA 4 (55 L),6,10935.89,2.0,8,True,active,2024-03-07,,2026-01-01 00:00:00,system,2026-01-01 00:00:00,system
1188,501,3,SUP003-ILO-0501,Northmark PlantGear AGMA 4 (55 L),6,10777.0,2.0,10,False,active,2025-07-06,,2026-01-01 00:00:00,system,2026-01-01 00:00:00,system
1189,501,7,SUP007-ILO-0501,Northmark PlantGear AGMA 4 (55 L),6,10203.36,2.0,10,False,active,2025-05-15,,2026-01-01 00:00:00,system,2026-01-01 00:00:00,system
1190,502,3,SUP003-ILO-0502,Ironcrest IndustrialGear AGMA 4 (180 L),6,31101.01,2.0,11,True,active,2024-01-26,,2026-01-01 00:00:00,system,2026-01-01 00:00:00,system
1191,502,23,SUP023-ILO-0502,Ironcrest IndustrialGear AGMA 4 (180 L),6,30658.46,2.0,13,False,active,2024-08-22,,2026-01-01 00:00:00,system,2026-01-01 00:00:00,system
1192,502,16,SUP016-ILO-0502,Ironcrest IndustrialGear AGMA 4 (180 L),6,35949.4,2.0,7,False,active,2025-11-08,,2026-01-01 00:00:00,system,2026-01-01 00:00:00,system
1193,502,7,SUP007-ILO-0502,Ironcrest IndustrialGear AGMA 4 (180 L),6,31280.47,2.0,16,False,active,2024-03-12,,2026-01-01 00:00:00,system,2026-01-01 00:00:00,system
1194,503,11,SUP011-ILO-0503,Redstone MachDrive AGMA 4 (210 L),6,41856.12,1.0,9,False,active,2025-08-29,,2026-01-01 00:00:00,system,2026-01-01 00:00:00,system
1195,503,16,SUP016-ILO-0503,Redstone MachDrive AGMA 4 (210 L),6,40202.87,1.0,8,True,active,2025-04-24,,2026-01-01 00:00:00,system,2026-01-01 00:00:00,system
1196,503,15,SUP015-ILO-0503,Redstone MachDrive AGMA 4 (210 L),6,40927.29,1.0,10,False,active,2024-08-21,,2026-01-01 00:00:00,system,2026-01-01 00:00:00,system
1197,504,1,SUP001-ILO-0504,Westmark GearWorks AGMA 4 (500 L),1,166.59,550.0,9,True,active,2024-03-12,,2026-01-01 00:00:00,system,2026-01-01 00:00:00,system
1198,505,10,SUP010-ILO-0505,Crestfield PlantGear AGMA 5 (1000 L),1,196.5,950.0,9,True,active,2025-04-14,,2026-01-01 00:00:00,system,2026-01-01 00:00:00,system
1199,506,13,SUP013-ILO-0506,Stonebridge IndustrialGear AGMA 5 (2000 L),1,194.65,2350.0,9,False,active,2025-04-05,,2026-01-01 00:00:00,system,2026-01-01 00:00:00,system
1200,506,9,SUP009-ILO-0506,Stonebridge IndustrialGear AGMA 5 (2000 L),1,180.92,2000.0,9,True,active,2025-11-28,,2026-01-01 00:00:00,system,2026-01-01 00:00:00,system
1201,507,5,SUP005-ILO-0507,Ridgewell MachDrive AGMA 5 (3 L),6,542.68,13.0,15,True,active,2025-02-25,,2026-01-01 00:00:00,system,2026-01-01 00:00:00,system
1202,508,7,SUP007-ILO-0508,Millbrook GearWorks AGMA 5 (5 L),6,935.2,7.0,13,False,active,2024-08-22,,2026-01-01 00:00:00,system,2026-01-01 00:00:00,system
1203,508,13,SUP013-ILO-0508,Millbrook GearWorks AGMA 5 (5 L),6,1020.39,6.0,9,True,active,2025-06-23,,2026-01-01 00:00:00,system,2026-01-01 00:00:00,system
1204,508,8,SUP008-ILO-0508,Millbrook GearWorks AGMA 5 (5 L),6,925.7,6.0,14,False,active,2025-10-20,,2026-01-01 00:00:00,system,2026-01-01 00:00:00,system
1205,509,4,SUP004-ILO-0509,Highpoint PlantGear AGMA 6 (10 L),6,1909.58,6.0,7,True,active,2024-01-24,,2026-01-01 00:00:00,system,2026-01-01 00:00:00,system
1206,509,15,SUP015-ILO-0509,Highpoint PlantGear AGMA 6 (10 L),6,2319.29,8.0,5,False,active,2025-03-03,,2026-01-01 00:00:00,system,2026-01-01 00:00:00,system
1207,509,17,SUP017-ILO-0509,Highpoint PlantGear AGMA 6 (10 L),6,2191.8,8.0,8,False,active,2024-11-30,,2026-01-01 00:00:00,system,2026-01-01 00:00:00,system
1208,510,9,SUP009-ILO-0510,Fieldmark IndustrialGear AGMA 6 (15 L),6,3281.21,6.0,8,True,active,2024-10-07,,2026-01-01 00:00:00,system,2026-01-01 00:00:00,system
1209,511,1,SUP001-ILO-0511,Northmark MachDrive AGMA 6 (20 L),6,3945.3,6.0,8,True,active,2025-05-28,,2026-01-01 00:00:00,system,2026-01-01 00:00:00,system
1210,512,12,SUP012-ILO-0512,Ironcrest GearWorks AGMA 6 (25 L),6,5286.12,7.0,10,True,active,2025-12-21,,2026-01-01 00:00:00,system,2026-01-01 00:00:00,system
1211,512,5,SUP005-ILO-0512,Ironcrest GearWorks AGMA 6 (25 L),6,5124.89,7.0,15,False,active,2025-03-19,,2026-01-01 00:00:00,system,2026-01-01 00:00:00,system
1212,513,13,SUP013-ILO-0513,Redstone PlantGear AGMA 4 (30 L),6,6417.78,7.0,5,True,active,2024-01-05,,2026-01-01 00:00:00,system,2026-01-01 00:00:00,system
1213,513,10,SUP010-ILO-0513,Redstone PlantGear AGMA 4 (30 L),6,6104.42,7.0,7,False,active,2025-07-27,,2026-01-01 00:00:00,system,2026-01-01 00:00:00,system
1214,513,2,SUP002-ILO-0513,Redstone PlantGear AGMA 4 (30 L),6,5572.8,6.0,14,False,active,2024-11-26,,2026-01-01 00:00:00,system,2026-01-01 00:00:00,system
1215,514,2,SUP002-ILO-0514,Westmark IndustrialGear AGMA 4 (50 L),6,9169.46,2.0,13,False,inactive,2024-04-09,2025-04-02,2026-01-01 00:00:00,system,2026-01-01 00:00:00,system
1216,514,1,SUP001-ILO-0514,Westmark IndustrialGear AGMA 4 (50 L),6,9119.07,2.0,7,False,inactive,2024-06-24,2025-07-10,2026-01-01 00:00:00,system,2026-01-01 00:00:00,system
1217,515,13,SUP013-ILO-0515,Crestfield MachDrive AGMA 4 (55 L),6,10716.46,2.0,7,False,active,2025-09-20,,2026-01-01 00:00:00,system,2026-01-01 00:00:00,system
1218,515,18,SUP018-ILO-0515,Crestfield MachDrive AGMA 4 (55 L),6,12058.33,2.0,6,False,active,2024-04-09,,2026-01-01 00:00:00,system,2026-01-01 00:00:00,system
1219,515,1,SUP001-ILO-0515,Crestfield MachDrive AGMA 4 (55 L),6,10285.78,2.0,6,True,active,2025-03-08,,2026-01-01 00:00:00,system,2026-01-01 00:00:00,system
1220,516,10,SUP010-ILO-0516,Stonebridge GearWorks AGMA 4 (180 L),6,36701.97,2.0,7,False,active,2024-07-23,,2026-01-01 00:00:00,system,2026-01-01 00:00:00,system
1221,516,18,SUP018-ILO-0516,Stonebridge GearWorks AGMA 4 (180 L),6,35193.78,3.0,10,False,active,2024-10-26,,2026-01-01 00:00:00,system,2026-01-01 00:00:00,system
1222,516,12,SUP012-ILO-0516,Stonebridge GearWorks AGMA 4 (180 L),6,35782.14,2.0,7,True,active,2025-11-23,,2026-01-01 00:00:00,system,2026-01-01 00:00:00,system
1223,517,21,SUP021-ILO-0517,Ridgewell PlantGear AGMA 5 (210 L),6,42140.79,1.0,29,True,active,2024-04-06,,2026-01-01 00:00:00,system,2026-01-01 00:00:00,system
1224,518,6,SUP006-ILO-0518,Millbrook IndustrialGear AGMA 5 (500 L),1,179.38,400.0,11,False,active,2025-08-19,,2026-01-01 00:00:00,system,2026-01-01 00:00:00,system
1225,518,14,SUP014-ILO-0518,Millbrook IndustrialGear AGMA 5 (500 L),1,178.3,650.0,9,True,active,2024-06-11,,2026-01-01 00:00:00,system,2026-01-01 00:00:00,system
1226,519,1,SUP001-ILO-0519,Highpoint MachDrive AGMA 5 (1000 L),1,174.15,1150.0,12,False,active,2025-05-30,,2026-01-01 00:00:00,system,2026-01-01 00:00:00,system
1227,519,4,SUP004-ILO-0519,Highpoint MachDrive AGMA 5 (1000 L),1,174.32,1150.0,10,False,active,2024-01-12,,2026-01-01 00:00:00,system,2026-01-01 00:00:00,system
1228,519,14,SUP014-ILO-0519,Highpoint MachDrive AGMA 5 (1000 L),1,193.43,1100.0,5,True,active,2024-08-08,,2026-01-01 00:00:00,system,2026-01-01 00:00:00,system
1229,520,18,SUP018-ILO-0520,Fieldmark GearWorks AGMA 5 (2000 L),1,203.92,2150.0,7,False,active,2025-10-08,,2026-01-01 00:00:00,system,2026-01-01 00:00:00,system
1230,520,23,SUP023-ILO-0520,Fieldmark GearWorks AGMA 5 (2000 L),1,163.5,1400.0,16,False,active,2024-03-04,,2026-01-01 00:00:00,system,2026-01-01 00:00:00,system
1231,520,7,SUP007-ILO-0520,Fieldmark GearWorks AGMA 5 (2000 L),1,172.59,2250.0,12,False,active,2025-12-26,,2026-01-01 00:00:00,system,2026-01-01 00:00:00,system
1232,520,9,SUP009-ILO-0520,Fieldmark GearWorks AGMA 5 (2000 L),1,190.78,2450.0,7,True,active,2024-06-30,,2026-01-01 00:00:00,system,2026-01-01 00:00:00,system
1233,521,8,SUP008-ILO-0521,Northmark PlantGear AGMA 6 (3 L),6,624.78,13.0,11,False,active,2025-11-02,,2026-01-01 00:00:00,system,2026-01-01 00:00:00,system
1234,521,18,SUP018-ILO-0521,Northmark PlantGear AGMA 6 (3 L),6,636.47,15.0,9,False,active,2025-08-24,,2026-01-01 00:00:00,system,2026-01-01 00:00:00,system
1235,521,2,SUP002-ILO-0521,Northmark PlantGear AGMA 6 (3 L),6,615.21,11.0,9,True,active,2025-03-26,,2026-01-01 00:00:00,system,2026-01-01 00:00:00,system
1236,522,4,SUP004-ILO-0522,Ironcrest IndustrialGear AGMA 6 (5 L),6,980.28,5.0,9,False,inactive,2024-06-27,2025-09-21,2026-01-01 00:00:00,system,2026-01-01 00:00:00,system
1237,522,3,SUP003-ILO-0522,Ironcrest IndustrialGear AGMA 6 (5 L),6,985.13,6.0,10,False,inactive,2024-12-13,2025-07-21,2026-01-01 00:00:00,system,2026-01-01 00:00:00,system
1238,523,6,SUP006-ILO-0523,Redstone MachDrive AGMA 6 (10 L),6,1947.64,6.0,11,False,active,2024-04-04,,2026-01-01 00:00:00,system,2026-01-01 00:00:00,system
1239,523,7,SUP007-ILO-0523,Redstone MachDrive AGMA 6 (10 L),6,2086.25,6.0,11,False,active,2025-12-08,,2026-01-01 00:00:00,system,2026-01-01 00:00:00,system
1240,523,8,SUP008-ILO-0523,Redstone MachDrive AGMA 6 (10 L),6,1901.33,6.0,11,True,active,2025-03-28,,2026-01-01 00:00:00,system,2026-01-01 00:00:00,system
1241,524,8,SUP008-ILO-0524,Westmark GearWorks AGMA 6 (15 L),6,3099.57,5.0,14,True,active,2025-02-14,,2026-01-01 00:00:00,system,2026-01-01 00:00:00,system
1242,524,5,SUP005-ILO-0524,Westmark GearWorks AGMA 6 (15 L),6,3098.11,7.0,15,False,active,2025-12-01,,2026-01-01 00:00:00,system,2026-01-01 00:00:00,system
1243,525,7,SUP007-ILO-0525,Crestfield PlantGear AGMA 4 (20 L),6,3937.18,5.0,10,True,active,2025-06-13,,2026-01-01 00:00:00,system,2026-01-01 00:00:00,system
1244,525,22,SUP022-ILO-0525,Crestfield PlantGear AGMA 4 (20 L),6,4129.82,5.0,24,False,active,2024-11-26,,2026-01-01 00:00:00,system,2026-01-01 00:00:00,system
1245,525,1,SUP001-ILO-0525,Crestfield PlantGear AGMA 4 (20 L),6,3908.03,5.0,11,False,active,2024-08-20,,2026-01-01 00:00:00,system,2026-01-01 00:00:00,system
1246,526,8,SUP008-ILO-0526,Stonebridge IndustrialGear AGMA 4 (25 L),6,4695.26,7.0,11,False,active,2024-08-13,,2026-01-01 00:00:00,system,2026-01-01 00:00:00,system
1247,526,11,SUP011-ILO-0526,Stonebridge IndustrialGear AGMA 4 (25 L),6,4946.09,8.0,6,True,active,2025-08-29,,2026-01-01 00:00:00,system,2026-01-01 00:00:00,system
1248,527,3,SUP003-ILO-0527,Ridgewell MachDrive AGMA 4 (30 L),6,5801.35,6.0,9,True,active,2024-09-30,,2026-01-01 00:00:00,system,2026-01-01 00:00:00,system
1249,528,8,SUP008-ILO-0528,Millbrook GearWorks AGMA 4 (50 L),6,9724.07,2.0,13,False,active,2024-11-24,,2026-01-01 00:00:00,system,2026-01-01 00:00:00,system
1250,528,7,SUP007-ILO-0528,Millbrook GearWorks AGMA 4 (50 L),6,9177.69,2.0,14,False,active,2024-07-22,,2026-01-01 00:00:00,system,2026-01-01 00:00:00,system
1251,528,1,SUP001-ILO-0528,Millbrook GearWorks AGMA 4 (50 L),6,9115.48,2.0,10,False,active,2025-01-13,,2026-01-01 00:00:00,system,2026-01-01 00:00:00,system
1252,528,6,SUP006-ILO-0528,Millbrook GearWorks AGMA 4 (50 L),6,9790.18,2.0,11,True,active,2025-01-15,,2026-01-01 00:00:00,system,2026-01-01 00:00:00,system
1253,529,2,SUP002-ILO-0529,Highpoint PlantGear AGMA 5 (55 L),6,9959.47,2.0,12,True,active,2024-03-03,,2026-01-01 00:00:00,system,2026-01-01 00:00:00,system
1254,530,16,SUP016-ILO-0530,Fieldmark IndustrialGear AGMA 5 (180 L),6,34285.98,3.0,8,False,inactive,2024-02-07,2025-04-26,2026-01-01 00:00:00,system,2026-01-01 00:00:00,system
1255,530,10,SUP010-ILO-0530,Fieldmark IndustrialGear AGMA 5 (180 L),6,36440.81,2.0,6,False,inactive,2024-11-17,2025-12-28,2026-01-01 00:00:00,system,2026-01-01 00:00:00,system
1256,531,6,SUP006-ILO-0531,Northmark MachDrive AGMA 5 (210 L),6,37267.91,1.0,12,True,active,2024-01-04,,2026-01-01 00:00:00,system,2026-01-01 00:00:00,system
1257,532,7,SUP007-ILO-0532,Ironcrest GearWorks AGMA 5 (500 L),1,175.7,600.0,11,False,active,2025-10-06,,2026-01-01 00:00:00,system,2026-01-01 00:00:00,system
1258,532,22,SUP022-ILO-0532,Ironcrest GearWorks AGMA 5 (500 L),1,208.73,400.0,23,False,active,2024-11-16,,2026-01-01 00:00:00,system,2026-01-01 00:00:00,system
1259,532,5,SUP005-ILO-0532,Ironcrest GearWorks AGMA 5 (500 L),1,177.53,600.0,14,True,active,2025-11-01,,2026-01-01 00:00:00,system,2026-01-01 00:00:00,system
1260,533,4,SUP004-ILO-0533,Redstone PlantGear AGMA 6 (1000 L),1,182.71,1100.0,8,False,active,2025-02-23,,2026-01-01 00:00:00,system,2026-01-01 00:00:00,system
1261,533,14,SUP014-ILO-0533,Redstone PlantGear AGMA 6 (1000 L),1,191.21,1000.0,4,True,active,2025-06-01,,2026-01-01 00:00:00,system,2026-01-01 00:00:00,system
1262,533,2,SUP002-ILO-0533,Redstone PlantGear AGMA 6 (1000 L),1,185.93,950.0,15,False,active,2025-11-09,,2026-01-01 00:00:00,system,2026-01-01 00:00:00,system
1263,533,5,SUP005-ILO-0533,Redstone PlantGear AGMA 6 (1000 L),1,182.67,850.0,12,False,active,2024-04-17,,2026-01-01 00:00:00,system,2026-01-01 00:00:00,system
1264,534,11,SUP011-ILO-0534,Westmark IndustrialGear AGMA 6 (2000 L),1,203.45,2850.0,8,False,active,2024-07-01,,2026-01-01 00:00:00,system,2026-01-01 00:00:00,system
1265,534,5,SUP005-ILO-0534,Westmark IndustrialGear AGMA 6 (2000 L),1,191.48,2000.0,16,False,active,2024-12-16,,2026-01-01 00:00:00,system,2026-01-01 00:00:00,system
1266,534,12,SUP012-ILO-0534,Westmark IndustrialGear AGMA 6 (2000 L),1,194.58,2850.0,8,False,active,2025-02-23,,2026-01-01 00:00:00,system,2026-01-01 00:00:00,system
1267,534,7,SUP007-ILO-0534,Westmark IndustrialGear AGMA 6 (2000 L),1,179.97,1600.0,15,True,active,2025-12-30,,2026-01-01 00:00:00,system,2026-01-01 00:00:00,system
1268,535,9,SUP009-ILO-0535,Crestfield MachDrive AGMA 6 (3 L),6,632.3,14.0,4,False,inactive,2025-03-25,2025-09-15,2026-01-01 00:00:00,system,2026-01-01 00:00:00,system
1269,536,4,SUP004-ILO-0536,Stonebridge GearWorks AGMA 6 (5 L),6,968.21,6.0,5,True,active,2024-09-23,,2026-01-01 00:00:00,system,2026-01-01 00:00:00,system
1270,536,1,SUP001-ILO-0536,Stonebridge GearWorks AGMA 6 (5 L),6,984.21,6.0,9,False,active,2025-11-16,,2026-01-01 00:00:00,system,2026-01-01 00:00:00,system
1271,536,7,SUP007-ILO-0536,Stonebridge GearWorks AGMA 6 (5 L),6,990.59,6.0,15,False,active,2025-01-23,,2026-01-01 00:00:00,system,2026-01-01 00:00:00,system
1272,537,6,SUP006-ILO-0537,Ridgewell PlantGear AGMA 4 (10 L),6,1954.11,7.0,8,True,active,2025-01-05,,2026-01-01 00:00:00,system,2026-01-01 00:00:00,system
1273,538,14,SUP014-ILO-0538,Millbrook IndustrialGear AGMA 4 (15 L),6,3038.97,8.0,6,False,active,2024-04-19,,2026-01-01 00:00:00,system,2026-01-01 00:00:00,system
1274,538,3,SUP003-ILO-0538,Millbrook IndustrialGear AGMA 4 (15 L),6,2736.32,7.0,10,True,active,2025-09-20,,2026-01-01 00:00:00,system,2026-01-01 00:00:00,system
1275,539,10,SUP010-ILO-0539,Highpoint MachDrive AGMA 4 (20 L),6,3960.37,8.0,8,True,active,2024-07-28,,2026-01-01 00:00:00,system,2026-01-01 00:00:00,system
1276,539,22,SUP022-ILO-0539,Highpoint MachDrive AGMA 4 (20 L),6,4150.13,6.0,24,False,active,2025-08-10,,2026-01-01 00:00:00,system,2026-01-01 00:00:00,system
1277,539,2,SUP002-ILO-0539,Highpoint MachDrive AGMA 4 (20 L),6,3813.16,7.0,11,False,active,2024-12-14,,2026-01-01 00:00:00,system,2026-01-01 00:00:00,system
1278,540,10,SUP010-ILO-0540,Fieldmark GearWorks AGMA 4 (25 L),6,5130.38,8.0,6,True,active,2024-01-14,,2026-01-01 00:00:00,system,2026-01-01 00:00:00,system
1279,540,6,SUP006-ILO-0540,Fieldmark GearWorks AGMA 4 (25 L),6,4555.79,6.0,12,False,active,2025-10-22,,2026-01-01 00:00:00,system,2026-01-01 00:00:00,system
1280,540,20,SUP020-ILO-0540,Fieldmark GearWorks AGMA 4 (25 L),6,5337.12,6.0,27,False,active,2025-09-26,,2026-01-01 00:00:00,system,2026-01-01 00:00:00,system
1281,540,21,SUP021-ILO-0540,Fieldmark GearWorks AGMA 4 (25 L),6,5838.83,6.0,28,False,active,2024-07-06,,2026-01-01 00:00:00,system,2026-01-01 00:00:00,system
1282,541,3,SUP003-ILO-0541,Northmark PlantGear AGMA 5 (30 L),6,5735.49,6.0,11,True,active,2025-12-16,,2026-01-01 00:00:00,system,2026-01-01 00:00:00,system
1283,542,7,SUP007-ILO-0542,Ironcrest IndustrialGear AGMA 5 (50 L),6,9158.1,2.0,13,False,active,2025-09-29,,2026-01-01 00:00:00,system,2026-01-01 00:00:00,system
1284,542,4,SUP004-ILO-0542,Ironcrest IndustrialGear AGMA 5 (50 L),6,9083.41,2.0,8,True,active,2024-07-24,,2026-01-01 00:00:00,system,2026-01-01 00:00:00,system
1285,542,6,SUP006-ILO-0542,Ironcrest IndustrialGear AGMA 5 (50 L),6,9650.13,2.0,8,False,active,2024-10-30,,2026-01-01 00:00:00,system,2026-01-01 00:00:00,system
1286,542,15,SUP015-ILO-0542,Ironcrest IndustrialGear AGMA 5 (50 L),6,10002.7,3.0,7,False,active,2024-08-30,,2026-01-01 00:00:00,system,2026-01-01 00:00:00,system
1287,543,4,SUP004-ILO-0543,Redstone MachDrive AGMA 5 (55 L),6,10436.97,2.0,10,True,active,2025-09-13,,2026-01-01 00:00:00,system,2026-01-01 00:00:00,system
1288,543,6,SUP006-ILO-0543,Redstone MachDrive AGMA 5 (55 L),6,10042.83,2.0,7,False,active,2025-10-12,,2026-01-01 00:00:00,system,2026-01-01 00:00:00,system
1289,544,13,SUP013-ILO-0544,Westmark GearWorks AGMA 5 (180 L),6,34010.27,2.0,10,False,active,2024-08-08,,2026-01-01 00:00:00,system,2026-01-01 00:00:00,system
1290,544,20,SUP020-ILO-0544,Westmark GearWorks AGMA 5 (180 L),6,36377.5,2.0,29,False,active,2025-03-03,,2026-01-01 00:00:00,system,2026-01-01 00:00:00,system
1291,544,6,SUP006-ILO-0544,Westmark GearWorks AGMA 5 (180 L),6,30558.39,2.0,9,True,active,2024-02-26,,2026-01-01 00:00:00,system,2026-01-01 00:00:00,system
1292,544,5,SUP005-ILO-0544,Westmark GearWorks AGMA 5 (180 L),6,31720.38,2.0,14,False,active,2025-02-06,,2026-01-01 00:00:00,system,2026-01-01 00:00:00,system
1293,545,2,SUP002-ILO-0545,Crestfield PlantGear AGMA 6 (210 L),6,39497.8,1.0,14,False,active,2024-03-13,,2026-01-01 00:00:00,system,2026-01-01 00:00:00,system
1294,545,4,SUP004-ILO-0545,Crestfield PlantGear AGMA 6 (210 L),6,40299.67,1.0,11,False,active,2024-10-24,,2026-01-01 00:00:00,system,2026-01-01 00:00:00,system
1295,545,17,SUP017-ILO-0545,Crestfield PlantGear AGMA 6 (210 L),6,46286.55,1.0,7,True,active,2024-08-04,,2026-01-01 00:00:00,system,2026-01-01 00:00:00,system
1296,546,9,SUP009-ILO-0546,Stonebridge CompressorCore ISO VG 32 (210 L),6,42417.0,1.0,5,True,active,2025-04-21,,2026-01-01 00:00:00,system,2026-01-01 00:00:00,system
1297,546,17,SUP017-ILO-0546,Stonebridge CompressorCore ISO VG 32 (210 L),6,40834.65,1.0,8,False,active,2024-06-03,,2026-01-01 00:00:00,system,2026-01-01 00:00:00,system
1298,546,11,SUP011-ILO-0546,Stonebridge CompressorCore ISO VG 32 (210 L),6,41236.8,1.0,10,False,active,2024-10-21,,2026-01-01 00:00:00,system,2026-01-01 00:00:00,system
1299,546,12,SUP012-ILO-0546,Stonebridge CompressorCore ISO VG 32 (210 L),6,39450.81,1.0,8,False,active,2024-07-25,,2026-01-01 00:00:00,system,2026-01-01 00:00:00,system
1300,547,13,SUP013-ILO-0547,Ridgewell AirGuard ISO VG 32 (500 L),1,186.36,700.0,10,False,active,2024-05-17,,2026-01-01 00:00:00,system,2026-01-01 00:00:00,system
1301,547,11,SUP011-ILO-0547,Ridgewell AirGuard ISO VG 32 (500 L),1,187.99,550.0,8,True,active,2024-09-25,,2026-01-01 00:00:00,system,2026-01-01 00:00:00,system
1302,547,20,SUP020-ILO-0547,Ridgewell AirGuard ISO VG 32 (500 L),1,202.11,400.0,26,False,active,2024-04-27,,2026-01-01 00:00:00,system,2026-01-01 00:00:00,system
1303,547,10,SUP010-ILO-0547,Ridgewell AirGuard ISO VG 32 (500 L),1,197.08,550.0,7,False,active,2025-07-12,,2026-01-01 00:00:00,system,2026-01-01 00:00:00,system
1304,548,10,SUP010-ILO-0548,Millbrook CompressPro ISO VG 32 (1000 L),1,179.35,1350.0,8,True,active,2024-03-16,,2026-01-01 00:00:00,system,2026-01-01 00:00:00,system
1305,548,6,SUP006-ILO-0548,Millbrook CompressPro ISO VG 32 (1000 L),1,163.37,1150.0,12,False,active,2024-09-26,,2026-01-01 00:00:00,system,2026-01-01 00:00:00,system
1306,548,15,SUP015-ILO-0548,Millbrook CompressPro ISO VG 32 (1000 L),1,201.89,1350.0,9,False,active,2025-11-06,,2026-01-01 00:00:00,system,2026-01-01 00:00:00,system
1307,549,13,SUP013-ILO-0549,Highpoint AirFlow ISO VG 32 (2000 L),1,183.36,2250.0,7,True,active,2024-07-15,,2026-01-01 00:00:00,system,2026-01-01 00:00:00,system
1308,550,9,SUP009-ILO-0550,Fieldmark CompressorCore ISO VG 46 (3 L),6,588.37,13.0,8,True,active,2025-01-07,,2026-01-01 00:00:00,system,2026-01-01 00:00:00,system
1309,551,15,SUP015-ILO-0551,Northmark AirGuard ISO VG 46 (5 L),6,1094.03,7.0,8,True,active,2024-04-12,,2026-01-01 00:00:00,system,2026-01-01 00:00:00,system
1310,552,6,SUP006-ILO-0552,Ironcrest CompressPro ISO VG 46 (10 L),6,1857.26,5.0,9,False,active,2025-06-08,,2026-01-01 00:00:00,system,2026-01-01 00:00:00,system
1311,552,17,SUP017-ILO-0552,Ironcrest CompressPro ISO VG 46 (10 L),6,2109.12,7.0,10,False,active,2025-10-06,,2026-01-01 00:00:00,system,2026-01-01 00:00:00,system
1312,552,7,SUP007-ILO-0552,Ironcrest CompressPro ISO VG 46 (10 L),6,1936.14,5.0,13,True,active,2024-01-21,,2026-01-01 00:00:00,system,2026-01-01 00:00:00,system
1313,552,20,SUP020-ILO-0552,Ironcrest CompressPro ISO VG 46 (10 L),6,2334.79,6.0,23,False,active,2025-08-14,,2026-01-01 00:00:00,system,2026-01-01 00:00:00,system
1314,553,17,SUP017-ILO-0553,Redstone AirFlow ISO VG 46 (15 L),6,3125.67,7.0,6,False,active,2024-06-20,,2026-01-01 00:00:00,system,2026-01-01 00:00:00,system
1315,553,12,SUP012-ILO-0553,Redstone AirFlow ISO VG 46 (15 L),6,3064.64,7.0,7,False,active,2024-06-16,,2026-01-01 00:00:00,system,2026-01-01 00:00:00,system
1316,553,4,SUP004-ILO-0553,Redstone AirFlow ISO VG 46 (15 L),6,2793.74,6.0,9,False,active,2024-08-17,,2026-01-01 00:00:00,system,2026-01-01 00:00:00,system
1317,553,9,SUP009-ILO-0553,Redstone AirFlow ISO VG 46 (15 L),6,3061.06,8.0,4,True,active,2024-01-16,,2026-01-01 00:00:00,system,2026-01-01 00:00:00,system
1318,554,6,SUP006-ILO-0554,Westmark CompressorCore ISO VG 68 (20 L),6,3860.51,6.0,10,True,active,2024-09-13,,2026-01-01 00:00:00,system,2026-01-01 00:00:00,system
1319,554,2,SUP002-ILO-0554,Westmark CompressorCore ISO VG 68 (20 L),6,3633.19,5.0,13,False,active,2025-06-14,,2026-01-01 00:00:00,system,2026-01-01 00:00:00,system
1320,554,18,SUP018-ILO-0554,Westmark CompressorCore ISO VG 68 (20 L),6,4328.66,6.0,9,False,active,2025-10-21,,2026-01-01 00:00:00,system,2026-01-01 00:00:00,system
1321,555,14,SUP014-ILO-0555,Crestfield AirGuard ISO VG 68 (25 L),6,4891.32,8.0,8,False,active,2024-09-21,,2026-01-01 00:00:00,system,2026-01-01 00:00:00,system
1322,555,2,SUP002-ILO-0555,Crestfield AirGuard ISO VG 68 (25 L),6,4470.36,7.0,12,True,active,2024-09-24,,2026-01-01 00:00:00,system,2026-01-01 00:00:00,system
1323,555,11,SUP011-ILO-0555,Crestfield AirGuard ISO VG 68 (25 L),6,5203.69,6.0,6,False,active,2025-07-28,,2026-01-01 00:00:00,system,2026-01-01 00:00:00,system
1324,556,7,SUP007-ILO-0556,Stonebridge CompressPro ISO VG 68 (30 L),6,5648.7,6.0,11,False,active,2025-12-06,,2026-01-01 00:00:00,system,2026-01-01 00:00:00,system
1325,556,23,SUP023-ILO-0556,Stonebridge CompressPro ISO VG 68 (30 L),6,5442.23,5.0,12,True,active,2024-07-06,,2026-01-01 00:00:00,system,2026-01-01 00:00:00,system
1326,557,7,SUP007-ILO-0557,Ridgewell AirFlow ISO VG 68 (50 L),6,9323.2,2.0,12,True,active,2025-04-05,,2026-01-01 00:00:00,system,2026-01-01 00:00:00,system
1327,557,20,SUP020-ILO-0557,Ridgewell AirFlow ISO VG 68 (50 L),6,11388.27,2.0,24,False,active,2025-12-22,,2026-01-01 00:00:00,system,2026-01-01 00:00:00,system
1328,557,5,SUP005-ILO-0557,Ridgewell AirFlow ISO VG 68 (50 L),6,9859.82,2.0,16,False,active,2025-09-23,,2026-01-01 00:00:00,system,2026-01-01 00:00:00,system
1329,558,6,SUP006-ILO-0558,Millbrook CompressorCore ISO VG 100 (55 L),6,9832.3,2.0,8,True,active,2024-11-16,,2026-01-01 00:00:00,system,2026-01-01 00:00:00,system
1330,558,15,SUP015-ILO-0558,Millbrook CompressorCore ISO VG 100 (55 L),6,11263.31,2.0,9,False,active,2025-03-06,,2026-01-01 00:00:00,system,2026-01-01 00:00:00,system
1331,559,2,SUP002-ILO-0559,Highpoint AirGuard ISO VG 100 (180 L),6,32402.99,2.0,12,True,active,2024-02-09,,2026-01-01 00:00:00,system,2026-01-01 00:00:00,system
1332,560,1,SUP001-ILO-0560,Fieldmark CompressPro ISO VG 100 (210 L),6,36897.37,1.0,10,True,active,2025-09-08,,2026-01-01 00:00:00,system,2026-01-01 00:00:00,system
1333,560,18,SUP018-ILO-0560,Fieldmark CompressPro ISO VG 100 (210 L),6,43542.37,1.0,10,False,active,2024-05-27,,2026-01-01 00:00:00,system,2026-01-01 00:00:00,system
1334,560,5,SUP005-ILO-0560,Fieldmark CompressPro ISO VG 100 (210 L),6,38252.9,1.0,17,False,active,2024-11-24,,2026-01-01 00:00:00,system,2026-01-01 00:00:00,system
1335,561,15,SUP015-ILO-0561,Northmark AirFlow ISO VG 100 (500 L),1,194.41,550.0,8,True,active,2025-05-30,,2026-01-01 00:00:00,system,2026-01-01 00:00:00,system
1336,561,2,SUP002-ILO-0561,Northmark AirFlow ISO VG 100 (500 L),1,171.77,500.0,12,False,active,2024-04-22,,2026-01-01 00:00:00,system,2026-01-01 00:00:00,system
1337,561,1,SUP001-ILO-0561,Northmark AirFlow ISO VG 100 (500 L),1,171.97,550.0,11,False,active,2025-06-05,,2026-01-01 00:00:00,system,2026-01-01 00:00:00,system
1338,562,14,SUP014-ILO-0562,Ironcrest CompressorCore ISO VG 32 (1000 L),1,187.07,1400.0,4,False,inactive,2024-07-29,2025-11-08,2026-01-01 00:00:00,system,2026-01-01 00:00:00,system
1339,562,21,SUP021-ILO-0562,Ironcrest CompressorCore ISO VG 32 (1000 L),1,203.64,750.0,30,False,inactive,2025-02-26,2025-11-28,2026-01-01 00:00:00,system,2026-01-01 00:00:00,system
1340,562,12,SUP012-ILO-0562,Ironcrest CompressorCore ISO VG 32 (1000 L),1,192.5,1400.0,10,False,inactive,2024-08-01,2025-03-03,2026-01-01 00:00:00,system,2026-01-01 00:00:00,system
1341,563,12,SUP012-ILO-0563,Redstone AirGuard ISO VG 32 (2000 L),1,191.24,2700.0,12,False,active,2024-05-20,,2026-01-01 00:00:00,system,2026-01-01 00:00:00,system
1342,563,8,SUP008-ILO-0563,Redstone AirGuard ISO VG 32 (2000 L),1,177.04,2250.0,12,False,active,2025-09-21,,2026-01-01 00:00:00,system,2026-01-01 00:00:00,system
1343,563,18,SUP018-ILO-0563,Redstone AirGuard ISO VG 32 (2000 L),1,203.2,2650.0,8,True,active,2024-12-09,,2026-01-01 00:00:00,system,2026-01-01 00:00:00,system
1344,564,18,SUP018-ILO-0564,Westmark CompressPro ISO VG 32 (3 L),6,634.73,13.0,6,True,active,2025-05-29,,2026-01-01 00:00:00,system,2026-01-01 00:00:00,system
1345,564,14,SUP014-ILO-0564,Westmark CompressPro ISO VG 32 (3 L),6,636.61,16.0,7,False,active,2025-08-19,,2026-01-01 00:00:00,system,2026-01-01 00:00:00,system
1346,564,5,SUP005-ILO-0564,Westmark CompressPro ISO VG 32 (3 L),6,550.99,14.0,16,False,active,2025-05-27,,2026-01-01 00:00:00,system,2026-01-01 00:00:00,system
1347,565,8,SUP008-ILO-0565,Crestfield AirFlow ISO VG 32 (5 L),6,991.05,5.0,13,False,active,2024-02-12,,2026-01-01 00:00:00,system,2026-01-01 00:00:00,system
1348,565,15,SUP015-ILO-0565,Crestfield AirFlow ISO VG 32 (5 L),6,1089.12,7.0,5,False,active,2025-02-13,,2026-01-01 00:00:00,system,2026-01-01 00:00:00,system
1349,565,16,SUP016-ILO-0565,Crestfield AirFlow ISO VG 32 (5 L),6,1106.43,8.0,9,True,active,2024-05-23,,2026-01-01 00:00:00,system,2026-01-01 00:00:00,system
1350,566,7,SUP007-ILO-0566,Stonebridge CompressorCore ISO VG 46 (10 L),6,1963.23,6.0,13,True,active,2024-09-16,,2026-01-01 00:00:00,system,2026-01-01 00:00:00,system
1351,567,2,SUP002-ILO-0567,Ridgewell AirGuard ISO VG 46 (15 L),6,2681.15,7.0,12,False,active,2025-04-14,,2026-01-01 00:00:00,system,2026-01-01 00:00:00,system
1352,567,1,SUP001-ILO-0567,Ridgewell AirGuard ISO VG 46 (15 L),6,2813.56,6.0,6,True,active,2024-05-15,,2026-01-01 00:00:00,system,2026-01-01 00:00:00,system
1353,568,9,SUP009-ILO-0568,Millbrook CompressPro ISO VG 46 (20 L),6,4272.56,7.0,8,True,active,2025-07-10,,2026-01-01 00:00:00,system,2026-01-01 00:00:00,system
1354,568,14,SUP014-ILO-0568,Millbrook CompressPro ISO VG 46 (20 L),6,3897.17,8.0,4,False,active,2025-05-28,,2026-01-01 00:00:00,system,2026-01-01 00:00:00,system
1355,569,10,SUP010-ILO-0569,Highpoint AirFlow ISO VG 46 (25 L),6,5195.19,8.0,6,False,active,2024-05-15,,2026-01-01 00:00:00,system,2026-01-01 00:00:00,system
1356,569,6,SUP006-ILO-0569,Highpoint AirFlow ISO VG 46 (25 L),6,4889.6,5.0,12,True,active,2025-10-25,,2026-01-01 00:00:00,system,2026-01-01 00:00:00,system
1357,570,12,SUP012-ILO-0570,Fieldmark CompressorCore ISO VG 68 (30 L),6,6334.59,8.0,10,False,active,2024-08-04,,2026-01-01 00:00:00,system,2026-01-01 00:00:00,system
1358,570,16,SUP016-ILO-0570,Fieldmark CompressorCore ISO VG 68 (30 L),6,6494.22,9.0,6,True,active,2025-02-21,,2026-01-01 00:00:00,system,2026-01-01 00:00:00,system
1359,571,8,SUP008-ILO-0571,Northmark AirGuard ISO VG 68 (50 L),6,9375.45,2.0,14,True,active,2025-01-18,,2026-01-01 00:00:00,system,2026-01-01 00:00:00,system
1360,572,17,SUP017-ILO-0572,Ironcrest CompressPro ISO VG 68 (55 L),6,11453.83,3.0,6,False,active,2024-02-28,,2026-01-01 00:00:00,system,2026-01-01 00:00:00,system
1361,572,1,SUP001-ILO-0572,Ironcrest CompressPro ISO VG 68 (55 L),6,10819.1,2.0,6,True,active,2025-08-08,,2026-01-01 00:00:00,system,2026-01-01 00:00:00,system
1362,572,15,SUP015-ILO-0572,Ironcrest CompressPro ISO VG 68 (55 L),6,11560.5,3.0,10,False,active,2025-11-06,,2026-01-01 00:00:00,system,2026-01-01 00:00:00,system
1363,573,8,SUP008-ILO-0573,Redstone AirFlow ISO VG 68 (180 L),6,31919.78,2.0,12,True,active,2025-02-06,,2026-01-01 00:00:00,system,2026-01-01 00:00:00,system
1364,573,20,SUP020-ILO-0573,Redstone AirFlow ISO VG 68 (180 L),6,39909.68,2.0,28,False,active,2024-10-30,,2026-01-01 00:00:00,system,2026-01-01 00:00:00,system
1365,574,13,SUP013-ILO-0574,Westmark CompressorCore ISO VG 100 (210 L),6,41245.84,1.0,6,True,active,2025-12-17,,2026-01-01 00:00:00,system,2026-01-01 00:00:00,system
1366,574,1,SUP001-ILO-0574,Westmark CompressorCore ISO VG 100 (210 L),6,36329.48,1.0,12,False,active,2025-07-31,,2026-01-01 00:00:00,system,2026-01-01 00:00:00,system
1367,575,2,SUP002-ILO-0575,Crestfield AirGuard ISO VG 100 (500 L),1,162.58,500.0,14,False,active,2025-10-28,,2026-01-01 00:00:00,system,2026-01-01 00:00:00,system
1368,575,11,SUP011-ILO-0575,Crestfield AirGuard ISO VG 100 (500 L),1,188.3,500.0,10,True,active,2024-06-09,,2026-01-01 00:00:00,system,2026-01-01 00:00:00,system
1369,576,13,SUP013-ILO-0576,Stonebridge CompressPro ISO VG 100 (1000 L),1,181.41,1250.0,8,False,active,2024-07-13,,2026-01-01 00:00:00,system,2026-01-01 00:00:00,system
1370,576,21,SUP021-ILO-0576,Stonebridge CompressPro ISO VG 100 (1000 L),1,205.1,800.0,31,True,active,2024-10-02,,2026-01-01 00:00:00,system,2026-01-01 00:00:00,system
1371,576,20,SUP020-ILO-0576,Stonebridge CompressPro ISO VG 100 (1000 L),1,200.17,1100.0,27,False,active,2025-07-01,,2026-01-01 00:00:00,system,2026-01-01 00:00:00,system
1372,577,16,SUP016-ILO-0577,Ridgewell AirFlow ISO VG 100 (2000 L),1,195.76,2450.0,6,False,active,2024-12-23,,2026-01-01 00:00:00,system,2026-01-01 00:00:00,system
1373,577,4,SUP004-ILO-0577,Ridgewell AirFlow ISO VG 100 (2000 L),1,168.39,1700.0,10,False,active,2025-12-22,,2026-01-01 00:00:00,system,2026-01-01 00:00:00,system
1374,577,1,SUP001-ILO-0577,Ridgewell AirFlow ISO VG 100 (2000 L),1,167.06,2500.0,12,True,active,2024-08-13,,2026-01-01 00:00:00,system,2026-01-01 00:00:00,system
1375,578,2,SUP002-ILO-0578,Millbrook CompressorCore ISO VG 32 (3 L),6,547.45,13.0,13,False,active,2024-05-17,,2026-01-01 00:00:00,system,2026-01-01 00:00:00,system
1376,578,12,SUP012-ILO-0578,Millbrook CompressorCore ISO VG 32 (3 L),6,619.22,15.0,8,False,active,2024-12-03,,2026-01-01 00:00:00,system,2026-01-01 00:00:00,system
1377,578,3,SUP003-ILO-0578,Millbrook CompressorCore ISO VG 32 (3 L),6,564.47,14.0,9,True,active,2024-06-15,,2026-01-01 00:00:00,system,2026-01-01 00:00:00,system
1378,579,5,SUP005-ILO-0579,Highpoint AirGuard ISO VG 32 (5 L),6,936.89,6.0,14,True,active,2024-06-24,,2026-01-01 00:00:00,system,2026-01-01 00:00:00,system
1379,579,7,SUP007-ILO-0579,Highpoint AirGuard ISO VG 32 (5 L),6,917.36,7.0,13,False,active,2025-03-03,,2026-01-01 00:00:00,system,2026-01-01 00:00:00,system
1380,580,22,SUP022-ILO-0580,Fieldmark CompressPro ISO VG 32 (10 L),6,2328.93,5.0,21,False,active,2024-06-04,,2026-01-01 00:00:00,system,2026-01-01 00:00:00,system
1381,580,3,SUP003-ILO-0580,Fieldmark CompressPro ISO VG 32 (10 L),6,1941.95,6.0,8,False,active,2025-04-12,,2026-01-01 00:00:00,system,2026-01-01 00:00:00,system
1382,580,10,SUP010-ILO-0580,Fieldmark CompressPro ISO VG 32 (10 L),6,2062.67,8.0,8,True,active,2024-10-22,,2026-01-01 00:00:00,system,2026-01-01 00:00:00,system
1383,581,2,SUP002-ILO-0581,Northmark AirFlow ISO VG 32 (15 L),6,2829.05,6.0,12,False,inactive,2024-04-20,2025-02-22,2026-01-01 00:00:00,system,2026-01-01 00:00:00,system
1384,581,15,SUP015-ILO-0581,Northmark AirFlow ISO VG 32 (15 L),6,3227.39,8.0,10,False,inactive,2024-09-20,2025-01-07,2026-01-01 00:00:00,system,2026-01-01 00:00:00,system
1385,581,20,SUP020-ILO-0581,Northmark AirFlow ISO VG 32 (15 L),6,3133.51,5.0,23,False,inactive,2025-04-24,2025-07-21,2026-01-01 00:00:00,system,2026-01-01 00:00:00,system
1386,581,5,SUP005-ILO-0581,Northmark AirFlow ISO VG 32 (15 L),6,2922.28,5.0,16,False,inactive,2024-11-28,2025-12-29,2026-01-01 00:00:00,system,2026-01-01 00:00:00,system
1387,582,7,SUP007-ILO-0582,Ironcrest CompressorCore ISO VG 46 (20 L),6,3876.6,6.0,14,False,active,2025-12-13,,2026-01-01 00:00:00,system,2026-01-01 00:00:00,system
1388,582,10,SUP010-ILO-0582,Ironcrest CompressorCore ISO VG 46 (20 L),6,4272.22,6.0,8,False,active,2025-10-07,,2026-01-01 00:00:00,system,2026-01-01 00:00:00,system
1389,582,9,SUP009-ILO-0582,Ironcrest CompressorCore ISO VG 46 (20 L),6,4218.92,7.0,6,True,active,2025-01-22,,2026-01-01 00:00:00,system,2026-01-01 00:00:00,system
1390,583,2,SUP002-ILO-0583,Redstone AirGuard ISO VG 46 (25 L),6,4927.44,7.0,11,False,active,2024-08-11,,2026-01-01 00:00:00,system,2026-01-01 00:00:00,system
1391,583,8,SUP008-ILO-0583,Redstone AirGuard ISO VG 46 (25 L),6,4931.64,7.0,11,True,active,2025-02-08,,2026-01-01 00:00:00,system,2026-01-01 00:00:00,system
1392,583,18,SUP018-ILO-0583,Redstone AirGuard ISO VG 46 (25 L),6,5581.03,8.0,9,False,active,2025-04-18,,2026-01-01 00:00:00,system,2026-01-01 00:00:00,system
1393,584,17,SUP017-ILO-0584,Westmark CompressPro ISO VG 46 (30 L),6,6265.34,8.0,11,False,active,2024-12-06,,2026-01-01 00:00:00,system,2026-01-01 00:00:00,system
1394,584,5,SUP005-ILO-0584,Westmark CompressPro ISO VG 46 (30 L),6,5521.17,5.0,14,True,active,2024-11-09,,2026-01-01 00:00:00,system,2026-01-01 00:00:00,system
1395,584,3,SUP003-ILO-0584,Westmark CompressPro ISO VG 46 (30 L),6,5703.96,5.0,10,False,active,2024-05-19,,2026-01-01 00:00:00,system,2026-01-01 00:00:00,system
1396,585,3,SUP003-ILO-0585,Crestfield AirFlow ISO VG 46 (50 L),6,9119.62,2.0,8,True,active,2025-03-08,,2026-01-01 00:00:00,system,2026-01-01 00:00:00,system
1397,586,8,SUP008-ILO-0586,Stonebridge CompressorCore ISO VG 68 (55 L),6,10882.64,2.0,13,False,active,2025-07-12,,2026-01-01 00:00:00,system,2026-01-01 00:00:00,system
1398,586,21,SUP021-ILO-0586,Stonebridge CompressorCore ISO VG 68 (55 L),6,11933.76,2.0,27,False,active,2024-02-21,,2026-01-01 00:00:00,system,2026-01-01 00:00:00,system
1399,586,7,SUP007-ILO-0586,Stonebridge CompressorCore ISO VG 68 (55 L),6,10288.82,2.0,12,True,active,2024-08-28,,2026-01-01 00:00:00,system,2026-01-01 00:00:00,system
1400,587,1,SUP001-ILO-0587,Ridgewell AirGuard ISO VG 68 (180 L),6,31327.78,2.0,8,True,active,2026-01-01,,2026-01-01 00:00:00,system,2026-01-01 00:00:00,system
1401,588,15,SUP015-ILO-0588,Millbrook CompressPro ISO VG 68 (210 L),6,42490.48,1.0,10,False,inactive,2025-01-17,2025-04-25,2026-01-01 00:00:00,system,2026-01-01 00:00:00,system
1402,588,18,SUP018-ILO-0588,Millbrook CompressPro ISO VG 68 (210 L),6,42404.29,1.0,5,False,inactive,2024-12-29,2025-03-12,2026-01-01 00:00:00,system,2026-01-01 00:00:00,system
1403,589,16,SUP016-ILO-0589,Highpoint AirFlow ISO VG 68 (500 L),1,182.85,650.0,5,True,active,2024-04-10,,2026-01-01 00:00:00,system,2026-01-01 00:00:00,system
1404,590,7,SUP007-ILO-0590,Fieldmark CompressorCore ISO VG 100 (1000 L),1,169.95,850.0,11,True,active,2025-03-24,,2026-01-01 00:00:00,system,2026-01-01 00:00:00,system
1405,591,2,SUP002-ILO-0591,Northmark TurbineCore ISO VG 32 (1000 L),1,179.16,850.0,10,True,active,2024-01-02,,2026-01-01 00:00:00,system,2026-01-01 00:00:00,system
1406,591,21,SUP021-ILO-0591,Northmark TurbineCore ISO VG 32 (1000 L),1,192.11,850.0,30,False,active,2025-08-06,,2026-01-01 00:00:00,system,2026-01-01 00:00:00,system
1407,592,6,SUP006-ILO-0592,Ironcrest RotorGuard ISO VG 32 (2000 L),1,169.91,2250.0,8,False,inactive,2024-09-29,2025-10-02,2026-01-01 00:00:00,system,2026-01-01 00:00:00,system
1408,592,13,SUP013-ILO-0592,Ironcrest RotorGuard ISO VG 32 (2000 L),1,188.93,2700.0,7,False,inactive,2024-12-05,2025-10-01,2026-01-01 00:00:00,system,2026-01-01 00:00:00,system
1409,592,7,SUP007-ILO-0592,Ironcrest RotorGuard ISO VG 32 (2000 L),1,173.98,2200.0,11,False,inactive,2024-10-14,2025-03-19,2026-01-01 00:00:00,system,2026-01-01 00:00:00,system
1410,593,6,SUP006-ILO-0593,Redstone PowerTurb ISO VG 32 (3 L),6,559.63,11.0,10,False,active,2024-06-16,,2026-01-01 00:00:00,system,2026-01-01 00:00:00,system
1411,593,17,SUP017-ILO-0593,Redstone PowerTurb ISO VG 32 (3 L),6,668.07,13.0,11,False,active,2024-10-24,,2026-01-01 00:00:00,system,2026-01-01 00:00:00,system
1412,593,10,SUP010-ILO-0593,Redstone PowerTurb ISO VG 32 (3 L),6,631.73,16.0,4,True,active,2025-04-27,,2026-01-01 00:00:00,system,2026-01-01 00:00:00,system
1413,594,12,SUP012-ILO-0594,Westmark TurbineLine ISO VG 32 (5 L),6,1028.64,7.0,7,False,active,2025-06-23,,2026-01-01 00:00:00,system,2026-01-01 00:00:00,system
1414,594,2,SUP002-ILO-0594,Westmark TurbineLine ISO VG 32 (5 L),6,915.41,7.0,12,True,active,2025-10-06,,2026-01-01 00:00:00,system,2026-01-01 00:00:00,system
1415,594,8,SUP008-ILO-0594,Westmark TurbineLine ISO VG 32 (5 L),6,960.89,6.0,14,False,active,2025-07-31,,2026-01-01 00:00:00,system,2026-01-01 00:00:00,system
1416,595,17,SUP017-ILO-0595,Crestfield TurbineCore ISO VG 46 (10 L),6,2149.69,7.0,6,True,active,2025-05-21,,2026-01-01 00:00:00,system,2026-01-01 00:00:00,system
1417,596,14,SUP014-ILO-0596,Stonebridge RotorGuard ISO VG 46 (15 L),6,2999.22,6.0,7,True,active,2025-10-30,,2026-01-01 00:00:00,system,2026-01-01 00:00:00,system
1418,597,2,SUP002-ILO-0597,Ridgewell PowerTurb ISO VG 46 (20 L),6,3754.1,7.0,10,False,active,2025-02-11,,2026-01-01 00:00:00,system,2026-01-01 00:00:00,system
1419,597,22,SUP022-ILO-0597,Ridgewell PowerTurb ISO VG 46 (20 L),6,4118.51,6.0,20,False,active,2025-04-14,,2026-01-01 00:00:00,system,2026-01-01 00:00:00,system
1420,597,15,SUP015-ILO-0597,Ridgewell PowerTurb ISO VG 46 (20 L),6,4170.93,7.0,5,True,active,2025-02-13,,2026-01-01 00:00:00,system,2026-01-01 00:00:00,system
1421,597,14,SUP014-ILO-0597,Ridgewell PowerTurb ISO VG 46 (20 L),6,4296.59,7.0,6,False,active,2024-07-27,,2026-01-01 00:00:00,system,2026-01-01 00:00:00,system
1422,598,3,SUP003-ILO-0598,Millbrook TurbineLine ISO VG 46 (25 L),6,4583.68,7.0,13,False,active,2025-03-27,,2026-01-01 00:00:00,system,2026-01-01 00:00:00,system
1423,598,13,SUP013-ILO-0598,Millbrook TurbineLine ISO VG 46 (25 L),6,4970.0,7.0,9,True,active,2024-05-08,,2026-01-01 00:00:00,system,2026-01-01 00:00:00,system
1424,599,12,SUP012-ILO-0599,Highpoint TurbineCore ISO VG 68 (30 L),6,6372.59,7.0,11,False,active,2025-03-11,,2026-01-01 00:00:00,system,2026-01-01 00:00:00,system
1425,599,3,SUP003-ILO-0599,Highpoint TurbineCore ISO VG 68 (30 L),6,5964.17,7.0,8,True,active,2024-11-05,,2026-01-01 00:00:00,system,2026-01-01 00:00:00,system
1426,600,2,SUP002-ILO-0600,Fieldmark RotorGuard ISO VG 68 (50 L),6,9762.1,2.0,11,True,active,2025-05-30,,2026-01-01 00:00:00,system,2026-01-01 00:00:00,system
1427,601,3,SUP003-ILO-0601,Northmark PowerTurb ISO VG 68 (55 L),6,10571.85,2.0,12,True,active,2024-08-18,,2026-01-01 00:00:00,system,2026-01-01 00:00:00,system
1428,601,10,SUP010-ILO-0601,Northmark PowerTurb ISO VG 68 (55 L),6,11570.32,2.0,3,False,active,2025-12-05,,2026-01-01 00:00:00,system,2026-01-01 00:00:00,system
1429,601,22,SUP022-ILO-0601,Northmark PowerTurb ISO VG 68 (55 L),6,12746.58,2.0,22,False,active,2025-06-15,,2026-01-01 00:00:00,system,2026-01-01 00:00:00,system
1430,601,1,SUP001-ILO-0601,Northmark PowerTurb ISO VG 68 (55 L),6,10408.64,2.0,9,False,active,2025-05-03,,2026-01-01 00:00:00,system,2026-01-01 00:00:00,system
1431,602,21,SUP021-ILO-0602,Ironcrest TurbineLine ISO VG 68 (180 L),6,37255.94,2.0,28,True,active,2025-03-12,,2026-01-01 00:00:00,system,2026-01-01 00:00:00,system
1432,603,22,SUP022-ILO-0603,Redstone TurbineCore ISO VG 32 (210 L),6,42122.42,1.0,23,False,active,2025-12-27,,2026-01-01 00:00:00,system,2026-01-01 00:00:00,system
1433,603,3,SUP003-ILO-0603,Redstone TurbineCore ISO VG 32 (210 L),6,36018.54,1.0,14,False,active,2025-04-14,,2026-01-01 00:00:00,system,2026-01-01 00:00:00,system
1434,603,11,SUP011-ILO-0603,Redstone TurbineCore ISO VG 32 (210 L),6,39194.58,1.0,10,True,active,2025-08-23,,2026-01-01 00:00:00,system,2026-01-01 00:00:00,system
1435,604,17,SUP017-ILO-0604,Westmark RotorGuard ISO VG 32 (500 L),1,186.68,550.0,10,True,active,2024-10-31,,2026-01-01 00:00:00,system,2026-01-01 00:00:00,system
1436,604,23,SUP023-ILO-0604,Westmark RotorGuard ISO VG 32 (500 L),1,162.67,500.0,15,False,active,2025-06-16,,2026-01-01 00:00:00,system,2026-01-01 00:00:00,system
1437,604,7,SUP007-ILO-0604,Westmark RotorGuard ISO VG 32 (500 L),1,177.81,450.0,14,False,active,2024-07-19,,2026-01-01 00:00:00,system,2026-01-01 00:00:00,system
1438,605,23,SUP023-ILO-0605,Crestfield PowerTurb ISO VG 32 (1000 L),1,174.3,750.0,13,False,inactive,2024-04-24,2025-07-29,2026-01-01 00:00:00,system,2026-01-01 00:00:00,system
1439,605,17,SUP017-ILO-0605,Crestfield PowerTurb ISO VG 32 (1000 L),1,200.64,1300.0,11,False,inactive,2024-10-24,2025-12-26,2026-01-01 00:00:00,system,2026-01-01 00:00:00,system
1440,605,7,SUP007-ILO-0605,Crestfield PowerTurb ISO VG 32 (1000 L),1,175.83,1000.0,11,False,inactive,2024-03-06,2025-04-07,2026-01-01 00:00:00,system,2026-01-01 00:00:00,system
1441,606,2,SUP002-ILO-0606,Stonebridge TurbineLine ISO VG 32 (2000 L),1,177.1,1750.0,13,False,active,2025-07-12,,2026-01-01 00:00:00,system,2026-01-01 00:00:00,system
1442,606,6,SUP006-ILO-0606,Stonebridge TurbineLine ISO VG 32 (2000 L),1,177.59,2450.0,8,True,active,2025-10-28,,2026-01-01 00:00:00,system,2026-01-01 00:00:00,system
1443,606,12,SUP012-ILO-0606,Stonebridge TurbineLine ISO VG 32 (2000 L),1,192.49,1950.0,8,False,active,2024-06-17,,2026-01-01 00:00:00,system,2026-01-01 00:00:00,system
1444,606,9,SUP009-ILO-0606,Stonebridge TurbineLine ISO VG 32 (2000 L),1,187.05,2600.0,9,False,active,2024-01-12,,2026-01-01 00:00:00,system,2026-01-01 00:00:00,system
1445,607,8,SUP008-ILO-0607,Ridgewell TurbineCore ISO VG 46 (3 L),6,576.42,10.0,10,False,inactive,2025-04-13,2025-11-29,2026-01-01 00:00:00,system,2026-01-01 00:00:00,system
1446,607,2,SUP002-ILO-0607,Ridgewell TurbineCore ISO VG 46 (3 L),6,537.05,14.0,12,False,inactive,2025-04-17,2025-09-27,2026-01-01 00:00:00,system,2026-01-01 00:00:00,system
1447,608,16,SUP016-ILO-0608,Millbrook RotorGuard ISO VG 46 (5 L),6,1038.18,8.0,6,False,active,2024-12-26,,2026-01-01 00:00:00,system,2026-01-01 00:00:00,system
1448,608,13,SUP013-ILO-0608,Millbrook RotorGuard ISO VG 46 (5 L),6,1032.38,8.0,9,False,active,2024-03-02,,2026-01-01 00:00:00,system,2026-01-01 00:00:00,system
1449,608,10,SUP010-ILO-0608,Millbrook RotorGuard ISO VG 46 (5 L),6,1022.88,8.0,7,True,active,2025-12-10,,2026-01-01 00:00:00,system,2026-01-01 00:00:00,system
1450,609,3,SUP003-ILO-0609,Highpoint PowerTurb ISO VG 46 (10 L),6,1908.69,7.0,8,False,active,2024-12-15,,2026-01-01 00:00:00,system,2026-01-01 00:00:00,system
1451,609,5,SUP005-ILO-0609,Highpoint PowerTurb ISO VG 46 (10 L),6,1925.13,6.0,13,False,active,2025-07-03,,2026-01-01 00:00:00,system,2026-01-01 00:00:00,system
1452,609,11,SUP011-ILO-0609,Highpoint PowerTurb ISO VG 46 (10 L),6,2058.08,7.0,7,False,active,2025-09-04,,2026-01-01 00:00:00,system,2026-01-01 00:00:00,system
1453,609,1,SUP001-ILO-0609,Highpoint PowerTurb ISO VG 46 (10 L),6,1817.93,6.0,9,True,active,2025-12-19,,2026-01-01 00:00:00,system,2026-01-01 00:00:00,system
1454,610,8,SUP008-ILO-0610,Fieldmark TurbineLine ISO VG 46 (15 L),6,2909.28,7.0,12,False,active,2025-10-02,,2026-01-01 00:00:00,system,2026-01-01 00:00:00,system
1455,610,5,SUP005-ILO-0610,Fieldmark TurbineLine ISO VG 46 (15 L),6,2867.26,6.0,13,False,active,2024-09-18,,2026-01-01 00:00:00,system,2026-01-01 00:00:00,system
1456,610,4,SUP004-ILO-0610,Fieldmark TurbineLine ISO VG 46 (15 L),6,2795.21,5.0,10,False,active,2024-01-14,,2026-01-01 00:00:00,system,2026-01-01 00:00:00,system
1457,610,12,SUP012-ILO-0610,Fieldmark TurbineLine ISO VG 46 (15 L),6,3135.46,7.0,8,True,active,2025-06-02,,2026-01-01 00:00:00,system,2026-01-01 00:00:00,system
1458,611,17,SUP017-ILO-0611,Northmark TurbineCore ISO VG 68 (20 L),6,4167.04,8.0,7,False,active,2024-09-28,,2026-01-01 00:00:00,system,2026-01-01 00:00:00,system
1459,611,13,SUP013-ILO-0611,Northmark TurbineCore ISO VG 68 (20 L),6,4149.47,8.0,4,False,active,2025-11-11,,2026-01-01 00:00:00,system,2026-01-01 00:00:00,system
1460,611,9,SUP009-ILO-0611,Northmark TurbineCore ISO VG 68 (20 L),6,4217.72,7.0,6,True,active,2024-07-09,,2026-01-01 00:00:00,system,2026-01-01 00:00:00,system
1461,611,7,SUP007-ILO-0611,Northmark TurbineCore ISO VG 68 (20 L),6,3594.1,6.0,15,False,active,2025-10-21,,2026-01-01 00:00:00,system,2026-01-01 00:00:00,system
1462,612,18,SUP018-ILO-0612,Ironcrest RotorGuard ISO VG 68 (25 L),6,5100.02,7.0,7,True,active,2025-09-17,,2026-01-01 00:00:00,system,2026-01-01 00:00:00,system
1463,612,15,SUP015-ILO-0612,Ironcrest RotorGuard ISO VG 68 (25 L),6,5582.61,8.0,8,False,active,2024-05-06,,2026-01-01 00:00:00,system,2026-01-01 00:00:00,system
1464,613,8,SUP008-ILO-0613,Redstone PowerTurb ISO VG 68 (30 L),6,5907.92,6.0,12,False,active,2024-02-09,,2026-01-01 00:00:00,system,2026-01-01 00:00:00,system
1465,613,22,SUP022-ILO-0613,Redstone PowerTurb ISO VG 68 (30 L),6,6822.15,6.0,21,True,active,2024-06-10,,2026-01-01 00:00:00,system,2026-01-01 00:00:00,system
1466,614,1,SUP001-ILO-0614,Westmark TurbineLine ISO VG 68 (50 L),6,9273.77,2.0,10,True,active,2025-03-11,,2026-01-01 00:00:00,system,2026-01-01 00:00:00,system
1467,614,13,SUP013-ILO-0614,Westmark TurbineLine ISO VG 68 (50 L),6,9964.9,3.0,8,False,active,2025-07-19,,2026-01-01 00:00:00,system,2026-01-01 00:00:00,system
1468,614,14,SUP014-ILO-0614,Westmark TurbineLine ISO VG 68 (50 L),6,10110.96,2.0,8,False,active,2025-03-03,,2026-01-01 00:00:00,system,2026-01-01 00:00:00,system
1469,615,15,SUP015-ILO-0615,Crestfield TurbineCore ISO VG 32 (55 L),6,11036.79,3.0,7,False,active,2025-01-15,,2026-01-01 00:00:00,system,2026-01-01 00:00:00,system
1470,615,10,SUP010-ILO-0615,Crestfield TurbineCore ISO VG 32 (55 L),6,11282.42,2.0,5,True,active,2024-10-01,,2026-01-01 00:00:00,system,2026-01-01 00:00:00,system
1471,615,18,SUP018-ILO-0615,Crestfield TurbineCore ISO VG 32 (55 L),6,12040.59,3.0,8,False,active,2024-05-13,,2026-01-01 00:00:00,system,2026-01-01 00:00:00,system
1472,616,12,SUP012-ILO-0616,Stonebridge RotorGuard ISO VG 32 (180 L),6,34859.62,2.0,10,False,active,2025-07-27,,2026-01-01 00:00:00,system,2026-01-01 00:00:00,system
1473,616,17,SUP017-ILO-0616,Stonebridge RotorGuard ISO VG 32 (180 L),6,37553.88,3.0,7,False,active,2024-03-22,,2026-01-01 00:00:00,system,2026-01-01 00:00:00,system
1474,616,10,SUP010-ILO-0616,Stonebridge RotorGuard ISO VG 32 (180 L),6,33773.02,3.0,7,True,active,2024-08-02,,2026-01-01 00:00:00,system,2026-01-01 00:00:00,system
1475,616,6,SUP006-ILO-0616,Stonebridge RotorGuard ISO VG 32 (180 L),6,33811.03,2.0,8,False,active,2025-03-11,,2026-01-01 00:00:00,system,2026-01-01 00:00:00,system
1476,617,5,SUP005-ILO-0617,Ridgewell PowerTurb ISO VG 32 (210 L),6,37677.9,1.0,12,True,active,2024-02-13,,2026-01-01 00:00:00,system,2026-01-01 00:00:00,system
1477,618,11,SUP011-ILO-0618,Millbrook TurbineLine ISO VG 32 (500 L),1,176.57,600.0,11,False,active,2025-10-02,,2026-01-01 00:00:00,system,2026-01-01 00:00:00,system
1478,618,18,SUP018-ILO-0618,Millbrook TurbineLine ISO VG 32 (500 L),1,203.34,650.0,6,True,active,2025-11-02,,2026-01-01 00:00:00,system,2026-01-01 00:00:00,system
1479,619,3,SUP003-ILO-0619,Highpoint TurbineCore ISO VG 46 (1000 L),1,172.05,1000.0,9,True,active,2024-07-16,,2026-01-01 00:00:00,system,2026-01-01 00:00:00,system
1480,619,6,SUP006-ILO-0619,Highpoint TurbineCore ISO VG 46 (1000 L),1,165.95,850.0,11,False,active,2025-02-03,,2026-01-01 00:00:00,system,2026-01-01 00:00:00,system
1481,619,11,SUP011-ILO-0619,Highpoint TurbineCore ISO VG 46 (1000 L),1,194.06,1400.0,6,False,active,2025-01-30,,2026-01-01 00:00:00,system,2026-01-01 00:00:00,system
1482,620,1,SUP001-ILO-0620,Fieldmark RotorGuard ISO VG 46 (2000 L),1,180.27,2050.0,11,False,active,2025-12-30,,2026-01-01 00:00:00,system,2026-01-01 00:00:00,system
1483,620,5,SUP005-ILO-0620,Fieldmark RotorGuard ISO VG 46 (2000 L),1,181.17,2450.0,16,False,active,2024-03-26,,2026-01-01 00:00:00,system,2026-01-01 00:00:00,system
1484,620,8,SUP008-ILO-0620,Fieldmark RotorGuard ISO VG 46 (2000 L),1,179.55,2150.0,13,False,active,2024-04-22,,2026-01-01 00:00:00,system,2026-01-01 00:00:00,system
1485,620,9,SUP009-ILO-0620,Fieldmark RotorGuard ISO VG 46 (2000 L),1,186.14,2700.0,7,True,active,2024-08-07,,2026-01-01 00:00:00,system,2026-01-01 00:00:00,system
1486,621,20,SUP020-ILO-0621,Northmark PowerTurb ISO VG 46 (3 L),6,645.45,12.0,25,True,active,2024-03-17,,2026-01-01 00:00:00,system,2026-01-01 00:00:00,system
1487,621,8,SUP008-ILO-0621,Northmark PowerTurb ISO VG 46 (3 L),6,542.64,12.0,10,False,active,2024-05-26,,2026-01-01 00:00:00,system,2026-01-01 00:00:00,system
1488,622,6,SUP006-ILO-0622,Ironcrest TurbineLine ISO VG 46 (5 L),6,956.63,6.0,8,True,active,2025-02-03,,2026-01-01 00:00:00,system,2026-01-01 00:00:00,system
1489,623,15,SUP015-ILO-0623,Redstone TurbineCore ISO VG 68 (10 L),6,2011.79,6.0,8,True,active,2024-04-11,,2026-01-01 00:00:00,system,2026-01-01 00:00:00,system
1490,623,14,SUP014-ILO-0623,Redstone TurbineCore ISO VG 68 (10 L),6,2036.98,8.0,3,False,active,2024-07-08,,2026-01-01 00:00:00,system,2026-01-01 00:00:00,system
1491,624,14,SUP014-ILO-0624,Westmark RotorGuard ISO VG 68 (15 L),6,3086.74,8.0,3,True,active,2025-03-20,,2026-01-01 00:00:00,system,2026-01-01 00:00:00,system
1492,624,20,SUP020-ILO-0624,Westmark RotorGuard ISO VG 68 (15 L),6,3129.9,6.0,26,False,active,2025-03-07,,2026-01-01 00:00:00,system,2026-01-01 00:00:00,system
1493,624,4,SUP004-ILO-0624,Westmark RotorGuard ISO VG 68 (15 L),6,2798.14,7.0,6,False,active,2024-03-12,,2026-01-01 00:00:00,system,2026-01-01 00:00:00,system
1494,624,8,SUP008-ILO-0624,Westmark RotorGuard ISO VG 68 (15 L),6,2764.75,7.0,11,False,active,2024-12-25,,2026-01-01 00:00:00,system,2026-01-01 00:00:00,system
1495,625,2,SUP002-ILO-0625,Crestfield PowerTurb ISO VG 68 (20 L),6,3713.23,7.0,10,False,active,2025-03-19,,2026-01-01 00:00:00,system,2026-01-01 00:00:00,system
1496,625,14,SUP014-ILO-0625,Crestfield PowerTurb ISO VG 68 (20 L),6,4172.36,7.0,6,True,active,2025-05-02,,2026-01-01 00:00:00,system,2026-01-01 00:00:00,system
1497,625,7,SUP007-ILO-0625,Crestfield PowerTurb ISO VG 68 (20 L),6,3900.96,6.0,14,False,active,2024-04-28,,2026-01-01 00:00:00,system,2026-01-01 00:00:00,system
1498,625,22,SUP022-ILO-0625,Crestfield PowerTurb ISO VG 68 (20 L),6,4577.15,6.0,25,False,active,2024-07-30,,2026-01-01 00:00:00,system,2026-01-01 00:00:00,system
1499,626,8,SUP008-ILO-0626,Stonebridge TurbineLine ISO VG 68 (25 L),6,4485.76,6.0,9,True,active,2025-06-03,,2026-01-01 00:00:00,system,2026-01-01 00:00:00,system
1500,627,4,SUP004-ILO-0627,Ridgewell TurbineCore ISO VG 32 (30 L),6,5536.31,7.0,5,True,active,2025-10-30,,2026-01-01 00:00:00,system,2026-01-01 00:00:00,system
1501,627,21,SUP021-ILO-0627,Ridgewell TurbineCore ISO VG 32 (30 L),6,6630.44,5.0,32,False,active,2024-11-15,,2026-01-01 00:00:00,system,2026-01-01 00:00:00,system
1502,627,9,SUP009-ILO-0627,Ridgewell TurbineCore ISO VG 32 (30 L),6,6157.24,7.0,4,False,active,2024-08-04,,2026-01-01 00:00:00,system,2026-01-01 00:00:00,system
1503,628,7,SUP007-ILO-0628,Millbrook RotorGuard ISO VG 32 (50 L),6,9710.5,2.0,13,True,active,2025-12-13,,2026-01-01 00:00:00,system,2026-01-01 00:00:00,system
1504,629,5,SUP005-ILO-0629,Highpoint PowerTurb ISO VG 32 (55 L),6,10233.62,2.0,15,True,active,2024-10-22,,2026-01-01 00:00:00,system,2026-01-01 00:00:00,system
1505,629,2,SUP002-ILO-0629,Highpoint PowerTurb ISO VG 32 (55 L),6,10800.36,2.0,9,False,active,2024-08-08,,2026-01-01 00:00:00,system,2026-01-01 00:00:00,system
1506,629,3,SUP003-ILO-0629,Highpoint PowerTurb ISO VG 32 (55 L),6,10167.66,2.0,13,False,active,2025-10-17,,2026-01-01 00:00:00,system,2026-01-01 00:00:00,system
1507,630,11,SUP011-ILO-0630,Fieldmark TurbineLine ISO VG 32 (180 L),6,35023.44,3.0,6,True,active,2025-04-18,,2026-01-01 00:00:00,system,2026-01-01 00:00:00,system
1508,630,22,SUP022-ILO-0630,Fieldmark TurbineLine ISO VG 32 (180 L),6,38868.56,2.0,22,False,active,2025-08-09,,2026-01-01 00:00:00,system,2026-01-01 00:00:00,system
1509,630,20,SUP020-ILO-0630,Fieldmark TurbineLine ISO VG 32 (180 L),6,36136.35,2.0,27,False,active,2024-06-28,,2026-01-01 00:00:00,system,2026-01-01 00:00:00,system
1510,631,2,SUP002-ILO-0631,Northmark CircuCore ISO VG 32 (3 L),6,560.78,10.0,13,True,active,2025-03-21,,2026-01-01 00:00:00,system,2026-01-01 00:00:00,system
1511,632,17,SUP017-ILO-0632,Ironcrest MachineFlow ISO VG 32 (5 L),6,1080.97,8.0,6,False,inactive,2024-08-30,2025-03-31,2026-01-01 00:00:00,system,2026-01-01 00:00:00,system
1512,632,12,SUP012-ILO-0632,Ironcrest MachineFlow ISO VG 32 (5 L),6,1000.2,7.0,10,False,inactive,2024-05-18,2025-01-06,2026-01-01 00:00:00,system,2026-01-01 00:00:00,system
1513,633,20,SUP020-ILO-0633,Redstone LoopGuard ISO VG 32 (10 L),6,2258.86,6.0,28,False,active,2024-11-07,,2026-01-01 00:00:00,system,2026-01-01 00:00:00,system
1514,633,23,SUP023-ILO-0633,Redstone LoopGuard ISO VG 32 (10 L),6,1749.01,5.0,16,True,active,2025-11-07,,2026-01-01 00:00:00,system,2026-01-01 00:00:00,system
1515,634,17,SUP017-ILO-0634,Westmark CircuLine ISO VG 32 (15 L),6,3159.89,9.0,9,False,inactive,2024-01-19,2025-04-23,2026-01-01 00:00:00,system,2026-01-01 00:00:00,system
1516,634,8,SUP008-ILO-0634,Westmark CircuLine ISO VG 32 (15 L),6,2801.83,6.0,10,False,inactive,2024-06-12,2025-08-04,2026-01-01 00:00:00,system,2026-01-01 00:00:00,system
1517,635,21,SUP021-ILO-0635,Crestfield CircuCore ISO VG 46 (20 L),6,4184.88,5.0,27,False,active,2025-08-10,,2026-01-01 00:00:00,system,2026-01-01 00:00:00,system
1518,635,17,SUP017-ILO-0635,Crestfield CircuCore ISO VG 46 (20 L),6,4479.86,9.0,7,True,active,2024-04-23,,2026-01-01 00:00:00,system,2026-01-01 00:00:00,system
1519,636,12,SUP012-ILO-0636,Stonebridge MachineFlow ISO VG 46 (25 L),6,5377.91,7.0,7,True,active,2024-06-09,,2026-01-01 00:00:00,system,2026-01-01 00:00:00,system
1520,636,23,SUP023-ILO-0636,Stonebridge MachineFlow ISO VG 46 (25 L),6,4512.98,5.0,12,False,active,2025-06-30,,2026-01-01 00:00:00,system,2026-01-01 00:00:00,system
1521,637,13,SUP013-ILO-0637,Ridgewell LoopGuard ISO VG 46 (30 L),6,5991.99,7.0,5,True,active,2024-06-02,,2026-01-01 00:00:00,system,2026-01-01 00:00:00,system
1522,637,17,SUP017-ILO-0637,Ridgewell LoopGuard ISO VG 46 (30 L),6,6061.09,8.0,6,False,active,2024-09-25,,2026-01-01 00:00:00,system,2026-01-01 00:00:00,system
1523,637,15,SUP015-ILO-0637,Ridgewell LoopGuard ISO VG 46 (30 L),6,6516.77,8.0,6,False,active,2024-05-11,,2026-01-01 00:00:00,system,2026-01-01 00:00:00,system
1524,637,3,SUP003-ILO-0637,Ridgewell LoopGuard ISO VG 46 (30 L),6,5507.37,6.0,11,False,active,2025-09-10,,2026-01-01 00:00:00,system,2026-01-01 00:00:00,system
1525,638,3,SUP003-ILO-0638,Millbrook CircuLine ISO VG 46 (50 L),6,9003.4,2.0,11,False,active,2025-12-26,,2026-01-01 00:00:00,system,2026-01-01 00:00:00,system
1526,638,14,SUP014-ILO-0638,Millbrook CircuLine ISO VG 46 (50 L),6,10298.4,3.0,6,True,active,2024-11-03,,2026-01-01 00:00:00,system,2026-01-01 00:00:00,system
1527,638,12,SUP012-ILO-0638,Millbrook CircuLine ISO VG 46 (50 L),6,10328.93,2.0,10,False,active,2025-09-22,,2026-01-01 00:00:00,system,2026-01-01 00:00:00,system
1528,639,8,SUP008-ILO-0639,Highpoint CircuCore ISO VG 68 (55 L),6,10839.12,2.0,11,False,active,2024-08-27,,2026-01-01 00:00:00,system,2026-01-01 00:00:00,system
1529,639,1,SUP001-ILO-0639,Highpoint CircuCore ISO VG 68 (55 L),6,10280.5,2.0,6,False,active,2024-07-18,,2026-01-01 00:00:00,system,2026-01-01 00:00:00,system
1530,639,2,SUP002-ILO-0639,Highpoint CircuCore ISO VG 68 (55 L),6,10286.07,2.0,9,False,active,2024-04-04,,2026-01-01 00:00:00,system,2026-01-01 00:00:00,system
1531,639,6,SUP006-ILO-0639,Highpoint CircuCore ISO VG 68 (55 L),6,9901.57,2.0,10,True,active,2025-03-04,,2026-01-01 00:00:00,system,2026-01-01 00:00:00,system
1532,640,9,SUP009-ILO-0640,Fieldmark MachineFlow ISO VG 68 (180 L),6,36620.38,3.0,10,False,active,2025-08-23,,2026-01-01 00:00:00,system,2026-01-01 00:00:00,system
1533,640,14,SUP014-ILO-0640,Fieldmark MachineFlow ISO VG 68 (180 L),6,33194.41,2.0,6,True,active,2025-05-06,,2026-01-01 00:00:00,system,2026-01-01 00:00:00,system
1534,641,9,SUP009-ILO-0641,Northmark LoopGuard ISO VG 68 (210 L),6,42658.06,1.0,5,True,active,2024-10-03,,2026-01-01 00:00:00,system,2026-01-01 00:00:00,system
1535,641,4,SUP004-ILO-0641,Northmark LoopGuard ISO VG 68 (210 L),6,36590.64,1.0,8,False,active,2025-03-26,,2026-01-01 00:00:00,system,2026-01-01 00:00:00,system
1536,642,3,SUP003-ILO-0642,Ironcrest CircuLine ISO VG 68 (500 L),1,173.51,450.0,14,False,inactive,2025-01-02,2025-10-09,2026-01-01 00:00:00,system,2026-01-01 00:00:00,system
1537,642,12,SUP012-ILO-0642,Ironcrest CircuLine ISO VG 68 (500 L),1,189.45,650.0,11,False,inactive,2024-05-16,2025-05-26,2026-01-01 00:00:00,system,2026-01-01 00:00:00,system
1538,643,21,SUP021-ILO-0643,Redstone CircuCore ISO VG 100 (1000 L),1,213.77,1100.0,31,False,active,2025-01-13,,2026-01-01 00:00:00,system,2026-01-01 00:00:00,system
1539,643,1,SUP001-ILO-0643,Redstone CircuCore ISO VG 100 (1000 L),1,168.87,1100.0,12,True,active,2025-05-10,,2026-01-01 00:00:00,system,2026-01-01 00:00:00,system
1540,643,4,SUP004-ILO-0643,Redstone CircuCore ISO VG 100 (1000 L),1,167.92,850.0,7,False,active,2024-09-28,,2026-01-01 00:00:00,system,2026-01-01 00:00:00,system
1541,644,12,SUP012-ILO-0644,Westmark MachineFlow ISO VG 100 (2000 L),1,184.92,2100.0,7,True,active,2024-01-10,,2026-01-01 00:00:00,system,2026-01-01 00:00:00,system
1542,644,18,SUP018-ILO-0644,Westmark MachineFlow ISO VG 100 (2000 L),1,190.57,3100.0,5,False,active,2025-10-24,,2026-01-01 00:00:00,system,2026-01-01 00:00:00,system
1543,645,5,SUP005-ILO-0645,Crestfield LoopGuard ISO VG 100 (3 L),6,536.93,11.0,13,True,active,2025-09-09,,2026-01-01 00:00:00,system,2026-01-01 00:00:00,system
1544,646,10,SUP010-ILO-0646,Stonebridge CircuLine ISO VG 100 (5 L),6,994.29,8.0,7,True,active,2024-07-15,,2026-01-01 00:00:00,system,2026-01-01 00:00:00,system
1545,646,7,SUP007-ILO-0646,Stonebridge CircuLine ISO VG 100 (5 L),6,909.17,6.0,13,False,active,2025-08-28,,2026-01-01 00:00:00,system,2026-01-01 00:00:00,system
1546,647,3,SUP003-ILO-0647,Ridgewell CircuCore ISO VG 32 (10 L),6,1886.98,6.0,13,True,active,2024-11-08,,2026-01-01 00:00:00,system,2026-01-01 00:00:00,system
1547,648,7,SUP007-ILO-0648,Millbrook MachineFlow ISO VG 32 (15 L),6,2853.58,6.0,12,True,active,2025-04-06,,2026-01-01 00:00:00,system,2026-01-01 00:00:00,system
1548,648,5,SUP005-ILO-0648,Millbrook MachineFlow ISO VG 32 (15 L),6,2789.32,7.0,16,False,active,2025-05-14,,2026-01-01 00:00:00,system,2026-01-01 00:00:00,system
1549,649,13,SUP013-ILO-0649,Highpoint LoopGuard ISO VG 32 (20 L),6,4302.99,8.0,9,False,active,2024-12-30,,2026-01-01 00:00:00,system,2026-01-01 00:00:00,system
1550,649,5,SUP005-ILO-0649,Highpoint LoopGuard ISO VG 32 (20 L),6,3921.26,6.0,13,False,active,2024-01-14,,2026-01-01 00:00:00,system,2026-01-01 00:00:00,system
1551,649,7,SUP007-ILO-0649,Highpoint LoopGuard ISO VG 32 (20 L),6,3756.31,6.0,10,False,active,2024-07-17,,2026-01-01 00:00:00,system,2026-01-01 00:00:00,system
1552,649,12,SUP012-ILO-0649,Highpoint LoopGuard ISO VG 32 (20 L),6,3907.26,8.0,6,True,active,2025-02-08,,2026-01-01 00:00:00,system,2026-01-01 00:00:00,system
1553,650,1,SUP001-ILO-0650,Fieldmark CircuLine ISO VG 32 (25 L),6,4825.32,6.0,8,True,active,2025-10-28,,2026-01-01 00:00:00,system,2026-01-01 00:00:00,system
1554,651,1,SUP001-ILO-0651,Northmark CircuCore ISO VG 46 (30 L),6,5938.36,6.0,8,False,active,2025-10-26,,2026-01-01 00:00:00,system,2026-01-01 00:00:00,system
1555,651,13,SUP013-ILO-0651,Northmark CircuCore ISO VG 46 (30 L),6,5892.68,8.0,8,True,active,2024-02-18,,2026-01-01 00:00:00,system,2026-01-01 00:00:00,system
1556,651,7,SUP007-ILO-0651,Northmark CircuCore ISO VG 46 (30 L),6,5927.71,5.0,13,False,active,2025-01-13,,2026-01-01 00:00:00,system,2026-01-01 00:00:00,system
1557,652,12,SUP012-ILO-0652,Ironcrest MachineFlow ISO VG 46 (50 L),6,10730.54,3.0,9,True,active,2024-04-26,,2026-01-01 00:00:00,system,2026-01-01 00:00:00,system
1558,652,5,SUP005-ILO-0652,Ironcrest MachineFlow ISO VG 46 (50 L),6,8987.63,2.0,15,False,active,2025-08-05,,2026-01-01 00:00:00,system,2026-01-01 00:00:00,system
1559,653,3,SUP003-ILO-0653,Redstone LoopGuard ISO VG 46 (55 L),6,10178.06,2.0,10,True,active,2024-12-21,,2026-01-01 00:00:00,system,2026-01-01 00:00:00,system
1560,654,5,SUP005-ILO-0654,Westmark CircuLine ISO VG 46 (180 L),6,33310.93,2.0,17,False,active,2024-05-28,,2026-01-01 00:00:00,system,2026-01-01 00:00:00,system
1561,654,14,SUP014-ILO-0654,Westmark CircuLine ISO VG 46 (180 L),6,34382.21,2.0,4,True,active,2024-06-11,,2026-01-01 00:00:00,system,2026-01-01 00:00:00,system
1562,655,22,SUP022-ILO-0655,Crestfield CircuCore ISO VG 68 (210 L),6,42009.07,1.0,21,False,active,2025-11-30,,2026-01-01 00:00:00,system,2026-01-01 00:00:00,system
1563,655,2,SUP002-ILO-0655,Crestfield CircuCore ISO VG 68 (210 L),6,39192.59,1.0,10,False,active,2025-03-23,,2026-01-01 00:00:00,system,2026-01-01 00:00:00,system
1564,655,7,SUP007-ILO-0655,Crestfield CircuCore ISO VG 68 (210 L),6,37674.75,1.0,16,False,active,2024-04-07,,2026-01-01 00:00:00,system,2026-01-01 00:00:00,system
1565,655,1,SUP001-ILO-0655,Crestfield CircuCore ISO VG 68 (210 L),6,37499.96,1.0,7,True,active,2024-01-29,,2026-01-01 00:00:00,system,2026-01-01 00:00:00,system
1566,656,2,SUP002-ILO-0656,Stonebridge MachineFlow ISO VG 68 (500 L),1,171.74,550.0,14,False,active,2025-07-20,,2026-01-01 00:00:00,system,2026-01-01 00:00:00,system
1567,656,17,SUP017-ILO-0656,Stonebridge MachineFlow ISO VG 68 (500 L),1,198.48,600.0,10,False,active,2024-04-04,,2026-01-01 00:00:00,system,2026-01-01 00:00:00,system
1568,656,1,SUP001-ILO-0656,Stonebridge MachineFlow ISO VG 68 (500 L),1,163.57,600.0,7,True,active,2024-12-11,,2026-01-01 00:00:00,system,2026-01-01 00:00:00,system
1569,657,4,SUP004-ILO-0657,Ridgewell LoopGuard ISO VG 68 (1000 L),1,172.94,1150.0,10,False,inactive,2024-06-04,2025-04-24,2026-01-01 00:00:00,system,2026-01-01 00:00:00,system
1570,657,7,SUP007-ILO-0657,Ridgewell LoopGuard ISO VG 68 (1000 L),1,174.82,900.0,11,False,inactive,2024-05-17,2025-03-30,2026-01-01 00:00:00,system,2026-01-01 00:00:00,system
1571,657,9,SUP009-ILO-0657,Ridgewell LoopGuard ISO VG 68 (1000 L),1,191.82,1250.0,6,False,inactive,2024-04-04,2025-01-30,2026-01-01 00:00:00,system,2026-01-01 00:00:00,system
1572,658,16,SUP016-ILO-0658,Millbrook CircuLine ISO VG 68 (2000 L),1,187.3,2150.0,5,True,active,2025-12-16,,2026-01-01 00:00:00,system,2026-01-01 00:00:00,system
1573,658,23,SUP023-ILO-0658,Millbrook CircuLine ISO VG 68 (2000 L),1,164.14,1950.0,15,False,active,2024-08-15,,2026-01-01 00:00:00,system,2026-01-01 00:00:00,system
1574,658,15,SUP015-ILO-0658,Millbrook CircuLine ISO VG 68 (2000 L),1,188.83,2150.0,10,False,active,2024-12-27,,2026-01-01 00:00:00,system,2026-01-01 00:00:00,system
1575,659,2,SUP002-ILO-0659,Highpoint CircuCore ISO VG 100 (3 L),6,558.09,12.0,12,True,active,2025-08-01,,2026-01-01 00:00:00,system,2026-01-01 00:00:00,system
1576,659,1,SUP001-ILO-0659,Highpoint CircuCore ISO VG 100 (3 L),6,577.27,10.0,9,False,active,2024-12-06,,2026-01-01 00:00:00,system,2026-01-01 00:00:00,system
1577,659,4,SUP004-ILO-0659,Highpoint CircuCore ISO VG 100 (3 L),6,551.81,14.0,6,False,active,2025-07-18,,2026-01-01 00:00:00,system,2026-01-01 00:00:00,system
1578,660,22,SUP022-ILO-0660,Fieldmark MachineFlow ISO VG 100 (5 L),6,1051.33,6.0,25,False,active,2024-06-18,,2026-01-01 00:00:00,system,2026-01-01 00:00:00,system
1579,660,17,SUP017-ILO-0660,Fieldmark MachineFlow ISO VG 100 (5 L),6,997.69,7.0,10,True,active,2024-08-19,,2026-01-01 00:00:00,system,2026-01-01 00:00:00,system
1580,660,12,SUP012-ILO-0660,Fieldmark MachineFlow ISO VG 100 (5 L),6,969.05,7.0,10,False,active,2025-02-19,,2026-01-01 00:00:00,system,2026-01-01 00:00:00,system
1581,661,18,SUP018-ILO-0661,Northmark LoopGuard ISO VG 100 (10 L),6,2013.82,8.0,9,False,active,2025-01-08,,2026-01-01 00:00:00,system,2026-01-01 00:00:00,system
1582,661,3,SUP003-ILO-0661,Northmark LoopGuard ISO VG 100 (10 L),6,1939.07,6.0,8,False,active,2024-01-05,,2026-01-01 00:00:00,system,2026-01-01 00:00:00,system
1583,661,6,SUP006-ILO-0661,Northmark LoopGuard ISO VG 100 (10 L),6,1797.23,7.0,8,False,active,2025-07-22,,2026-01-01 00:00:00,system,2026-01-01 00:00:00,system
1584,661,13,SUP013-ILO-0661,Northmark LoopGuard ISO VG 100 (10 L),6,1991.85,6.0,4,True,active,2024-04-07,,2026-01-01 00:00:00,system,2026-01-01 00:00:00,system
1585,662,1,SUP001-ILO-0662,Ironcrest CircuLine ISO VG 100 (15 L),6,2894.54,5.0,11,False,active,2025-08-01,,2026-01-01 00:00:00,system,2026-01-01 00:00:00,system
1586,662,14,SUP014-ILO-0662,Ironcrest CircuLine ISO VG 100 (15 L),6,3069.39,6.0,8,False,active,2024-11-25,,2026-01-01 00:00:00,system,2026-01-01 00:00:00,system
1587,662,6,SUP006-ILO-0662,Ironcrest CircuLine ISO VG 100 (15 L),6,2698.29,6.0,10,True,active,2024-06-23,,2026-01-01 00:00:00,system,2026-01-01 00:00:00,system
1588,662,7,SUP007-ILO-0662,Ironcrest CircuLine ISO VG 100 (15 L),6,2783.27,7.0,14,False,active,2025-07-17,,2026-01-01 00:00:00,system,2026-01-01 00:00:00,system
1589,663,7,SUP007-ILO-0663,Redstone CircuCore ISO VG 32 (20 L),6,3876.22,6.0,10,False,active,2024-05-11,,2026-01-01 00:00:00,system,2026-01-01 00:00:00,system
1590,663,6,SUP006-ILO-0663,Redstone CircuCore ISO VG 32 (20 L),6,3668.24,6.0,7,True,active,2024-08-14,,2026-01-01 00:00:00,system,2026-01-01 00:00:00,system
1591,664,15,SUP015-ILO-0664,Westmark MachineFlow ISO VG 32 (25 L),6,5553.39,8.0,6,True,active,2025-05-07,,2026-01-01 00:00:00,system,2026-01-01 00:00:00,system
1592,664,21,SUP021-ILO-0664,Westmark MachineFlow ISO VG 32 (25 L),6,5515.21,6.0,27,False,active,2025-06-23,,2026-01-01 00:00:00,system,2026-01-01 00:00:00,system
1593,664,2,SUP002-ILO-0664,Westmark MachineFlow ISO VG 32 (25 L),6,4728.18,6.0,11,False,active,2024-07-08,,2026-01-01 00:00:00,system,2026-01-01 00:00:00,system
1594,664,13,SUP013-ILO-0664,Westmark MachineFlow ISO VG 32 (25 L),6,4985.51,8.0,9,False,active,2025-12-06,,2026-01-01 00:00:00,system,2026-01-01 00:00:00,system
1595,665,11,SUP011-ILO-0665,Crestfield LoopGuard ISO VG 32 (30 L),6,5878.87,7.0,9,False,active,2024-10-02,,2026-01-01 00:00:00,system,2026-01-01 00:00:00,system
1596,665,4,SUP004-ILO-0665,Crestfield LoopGuard ISO VG 32 (30 L),6,5695.37,5.0,5,True,active,2024-07-08,,2026-01-01 00:00:00,system,2026-01-01 00:00:00,system
1597,665,3,SUP003-ILO-0665,Crestfield LoopGuard ISO VG 32 (30 L),6,5896.38,6.0,8,False,active,2025-10-21,,2026-01-01 00:00:00,system,2026-01-01 00:00:00,system
1598,665,10,SUP010-ILO-0665,Crestfield LoopGuard ISO VG 32 (30 L),6,6191.92,7.0,3,False,active,2025-04-04,,2026-01-01 00:00:00,system,2026-01-01 00:00:00,system
1599,666,7,SUP007-ILO-0666,Stonebridge CircuLine ISO VG 32 (50 L),6,9194.9,2.0,10,True,active,2025-12-10,,2026-01-01 00:00:00,system,2026-01-01 00:00:00,system
1600,666,22,SUP022-ILO-0666,Stonebridge CircuLine ISO VG 32 (50 L),6,10731.85,2.0,21,False,active,2024-10-22,,2026-01-01 00:00:00,system,2026-01-01 00:00:00,system
1601,667,10,SUP010-ILO-0667,Ridgewell CircuCore ISO VG 46 (55 L),6,10865.27,3.0,8,True,active,2025-12-29,,2026-01-01 00:00:00,system,2026-01-01 00:00:00,system
1602,668,11,SUP011-ILO-0668,Millbrook MachineFlow ISO VG 46 (180 L),6,35567.99,2.0,6,False,active,2025-08-23,,2026-01-01 00:00:00,system,2026-01-01 00:00:00,system
1603,668,8,SUP008-ILO-0668,Millbrook MachineFlow ISO VG 46 (180 L),6,32373.6,2.0,12,False,active,2024-06-25,,2026-01-01 00:00:00,system,2026-01-01 00:00:00,system
1604,668,4,SUP004-ILO-0668,Millbrook MachineFlow ISO VG 46 (180 L),6,31796.54,2.0,7,True,active,2024-03-31,,2026-01-01 00:00:00,system,2026-01-01 00:00:00,system
1605,668,14,SUP014-ILO-0668,Millbrook MachineFlow ISO VG 46 (180 L),6,36349.31,3.0,7,False,active,2024-05-07,,2026-01-01 00:00:00,system,2026-01-01 00:00:00,system
1606,669,9,SUP009-ILO-0669,Highpoint LoopGuard ISO VG 46 (210 L),6,42810.91,1.0,5,False,active,2024-11-03,,2026-01-01 00:00:00,system,2026-01-01 00:00:00,system
1607,669,6,SUP006-ILO-0669,Highpoint LoopGuard ISO VG 46 (210 L),6,37671.59,1.0,13,False,active,2024-09-03,,2026-01-01 00:00:00,system,2026-01-01 00:00:00,system
1608,669,15,SUP015-ILO-0669,Highpoint LoopGuard ISO VG 46 (210 L),6,41307.36,1.0,6,True,active,2024-03-31,,2026-01-01 00:00:00,system,2026-01-01 00:00:00,system
1609,670,13,SUP013-ILO-0670,Fieldmark CircuLine ISO VG 46 (500 L),1,195.76,600.0,6,False,active,2025-12-26,,2026-01-01 00:00:00,system,2026-01-01 00:00:00,system
1610,670,14,SUP014-ILO-0670,Fieldmark CircuLine ISO VG 46 (500 L),1,181.81,550.0,5,False,active,2025-01-30,,2026-01-01 00:00:00,system,2026-01-01 00:00:00,system
1611,670,23,SUP023-ILO-0670,Fieldmark CircuLine ISO VG 46 (500 L),1,169.12,500.0,17,True,active,2024-08-12,,2026-01-01 00:00:00,system,2026-01-01 00:00:00,system
1612,671,3,SUP003-ILO-0671,Northmark SlideGuard ISO VG 68 (10 L),6,1879.01,6.0,9,True,active,2024-12-11,,2026-01-01 00:00:00,system,2026-01-01 00:00:00,system
1613,672,9,SUP009-ILO-0672,Ironcrest WayCore ISO VG 68 (15 L),6,3204.89,8.0,7,False,active,2025-02-10,,2026-01-01 00:00:00,system,2026-01-01 00:00:00,system
1614,672,8,SUP008-ILO-0672,Ironcrest WayCore ISO VG 68 (15 L),6,2861.83,7.0,14,True,active,2024-12-20,,2026-01-01 00:00:00,system,2026-01-01 00:00:00,system
1615,673,18,SUP018-ILO-0673,Redstone MachineWay ISO VG 68 (20 L),6,4219.37,8.0,8,False,active,2025-04-24,,2026-01-01 00:00:00,system,2026-01-01 00:00:00,system
1616,673,12,SUP012-ILO-0673,Redstone MachineWay ISO VG 68 (20 L),6,4001.4,7.0,8,True,active,2025-02-23,,2026-01-01 00:00:00,system,2026-01-01 00:00:00,system
1617,673,9,SUP009-ILO-0673,Redstone MachineWay ISO VG 68 (20 L),6,4130.65,8.0,9,False,active,2025-03-04,,2026-01-01 00:00:00,system,2026-01-01 00:00:00,system
1618,674,5,SUP005-ILO-0674,Westmark SlideForce ISO VG 68 (25 L),6,4674.52,6.0,12,False,active,2024-12-11,,2026-01-01 00:00:00,system,2026-01-01 00:00:00,system
1619,674,6,SUP006-ILO-0674,Westmark SlideForce ISO VG 68 (25 L),6,4869.56,7.0,8,True,active,2025-12-13,,2026-01-01 00:00:00,system,2026-01-01 00:00:00,system
1620,674,2,SUP002-ILO-0674,Westmark SlideForce ISO VG 68 (25 L),6,4977.51,6.0,9,False,active,2024-05-23,,2026-01-01 00:00:00,system,2026-01-01 00:00:00,system
1621,675,20,SUP020-ILO-0675,Crestfield SlideGuard ISO VG 100 (30 L),6,6550.52,5.0,28,False,active,2024-06-18,,2026-01-01 00:00:00,system,2026-01-01 00:00:00,system
1622,675,13,SUP013-ILO-0675,Crestfield SlideGuard ISO VG 100 (30 L),6,6230.08,7.0,5,False,active,2024-06-19,,2026-01-01 00:00:00,system,2026-01-01 00:00:00,system
1623,675,16,SUP016-ILO-0675,Crestfield SlideGuard ISO VG 100 (30 L),6,6597.42,9.0,8,True,active,2025-01-11,,2026-01-01 00:00:00,system,2026-01-01 00:00:00,system
1624,676,4,SUP004-ILO-0676,Stonebridge WayCore ISO VG 100 (50 L),6,9329.26,2.0,5,True,active,2025-11-22,,2026-01-01 00:00:00,system,2026-01-01 00:00:00,system
1625,676,14,SUP014-ILO-0676,Stonebridge WayCore ISO VG 100 (50 L),6,10347.42,3.0,5,False,active,2024-04-01,,2026-01-01 00:00:00,system,2026-01-01 00:00:00,system
1626,676,11,SUP011-ILO-0676,Stonebridge WayCore ISO VG 100 (50 L),6,10543.16,3.0,9,False,active,2024-05-31,,2026-01-01 00:00:00,system,2026-01-01 00:00:00,system
1627,677,1,SUP001-ILO-0677,Ridgewell MachineWay ISO VG 100 (55 L),6,10447.59,2.0,11,True,active,2024-10-13,,2026-01-01 00:00:00,system,2026-01-01 00:00:00,system
1628,677,11,SUP011-ILO-0677,Ridgewell MachineWay ISO VG 100 (55 L),6,10772.22,2.0,9,False,active,2025-10-27,,2026-01-01 00:00:00,system,2026-01-01 00:00:00,system
1629,678,20,SUP020-ILO-0678,Millbrook SlideForce ISO VG 100 (180 L),6,39431.34,2.0,29,False,active,2024-05-08,,2026-01-01 00:00:00,system,2026-01-01 00:00:00,system
1630,678,16,SUP016-ILO-0678,Millbrook SlideForce ISO VG 100 (180 L),6,34737.8,3.0,6,True,active,2024-10-01,,2026-01-01 00:00:00,system,2026-01-01 00:00:00,system
1631,679,7,SUP007-ILO-0679,Highpoint SlideGuard ISO VG 220 (210 L),6,39643.17,1.0,15,True,active,2025-07-07,,2026-01-01 00:00:00,system,2026-01-01 00:00:00,system
1632,679,6,SUP006-ILO-0679,Highpoint SlideGuard ISO VG 220 (210 L),6,39584.93,1.0,11,False,active,2024-11-24,,2026-01-01 00:00:00,system,2026-01-01 00:00:00,system
1633,680,18,SUP018-ILO-0680,Fieldmark WayCore ISO VG 220 (500 L),1,190.27,550.0,10,True,active,2024-02-27,,2026-01-01 00:00:00,system,2026-01-01 00:00:00,system
1634,680,11,SUP011-ILO-0680,Fieldmark WayCore ISO VG 220 (500 L),1,191.57,550.0,11,False,active,2025-12-29,,2026-01-01 00:00:00,system,2026-01-01 00:00:00,system
1635,680,13,SUP013-ILO-0680,Fieldmark WayCore ISO VG 220 (500 L),1,186.39,500.0,5,False,active,2025-06-16,,2026-01-01 00:00:00,system,2026-01-01 00:00:00,system
1636,681,4,SUP004-ILO-0681,Northmark MachineWay ISO VG 220 (1000 L),1,169.55,1050.0,8,False,active,2025-12-31,,2026-01-01 00:00:00,system,2026-01-01 00:00:00,system
1637,681,20,SUP020-ILO-0681,Northmark MachineWay ISO VG 220 (1000 L),1,187.92,1100.0,26,True,active,2024-01-31,,2026-01-01 00:00:00,system,2026-01-01 00:00:00,system
1638,682,5,SUP005-ILO-0682,Ironcrest SlideForce ISO VG 220 (2000 L),1,173.46,2100.0,13,False,active,2024-09-23,,2026-01-01 00:00:00,system,2026-01-01 00:00:00,system
1639,682,8,SUP008-ILO-0682,Ironcrest SlideForce ISO VG 220 (2000 L),1,171.61,1650.0,11,False,active,2024-09-20,,2026-01-01 00:00:00,system,2026-01-01 00:00:00,system
1640,682,1,SUP001-ILO-0682,Ironcrest SlideForce ISO VG 220 (2000 L),1,173.71,1700.0,9,True,active,2024-11-15,,2026-01-01 00:00:00,system,2026-01-01 00:00:00,system
1641,683,11,SUP011-ILO-0683,Redstone SlideGuard ISO VG 68 (3 L),6,625.72,16.0,10,True,active,2025-10-09,,2026-01-01 00:00:00,system,2026-01-01 00:00:00,system
1642,684,5,SUP005-ILO-0684,Westmark WayCore ISO VG 68 (5 L),6,912.36,5.0,15,True,active,2024-03-01,,2026-01-01 00:00:00,system,2026-01-01 00:00:00,system
1643,684,12,SUP012-ILO-0684,Westmark WayCore ISO VG 68 (5 L),6,1030.79,6.0,11,False,active,2025-01-16,,2026-01-01 00:00:00,system,2026-01-01 00:00:00,system
1644,685,11,SUP011-ILO-0685,Crestfield MachineWay ISO VG 68 (10 L),6,2086.71,8.0,10,True,active,2024-02-26,,2026-01-01 00:00:00,system,2026-01-01 00:00:00,system
1645,685,21,SUP021-ILO-0685,Crestfield MachineWay ISO VG 68 (10 L),6,2229.95,5.0,29,False,active,2025-02-05,,2026-01-01 00:00:00,system,2026-01-01 00:00:00,system
1646,686,1,SUP001-ILO-0686,Stonebridge SlideForce ISO VG 68 (15 L),6,2706.45,7.0,9,True,active,2024-05-25,,2026-01-01 00:00:00,system,2026-01-01 00:00:00,system
1647,686,14,SUP014-ILO-0686,Stonebridge SlideForce ISO VG 68 (15 L),6,3233.21,8.0,3,False,active,2024-01-21,,2026-01-01 00:00:00,system,2026-01-01 00:00:00,system
1648,687,18,SUP018-ILO-0687,Ridgewell SlideGuard ISO VG 100 (20 L),6,4420.46,8.0,5,True,active,2024-09-29,,2026-01-01 00:00:00,system,2026-01-01 00:00:00,system
1649,687,6,SUP006-ILO-0687,Ridgewell SlideGuard ISO VG 100 (20 L),6,3911.69,6.0,10,False,active,2024-04-04,,2026-01-01 00:00:00,system,2026-01-01 00:00:00,system
1650,687,3,SUP003-ILO-0687,Ridgewell SlideGuard ISO VG 100 (20 L),6,3788.8,6.0,9,False,active,2025-08-14,,2026-01-01 00:00:00,system,2026-01-01 00:00:00,system
1651,688,15,SUP015-ILO-0688,Millbrook WayCore ISO VG 100 (25 L),6,5024.84,9.0,8,True,active,2024-05-14,,2026-01-01 00:00:00,system,2026-01-01 00:00:00,system
1652,688,18,SUP018-ILO-0688,Millbrook WayCore ISO VG 100 (25 L),6,5351.75,8.0,9,False,active,2025-09-19,,2026-01-01 00:00:00,system,2026-01-01 00:00:00,system
1653,689,18,SUP018-ILO-0689,Highpoint MachineWay ISO VG 100 (30 L),6,6389.69,9.0,8,False,active,2024-12-17,,2026-01-01 00:00:00,system,2026-01-01 00:00:00,system
1654,689,14,SUP014-ILO-0689,Highpoint MachineWay ISO VG 100 (30 L),6,5830.02,7.0,3,True,active,2025-07-22,,2026-01-01 00:00:00,system,2026-01-01 00:00:00,system
1655,690,20,SUP020-ILO-0690,Fieldmark SlideForce ISO VG 100 (50 L),6,10527.56,2.0,24,True,active,2024-11-02,,2026-01-01 00:00:00,system,2026-01-01 00:00:00,system
1656,690,9,SUP009-ILO-0690,Fieldmark SlideForce ISO VG 100 (50 L),6,10118.72,2.0,9,False,active,2025-11-13,,2026-01-01 00:00:00,system,2026-01-01 00:00:00,system
1657,690,6,SUP006-ILO-0690,Fieldmark SlideForce ISO VG 100 (50 L),6,9921.34,2.0,9,False,active,2024-08-11,,2026-01-01 00:00:00,system,2026-01-01 00:00:00,system
1658,691,3,SUP003-ILO-0691,Northmark SlideGuard ISO VG 220 (55 L),6,10047.17,2.0,8,True,active,2025-10-24,,2026-01-01 00:00:00,system,2026-01-01 00:00:00,system
1659,692,3,SUP003-ILO-0692,Ironcrest WayCore ISO VG 220 (180 L),6,31463.43,2.0,11,False,active,2024-01-13,,2026-01-01 00:00:00,system,2026-01-01 00:00:00,system
1660,692,8,SUP008-ILO-0692,Ironcrest WayCore ISO VG 220 (180 L),6,30608.26,2.0,10,True,active,2024-08-04,,2026-01-01 00:00:00,system,2026-01-01 00:00:00,system
1661,693,9,SUP009-ILO-0693,Redstone MachineWay ISO VG 220 (210 L),6,42376.91,1.0,8,True,active,2024-04-29,,2026-01-01 00:00:00,system,2026-01-01 00:00:00,system
1662,693,17,SUP017-ILO-0693,Redstone MachineWay ISO VG 220 (210 L),6,42201.53,1.0,11,False,active,2024-01-12,,2026-01-01 00:00:00,system,2026-01-01 00:00:00,system
1663,693,8,SUP008-ILO-0693,Redstone MachineWay ISO VG 220 (210 L),6,36820.59,1.0,14,False,active,2025-04-24,,2026-01-01 00:00:00,system,2026-01-01 00:00:00,system
1664,694,23,SUP023-ILO-0694,Westmark SlideForce ISO VG 220 (500 L),1,159.8,350.0,13,False,active,2024-01-13,,2026-01-01 00:00:00,system,2026-01-01 00:00:00,system
1665,694,10,SUP010-ILO-0694,Westmark SlideForce ISO VG 220 (500 L),1,187.99,550.0,5,True,active,2025-12-06,,2026-01-01 00:00:00,system,2026-01-01 00:00:00,system
1666,694,18,SUP018-ILO-0694,Westmark SlideForce ISO VG 220 (500 L),1,188.11,750.0,8,False,active,2024-06-05,,2026-01-01 00:00:00,system,2026-01-01 00:00:00,system
1667,695,3,SUP003-ILO-0695,Crestfield SlideGuard ISO VG 68 (1000 L),1,168.6,1200.0,9,True,active,2024-08-19,,2026-01-01 00:00:00,system,2026-01-01 00:00:00,system
1668,695,12,SUP012-ILO-0695,Crestfield SlideGuard ISO VG 68 (1000 L),1,193.74,1300.0,12,False,active,2024-05-17,,2026-01-01 00:00:00,system,2026-01-01 00:00:00,system
1669,696,23,SUP023-ILO-0696,Stonebridge WayCore ISO VG 68 (2000 L),1,169.26,1350.0,16,False,active,2025-08-13,,2026-01-01 00:00:00,system,2026-01-01 00:00:00,system
1670,696,4,SUP004-ILO-0696,Stonebridge WayCore ISO VG 68 (2000 L),1,174.21,2100.0,7,True,active,2025-01-27,,2026-01-01 00:00:00,system,2026-01-01 00:00:00,system
1671,696,5,SUP005-ILO-0696,Stonebridge WayCore ISO VG 68 (2000 L),1,171.94,1950.0,13,False,active,2025-05-07,,2026-01-01 00:00:00,system,2026-01-01 00:00:00,system
1672,696,2,SUP002-ILO-0696,Stonebridge WayCore ISO VG 68 (2000 L),1,163.67,1650.0,13,False,active,2024-07-08,,2026-01-01 00:00:00,system,2026-01-01 00:00:00,system
1673,697,3,SUP003-ILO-0697,Ridgewell MachineWay ISO VG 68 (3 L),6,588.17,11.0,12,False,active,2024-02-09,,2026-01-01 00:00:00,system,2026-01-01 00:00:00,system
1674,697,1,SUP001-ILO-0697,Ridgewell MachineWay ISO VG 68 (3 L),6,552.02,11.0,10,True,active,2024-05-24,,2026-01-01 00:00:00,system,2026-01-01 00:00:00,system
1675,697,2,SUP002-ILO-0697,Ridgewell MachineWay ISO VG 68 (3 L),6,562.8,13.0,13,False,active,2024-10-08,,2026-01-01 00:00:00,system,2026-01-01 00:00:00,system
1676,698,14,SUP014-ILO-0698,Millbrook SlideForce ISO VG 68 (5 L),6,969.21,8.0,4,True,active,2024-04-10,,2026-01-01 00:00:00,system,2026-01-01 00:00:00,system
1677,699,3,SUP003-ILO-0699,Highpoint SlideGuard ISO VG 100 (10 L),6,1888.34,7.0,9,True,active,2025-03-19,,2026-01-01 00:00:00,system,2026-01-01 00:00:00,system
1678,700,15,SUP015-ILO-0700,Fieldmark WayCore ISO VG 100 (15 L),6,3044.66,8.0,5,True,active,2025-07-31,,2026-01-01 00:00:00,system,2026-01-01 00:00:00,system
1679,701,18,SUP018-ILO-0701,Northmark MachineWay ISO VG 100 (20 L),6,4469.11,8.0,5,False,active,2025-12-28,,2026-01-01 00:00:00,system,2026-01-01 00:00:00,system
1680,701,9,SUP009-ILO-0701,Northmark MachineWay ISO VG 100 (20 L),6,4002.83,7.0,5,True,active,2024-03-23,,2026-01-01 00:00:00,system,2026-01-01 00:00:00,system
1681,702,5,SUP005-ILO-0702,Ironcrest SlideForce ISO VG 100 (25 L),6,4917.39,6.0,14,False,active,2025-11-25,,2026-01-01 00:00:00,system,2026-01-01 00:00:00,system
1682,702,13,SUP013-ILO-0702,Ironcrest SlideForce ISO VG 100 (25 L),6,5006.75,6.0,8,True,active,2024-04-28,,2026-01-01 00:00:00,system,2026-01-01 00:00:00,system
1683,703,11,SUP011-ILO-0703,Redstone SlideGuard ISO VG 220 (30 L),6,6439.45,7.0,8,True,active,2024-02-27,,2026-01-01 00:00:00,system,2026-01-01 00:00:00,system
1684,704,2,SUP002-ILO-0704,Westmark WayCore ISO VG 220 (50 L),6,9046.77,2.0,11,False,active,2025-10-04,,2026-01-01 00:00:00,system,2026-01-01 00:00:00,system
1685,704,12,SUP012-ILO-0704,Westmark WayCore ISO VG 220 (50 L),6,9962.33,3.0,7,True,active,2025-01-08,,2026-01-01 00:00:00,system,2026-01-01 00:00:00,system
1686,704,1,SUP001-ILO-0704,Westmark WayCore ISO VG 220 (50 L),6,9704.74,2.0,10,False,active,2025-09-15,,2026-01-01 00:00:00,system,2026-01-01 00:00:00,system
1687,704,16,SUP016-ILO-0704,Westmark WayCore ISO VG 220 (50 L),6,10550.42,3.0,8,False,active,2025-09-20,,2026-01-01 00:00:00,system,2026-01-01 00:00:00,system
1688,705,6,SUP006-ILO-0705,Crestfield MachineWay ISO VG 220 (55 L),6,10936.44,2.0,10,True,active,2025-04-04,,2026-01-01 00:00:00,system,2026-01-01 00:00:00,system
1689,706,12,SUP012-ILO-0706,Stonebridge SlideForce ISO VG 220 (180 L),6,34944.67,2.0,11,False,active,2025-05-05,,2026-01-01 00:00:00,system,2026-01-01 00:00:00,system
1690,706,9,SUP009-ILO-0706,Stonebridge SlideForce ISO VG 220 (180 L),6,36699.36,2.0,7,True,active,2024-08-02,,2026-01-01 00:00:00,system,2026-01-01 00:00:00,system
1691,707,4,SUP004-ILO-0707,Ridgewell SlideGuard ISO VG 68 (210 L),6,38885.05,1.0,6,True,active,2025-08-03,,2026-01-01 00:00:00,system,2026-01-01 00:00:00,system
1692,707,11,SUP011-ILO-0707,Ridgewell SlideGuard ISO VG 68 (210 L),6,40158.31,1.0,8,False,active,2025-08-30,,2026-01-01 00:00:00,system,2026-01-01 00:00:00,system
1693,707,5,SUP005-ILO-0707,Ridgewell SlideGuard ISO VG 68 (210 L),6,39729.49,1.0,15,False,active,2024-02-02,,2026-01-01 00:00:00,system,2026-01-01 00:00:00,system
1694,707,7,SUP007-ILO-0707,Ridgewell SlideGuard ISO VG 68 (210 L),6,38992.58,1.0,15,False,active,2025-11-08,,2026-01-01 00:00:00,system,2026-01-01 00:00:00,system
1695,708,9,SUP009-ILO-0708,Millbrook WayCore ISO VG 68 (500 L),1,183.85,500.0,8,False,active,2024-04-07,,2026-01-01 00:00:00,system,2026-01-01 00:00:00,system
1696,708,12,SUP012-ILO-0708,Millbrook WayCore ISO VG 68 (500 L),1,196.97,650.0,11,True,active,2024-06-28,,2026-01-01 00:00:00,system,2026-01-01 00:00:00,system
1697,709,4,SUP004-ILO-0709,Highpoint MachineWay ISO VG 68 (1000 L),1,165.66,1150.0,10,True,active,2024-09-20,,2026-01-01 00:00:00,system,2026-01-01 00:00:00,system
1698,710,6,SUP006-ILO-0710,Fieldmark SlideForce ISO VG 68 (2000 L),1,175.88,1650.0,8,True,active,2025-04-11,,2026-01-01 00:00:00,system,2026-01-01 00:00:00,system
1699,711,3,SUP003-ILO-0711,Northmark ToolCore ISO VG 32 (20 L),6,3600.87,5.0,9,False,active,2025-09-10,,2026-01-01 00:00:00,system,2026-01-01 00:00:00,system
1700,711,13,SUP013-ILO-0711,Northmark ToolCore ISO VG 32 (20 L),6,4058.0,8.0,6,True,active,2025-07-29,,2026-01-01 00:00:00,system,2026-01-01 00:00:00,system
1701,712,4,SUP004-ILO-0712,Ironcrest MachinePro ISO VG 32 (25 L),6,4635.21,7.0,9,True,active,2024-09-21,,2026-01-01 00:00:00,system,2026-01-01 00:00:00,system
1702,713,15,SUP015-ILO-0713,Redstone ToolGuard ISO VG 32 (30 L),6,6235.2,7.0,9,False,active,2025-01-23,,2026-01-01 00:00:00,system,2026-01-01 00:00:00,system
1703,713,17,SUP017-ILO-0713,Redstone ToolGuard ISO VG 32 (30 L),6,6241.89,9.0,10,False,active,2024-01-18,,2026-01-01 00:00:00,system,2026-01-01 00:00:00,system
1704,713,8,SUP008-ILO-0713,Redstone ToolGuard ISO VG 32 (30 L),6,5729.6,6.0,9,True,active,2024-08-11,,2026-01-01 00:00:00,system,2026-01-01 00:00:00,system
1705,713,14,SUP014-ILO-0713,Redstone ToolGuard ISO VG 32 (30 L),6,5879.42,7.0,8,False,active,2025-09-08,,2026-01-01 00:00:00,system,2026-01-01 00:00:00,system
1706,714,8,SUP008-ILO-0714,Westmark MachLube ISO VG 32 (50 L),6,9412.21,2.0,12,False,active,2024-04-10,,2026-01-01 00:00:00,system,2026-01-01 00:00:00,system
1707,714,9,SUP009-ILO-0714,Westmark MachLube ISO VG 32 (50 L),6,9783.33,2.0,5,False,active,2025-07-05,,2026-01-01 00:00:00,system,2026-01-01 00:00:00,system
1708,714,20,SUP020-ILO-0714,Westmark MachLube ISO VG 32 (50 L),6,10477.5,2.0,25,True,active,2024-10-08,,2026-01-01 00:00:00,system,2026-01-01 00:00:00,system
1709,715,10,SUP010-ILO-0715,Crestfield ToolCore ISO VG 46 (55 L),6,10911.6,2.0,4,True,active,2025-01-07,,2026-01-01 00:00:00,system,2026-01-01 00:00:00,system
1710,716,10,SUP010-ILO-0716,Stonebridge MachinePro ISO VG 46 (180 L),6,36279.72,2.0,4,True,active,2024-06-07,,2026-01-01 00:00:00,system,2026-01-01 00:00:00,system
1711,717,14,SUP014-ILO-0717,Ridgewell ToolGuard ISO VG 46 (210 L),6,39506.58,1.0,9,False,active,2025-04-24,,2026-01-01 00:00:00,system,2026-01-01 00:00:00,system
1712,717,6,SUP006-ILO-0717,Ridgewell ToolGuard ISO VG 46 (210 L),6,37558.86,1.0,10,True,active,2025-10-12,,2026-01-01 00:00:00,system,2026-01-01 00:00:00,system
1713,718,3,SUP003-ILO-0718,Millbrook MachLube ISO VG 46 (500 L),1,171.15,500.0,10,False,active,2024-04-03,,2026-01-01 00:00:00,system,2026-01-01 00:00:00,system
1714,718,15,SUP015-ILO-0718,Millbrook MachLube ISO VG 46 (500 L),1,200.67,750.0,7,True,active,2025-06-17,,2026-01-01 00:00:00,system,2026-01-01 00:00:00,system
1715,718,9,SUP009-ILO-0718,Millbrook MachLube ISO VG 46 (500 L),1,194.04,550.0,8,False,active,2025-10-22,,2026-01-01 00:00:00,system,2026-01-01 00:00:00,system
1716,718,7,SUP007-ILO-0718,Millbrook MachLube ISO VG 46 (500 L),1,166.43,550.0,11,False,active,2025-06-02,,2026-01-01 00:00:00,system,2026-01-01 00:00:00,system
1717,719,8,SUP008-ILO-0719,Highpoint ToolCore ISO VG 68 (1000 L),1,176.92,1200.0,11,True,active,2024-03-16,,2026-01-01 00:00:00,system,2026-01-01 00:00:00,system
1718,720,15,SUP015-ILO-0720,Fieldmark MachinePro ISO VG 68 (2000 L),1,197.96,3000.0,6,True,active,2025-02-10,,2026-01-01 00:00:00,system,2026-01-01 00:00:00,system
1719,720,5,SUP005-ILO-0720,Fieldmark MachinePro ISO VG 68 (2000 L),1,176.15,1700.0,17,False,active,2024-10-06,,2026-01-01 00:00:00,system,2026-01-01 00:00:00,system
1720,720,4,SUP004-ILO-0720,Fieldmark MachinePro ISO VG 68 (2000 L),1,173.65,2350.0,8,False,active,2024-02-01,,2026-01-01 00:00:00,system,2026-01-01 00:00:00,system
1721,721,5,SUP005-ILO-0721,Northmark ToolGuard ISO VG 68 (3 L),6,559.23,13.0,11,False,active,2025-10-30,,2026-01-01 00:00:00,system,2026-01-01 00:00:00,system
1722,721,2,SUP002-ILO-0721,Northmark ToolGuard ISO VG 68 (3 L),6,588.52,11.0,9,True,active,2024-01-12,,2026-01-01 00:00:00,system,2026-01-01 00:00:00,system
1723,722,5,SUP005-ILO-0722,Ironcrest MachLube ISO VG 68 (5 L),6,966.83,7.0,15,True,active,2024-11-27,,2026-01-01 00:00:00,system,2026-01-01 00:00:00,system
1724,722,17,SUP017-ILO-0722,Ironcrest MachLube ISO VG 68 (5 L),6,1025.87,8.0,10,False,active,2024-03-01,,2026-01-01 00:00:00,system,2026-01-01 00:00:00,system
1725,723,18,SUP018-ILO-0723,Redstone ToolCore ISO VG 32 (10 L),6,2228.33,7.0,9,False,active,2025-09-01,,2026-01-01 00:00:00,system,2026-01-01 00:00:00,system
1726,723,13,SUP013-ILO-0723,Redstone ToolCore ISO VG 32 (10 L),6,1943.12,8.0,6,False,active,2024-08-28,,2026-01-01 00:00:00,system,2026-01-01 00:00:00,system
1727,723,9,SUP009-ILO-0723,Redstone ToolCore ISO VG 32 (10 L),6,1958.45,6.0,5,True,active,2025-02-27,,2026-01-01 00:00:00,system,2026-01-01 00:00:00,system
1728,724,5,SUP005-ILO-0724,Westmark MachinePro ISO VG 32 (15 L),6,2947.48,7.0,13,False,inactive,2025-01-12,2025-09-20,2026-01-01 00:00:00,system,2026-01-01 00:00:00,system
1729,724,17,SUP017-ILO-0724,Westmark MachinePro ISO VG 32 (15 L),6,3330.26,8.0,10,False,inactive,2024-06-19,2025-11-04,2026-01-01 00:00:00,system,2026-01-01 00:00:00,system
1730,724,10,SUP010-ILO-0724,Westmark MachinePro ISO VG 32 (15 L),6,2971.48,6.0,8,False,inactive,2025-05-22,2025-09-10,2026-01-01 00:00:00,system,2026-01-01 00:00:00,system
1731,725,5,SUP005-ILO-0725,Crestfield ToolGuard ISO VG 32 (20 L),6,3737.2,6.0,14,False,active,2024-01-10,,2026-01-01 00:00:00,system,2026-01-01 00:00:00,system
1732,725,10,SUP010-ILO-0725,Crestfield ToolGuard ISO VG 32 (20 L),6,4094.23,7.0,7,False,active,2025-09-15,,2026-01-01 00:00:00,system,2026-01-01 00:00:00,system
1733,725,18,SUP018-ILO-0725,Crestfield ToolGuard ISO VG 32 (20 L),6,4014.0,9.0,9,True,active,2024-11-06,,2026-01-01 00:00:00,system,2026-01-01 00:00:00,system
1734,726,2,SUP002-ILO-0726,Stonebridge MachLube ISO VG 32 (25 L),6,4844.86,5.0,11,False,inactive,2025-05-22,2025-12-01,2026-01-01 00:00:00,system,2026-01-01 00:00:00,system
1735,727,23,SUP023-ILO-0727,Ridgewell ToolCore ISO VG 46 (30 L),6,5422.8,5.0,14,True,active,2025-04-19,,2026-01-01 00:00:00,system,2026-01-01 00:00:00,system
1736,727,3,SUP003-ILO-0727,Ridgewell ToolCore ISO VG 46 (30 L),6,5557.91,6.0,12,False,active,2024-04-07,,2026-01-01 00:00:00,system,2026-01-01 00:00:00,system
1737,727,15,SUP015-ILO-0727,Ridgewell ToolCore ISO VG 46 (30 L),6,6275.04,7.0,9,False,active,2025-11-15,,2026-01-01 00:00:00,system,2026-01-01 00:00:00,system
1738,728,7,SUP007-ILO-0728,Millbrook MachinePro ISO VG 46 (50 L),6,8974.66,2.0,14,True,active,2024-09-20,,2026-01-01 00:00:00,system,2026-01-01 00:00:00,system
1739,728,23,SUP023-ILO-0728,Millbrook MachinePro ISO VG 46 (50 L),6,9021.19,2.0,16,False,active,2025-01-20,,2026-01-01 00:00:00,system,2026-01-01 00:00:00,system
1740,729,6,SUP006-ILO-0729,Highpoint ToolGuard ISO VG 46 (55 L),6,10862.03,2.0,11,False,active,2024-01-10,,2026-01-01 00:00:00,system,2026-01-01 00:00:00,system
1741,729,15,SUP015-ILO-0729,Highpoint ToolGuard ISO VG 46 (55 L),6,11427.16,3.0,6,True,active,2024-10-11,,2026-01-01 00:00:00,system,2026-01-01 00:00:00,system
1742,729,18,SUP018-ILO-0729,Highpoint ToolGuard ISO VG 46 (55 L),6,11422.63,3.0,6,False,active,2025-08-10,,2026-01-01 00:00:00,system,2026-01-01 00:00:00,system
1743,730,10,SUP010-ILO-0730,Fieldmark MachLube ISO VG 46 (180 L),6,34569.28,2.0,6,True,active,2024-01-10,,2026-01-01 00:00:00,system,2026-01-01 00:00:00,system
1744,730,1,SUP001-ILO-0730,Fieldmark MachLube ISO VG 46 (180 L),6,30933.17,2.0,9,False,active,2025-10-31,,2026-01-01 00:00:00,system,2026-01-01 00:00:00,system
1745,730,20,SUP020-ILO-0730,Fieldmark MachLube ISO VG 46 (180 L),6,39275.33,2.0,27,False,active,2024-09-15,,2026-01-01 00:00:00,system,2026-01-01 00:00:00,system
1746,731,3,SUP003-ILO-0731,Northmark ToolCore ISO VG 68 (210 L),6,37761.05,1.0,12,False,active,2024-06-13,,2026-01-01 00:00:00,system,2026-01-01 00:00:00,system
1747,731,13,SUP013-ILO-0731,Northmark ToolCore ISO VG 68 (210 L),6,39898.08,1.0,6,True,active,2024-04-12,,2026-01-01 00:00:00,system,2026-01-01 00:00:00,system
1748,732,22,SUP022-ILO-0732,Ironcrest MachinePro ISO VG 68 (500 L),1,209.51,400.0,25,False,active,2024-04-18,,2026-01-01 00:00:00,system,2026-01-01 00:00:00,system
1749,732,17,SUP017-ILO-0732,Ironcrest MachinePro ISO VG 68 (500 L),1,197.19,600.0,12,False,active,2024-07-15,,2026-01-01 00:00:00,system,2026-01-01 00:00:00,system
1750,732,14,SUP014-ILO-0732,Ironcrest MachinePro ISO VG 68 (500 L),1,182.92,500.0,7,True,active,2025-04-25,,2026-01-01 00:00:00,system,2026-01-01 00:00:00,system
1751,733,17,SUP017-ILO-0733,Redstone ToolGuard ISO VG 68 (1000 L),1,189.13,1150.0,7,True,active,2024-08-16,,2026-01-01 00:00:00,system,2026-01-01 00:00:00,system
1752,734,20,SUP020-ILO-0734,Westmark MachLube ISO VG 68 (2000 L),1,212.44,2150.0,27,True,active,2025-02-20,,2026-01-01 00:00:00,system,2026-01-01 00:00:00,system
1753,735,14,SUP014-ILO-0735,Crestfield ToolCore ISO VG 32 (3 L),6,645.95,12.0,6,True,active,2024-12-28,,2026-01-01 00:00:00,system,2026-01-01 00:00:00,system
1754,735,7,SUP007-ILO-0735,Crestfield ToolCore ISO VG 32 (3 L),6,541.19,12.0,11,False,active,2025-07-16,,2026-01-01 00:00:00,system,2026-01-01 00:00:00,system
1755,735,12,SUP012-ILO-0735,Crestfield ToolCore ISO VG 32 (3 L),6,627.78,15.0,10,False,active,2024-09-03,,2026-01-01 00:00:00,system,2026-01-01 00:00:00,system
1756,736,13,SUP013-ILO-0736,Stonebridge MachinePro ISO VG 32 (5 L),6,1065.66,6.0,9,False,active,2024-08-01,,2026-01-01 00:00:00,system,2026-01-01 00:00:00,system
1757,736,7,SUP007-ILO-0736,Stonebridge MachinePro ISO VG 32 (5 L),6,913.07,6.0,10,True,active,2024-10-01,,2026-01-01 00:00:00,system,2026-01-01 00:00:00,system
1758,737,1,SUP001-ILO-0737,Ridgewell ToolGuard ISO VG 32 (10 L),6,1854.13,5.0,8,True,active,2025-07-10,,2026-01-01 00:00:00,system,2026-01-01 00:00:00,system
1759,738,18,SUP018-ILO-0738,Millbrook MachLube ISO VG 32 (15 L),6,3001.98,7.0,9,False,active,2025-10-13,,2026-01-01 00:00:00,system,2026-01-01 00:00:00,system
1760,738,4,SUP004-ILO-0738,Millbrook MachLube ISO VG 32 (15 L),6,2824.91,7.0,8,True,active,2024-07-01,,2026-01-01 00:00:00,system,2026-01-01 00:00:00,system
1761,739,12,SUP012-ILO-0739,Highpoint ToolCore ISO VG 46 (20 L),6,4234.15,7.0,8,False,inactive,2024-01-16,2025-03-20,2026-01-01 00:00:00,system,2026-01-01 00:00:00,system
1762,739,18,SUP018-ILO-0739,Highpoint ToolCore ISO VG 46 (20 L),6,4149.62,7.0,7,False,inactive,2024-01-12,2025-04-30,2026-01-01 00:00:00,system,2026-01-01 00:00:00,system
1763,740,12,SUP012-ILO-0740,Fieldmark MachinePro ISO VG 46 (25 L),6,4977.12,7.0,11,False,active,2025-07-12,,2026-01-01 00:00:00,system,2026-01-01 00:00:00,system
1764,740,9,SUP009-ILO-0740,Fieldmark MachinePro ISO VG 46 (25 L),6,5105.49,7.0,6,True,active,2024-04-15,,2026-01-01 00:00:00,system,2026-01-01 00:00:00,system
1765,741,4,SUP004-ILO-0741,Northmark ToolGuard ISO VG 46 (30 L),6,5778.01,6.0,6,True,active,2025-01-20,,2026-01-01 00:00:00,system,2026-01-01 00:00:00,system
1766,741,5,SUP005-ILO-0741,Northmark ToolGuard ISO VG 46 (30 L),6,5490.47,5.0,14,False,active,2024-07-12,,2026-01-01 00:00:00,system,2026-01-01 00:00:00,system
1767,741,1,SUP001-ILO-0741,Northmark ToolGuard ISO VG 46 (30 L),6,5971.87,7.0,7,False,active,2025-03-21,,2026-01-01 00:00:00,system,2026-01-01 00:00:00,system
1768,741,12,SUP012-ILO-0741,Northmark ToolGuard ISO VG 46 (30 L),6,6313.75,8.0,10,False,active,2024-12-18,,2026-01-01 00:00:00,system,2026-01-01 00:00:00,system
1769,742,12,SUP012-ILO-0742,Ironcrest MachLube ISO VG 46 (50 L),6,10256.39,2.0,8,False,active,2024-06-23,,2026-01-01 00:00:00,system,2026-01-01 00:00:00,system
1770,742,1,SUP001-ILO-0742,Ironcrest MachLube ISO VG 46 (50 L),6,9412.8,2.0,8,True,active,2024-01-03,,2026-01-01 00:00:00,system,2026-01-01 00:00:00,system
1771,742,5,SUP005-ILO-0742,Ironcrest MachLube ISO VG 46 (50 L),6,9531.61,2.0,13,False,active,2025-05-18,,2026-01-01 00:00:00,system,2026-01-01 00:00:00,system
1772,743,4,SUP004-ILO-0743,Redstone ToolCore ISO VG 68 (55 L),6,10700.11,2.0,8,False,active,2024-02-15,,2026-01-01 00:00:00,system,2026-01-01 00:00:00,system
1773,743,1,SUP001-ILO-0743,Redstone ToolCore ISO VG 68 (55 L),6,10879.65,2.0,10,True,active,2025-05-16,,2026-01-01 00:00:00,system,2026-01-01 00:00:00,system
1774,744,3,SUP003-ILO-0744,Westmark MachinePro ISO VG 68 (180 L),6,30701.27,2.0,12,False,active,2025-12-16,,2026-01-01 00:00:00,system,2026-01-01 00:00:00,system
1775,744,10,SUP010-ILO-0744,Westmark MachinePro ISO VG 68 (180 L),6,35874.06,2.0,7,False,active,2025-10-18,,2026-01-01 00:00:00,system,2026-01-01 00:00:00,system
1776,744,18,SUP018-ILO-0744,Westmark MachinePro ISO VG 68 (180 L),6,34559.76,3.0,6,True,active,2025-11-19,,2026-01-01 00:00:00,system,2026-01-01 00:00:00,system
1777,745,13,SUP013-ILO-0745,Crestfield ToolGuard ISO VG 68 (210 L),6,39864.11,1.0,7,True,active,2024-08-15,,2026-01-01 00:00:00,system,2026-01-01 00:00:00,system
1778,746,11,SUP011-ILO-0746,Stonebridge MachLube ISO VG 68 (500 L),1,187.13,500.0,6,False,inactive,2024-02-01,2025-05-19,2026-01-01 00:00:00,system,2026-01-01 00:00:00,system
1779,746,7,SUP007-ILO-0746,Stonebridge MachLube ISO VG 68 (500 L),1,172.32,500.0,12,False,inactive,2025-03-21,2025-09-01,2026-01-01 00:00:00,system,2026-01-01 00:00:00,system
1780,747,4,SUP004-ILO-0747,Ridgewell ToolCore ISO VG 32 (1000 L),1,164.79,1250.0,9,False,active,2025-12-16,,2026-01-01 00:00:00,system,2026-01-01 00:00:00,system
1781,747,9,SUP009-ILO-0747,Ridgewell ToolCore ISO VG 32 (1000 L),1,187.23,1200.0,5,True,active,2025-08-06,,2026-01-01 00:00:00,system,2026-01-01 00:00:00,system
1782,748,10,SUP010-ILO-0748,Millbrook MachinePro ISO VG 32 (2000 L),1,194.35,2050.0,9,False,active,2025-01-22,,2026-01-01 00:00:00,system,2026-01-01 00:00:00,system
1783,748,12,SUP012-ILO-0748,Millbrook MachinePro ISO VG 32 (2000 L),1,180.25,2600.0,10,True,active,2025-07-26,,2026-01-01 00:00:00,system,2026-01-01 00:00:00,system
1784,749,3,SUP003-ILO-0749,Highpoint ToolGuard ISO VG 32 (3 L),6,595.59,12.0,13,False,active,2025-08-29,,2026-01-01 00:00:00,system,2026-01-01 00:00:00,system
1785,749,8,SUP008-ILO-0749,Highpoint ToolGuard ISO VG 32 (3 L),6,563.96,13.0,10,True,active,2025-02-24,,2026-01-01 00:00:00,system,2026-01-01 00:00:00,system
1786,749,21,SUP021-ILO-0749,Highpoint ToolGuard ISO VG 32 (3 L),6,665.64,10.0,32,False,active,2024-04-02,,2026-01-01 00:00:00,system,2026-01-01 00:00:00,system
1787,750,10,SUP010-ILO-0750,Fieldmark MachLube ISO VG 32 (5 L),6,999.48,7.0,5,True,active,2025-06-30,,2026-01-01 00:00:00,system,2026-01-01 00:00:00,system
1788,750,14,SUP014-ILO-0750,Fieldmark MachLube ISO VG 32 (5 L),6,1074.21,7.0,7,False,active,2025-06-25,,2026-01-01 00:00:00,system,2026-01-01 00:00:00,system
1789,750,4,SUP004-ILO-0750,Fieldmark MachLube ISO VG 32 (5 L),6,953.04,6.0,9,False,active,2024-04-03,,2026-01-01 00:00:00,system,2026-01-01 00:00:00,system
1790,751,12,SUP012-HEF-0751,Northmark HydraCore ISO VG 32 (30 L),6,6731.5,7.0,9,True,active,2025-12-10,,2026-01-01 00:00:00,system,2026-01-01 00:00:00,system
1791,752,6,SUP006-HEF-0752,Ironcrest HydroForce ISO VG 32 (50 L),6,10673.52,2.0,10,False,active,2024-04-17,,2026-01-01 00:00:00,system,2026-01-01 00:00:00,system
1792,752,1,SUP001-HEF-0752,Ironcrest HydroForce ISO VG 32 (50 L),6,10424.64,2.0,9,True,active,2025-12-09,,2026-01-01 00:00:00,system,2026-01-01 00:00:00,system
1793,753,1,SUP001-HEF-0753,Redstone PowerHyd ISO VG 32 (55 L),6,11010.39,2.0,11,False,active,2024-04-15,,2026-01-01 00:00:00,system,2026-01-01 00:00:00,system
1794,753,7,SUP007-HEF-0753,Redstone PowerHyd ISO VG 32 (55 L),6,11923.11,2.0,13,True,active,2024-09-10,,2026-01-01 00:00:00,system,2026-01-01 00:00:00,system
1795,753,5,SUP005-HEF-0753,Redstone PowerHyd ISO VG 32 (55 L),6,10966.77,2.0,13,False,active,2024-03-28,,2026-01-01 00:00:00,system,2026-01-01 00:00:00,system
1796,754,3,SUP003-HEF-0754,Westmark HydraFlow ISO VG 32 (180 L),6,35356.49,2.0,10,False,active,2025-10-22,,2026-01-01 00:00:00,system,2026-01-01 00:00:00,system
1797,754,7,SUP007-HEF-0754,Westmark HydraFlow ISO VG 32 (180 L),6,35069.09,2.0,15,False,active,2024-06-19,,2026-01-01 00:00:00,system,2026-01-01 00:00:00,system
1798,754,13,SUP013-HEF-0754,Westmark HydraFlow ISO VG 32 (180 L),6,39837.11,3.0,8,True,active,2024-02-18,,2026-01-01 00:00:00,system,2026-01-01 00:00:00,system
1799,755,6,SUP006-HEF-0755,Crestfield HydraCore ISO VG 46 (210 L),6,43301.75,1.0,12,True,active,2025-12-11,,2026-01-01 00:00:00,system,2026-01-01 00:00:00,system
1800,755,3,SUP003-HEF-0755,Crestfield HydraCore ISO VG 46 (210 L),6,42165.24,1.0,14,False,active,2025-11-03,,2026-01-01 00:00:00,system,2026-01-01 00:00:00,system
1801,756,9,SUP009-HEF-0756,Stonebridge HydroForce ISO VG 46 (500 L),1,198.34,550.0,9,False,active,2025-02-12,,2026-01-01 00:00:00,system,2026-01-01 00:00:00,system
1802,756,13,SUP013-HEF-0756,Stonebridge HydroForce ISO VG 46 (500 L),1,204.37,600.0,7,False,active,2025-02-03,,2026-01-01 00:00:00,system,2026-01-01 00:00:00,system
1803,756,7,SUP007-HEF-0756,Stonebridge HydroForce ISO VG 46 (500 L),1,180.45,600.0,15,True,active,2024-10-25,,2026-01-01 00:00:00,system,2026-01-01 00:00:00,system
1804,757,3,SUP003-HEF-0757,Ridgewell PowerHyd ISO VG 46 (1000 L),1,196.92,1200.0,14,False,active,2025-08-08,,2026-01-01 00:00:00,system,2026-01-01 00:00:00,system
1805,757,1,SUP001-HEF-0757,Ridgewell PowerHyd ISO VG 46 (1000 L),1,190.71,1050.0,11,True,active,2025-03-31,,2026-01-01 00:00:00,system,2026-01-01 00:00:00,system
1806,758,13,SUP013-HEF-0758,Millbrook HydraFlow ISO VG 46 (2000 L),1,207.79,2700.0,6,True,active,2025-12-31,,2026-01-01 00:00:00,system,2026-01-01 00:00:00,system
1807,759,2,SUP002-HEF-0759,Highpoint HydraCore ISO VG 68 (3 L),6,603.19,11.0,14,False,active,2025-08-02,,2026-01-01 00:00:00,system,2026-01-01 00:00:00,system
1808,759,14,SUP014-HEF-0759,Highpoint HydraCore ISO VG 68 (3 L),6,645.73,16.0,6,True,active,2024-04-12,,2026-01-01 00:00:00,system,2026-01-01 00:00:00,system
1809,760,9,SUP009-HEF-0760,Fieldmark HydroForce ISO VG 68 (5 L),6,1110.7,7.0,9,True,active,2025-08-24,,2026-01-01 00:00:00,system,2026-01-01 00:00:00,system
1810,761,11,SUP011-HEF-0761,Northmark PowerHyd ISO VG 68 (10 L),6,2190.15,8.0,10,True,active,2025-12-29,,2026-01-01 00:00:00,system,2026-01-01 00:00:00,system
1811,762,6,SUP006-HEF-0762,Ironcrest HydraFlow ISO VG 68 (15 L),6,3154.23,5.0,10,False,active,2024-02-04,,2026-01-01 00:00:00,system,2026-01-01 00:00:00,system
1812,762,11,SUP011-HEF-0762,Ironcrest HydraFlow ISO VG 68 (15 L),6,3260.16,8.0,9,True,active,2024-04-13,,2026-01-01 00:00:00,system,2026-01-01 00:00:00,system
1813,763,9,SUP009-HEF-0763,Redstone HydraCore ISO VG 32 (20 L),6,4437.22,7.0,9,False,active,2024-05-09,,2026-01-01 00:00:00,system,2026-01-01 00:00:00,system
1814,763,13,SUP013-HEF-0763,Redstone HydraCore ISO VG 32 (20 L),6,4629.71,8.0,4,False,active,2024-02-07,,2026-01-01 00:00:00,system,2026-01-01 00:00:00,system
1815,763,2,SUP002-HEF-0763,Redstone HydraCore ISO VG 32 (20 L),6,4175.98,6.0,9,True,active,2024-05-10,,2026-01-01 00:00:00,system,2026-01-01 00:00:00,system
1816,763,17,SUP017-HEF-0763,Redstone HydraCore ISO VG 32 (20 L),6,4494.93,9.0,9,False,active,2024-02-26,,2026-01-01 00:00:00,system,2026-01-01 00:00:00,system
1817,764,11,SUP011-HEF-0764,Westmark HydroForce ISO VG 32 (25 L),6,5826.88,7.0,7,False,active,2025-05-30,,2026-01-01 00:00:00,system,2026-01-01 00:00:00,system
1818,764,6,SUP006-HEF-0764,Westmark HydroForce ISO VG 32 (25 L),6,4951.91,6.0,9,True,active,2024-06-25,,2026-01-01 00:00:00,system,2026-01-01 00:00:00,system
1819,765,11,SUP011-HEF-0765,Crestfield PowerHyd ISO VG 32 (30 L),6,6964.86,6.0,7,True,active,2025-03-12,,2026-01-01 00:00:00,system,2026-01-01 00:00:00,system
1820,765,1,SUP001-HEF-0765,Crestfield PowerHyd ISO VG 32 (30 L),6,6205.04,7.0,6,False,active,2024-06-03,,2026-01-01 00:00:00,system,2026-01-01 00:00:00,system
1821,766,6,SUP006-HEF-0766,Stonebridge HydraFlow ISO VG 32 (50 L),6,10602.53,2.0,10,True,active,2025-01-18,,2026-01-01 00:00:00,system,2026-01-01 00:00:00,system
1822,766,23,SUP023-HEF-0766,Stonebridge HydraFlow ISO VG 32 (50 L),6,9666.82,2.0,12,False,active,2025-06-23,,2026-01-01 00:00:00,system,2026-01-01 00:00:00,system
1823,767,6,SUP006-HEF-0767,Ridgewell HydraCore ISO VG 46 (55 L),6,11230.78,2.0,12,True,active,2025-05-10,,2026-01-01 00:00:00,system,2026-01-01 00:00:00,system
1824,768,1,SUP001-HEF-0768,Millbrook HydroForce ISO VG 46 (180 L),6,37320.64,2.0,7,True,active,2024-03-21,,2026-01-01 00:00:00,system,2026-01-01 00:00:00,system
1825,769,15,SUP015-HEF-0769,Highpoint PowerHyd ISO VG 46 (210 L),6,45589.52,1.0,11,False,active,2025-05-26,,2026-01-01 00:00:00,system,2026-01-01 00:00:00,system
1826,769,16,SUP016-HEF-0769,Highpoint PowerHyd ISO VG 46 (210 L),6,49055.67,1.0,7,False,active,2025-04-26,,2026-01-01 00:00:00,system,2026-01-01 00:00:00,system
1827,769,1,SUP001-HEF-0769,Highpoint PowerHyd ISO VG 46 (210 L),6,43794.72,1.0,10,False,active,2024-03-28,,2026-01-01 00:00:00,system,2026-01-01 00:00:00,system
1828,769,4,SUP004-HEF-0769,Highpoint PowerHyd ISO VG 46 (210 L),6,42446.46,1.0,6,True,active,2024-02-10,,2026-01-01 00:00:00,system,2026-01-01 00:00:00,system
1829,770,11,SUP011-HEF-0770,Fieldmark HydraFlow ISO VG 46 (500 L),1,196.51,700.0,7,True,active,2024-07-01,,2026-01-01 00:00:00,system,2026-01-01 00:00:00,system
1830,770,14,SUP014-HEF-0770,Fieldmark HydraFlow ISO VG 46 (500 L),1,212.47,650.0,6,False,active,2025-03-22,,2026-01-01 00:00:00,system,2026-01-01 00:00:00,system
1831,771,7,SUP007-HEF-0771,Northmark HydraCore ISO VG 68 (1000 L),1,194.42,1000.0,16,False,active,2025-07-01,,2026-01-01 00:00:00,system,2026-01-01 00:00:00,system
1832,771,5,SUP005-HEF-0771,Northmark HydraCore ISO VG 68 (1000 L),1,189.41,1150.0,14,False,active,2025-10-29,,2026-01-01 00:00:00,system,2026-01-01 00:00:00,system
1833,771,13,SUP013-HEF-0771,Northmark HydraCore ISO VG 68 (1000 L),1,210.67,1350.0,8,True,active,2024-02-23,,2026-01-01 00:00:00,system,2026-01-01 00:00:00,system
1834,772,4,SUP004-HEF-0772,Ironcrest HydroForce ISO VG 68 (2000 L),1,182.84,2100.0,9,True,active,2024-08-31,,2026-01-01 00:00:00,system,2026-01-01 00:00:00,system
1835,773,8,SUP008-HEF-0773,Redstone PowerHyd ISO VG 68 (3 L),6,648.24,14.0,12,False,inactive,2024-06-15,2025-03-14,2026-01-01 00:00:00,system,2026-01-01 00:00:00,system
1836,773,7,SUP007-HEF-0773,Redstone PowerHyd ISO VG 68 (3 L),6,620.89,13.0,13,False,inactive,2025-01-14,2025-08-06,2026-01-01 00:00:00,system,2026-01-01 00:00:00,system
1837,774,8,SUP008-HEF-0774,Westmark HydraFlow ISO VG 68 (5 L),6,1051.11,7.0,12,False,inactive,2024-06-27,2025-03-20,2026-01-01 00:00:00,system,2026-01-01 00:00:00,system
1838,774,18,SUP018-HEF-0774,Westmark HydraFlow ISO VG 68 (5 L),6,1238.07,7.0,4,False,inactive,2024-01-05,2025-03-12,2026-01-01 00:00:00,system,2026-01-01 00:00:00,system
1839,775,12,SUP012-HEF-0775,Crestfield HydraCore ISO VG 32 (10 L),6,2384.67,7.0,10,False,active,2024-01-19,,2026-01-01 00:00:00,system,2026-01-01 00:00:00,system
1840,775,4,SUP004-HEF-0775,Crestfield HydraCore ISO VG 32 (10 L),6,2140.85,6.0,5,True,active,2024-11-17,,2026-01-01 00:00:00,system,2026-01-01 00:00:00,system
1841,776,18,SUP018-HEF-0776,Stonebridge HydroForce ISO VG 32 (15 L),6,3634.74,7.0,6,True,active,2024-06-08,,2026-01-01 00:00:00,system,2026-01-01 00:00:00,system
1842,776,7,SUP007-HEF-0776,Stonebridge HydroForce ISO VG 32 (15 L),6,3109.55,6.0,15,False,active,2024-02-02,,2026-01-01 00:00:00,system,2026-01-01 00:00:00,system
1843,777,23,SUP023-HEF-0777,Ridgewell PowerHyd ISO VG 32 (20 L),6,4161.78,5.0,13,False,active,2025-08-03,,2026-01-01 00:00:00,system,2026-01-01 00:00:00,system
1844,777,4,SUP004-HEF-0777,Ridgewell PowerHyd ISO VG 32 (20 L),6,4175.07,6.0,9,True,active,2025-12-11,,2026-01-01 00:00:00,system,2026-01-01 00:00:00,system
1845,777,13,SUP013-HEF-0777,Ridgewell PowerHyd ISO VG 32 (20 L),6,4695.27,8.0,8,False,active,2024-10-28,,2026-01-01 00:00:00,system,2026-01-01 00:00:00,system
1846,778,10,SUP010-HEF-0778,Millbrook HydraFlow ISO VG 32 (25 L),6,5647.33,7.0,8,False,active,2024-03-04,,2026-01-01 00:00:00,system,2026-01-01 00:00:00,system
1847,778,3,SUP003-HEF-0778,Millbrook HydraFlow ISO VG 32 (25 L),6,5141.43,6.0,8,True,active,2025-06-05,,2026-01-01 00:00:00,system,2026-01-01 00:00:00,system
1848,779,3,SUP003-HEF-0779,Highpoint HydraCore ISO VG 46 (30 L),6,6482.25,6.0,9,True,active,2025-04-15,,2026-01-01 00:00:00,system,2026-01-01 00:00:00,system
1849,779,8,SUP008-HEF-0779,Highpoint HydraCore ISO VG 46 (30 L),6,5962.36,7.0,14,False,active,2024-06-15,,2026-01-01 00:00:00,system,2026-01-01 00:00:00,system
1850,779,1,SUP001-HEF-0779,Highpoint HydraCore ISO VG 46 (30 L),6,6326.51,5.0,11,False,active,2024-04-08,,2026-01-01 00:00:00,system,2026-01-01 00:00:00,system
1851,780,11,SUP011-HEF-0780,Fieldmark HydroForce ISO VG 46 (50 L),6,11297.89,3.0,10,False,active,2024-03-28,,2026-01-01 00:00:00,system,2026-01-01 00:00:00,system
1852,780,9,SUP009-HEF-0780,Fieldmark HydroForce ISO VG 46 (50 L),6,11151.09,2.0,8,False,active,2024-12-05,,2026-01-01 00:00:00,system,2026-01-01 00:00:00,system
1853,780,1,SUP001-HEF-0780,Fieldmark HydroForce ISO VG 46 (50 L),6,10855.3,2.0,7,True,active,2025-09-21,,2026-01-01 00:00:00,system,2026-01-01 00:00:00,system
1854,781,11,SUP011-HEF-0781,Northmark PowerHyd ISO VG 46 (55 L),6,13025.62,2.0,10,False,active,2025-05-17,,2026-01-01 00:00:00,system,2026-01-01 00:00:00,system
1855,781,8,SUP008-HEF-0781,Northmark PowerHyd ISO VG 46 (55 L),6,11540.9,2.0,13,False,active,2024-01-23,,2026-01-01 00:00:00,system,2026-01-01 00:00:00,system
1856,781,1,SUP001-HEF-0781,Northmark PowerHyd ISO VG 46 (55 L),6,11350.32,2.0,8,True,active,2024-10-08,,2026-01-01 00:00:00,system,2026-01-01 00:00:00,system
1857,782,9,SUP009-HEF-0782,Ironcrest HydraFlow ISO VG 46 (180 L),6,40690.91,2.0,7,False,inactive,2024-07-11,2025-06-07,2026-01-01 00:00:00,system,2026-01-01 00:00:00,system
1858,782,3,SUP003-HEF-0782,Ironcrest HydraFlow ISO VG 46 (180 L),6,35992.59,2.0,13,False,inactive,2025-06-29,2025-11-22,2026-01-01 00:00:00,system,2026-01-01 00:00:00,system
1859,782,14,SUP014-HEF-0782,Ironcrest HydraFlow ISO VG 46 (180 L),6,38336.3,3.0,5,False,inactive,2024-06-04,2025-01-11,2026-01-01 00:00:00,system,2026-01-01 00:00:00,system
1860,783,12,SUP012-HEF-0783,Redstone HydraCore ISO VG 68 (210 L),6,43660.45,1.0,11,True,active,2024-02-17,,2026-01-01 00:00:00,system,2026-01-01 00:00:00,system
1861,784,15,SUP015-HEF-0784,Westmark HydroForce ISO VG 68 (500 L),1,220.12,650.0,7,False,active,2024-11-13,,2026-01-01 00:00:00,system,2026-01-01 00:00:00,system
1862,784,4,SUP004-HEF-0784,Westmark HydroForce ISO VG 68 (500 L),1,190.98,450.0,7,True,active,2024-08-11,,2026-01-01 00:00:00,system,2026-01-01 00:00:00,system
1863,785,1,SUP001-HEF-0785,Crestfield PowerHyd ISO VG 68 (1000 L),1,194.02,1100.0,10,True,active,2025-09-23,,2026-01-01 00:00:00,system,2026-01-01 00:00:00,system
1864,785,18,SUP018-HEF-0785,Crestfield PowerHyd ISO VG 68 (1000 L),1,207.69,1250.0,6,False,active,2024-03-19,,2026-01-01 00:00:00,system,2026-01-01 00:00:00,system
1865,785,8,SUP008-HEF-0785,Crestfield PowerHyd ISO VG 68 (1000 L),1,188.17,950.0,14,False,active,2025-11-10,,2026-01-01 00:00:00,system,2026-01-01 00:00:00,system
1866,786,4,SUP004-HEF-0786,Stonebridge HydraFlow ISO VG 68 (2000 L),1,199.8,1650.0,11,False,inactive,2024-04-17,2025-02-11,2026-01-01 00:00:00,system,2026-01-01 00:00:00,system
1867,786,9,SUP009-HEF-0786,Stonebridge HydraFlow ISO VG 68 (2000 L),1,208.56,2150.0,5,False,inactive,2024-04-07,2025-07-29,2026-01-01 00:00:00,system,2026-01-01 00:00:00,system
1868,786,18,SUP018-HEF-0786,Stonebridge HydraFlow ISO VG 68 (2000 L),1,209.09,2500.0,10,False,inactive,2024-06-02,2025-03-13,2026-01-01 00:00:00,system,2026-01-01 00:00:00,system
1869,786,7,SUP007-HEF-0786,Stonebridge HydraFlow ISO VG 68 (2000 L),1,193.02,2000.0,14,False,inactive,2025-01-29,2025-06-07,2026-01-01 00:00:00,system,2026-01-01 00:00:00,system
1870,787,13,SUP013-HEF-0787,Ridgewell HydraCore ISO VG 32 (3 L),6,695.86,13.0,7,True,active,2024-10-29,,2026-01-01 00:00:00,system,2026-01-01 00:00:00,system
1871,788,4,SUP004-HEF-0788,Millbrook HydroForce ISO VG 32 (5 L),6,1050.14,7.0,9,False,active,2024-06-21,,2026-01-01 00:00:00,system,2026-01-01 00:00:00,system
1872,788,14,SUP014-HEF-0788,Millbrook HydroForce ISO VG 32 (5 L),6,1147.8,8.0,6,True,active,2024-12-11,,2026-01-01 00:00:00,system,2026-01-01 00:00:00,system
1873,789,10,SUP010-HEF-0789,Highpoint PowerHyd ISO VG 32 (10 L),6,2203.41,7.0,3,False,active,2024-01-11,,2026-01-01 00:00:00,system,2026-01-01 00:00:00,system
1874,789,4,SUP004-HEF-0789,Highpoint PowerHyd ISO VG 32 (10 L),6,2113.26,6.0,9,False,active,2024-01-02,,2026-01-01 00:00:00,system,2026-01-01 00:00:00,system
1875,789,21,SUP021-HEF-0789,Highpoint PowerHyd ISO VG 32 (10 L),6,2493.92,6.0,32,False,active,2024-11-13,,2026-01-01 00:00:00,system,2026-01-01 00:00:00,system
1876,789,14,SUP014-HEF-0789,Highpoint PowerHyd ISO VG 32 (10 L),6,2336.28,6.0,8,True,active,2025-01-26,,2026-01-01 00:00:00,system,2026-01-01 00:00:00,system
1877,790,1,SUP001-HEF-0790,Fieldmark HydraFlow ISO VG 32 (15 L),6,3001.61,5.0,11,False,active,2024-05-17,,2026-01-01 00:00:00,system,2026-01-01 00:00:00,system
1878,790,4,SUP004-HEF-0790,Fieldmark HydraFlow ISO VG 32 (15 L),6,3129.51,6.0,8,True,active,2024-08-23,,2026-01-01 00:00:00,system,2026-01-01 00:00:00,system
1879,791,11,SUP011-HEF-0791,Northmark HydraCore ISO VG 46 (20 L),6,4663.34,6.0,7,True,active,2024-09-30,,2026-01-01 00:00:00,system,2026-01-01 00:00:00,system
1880,791,4,SUP004-HEF-0791,Northmark HydraCore ISO VG 46 (20 L),6,4214.64,7.0,10,False,active,2025-01-14,,2026-01-01 00:00:00,system,2026-01-01 00:00:00,system
1881,792,18,SUP018-HEF-0792,Ironcrest HydroForce ISO VG 46 (25 L),6,5740.41,8.0,8,True,active,2024-07-22,,2026-01-01 00:00:00,system,2026-01-01 00:00:00,system
1882,792,22,SUP022-HEF-0792,Ironcrest HydroForce ISO VG 46 (25 L),6,6290.78,6.0,21,False,active,2024-06-04,,2026-01-01 00:00:00,system,2026-01-01 00:00:00,system
1883,793,13,SUP013-HEF-0793,Redstone PowerHyd ISO VG 46 (30 L),6,6708.86,7.0,8,False,active,2025-01-12,,2026-01-01 00:00:00,system,2026-01-01 00:00:00,system
1884,793,17,SUP017-HEF-0793,Redstone PowerHyd ISO VG 46 (30 L),6,7103.03,7.0,10,False,active,2024-01-18,,2026-01-01 00:00:00,system,2026-01-01 00:00:00,system
1885,793,9,SUP009-HEF-0793,Redstone PowerHyd ISO VG 46 (30 L),6,6509.67,7.0,7,True,active,2024-05-10,,2026-01-01 00:00:00,system,2026-01-01 00:00:00,system
1886,793,8,SUP008-HEF-0793,Redstone PowerHyd ISO VG 46 (30 L),6,6452.36,7.0,10,False,active,2024-06-25,,2026-01-01 00:00:00,system,2026-01-01 00:00:00,system
1887,794,1,SUP001-HEF-0794,Westmark HydraFlow ISO VG 46 (50 L),6,10549.6,2.0,9,True,active,2024-11-17,,2026-01-01 00:00:00,system,2026-01-01 00:00:00,system
1888,794,8,SUP008-HEF-0794,Westmark HydraFlow ISO VG 46 (50 L),6,10524.89,2.0,11,False,active,2024-06-16,,2026-01-01 00:00:00,system,2026-01-01 00:00:00,system
1889,795,16,SUP016-HEF-0795,Crestfield HydraCore ISO VG 68 (55 L),6,12257.18,2.0,5,False,inactive,2024-06-22,2025-09-22,2026-01-01 00:00:00,system,2026-01-01 00:00:00,system
1890,796,12,SUP012-HEF-0796,Stonebridge HydroForce ISO VG 68 (180 L),6,38904.86,2.0,7,False,inactive,2025-02-15,2025-04-16,2026-01-01 00:00:00,system,2026-01-01 00:00:00,system
1891,796,18,SUP018-HEF-0796,Stonebridge HydroForce ISO VG 68 (180 L),6,41342.78,3.0,5,False,inactive,2024-03-06,2025-05-16,2026-01-01 00:00:00,system,2026-01-01 00:00:00,system
1892,796,13,SUP013-HEF-0796,Stonebridge HydroForce ISO VG 68 (180 L),6,39272.99,2.0,8,False,inactive,2024-01-12,2025-04-22,2026-01-01 00:00:00,system,2026-01-01 00:00:00,system
1893,797,13,SUP013-HEF-0797,Ridgewell PowerHyd ISO VG 68 (210 L),6,45548.51,1.0,7,False,inactive,2023-10-21,2025-02-19,2026-01-01 00:00:00,system,2026-01-01 00:00:00,system
1894,798,12,SUP012-HEF-0798,Millbrook HydraFlow ISO VG 68 (500 L),1,199.36,650.0,9,False,active,2025-09-04,,2026-01-01 00:00:00,system,2026-01-01 00:00:00,system
1895,798,15,SUP015-HEF-0798,Millbrook HydraFlow ISO VG 68 (500 L),1,210.15,750.0,6,True,active,2024-12-23,,2026-01-01 00:00:00,system,2026-01-01 00:00:00,system
1896,799,6,SUP006-HEF-0799,Highpoint HydraCore ISO VG 32 (1000 L),1,191.87,850.0,8,True,active,2024-02-11,,2026-01-01 00:00:00,system,2026-01-01 00:00:00,system
1897,800,10,SUP010-HEF-0800,Fieldmark HydroForce ISO VG 32 (2000 L),1,206.51,2750.0,9,True,active,2025-12-30,,2026-01-01 00:00:00,system,2026-01-01 00:00:00,system
1898,801,13,SUP013-HEF-0801,Northmark HydraShift UTTO 10W-30 (55 L),6,12707.27,3.0,7,True,active,2025-07-17,,2026-01-01 00:00:00,system,2026-01-01 00:00:00,system
1899,801,8,SUP008-HEF-0801,Northmark HydraShift UTTO 10W-30 (55 L),6,11135.11,2.0,9,False,active,2024-06-20,,2026-01-01 00:00:00,system,2026-01-01 00:00:00,system
1900,802,8,SUP008-HEF-0802,Ironcrest TransHyd UTTO 10W-30 (180 L),6,36530.96,2.0,14,True,active,2025-03-05,,2026-01-01 00:00:00,system,2026-01-01 00:00:00,system
1901,803,9,SUP009-HEF-0803,Redstone PowerUTTO UTTO 10W-30 (210 L),6,46988.75,1.0,8,True,active,2024-06-07,,2026-01-01 00:00:00,system,2026-01-01 00:00:00,system
1902,803,5,SUP005-HEF-0803,Redstone PowerUTTO UTTO 10W-30 (210 L),6,43420.85,1.0,14,False,active,2025-12-16,,2026-01-01 00:00:00,system,2026-01-01 00:00:00,system
1903,804,4,SUP004-HEF-0804,Westmark HydroDrive UTTO 10W-30 (500 L),1,199.74,600.0,10,False,active,2025-05-23,,2026-01-01 00:00:00,system,2026-01-01 00:00:00,system
1904,804,18,SUP018-HEF-0804,Westmark HydroDrive UTTO 10W-30 (500 L),1,201.49,500.0,8,True,active,2024-11-15,,2026-01-01 00:00:00,system,2026-01-01 00:00:00,system
1905,805,5,SUP005-HEF-0805,Crestfield HydraShift UTTO 20W-30 (1000 L),1,181.71,950.0,16,False,active,2024-08-04,,2026-01-01 00:00:00,system,2026-01-01 00:00:00,system
1906,805,2,SUP002-HEF-0805,Crestfield HydraShift UTTO 20W-30 (1000 L),1,200.04,900.0,11,False,active,2024-06-07,,2026-01-01 00:00:00,system,2026-01-01 00:00:00,system
1907,805,6,SUP006-HEF-0805,Crestfield HydraShift UTTO 20W-30 (1000 L),1,188.87,1100.0,8,True,active,2024-10-27,,2026-01-01 00:00:00,system,2026-01-01 00:00:00,system
1908,806,14,SUP014-HEF-0806,Stonebridge TransHyd UTTO 20W-30 (2000 L),1,210.6,2200.0,4,True,active,2024-11-22,,2026-01-01 00:00:00,system,2026-01-01 00:00:00,system
1909,806,2,SUP002-HEF-0806,Stonebridge TransHyd UTTO 20W-30 (2000 L),1,188.33,2350.0,12,False,active,2024-10-09,,2026-01-01 00:00:00,system,2026-01-01 00:00:00,system
1910,806,22,SUP022-HEF-0806,Stonebridge TransHyd UTTO 20W-30 (2000 L),1,219.82,1600.0,23,False,active,2025-01-18,,2026-01-01 00:00:00,system,2026-01-01 00:00:00,system
1911,806,20,SUP020-HEF-0806,Stonebridge TransHyd UTTO 20W-30 (2000 L),1,223.46,1850.0,24,False,active,2025-06-25,,2026-01-01 00:00:00,system,2026-01-01 00:00:00,system
1912,807,4,SUP004-HEF-0807,Ridgewell PowerUTTO UTTO 20W-30 (3 L),6,638.76,10.0,7,True,active,2024-08-02,,2026-01-01 00:00:00,system,2026-01-01 00:00:00,system
1913,807,18,SUP018-HEF-0807,Ridgewell PowerUTTO UTTO 20W-30 (3 L),6,719.77,13.0,5,False,active,2024-03-10,,2026-01-01 00:00:00,system,2026-01-01 00:00:00,system
1914,807,21,SUP021-HEF-0807,Ridgewell PowerUTTO UTTO 20W-30 (3 L),6,745.47,12.0,28,False,active,2025-06-14,,2026-01-01 00:00:00,system,2026-01-01 00:00:00,system
1915,807,9,SUP009-HEF-0807,Ridgewell PowerUTTO UTTO 20W-30 (3 L),6,710.1,16.0,8,False,active,2024-08-05,,2026-01-01 00:00:00,system,2026-01-01 00:00:00,system
1916,808,23,SUP023-HEF-0808,Millbrook HydroDrive UTTO 20W-30 (5 L),6,980.69,5.0,12,False,active,2024-08-03,,2026-01-01 00:00:00,system,2026-01-01 00:00:00,system
1917,808,15,SUP015-HEF-0808,Millbrook HydroDrive UTTO 20W-30 (5 L),6,1204.75,8.0,5,False,active,2024-10-09,,2026-01-01 00:00:00,system,2026-01-01 00:00:00,system
1918,808,10,SUP010-HEF-0808,Millbrook HydroDrive UTTO 20W-30 (5 L),6,1163.99,6.0,4,True,active,2024-07-23,,2026-01-01 00:00:00,system,2026-01-01 00:00:00,system
1919,809,17,SUP017-HEF-0809,Highpoint HydraShift UTTO 20W-40 (10 L),6,2457.18,9.0,6,True,active,2024-06-01,,2026-01-01 00:00:00,system,2026-01-01 00:00:00,system
1920,810,4,SUP004-HEF-0810,Fieldmark TransHyd UTTO 20W-40 (15 L),6,3238.28,7.0,7,False,inactive,2024-12-31,2025-10-27,2026-01-01 00:00:00,system,2026-01-01 00:00:00,system
1921,810,7,SUP007-HEF-0810,Fieldmark TransHyd UTTO 20W-40 (15 L),6,3116.41,6.0,11,False,inactive,2024-02-16,2025-02-18,2026-01-01 00:00:00,system,2026-01-01 00:00:00,system
1922,810,6,SUP006-HEF-0810,Fieldmark TransHyd UTTO 20W-40 (15 L),6,3300.31,5.0,12,False,inactive,2024-05-21,2025-04-07,2026-01-01 00:00:00,system,2026-01-01 00:00:00,system
1923,811,23,SUP023-HEF-0811,Northmark PowerUTTO UTTO 20W-40 (20 L),6,4039.88,6.0,16,False,active,2024-02-25,,2026-01-01 00:00:00,system,2026-01-01 00:00:00,system
1924,811,2,SUP002-HEF-0811,Northmark PowerUTTO UTTO 20W-40 (20 L),6,4171.15,6.0,14,True,active,2024-05-06,,2026-01-01 00:00:00,system,2026-01-01 00:00:00,system
1925,811,14,SUP014-HEF-0811,Northmark PowerUTTO UTTO 20W-40 (20 L),6,4657.59,6.0,8,False,active,2024-04-04,,2026-01-01 00:00:00,system,2026-01-01 00:00:00,system
1926,812,4,SUP004-HEF-0812,Ironcrest HydroDrive UTTO 20W-40 (25 L),6,5219.04,6.0,9,True,active,2024-02-14,,2026-01-01 00:00:00,system,2026-01-01 00:00:00,system
1927,812,23,SUP023-HEF-0812,Ironcrest HydroDrive UTTO 20W-40 (25 L),6,5080.07,5.0,12,False,active,2024-06-23,,2026-01-01 00:00:00,system,2026-01-01 00:00:00,system
1928,812,5,SUP005-HEF-0812,Ironcrest HydroDrive UTTO 20W-40 (25 L),6,5333.71,7.0,13,False,active,2025-01-28,,2026-01-01 00:00:00,system,2026-01-01 00:00:00,system
1929,812,9,SUP009-HEF-0812,Ironcrest HydroDrive UTTO 20W-40 (25 L),6,5817.8,7.0,9,False,active,2025-02-08,,2026-01-01 00:00:00,system,2026-01-01 00:00:00,system
1930,813,11,SUP011-HEF-0813,Redstone HydraShift UTTO 10W-30 (30 L),6,6752.51,7.0,5,False,inactive,2025-04-06,2025-08-23,2026-01-01 00:00:00,system,2026-01-01 00:00:00,system
1931,813,21,SUP021-HEF-0813,Redstone HydraShift UTTO 10W-30 (30 L),6,7076.54,5.0,31,False,inactive,2023-09-20,2025-03-09,2026-01-01 00:00:00,system,2026-01-01 00:00:00,system
1932,813,2,SUP002-HEF-0813,Redstone HydraShift UTTO 10W-30 (30 L),6,6338.39,7.0,10,False,inactive,2024-04-27,2025-05-28,2026-01-01 00:00:00,system,2026-01-01 00:00:00,system
1933,813,5,SUP005-HEF-0813,Redstone HydraShift UTTO 10W-30 (30 L),6,6496.8,6.0,11,False,inactive,2024-10-29,2025-05-15,2026-01-01 00:00:00,system,2026-01-01 00:00:00,system
1934,814,7,SUP007-HEF-0814,Westmark TransHyd UTTO 10W-30 (50 L),6,10557.1,2.0,14,False,active,2025-12-27,,2026-01-01 00:00:00,system,2026-01-01 00:00:00,system
1935,814,11,SUP011-HEF-0814,Westmark TransHyd UTTO 10W-30 (50 L),6,11060.76,2.0,8,True,active,2024-06-22,,2026-01-01 00:00:00,system,2026-01-01 00:00:00,system
1936,815,3,SUP003-HEF-0815,Crestfield PowerUTTO UTTO 10W-30 (55 L),6,11910.49,2.0,10,False,inactive,2024-06-03,2025-01-05,2026-01-01 00:00:00,system,2026-01-01 00:00:00,system
1937,815,7,SUP007-HEF-0815,Crestfield PowerUTTO UTTO 10W-30 (55 L),6,11843.02,2.0,12,False,inactive,2023-09-01,2025-02-07,2026-01-01 00:00:00,system,2026-01-01 00:00:00,system
1938,815,6,SUP006-HEF-0815,Crestfield PowerUTTO UTTO 10W-30 (55 L),6,11140.19,2.0,8,False,inactive,2024-12-11,2025-07-11,2026-01-01 00:00:00,system,2026-01-01 00:00:00,system
1939,815,1,SUP001-HEF-0815,Crestfield PowerUTTO UTTO 10W-30 (55 L),6,11582.82,2.0,6,False,inactive,2024-12-18,2025-12-07,2026-01-01 00:00:00,system,2026-01-01 00:00:00,system
1940,816,4,SUP004-HEF-0816,Stonebridge HydroDrive UTTO 10W-30 (180 L),6,33883.06,2.0,8,True,active,2024-02-11,,2026-01-01 00:00:00,system,2026-01-01 00:00:00,system
1941,817,2,SUP002-HEF-0817,Ridgewell HydraShift UTTO 20W-30 (210 L),6,39770.18,1.0,10,False,active,2025-01-01,,2026-01-01 00:00:00,system,2026-01-01 00:00:00,system
1942,817,21,SUP021-HEF-0817,Ridgewell HydraShift UTTO 20W-30 (210 L),6,49899.35,1.0,32,False,active,2024-01-15,,2026-01-01 00:00:00,system,2026-01-01 00:00:00,system
1943,817,6,SUP006-HEF-0817,Ridgewell HydraShift UTTO 20W-30 (210 L),6,40457.19,1.0,12,True,active,2024-06-06,,2026-01-01 00:00:00,system,2026-01-01 00:00:00,system
1944,818,5,SUP005-HEF-0818,Millbrook TransHyd UTTO 20W-30 (500 L),1,182.67,600.0,14,False,inactive,2024-09-30,2025-11-01,2026-01-01 00:00:00,system,2026-01-01 00:00:00,system
1945,818,6,SUP006-HEF-0818,Millbrook TransHyd UTTO 20W-30 (500 L),1,190.59,400.0,11,False,inactive,2024-08-04,2025-08-29,2026-01-01 00:00:00,system,2026-01-01 00:00:00,system
1946,818,11,SUP011-HEF-0818,Millbrook TransHyd UTTO 20W-30 (500 L),1,216.94,700.0,10,False,inactive,2023-11-15,2025-03-20,2026-01-01 00:00:00,system,2026-01-01 00:00:00,system
1947,818,7,SUP007-HEF-0818,Millbrook TransHyd UTTO 20W-30 (500 L),1,183.62,500.0,16,False,inactive,2024-11-24,2025-08-15,2026-01-01 00:00:00,system,2026-01-01 00:00:00,system
1948,819,11,SUP011-HEF-0819,Highpoint PowerUTTO UTTO 20W-30 (1000 L),1,202.69,1000.0,6,True,active,2025-02-13,,2026-01-01 00:00:00,system,2026-01-01 00:00:00,system
1949,819,8,SUP008-HEF-0819,Highpoint PowerUTTO UTTO 20W-30 (1000 L),1,181.4,1150.0,12,False,active,2025-04-02,,2026-01-01 00:00:00,system,2026-01-01 00:00:00,system
1950,820,9,SUP009-HEF-0820,Fieldmark HydroDrive UTTO 20W-30 (2000 L),1,210.52,2550.0,6,True,active,2024-05-26,,2026-01-01 00:00:00,system,2026-01-01 00:00:00,system
1951,820,2,SUP002-HEF-0820,Fieldmark HydroDrive UTTO 20W-30 (2000 L),1,197.17,1800.0,13,False,active,2025-10-11,,2026-01-01 00:00:00,system,2026-01-01 00:00:00,system
1952,820,18,SUP018-HEF-0820,Fieldmark HydroDrive UTTO 20W-30 (2000 L),1,201.81,2050.0,7,False,active,2024-08-07,,2026-01-01 00:00:00,system,2026-01-01 00:00:00,system
1953,821,3,SUP003-HEF-0821,Northmark HydraShift UTTO 20W-40 (3 L),6,623.41,14.0,9,False,active,2025-07-24,,2026-01-01 00:00:00,system,2026-01-01 00:00:00,system
1954,821,11,SUP011-HEF-0821,Northmark HydraShift UTTO 20W-40 (3 L),6,690.16,13.0,8,True,active,2024-06-05,,2026-01-01 00:00:00,system,2026-01-01 00:00:00,system
1955,822,3,SUP003-HEF-0822,Ironcrest TransHyd UTTO 20W-40 (5 L),6,1090.74,6.0,9,False,active,2025-10-24,,2026-01-01 00:00:00,system,2026-01-01 00:00:00,system
1956,822,9,SUP009-HEF-0822,Ironcrest TransHyd UTTO 20W-40 (5 L),6,1135.16,7.0,4,True,active,2025-06-16,,2026-01-01 00:00:00,system,2026-01-01 00:00:00,system
1957,823,17,SUP017-HEF-0823,Redstone PowerUTTO UTTO 20W-40 (10 L),6,2389.12,8.0,6,False,active,2024-11-04,,2026-01-01 00:00:00,system,2026-01-01 00:00:00,system
1958,823,6,SUP006-HEF-0823,Redstone PowerUTTO UTTO 20W-40 (10 L),6,2073.41,6.0,11,False,active,2025-08-18,,2026-01-01 00:00:00,system,2026-01-01 00:00:00,system
1959,823,11,SUP011-HEF-0823,Redstone PowerUTTO UTTO 20W-40 (10 L),6,2208.17,7.0,5,True,active,2024-07-15,,2026-01-01 00:00:00,system,2026-01-01 00:00:00,system
1960,824,2,SUP002-HEF-0824,Westmark HydroDrive UTTO 20W-40 (15 L),6,3162.77,5.0,10,False,active,2025-06-24,,2026-01-01 00:00:00,system,2026-01-01 00:00:00,system
1961,824,17,SUP017-HEF-0824,Westmark HydroDrive UTTO 20W-40 (15 L),6,3384.19,7.0,8,False,active,2025-08-21,,2026-01-01 00:00:00,system,2026-01-01 00:00:00,system
1962,824,9,SUP009-HEF-0824,Westmark HydroDrive UTTO 20W-40 (15 L),6,3236.55,7.0,4,True,active,2025-03-03,,2026-01-01 00:00:00,system,2026-01-01 00:00:00,system
1963,824,14,SUP014-HEF-0824,Westmark HydroDrive UTTO 20W-40 (15 L),6,3476.23,7.0,4,False,active,2024-12-08,,2026-01-01 00:00:00,system,2026-01-01 00:00:00,system
1964,825,10,SUP010-HEF-0825,Crestfield HydraShift UTTO 10W-30 (20 L),6,4603.71,6.0,6,False,active,2025-12-24,,2026-01-01 00:00:00,system,2026-01-01 00:00:00,system
1965,825,7,SUP007-HEF-0825,Crestfield HydraShift UTTO 10W-30 (20 L),6,3963.47,6.0,11,True,active,2025-10-27,,2026-01-01 00:00:00,system,2026-01-01 00:00:00,system
1966,826,14,SUP014-HEF-0826,Stonebridge TransHyd UTTO 10W-30 (25 L),6,5724.47,7.0,8,False,active,2025-07-16,,2026-01-01 00:00:00,system,2026-01-01 00:00:00,system
1967,826,10,SUP010-HEF-0826,Stonebridge TransHyd UTTO 10W-30 (25 L),6,5836.46,8.0,6,True,active,2025-03-01,,2026-01-01 00:00:00,system,2026-01-01 00:00:00,system
1968,827,6,SUP006-HEF-0827,Ridgewell PowerUTTO UTTO 10W-30 (30 L),6,6398.0,7.0,7,True,active,2024-10-16,,2026-01-01 00:00:00,system,2026-01-01 00:00:00,system
1969,828,2,SUP002-HEF-0828,Millbrook HydroDrive UTTO 10W-30 (50 L),6,10866.24,2.0,12,False,inactive,2024-10-23,2025-11-24,2026-01-01 00:00:00,system,2026-01-01 00:00:00,system
1970,828,10,SUP010-HEF-0828,Millbrook HydroDrive UTTO 10W-30 (50 L),6,11155.93,2.0,6,False,inactive,2024-06-07,2025-05-08,2026-01-01 00:00:00,system,2026-01-01 00:00:00,system
1971,829,3,SUP003-HEF-0829,Highpoint HydraShift UTTO 20W-30 (55 L),6,12001.26,2.0,12,False,active,2024-11-13,,2026-01-01 00:00:00,system,2026-01-01 00:00:00,system
1972,829,7,SUP007-HEF-0829,Highpoint HydraShift UTTO 20W-30 (55 L),6,11067.83,2.0,15,True,active,2025-08-01,,2026-01-01 00:00:00,system,2026-01-01 00:00:00,system
1973,830,15,SUP015-HEF-0830,Fieldmark TransHyd UTTO 20W-30 (180 L),6,40106.8,3.0,9,False,active,2025-03-22,,2026-01-01 00:00:00,system,2026-01-01 00:00:00,system
1974,830,18,SUP018-HEF-0830,Fieldmark TransHyd UTTO 20W-30 (180 L),6,38009.77,3.0,8,True,active,2024-05-19,,2026-01-01 00:00:00,system,2026-01-01 00:00:00,system
1975,830,22,SUP022-HEF-0830,Fieldmark TransHyd UTTO 20W-30 (180 L),6,44193.51,2.0,26,False,active,2024-12-31,,2026-01-01 00:00:00,system,2026-01-01 00:00:00,system
1976,830,6,SUP006-HEF-0830,Fieldmark TransHyd UTTO 20W-30 (180 L),6,36783.43,2.0,8,False,active,2025-02-05,,2026-01-01 00:00:00,system,2026-01-01 00:00:00,system
1977,831,2,SUP002-HEF-0831,Northmark PowerUTTO UTTO 20W-30 (210 L),6,41342.21,1.0,12,False,active,2025-12-07,,2026-01-01 00:00:00,system,2026-01-01 00:00:00,system
1978,831,8,SUP008-HEF-0831,Northmark PowerUTTO UTTO 20W-30 (210 L),6,41451.49,1.0,11,True,active,2024-06-03,,2026-01-01 00:00:00,system,2026-01-01 00:00:00,system
1979,831,6,SUP006-HEF-0831,Northmark PowerUTTO UTTO 20W-30 (210 L),6,42838.31,1.0,12,False,active,2024-03-28,,2026-01-01 00:00:00,system,2026-01-01 00:00:00,system
1980,831,9,SUP009-HEF-0831,Northmark PowerUTTO UTTO 20W-30 (210 L),6,44352.1,1.0,6,False,active,2024-02-23,,2026-01-01 00:00:00,system,2026-01-01 00:00:00,system
1981,832,20,SUP020-HEF-0832,Ironcrest HydroDrive UTTO 20W-30 (500 L),1,207.26,500.0,27,False,active,2025-08-28,,2026-01-01 00:00:00,system,2026-01-01 00:00:00,system
1982,832,3,SUP003-HEF-0832,Ironcrest HydroDrive UTTO 20W-30 (500 L),1,199.58,500.0,9,True,active,2024-09-28,,2026-01-01 00:00:00,system,2026-01-01 00:00:00,system
1983,833,15,SUP015-HEF-0833,Redstone HydraShift UTTO 20W-40 (1000 L),1,203.27,1150.0,7,False,active,2025-11-03,,2026-01-01 00:00:00,system,2026-01-01 00:00:00,system
1984,833,18,SUP018-HEF-0833,Redstone HydraShift UTTO 20W-40 (1000 L),1,209.45,1350.0,5,True,active,2024-08-15,,2026-01-01 00:00:00,system,2026-01-01 00:00:00,system
1985,833,9,SUP009-HEF-0833,Redstone HydraShift UTTO 20W-40 (1000 L),1,207.2,1150.0,8,False,active,2024-02-08,,2026-01-01 00:00:00,system,2026-01-01 00:00:00,system
1986,833,12,SUP012-HEF-0833,Redstone HydraShift UTTO 20W-40 (1000 L),1,212.41,1300.0,8,False,active,2025-10-26,,2026-01-01 00:00:00,system,2026-01-01 00:00:00,system
1987,834,22,SUP022-HEF-0834,Westmark TransHyd UTTO 20W-40 (2000 L),1,223.86,1750.0,22,True,active,2024-11-14,,2026-01-01 00:00:00,system,2026-01-01 00:00:00,system
1988,835,7,SUP007-HEF-0835,Crestfield PowerUTTO UTTO 20W-40 (3 L),6,660.01,13.0,11,False,active,2024-06-24,,2026-01-01 00:00:00,system,2026-01-01 00:00:00,system
1989,835,12,SUP012-HEF-0835,Crestfield PowerUTTO UTTO 20W-40 (3 L),6,694.02,14.0,8,True,active,2025-08-12,,2026-01-01 00:00:00,system,2026-01-01 00:00:00,system
1990,836,10,SUP010-HEF-0836,Stonebridge HydroDrive UTTO 20W-40 (5 L),6,1105.87,8.0,5,False,active,2025-12-11,,2026-01-01 00:00:00,system,2026-01-01 00:00:00,system
1991,836,2,SUP002-HEF-0836,Stonebridge HydroDrive UTTO 20W-40 (5 L),6,1033.86,7.0,9,True,active,2024-08-30,,2026-01-01 00:00:00,system,2026-01-01 00:00:00,system
1992,837,2,SUP002-HEF-0837,Ridgewell HydraShift UTTO 10W-30 (10 L),6,2047.08,7.0,14,False,inactive,2024-08-16,2025-06-15,2026-01-01 00:00:00,system,2026-01-01 00:00:00,system
1993,837,10,SUP010-HEF-0837,Ridgewell HydraShift UTTO 10W-30 (10 L),6,2257.46,7.0,4,False,inactive,2024-08-29,2025-10-12,2026-01-01 00:00:00,system,2026-01-01 00:00:00,system
1994,837,4,SUP004-HEF-0837,Ridgewell HydraShift UTTO 10W-30 (10 L),6,1979.44,7.0,5,False,inactive,2025-03-12,2025-07-11,2026-01-01 00:00:00,system,2026-01-01 00:00:00,system
1995,837,7,SUP007-HEF-0837,Ridgewell HydraShift UTTO 10W-30 (10 L),6,1976.32,6.0,13,False,inactive,2024-04-24,2025-09-19,2026-01-01 00:00:00,system,2026-01-01 00:00:00,system
1996,838,2,SUP002-HEF-0838,Millbrook TransHyd UTTO 10W-30 (15 L),6,3169.73,6.0,10,False,active,2024-04-17,,2026-01-01 00:00:00,system,2026-01-01 00:00:00,system
1997,838,5,SUP005-HEF-0838,Millbrook TransHyd UTTO 10W-30 (15 L),6,3124.51,6.0,16,False,active,2024-10-24,,2026-01-01 00:00:00,system,2026-01-01 00:00:00,system
1998,838,8,SUP008-HEF-0838,Millbrook TransHyd UTTO 10W-30 (15 L),6,3142.74,6.0,12,True,active,2025-08-08,,2026-01-01 00:00:00,system,2026-01-01 00:00:00,system
1999,839,1,SUP001-HEF-0839,Highpoint PowerUTTO UTTO 10W-30 (20 L),6,4067.95,5.0,9,True,active,2025-07-13,,2026-01-01 00:00:00,system,2026-01-01 00:00:00,system
2000,840,6,SUP006-HEF-0840,Fieldmark HydroDrive UTTO 10W-30 (25 L),6,5038.61,5.0,10,False,active,2025-07-04,,2026-01-01 00:00:00,system,2026-01-01 00:00:00,system
2001,840,18,SUP018-HEF-0840,Fieldmark HydroDrive UTTO 10W-30 (25 L),6,5840.64,7.0,8,True,active,2025-11-28,,2026-01-01 00:00:00,system,2026-01-01 00:00:00,system
2002,841,5,SUP005-HEF-0841,Northmark HydraShift UTTO 20W-30 (30 L),6,6057.88,7.0,15,True,active,2024-07-28,,2026-01-01 00:00:00,system,2026-01-01 00:00:00,system
2003,841,15,SUP015-HEF-0841,Northmark HydraShift UTTO 20W-30 (30 L),6,6873.63,7.0,8,False,active,2025-06-25,,2026-01-01 00:00:00,system,2026-01-01 00:00:00,system
2004,842,21,SUP021-HEF-0842,Ironcrest TransHyd UTTO 20W-30 (50 L),6,12866.53,2.0,30,False,active,2024-04-11,,2026-01-01 00:00:00,system,2026-01-01 00:00:00,system
2005,842,3,SUP003-HEF-0842,Ironcrest TransHyd UTTO 20W-30 (50 L),6,10506.77,2.0,10,True,active,2024-10-03,,2026-01-01 00:00:00,system,2026-01-01 00:00:00,system
2006,842,16,SUP016-HEF-0842,Ironcrest TransHyd UTTO 20W-30 (50 L),6,12034.58,2.0,9,False,active,2025-12-21,,2026-01-01 00:00:00,system,2026-01-01 00:00:00,system
2007,843,17,SUP017-HEF-0843,Redstone PowerUTTO UTTO 20W-30 (55 L),6,12304.17,3.0,9,False,active,2024-04-05,,2026-01-01 00:00:00,system,2026-01-01 00:00:00,system
2008,843,10,SUP010-HEF-0843,Redstone PowerUTTO UTTO 20W-30 (55 L),6,13051.72,2.0,8,False,active,2025-06-15,,2026-01-01 00:00:00,system,2026-01-01 00:00:00,system
2009,843,8,SUP008-HEF-0843,Redstone PowerUTTO UTTO 20W-30 (55 L),6,11861.53,2.0,9,True,active,2025-06-18,,2026-01-01 00:00:00,system,2026-01-01 00:00:00,system
2010,844,11,SUP011-HEF-0844,Westmark HydroDrive UTTO 20W-30 (180 L),6,38936.11,2.0,10,True,active,2024-12-04,,2026-01-01 00:00:00,system,2026-01-01 00:00:00,system
2011,844,9,SUP009-HEF-0844,Westmark HydroDrive UTTO 20W-30 (180 L),6,39708.65,2.0,10,False,active,2025-04-16,,2026-01-01 00:00:00,system,2026-01-01 00:00:00,system
2012,844,10,SUP010-HEF-0844,Westmark HydroDrive UTTO 20W-30 (180 L),6,40347.03,2.0,5,False,active,2025-06-04,,2026-01-01 00:00:00,system,2026-01-01 00:00:00,system
2013,844,1,SUP001-HEF-0844,Westmark HydroDrive UTTO 20W-30 (180 L),6,36991.77,2.0,10,False,active,2024-10-22,,2026-01-01 00:00:00,system,2026-01-01 00:00:00,system
2014,845,11,SUP011-HEF-0845,Crestfield HydraShift UTTO 20W-40 (210 L),6,44768.92,1.0,10,False,active,2025-12-19,,2026-01-01 00:00:00,system,2026-01-01 00:00:00,system
2015,845,13,SUP013-HEF-0845,Crestfield HydraShift UTTO 20W-40 (210 L),6,44789.19,1.0,5,False,active,2025-03-02,,2026-01-01 00:00:00,system,2026-01-01 00:00:00,system
2016,845,4,SUP004-HEF-0845,Crestfield HydraShift UTTO 20W-40 (210 L),6,41802.82,1.0,9,True,active,2025-10-28,,2026-01-01 00:00:00,system,2026-01-01 00:00:00,system
2017,845,10,SUP010-HEF-0845,Crestfield HydraShift UTTO 20W-40 (210 L),6,45128.17,1.0,4,False,active,2025-02-20,,2026-01-01 00:00:00,system,2026-01-01 00:00:00,system
2018,846,10,SUP010-HEF-0846,Stonebridge TractorHyd UTTO 10W-30 (210 L),6,46369.13,1.0,8,False,inactive,2023-12-31,2025-05-05,2026-01-01 00:00:00,system,2026-01-01 00:00:00,system
2019,846,5,SUP005-HEF-0846,Stonebridge TractorHyd UTTO 10W-30 (210 L),6,40846.9,1.0,13,False,inactive,2024-10-12,2025-07-21,2026-01-01 00:00:00,system,2026-01-01 00:00:00,system
2020,847,14,SUP014-HEF-0847,Ridgewell AgriHydro UTTO 10W-30 (500 L),1,210.8,650.0,6,True,active,2025-05-08,,2026-01-01 00:00:00,system,2026-01-01 00:00:00,system
2021,847,12,SUP012-HEF-0847,Ridgewell AgriHydro UTTO 10W-30 (500 L),1,197.85,550.0,12,False,active,2024-09-08,,2026-01-01 00:00:00,system,2026-01-01 00:00:00,system
2022,848,8,SUP008-HEF-0848,Millbrook FieldFlow UTTO 10W-30 (1000 L),1,195.88,1000.0,15,True,active,2025-08-07,,2026-01-01 00:00:00,system,2026-01-01 00:00:00,system
2023,849,10,SUP010-HEF-0849,Highpoint FarmHyd UTTO 10W-30 (2000 L),1,201.65,2100.0,9,True,active,2024-12-16,,2026-01-01 00:00:00,system,2026-01-01 00:00:00,system
2024,850,8,SUP008-HEF-0850,Fieldmark TractorHyd UTTO 20W-30 (3 L),6,652.88,12.0,10,False,active,2024-08-31,,2026-01-01 00:00:00,system,2026-01-01 00:00:00,system
2025,850,4,SUP004-HEF-0850,Fieldmark TractorHyd UTTO 20W-30 (3 L),6,640.21,13.0,8,True,active,2025-11-12,,2026-01-01 00:00:00,system,2026-01-01 00:00:00,system
2026,851,18,SUP018-HEF-0851,Northmark AgriHydro UTTO 20W-30 (5 L),6,1225.85,8.0,6,False,inactive,2025-03-02,2025-06-06,2026-01-01 00:00:00,system,2026-01-01 00:00:00,system
2027,851,2,SUP002-HEF-0851,Northmark AgriHydro UTTO 20W-30 (5 L),6,1092.28,7.0,9,False,inactive,2024-10-08,2025-11-07,2026-01-01 00:00:00,system,2026-01-01 00:00:00,system
2028,851,16,SUP016-HEF-0851,Northmark AgriHydro UTTO 20W-30 (5 L),6,1151.02,8.0,6,False,inactive,2024-02-02,2025-06-14,2026-01-01 00:00:00,system,2026-01-01 00:00:00,system
2029,852,11,SUP011-HEF-0852,Ironcrest FieldFlow UTTO 20W-30 (10 L),6,2269.18,7.0,8,True,active,2025-08-27,,2026-01-01 00:00:00,system,2026-01-01 00:00:00,system
2030,852,6,SUP006-HEF-0852,Ironcrest FieldFlow UTTO 20W-30 (10 L),6,2013.89,6.0,12,False,active,2025-02-06,,2026-01-01 00:00:00,system,2026-01-01 00:00:00,system
2031,853,4,SUP004-HEF-0853,Redstone FarmHyd UTTO 20W-30 (15 L),6,3019.19,5.0,6,False,active,2024-08-13,,2026-01-01 00:00:00,system,2026-01-01 00:00:00,system
2032,853,10,SUP010-HEF-0853,Redstone FarmHyd UTTO 20W-30 (15 L),6,3496.45,8.0,4,True,active,2024-06-18,,2026-01-01 00:00:00,system,2026-01-01 00:00:00,system
2033,854,1,SUP001-HEF-0854,Westmark TractorHyd UTTO 20W-40 (20 L),6,4212.29,5.0,10,True,active,2024-10-09,,2026-01-01 00:00:00,system,2026-01-01 00:00:00,system
2034,855,21,SUP021-HEF-0855,Crestfield AgriHydro UTTO 20W-40 (25 L),6,6276.97,6.0,28,False,active,2024-01-25,,2026-01-01 00:00:00,system,2026-01-01 00:00:00,system
2035,855,18,SUP018-HEF-0855,Crestfield AgriHydro UTTO 20W-40 (25 L),6,5940.89,8.0,9,True,active,2024-06-07,,2026-01-01 00:00:00,system,2026-01-01 00:00:00,system
2036,856,10,SUP010-HEF-0856,Stonebridge FieldFlow UTTO 20W-40 (30 L),6,6473.1,7.0,7,True,active,2025-05-30,,2026-01-01 00:00:00,system,2026-01-01 00:00:00,system
2037,856,15,SUP015-HEF-0856,Stonebridge FieldFlow UTTO 20W-40 (30 L),6,7410.13,6.0,9,False,active,2024-11-27,,2026-01-01 00:00:00,system,2026-01-01 00:00:00,system
2038,857,3,SUP003-HEF-0857,Ridgewell FarmHyd UTTO 20W-40 (50 L),6,11009.53,2.0,9,True,active,2024-12-11,,2026-01-01 00:00:00,system,2026-01-01 00:00:00,system
2039,857,13,SUP013-HEF-0857,Ridgewell FarmHyd UTTO 20W-40 (50 L),6,11912.27,2.0,9,False,active,2024-06-25,,2026-01-01 00:00:00,system,2026-01-01 00:00:00,system
2040,857,11,SUP011-HEF-0857,Ridgewell FarmHyd UTTO 20W-40 (50 L),6,11225.9,2.0,9,False,active,2025-03-10,,2026-01-01 00:00:00,system,2026-01-01 00:00:00,system
2041,858,1,SUP001-HEF-0858,Millbrook TractorHyd UTTO 10W-30 (55 L),6,10891.71,2.0,8,True,active,2025-02-01,,2026-01-01 00:00:00,system,2026-01-01 00:00:00,system
2042,858,6,SUP006-HEF-0858,Millbrook TractorHyd UTTO 10W-30 (55 L),6,10899.04,2.0,9,False,active,2024-03-18,,2026-01-01 00:00:00,system,2026-01-01 00:00:00,system
2043,859,1,SUP001-HEF-0859,Highpoint AgriHydro UTTO 10W-30 (180 L),6,34047.86,2.0,9,False,active,2025-03-05,,2026-01-01 00:00:00,system,2026-01-01 00:00:00,system
2044,859,2,SUP002-HEF-0859,Highpoint AgriHydro UTTO 10W-30 (180 L),6,33776.27,2.0,15,False,active,2025-01-31,,2026-01-01 00:00:00,system,2026-01-01 00:00:00,system
2045,859,15,SUP015-HEF-0859,Highpoint AgriHydro UTTO 10W-30 (180 L),6,37871.69,3.0,6,True,active,2025-11-17,,2026-01-01 00:00:00,system,2026-01-01 00:00:00,system
2046,860,14,SUP014-HEF-0860,Fieldmark FieldFlow UTTO 10W-30 (210 L),6,46363.0,1.0,4,False,active,2024-04-19,,2026-01-01 00:00:00,system,2026-01-01 00:00:00,system
2047,860,5,SUP005-HEF-0860,Fieldmark FieldFlow UTTO 10W-30 (210 L),6,41028.43,1.0,15,True,active,2025-11-04,,2026-01-01 00:00:00,system,2026-01-01 00:00:00,system
2048,861,7,SUP007-HEF-0861,Northmark FarmHyd UTTO 10W-30 (500 L),1,192.21,500.0,14,False,active,2025-10-10,,2026-01-01 00:00:00,system,2026-01-01 00:00:00,system
2049,861,1,SUP001-HEF-0861,Northmark FarmHyd UTTO 10W-30 (500 L),1,198.76,550.0,7,True,active,2024-12-27,,2026-01-01 00:00:00,system,2026-01-01 00:00:00,system
2050,861,15,SUP015-HEF-0861,Northmark FarmHyd UTTO 10W-30 (500 L),1,212.03,550.0,11,False,active,2024-10-23,,2026-01-01 00:00:00,system,2026-01-01 00:00:00,system
2051,862,10,SUP010-HEF-0862,Ironcrest TractorHyd UTTO 20W-30 (1000 L),1,200.16,950.0,9,False,active,2024-01-03,,2026-01-01 00:00:00,system,2026-01-01 00:00:00,system
2052,862,3,SUP003-HEF-0862,Ironcrest TractorHyd UTTO 20W-30 (1000 L),1,197.32,1050.0,13,False,active,2024-11-16,,2026-01-01 00:00:00,system,2026-01-01 00:00:00,system
2053,862,7,SUP007-HEF-0862,Ironcrest TractorHyd UTTO 20W-30 (1000 L),1,195.85,1000.0,16,False,active,2024-08-10,,2026-01-01 00:00:00,system,2026-01-01 00:00:00,system
2054,862,12,SUP012-HEF-0862,Ironcrest TractorHyd UTTO 20W-30 (1000 L),1,205.38,1050.0,11,True,active,2024-07-24,,2026-01-01 00:00:00,system,2026-01-01 00:00:00,system
2055,863,3,SUP003-HEF-0863,Redstone AgriHydro UTTO 20W-30 (2000 L),1,187.94,1900.0,12,False,active,2024-07-14,,2026-01-01 00:00:00,system,2026-01-01 00:00:00,system
2056,863,2,SUP002-HEF-0863,Redstone AgriHydro UTTO 20W-30 (2000 L),1,185.43,2250.0,10,True,active,2024-07-14,,2026-01-01 00:00:00,system,2026-01-01 00:00:00,system
2057,864,8,SUP008-HEF-0864,Westmark FieldFlow UTTO 20W-30 (3 L),6,646.09,14.0,13,False,active,2025-11-18,,2026-01-01 00:00:00,system,2026-01-01 00:00:00,system
2058,864,15,SUP015-HEF-0864,Westmark FieldFlow UTTO 20W-30 (3 L),6,699.1,14.0,10,True,active,2024-05-26,,2026-01-01 00:00:00,system,2026-01-01 00:00:00,system
2059,865,10,SUP010-HEF-0865,Crestfield FarmHyd UTTO 20W-30 (5 L),6,1192.14,8.0,5,False,active,2025-04-06,,2026-01-01 00:00:00,system,2026-01-01 00:00:00,system
2060,865,6,SUP006-HEF-0865,Crestfield FarmHyd UTTO 20W-30 (5 L),6,1037.13,5.0,12,True,active,2024-11-01,,2026-01-01 00:00:00,system,2026-01-01 00:00:00,system
2061,866,10,SUP010-HEF-0866,Stonebridge TractorHyd UTTO 20W-40 (10 L),6,2338.12,6.0,6,True,active,2025-01-10,,2026-01-01 00:00:00,system,2026-01-01 00:00:00,system
2062,867,10,SUP010-HEF-0867,Ridgewell AgriHydro UTTO 20W-40 (15 L),6,3546.25,7.0,8,True,active,2025-12-04,,2026-01-01 00:00:00,system,2026-01-01 00:00:00,system
2063,867,4,SUP004-HEF-0867,Ridgewell AgriHydro UTTO 20W-40 (15 L),6,3095.26,6.0,8,False,active,2024-11-05,,2026-01-01 00:00:00,system,2026-01-01 00:00:00,system
2064,868,18,SUP018-HEF-0868,Millbrook FieldFlow UTTO 20W-40 (20 L),6,4660.43,7.0,9,False,inactive,2024-08-21,2025-03-14,2026-01-01 00:00:00,system,2026-01-01 00:00:00,system
2065,868,5,SUP005-HEF-0868,Millbrook FieldFlow UTTO 20W-40 (20 L),6,4402.87,6.0,15,False,inactive,2023-12-28,2025-04-12,2026-01-01 00:00:00,system,2026-01-01 00:00:00,system
2066,869,16,SUP016-HEF-0869,Highpoint FarmHyd UTTO 20W-40 (25 L),6,5959.34,9.0,8,True,active,2024-12-24,,2026-01-01 00:00:00,system,2026-01-01 00:00:00,system
2067,869,23,SUP023-HEF-0869,Highpoint FarmHyd UTTO 20W-40 (25 L),6,4895.39,5.0,16,False,active,2025-01-16,,2026-01-01 00:00:00,system,2026-01-01 00:00:00,system
2068,869,11,SUP011-HEF-0869,Highpoint FarmHyd UTTO 20W-40 (25 L),6,5982.81,6.0,6,False,active,2024-12-18,,2026-01-01 00:00:00,system,2026-01-01 00:00:00,system
2069,870,13,SUP013-HEF-0870,Fieldmark TractorHyd UTTO 10W-30 (30 L),6,6453.53,7.0,5,False,active,2025-04-14,,2026-01-01 00:00:00,system,2026-01-01 00:00:00,system
2070,870,22,SUP022-HEF-0870,Fieldmark TractorHyd UTTO 10W-30 (30 L),6,7059.51,6.0,24,False,active,2025-09-15,,2026-01-01 00:00:00,system,2026-01-01 00:00:00,system
2071,870,8,SUP008-HEF-0870,Fieldmark TractorHyd UTTO 10W-30 (30 L),6,6109.74,5.0,14,True,active,2025-12-23,,2026-01-01 00:00:00,system,2026-01-01 00:00:00,system
2072,871,2,SUP002-HEF-0871,Northmark AgriHydro UTTO 10W-30 (50 L),6,10317.58,2.0,14,False,active,2025-06-25,,2026-01-01 00:00:00,system,2026-01-01 00:00:00,system
2073,871,17,SUP017-HEF-0871,Northmark AgriHydro UTTO 10W-30 (50 L),6,11601.56,3.0,9,False,active,2024-12-18,,2026-01-01 00:00:00,system,2026-01-01 00:00:00,system
2074,871,10,SUP010-HEF-0871,Northmark AgriHydro UTTO 10W-30 (50 L),6,11956.89,3.0,5,True,active,2024-08-11,,2026-01-01 00:00:00,system,2026-01-01 00:00:00,system
2075,872,7,SUP007-HEF-0872,Ironcrest FieldFlow UTTO 10W-30 (55 L),6,11140.77,2.0,10,False,active,2024-05-02,,2026-01-01 00:00:00,system,2026-01-01 00:00:00,system
2076,872,15,SUP015-HEF-0872,Ironcrest FieldFlow UTTO 10W-30 (55 L),6,12715.94,3.0,10,False,active,2025-12-25,,2026-01-01 00:00:00,system,2026-01-01 00:00:00,system
2077,872,5,SUP005-HEF-0872,Ironcrest FieldFlow UTTO 10W-30 (55 L),6,11849.77,2.0,12,True,active,2024-03-31,,2026-01-01 00:00:00,system,2026-01-01 00:00:00,system
2078,873,18,SUP018-HEF-0873,Redstone FarmHyd UTTO 10W-30 (180 L),6,40669.33,3.0,7,True,active,2025-12-10,,2026-01-01 00:00:00,system,2026-01-01 00:00:00,system
2079,874,7,SUP007-HEF-0874,Westmark TractorHyd UTTO 20W-30 (210 L),6,40198.7,1.0,16,True,active,2024-11-22,,2026-01-01 00:00:00,system,2026-01-01 00:00:00,system
2080,875,13,SUP013-HEF-0875,Crestfield AgriHydro UTTO 20W-30 (500 L),1,200.72,500.0,5,True,active,2024-05-09,,2026-01-01 00:00:00,system,2026-01-01 00:00:00,system
2081,875,14,SUP014-HEF-0875,Crestfield AgriHydro UTTO 20W-30 (500 L),1,217.78,600.0,9,False,active,2025-08-03,,2026-01-01 00:00:00,system,2026-01-01 00:00:00,system
2082,876,15,SUP015-HEF-0876,Stonebridge FieldFlow UTTO 20W-30 (1000 L),1,224.83,1550.0,11,False,inactive,2024-06-21,2025-09-28,2026-01-01 00:00:00,system,2026-01-01 00:00:00,system
2083,876,13,SUP013-HEF-0876,Stonebridge FieldFlow UTTO 20W-30 (1000 L),1,215.59,1150.0,5,False,inactive,2024-11-08,2025-06-27,2026-01-01 00:00:00,system,2026-01-01 00:00:00,system
2084,876,16,SUP016-HEF-0876,Stonebridge FieldFlow UTTO 20W-30 (1000 L),1,202.67,1250.0,7,False,inactive,2025-03-27,2025-10-21,2026-01-01 00:00:00,system,2026-01-01 00:00:00,system
2085,877,16,SUP016-HEF-0877,Ridgewell FarmHyd UTTO 20W-30 (2000 L),1,213.9,2600.0,8,False,active,2024-10-11,,2026-01-01 00:00:00,system,2026-01-01 00:00:00,system
2086,877,6,SUP006-HEF-0877,Ridgewell FarmHyd UTTO 20W-30 (2000 L),1,187.11,2050.0,9,True,active,2024-05-16,,2026-01-01 00:00:00,system,2026-01-01 00:00:00,system
2087,877,1,SUP001-HEF-0877,Ridgewell FarmHyd UTTO 20W-30 (2000 L),1,196.31,2000.0,7,False,active,2025-08-07,,2026-01-01 00:00:00,system,2026-01-01 00:00:00,system
2088,878,13,SUP013-HEF-0878,Millbrook TractorHyd UTTO 20W-40 (3 L),6,652.92,15.0,6,True,active,2025-11-23,,2026-01-01 00:00:00,system,2026-01-01 00:00:00,system
2089,878,21,SUP021-HEF-0878,Millbrook TractorHyd UTTO 20W-40 (3 L),6,776.7,10.0,28,False,active,2025-07-10,,2026-01-01 00:00:00,system,2026-01-01 00:00:00,system
2090,878,16,SUP016-HEF-0878,Millbrook TractorHyd UTTO 20W-40 (3 L),6,701.36,17.0,5,False,active,2025-05-16,,2026-01-01 00:00:00,system,2026-01-01 00:00:00,system
2091,879,8,SUP008-HEF-0879,Highpoint AgriHydro UTTO 20W-40 (5 L),6,1054.68,7.0,10,False,active,2024-09-29,,2026-01-01 00:00:00,system,2026-01-01 00:00:00,system
2092,879,6,SUP006-HEF-0879,Highpoint AgriHydro UTTO 20W-40 (5 L),6,1003.33,7.0,9,True,active,2025-09-21,,2026-01-01 00:00:00,system,2026-01-01 00:00:00,system
2093,880,6,SUP006-HEF-0880,Fieldmark FieldFlow UTTO 20W-40 (10 L),6,2159.45,6.0,8,False,active,2024-11-22,,2026-01-01 00:00:00,system,2026-01-01 00:00:00,system
2094,880,14,SUP014-HEF-0880,Fieldmark FieldFlow UTTO 20W-40 (10 L),6,2168.65,8.0,4,True,active,2024-06-01,,2026-01-01 00:00:00,system,2026-01-01 00:00:00,system
2095,881,8,SUP008-HEF-0881,Northmark FarmHyd UTTO 20W-40 (15 L),6,3032.48,7.0,10,True,active,2025-02-05,,2026-01-01 00:00:00,system,2026-01-01 00:00:00,system
2096,881,6,SUP006-HEF-0881,Northmark FarmHyd UTTO 20W-40 (15 L),6,3175.83,6.0,12,False,active,2025-11-28,,2026-01-01 00:00:00,system,2026-01-01 00:00:00,system
2097,882,2,SUP002-HEF-0882,Ironcrest TractorHyd UTTO 10W-30 (20 L),6,4023.56,7.0,11,False,active,2024-07-18,,2026-01-01 00:00:00,system,2026-01-01 00:00:00,system
2098,882,7,SUP007-HEF-0882,Ironcrest TractorHyd UTTO 10W-30 (20 L),6,4016.08,6.0,14,False,active,2025-09-30,,2026-01-01 00:00:00,system,2026-01-01 00:00:00,system
2099,882,16,SUP016-HEF-0882,Ironcrest TractorHyd UTTO 10W-30 (20 L),6,4774.17,7.0,4,True,active,2025-09-06,,2026-01-01 00:00:00,system,2026-01-01 00:00:00,system
2100,882,11,SUP011-HEF-0882,Ironcrest TractorHyd UTTO 10W-30 (20 L),6,4345.83,7.0,5,False,active,2024-01-28,,2026-01-01 00:00:00,system,2026-01-01 00:00:00,system
2101,883,8,SUP008-HEF-0883,Redstone AgriHydro UTTO 10W-30 (25 L),6,5272.56,6.0,12,False,active,2024-02-02,,2026-01-01 00:00:00,system,2026-01-01 00:00:00,system
2102,883,13,SUP013-HEF-0883,Redstone AgriHydro UTTO 10W-30 (25 L),6,5738.1,6.0,8,True,active,2024-09-06,,2026-01-01 00:00:00,system,2026-01-01 00:00:00,system
2103,884,3,SUP003-HEF-0884,Westmark FieldFlow UTTO 10W-30 (30 L),6,6163.13,6.0,9,False,active,2024-04-05,,2026-01-01 00:00:00,system,2026-01-01 00:00:00,system
2104,884,2,SUP002-HEF-0884,Westmark FieldFlow UTTO 10W-30 (30 L),6,5984.04,6.0,11,False,active,2024-02-21,,2026-01-01 00:00:00,system,2026-01-01 00:00:00,system
2105,884,13,SUP013-HEF-0884,Westmark FieldFlow UTTO 10W-30 (30 L),6,6740.76,8.0,4,True,active,2025-04-14,,2026-01-01 00:00:00,system,2026-01-01 00:00:00,system
2106,884,6,SUP006-HEF-0884,Westmark FieldFlow UTTO 10W-30 (30 L),6,6138.71,5.0,11,False,active,2024-10-03,,2026-01-01 00:00:00,system,2026-01-01 00:00:00,system
2107,885,5,SUP005-HEF-0885,Crestfield FarmHyd UTTO 10W-30 (50 L),6,10342.68,2.0,12,True,active,2024-09-08,,2026-01-01 00:00:00,system,2026-01-01 00:00:00,system
2108,886,20,SUP020-HEF-0886,Stonebridge TractorHyd UTTO 20W-30 (55 L),6,14021.52,2.0,27,False,active,2024-06-03,,2026-01-01 00:00:00,system,2026-01-01 00:00:00,system
2109,886,1,SUP001-HEF-0886,Stonebridge TractorHyd UTTO 20W-30 (55 L),6,12031.11,2.0,6,True,active,2024-12-05,,2026-01-01 00:00:00,system,2026-01-01 00:00:00,system
2110,886,7,SUP007-HEF-0886,Stonebridge TractorHyd UTTO 20W-30 (55 L),6,11805.16,2.0,11,False,active,2025-03-14,,2026-01-01 00:00:00,system,2026-01-01 00:00:00,system
2111,886,3,SUP003-HEF-0886,Stonebridge TractorHyd UTTO 20W-30 (55 L),6,11859.79,2.0,10,False,active,2025-05-11,,2026-01-01 00:00:00,system,2026-01-01 00:00:00,system
2112,887,20,SUP020-HEF-0887,Ridgewell AgriHydro UTTO 20W-30 (180 L),6,40169.61,2.0,26,False,active,2024-09-15,,2026-01-01 00:00:00,system,2026-01-01 00:00:00,system
2113,887,6,SUP006-HEF-0887,Ridgewell AgriHydro UTTO 20W-30 (180 L),6,36906.19,2.0,11,True,active,2024-05-05,,2026-01-01 00:00:00,system,2026-01-01 00:00:00,system
2114,888,10,SUP010-HEF-0888,Millbrook FieldFlow UTTO 20W-30 (210 L),6,47517.33,1.0,5,True,active,2024-03-10,,2026-01-01 00:00:00,system,2026-01-01 00:00:00,system
2115,888,11,SUP011-HEF-0888,Millbrook FieldFlow UTTO 20W-30 (210 L),6,43571.45,1.0,9,False,active,2025-09-13,,2026-01-01 00:00:00,system,2026-01-01 00:00:00,system
2116,889,23,SUP023-HEF-0889,Highpoint FarmHyd UTTO 20W-30 (500 L),1,194.48,500.0,15,False,active,2025-05-18,,2026-01-01 00:00:00,system,2026-01-01 00:00:00,system
2117,889,7,SUP007-HEF-0889,Highpoint FarmHyd UTTO 20W-30 (500 L),1,197.35,400.0,11,True,active,2025-08-02,,2026-01-01 00:00:00,system,2026-01-01 00:00:00,system
2118,889,3,SUP003-HEF-0889,Highpoint FarmHyd UTTO 20W-30 (500 L),1,200.6,400.0,10,False,active,2025-06-18,,2026-01-01 00:00:00,system,2026-01-01 00:00:00,system
2119,890,1,SUP001-HEF-0890,Fieldmark TractorHyd UTTO 20W-40 (1000 L),1,184.13,850.0,8,False,active,2024-04-28,,2026-01-01 00:00:00,system,2026-01-01 00:00:00,system
2120,890,14,SUP014-HEF-0890,Fieldmark TractorHyd UTTO 20W-40 (1000 L),1,216.8,1050.0,5,True,active,2024-08-25,,2026-01-01 00:00:00,system,2026-01-01 00:00:00,system
2121,891,6,SUP006-HEF-0891,Northmark SiteHyd 10W (1000 L),1,191.38,1200.0,12,False,active,2024-07-28,,2026-01-01 00:00:00,system,2026-01-01 00:00:00,system
2122,891,23,SUP023-HEF-0891,Northmark SiteHyd 10W (1000 L),1,190.9,850.0,16,False,active,2024-11-01,,2026-01-01 00:00:00,system,2026-01-01 00:00:00,system
2123,891,1,SUP001-HEF-0891,Northmark SiteHyd 10W (1000 L),1,180.73,1050.0,12,True,active,2024-06-09,,2026-01-01 00:00:00,system,2026-01-01 00:00:00,system
2124,892,14,SUP014-HEF-0892,Ironcrest BuildForce 10W (2000 L),1,208.99,2250.0,5,True,active,2024-01-13,,2026-01-01 00:00:00,system,2026-01-01 00:00:00,system
2125,893,22,SUP022-HEF-0893,Redstone EarthMove 10W (3 L),6,711.91,11.0,20,True,active,2025-04-25,,2026-01-01 00:00:00,system,2026-01-01 00:00:00,system
2126,894,2,SUP002-HEF-0894,Westmark EquipHyd 10W (5 L),6,1051.4,6.0,14,True,active,2025-10-06,,2026-01-01 00:00:00,system,2026-01-01 00:00:00,system
2127,894,16,SUP016-HEF-0894,Westmark EquipHyd 10W (5 L),6,1194.96,7.0,7,False,active,2025-04-21,,2026-01-01 00:00:00,system,2026-01-01 00:00:00,system
2128,895,17,SUP017-HEF-0895,Crestfield SiteHyd 10W-30 (10 L),6,2355.71,7.0,8,False,active,2024-11-19,,2026-01-01 00:00:00,system,2026-01-01 00:00:00,system
2129,895,15,SUP015-HEF-0895,Crestfield SiteHyd 10W-30 (10 L),6,2404.88,7.0,8,False,active,2024-11-28,,2026-01-01 00:00:00,system,2026-01-01 00:00:00,system
2130,895,4,SUP004-HEF-0895,Crestfield SiteHyd 10W-30 (10 L),6,2163.53,7.0,10,False,active,2025-11-24,,2026-01-01 00:00:00,system,2026-01-01 00:00:00,system
2131,895,1,SUP001-HEF-0895,Crestfield SiteHyd 10W-30 (10 L),6,1984.08,7.0,7,True,active,2025-01-30,,2026-01-01 00:00:00,system,2026-01-01 00:00:00,system
2132,896,2,SUP002-HEF-0896,Stonebridge BuildForce 10W-30 (15 L),6,2993.78,6.0,13,False,active,2024-06-10,,2026-01-01 00:00:00,system,2026-01-01 00:00:00,system
2133,896,3,SUP003-HEF-0896,Stonebridge BuildForce 10W-30 (15 L),6,3185.4,7.0,12,False,active,2024-08-20,,2026-01-01 00:00:00,system,2026-01-01 00:00:00,system
2134,896,7,SUP007-HEF-0896,Stonebridge BuildForce 10W-30 (15 L),6,3169.4,5.0,11,False,active,2024-08-16,,2026-01-01 00:00:00,system,2026-01-01 00:00:00,system
2135,896,6,SUP006-HEF-0896,Stonebridge BuildForce 10W-30 (15 L),6,3049.31,6.0,8,True,active,2024-07-09,,2026-01-01 00:00:00,system,2026-01-01 00:00:00,system
2136,897,13,SUP013-HEF-0897,Ridgewell EarthMove 10W-30 (20 L),6,4419.94,6.0,5,False,active,2024-08-01,,2026-01-01 00:00:00,system,2026-01-01 00:00:00,system
2137,897,10,SUP010-HEF-0897,Ridgewell EarthMove 10W-30 (20 L),6,4630.02,7.0,3,True,active,2025-01-28,,2026-01-01 00:00:00,system,2026-01-01 00:00:00,system
2138,897,9,SUP009-HEF-0897,Ridgewell EarthMove 10W-30 (20 L),6,4645.58,7.0,5,False,active,2024-02-12,,2026-01-01 00:00:00,system,2026-01-01 00:00:00,system
2139,898,15,SUP015-HEF-0898,Millbrook EquipHyd 10W-30 (25 L),6,6176.09,7.0,10,True,active,2025-06-24,,2026-01-01 00:00:00,system,2026-01-01 00:00:00,system
2140,898,11,SUP011-HEF-0898,Millbrook EquipHyd 10W-30 (25 L),6,5744.85,6.0,9,False,active,2024-11-09,,2026-01-01 00:00:00,system,2026-01-01 00:00:00,system
2141,898,5,SUP005-HEF-0898,Millbrook EquipHyd 10W-30 (25 L),6,5484.31,6.0,15,False,active,2025-01-23,,2026-01-01 00:00:00,system,2026-01-01 00:00:00,system
2142,899,22,SUP022-HEF-0899,Highpoint SiteHyd 15W-40 (30 L),6,7029.65,5.0,20,True,active,2024-02-21,,2026-01-01 00:00:00,system,2026-01-01 00:00:00,system
2143,900,2,SUP002-HEF-0900,Fieldmark BuildForce 15W-40 (50 L),6,10699.01,2.0,14,True,active,2025-02-19,,2026-01-01 00:00:00,system,2026-01-01 00:00:00,system
2144,900,3,SUP003-HEF-0900,Fieldmark BuildForce 15W-40 (50 L),6,10758.88,2.0,11,False,active,2025-06-20,,2026-01-01 00:00:00,system,2026-01-01 00:00:00,system
2145,900,21,SUP021-HEF-0900,Fieldmark BuildForce 15W-40 (50 L),6,12547.05,2.0,32,False,active,2025-06-06,,2026-01-01 00:00:00,system,2026-01-01 00:00:00,system
2146,900,9,SUP009-HEF-0900,Fieldmark BuildForce 15W-40 (50 L),6,11464.93,3.0,9,False,active,2024-01-28,,2026-01-01 00:00:00,system,2026-01-01 00:00:00,system
2147,901,18,SUP018-HEF-0901,Northmark EarthMove 15W-40 (55 L),6,12143.85,2.0,6,True,active,2025-02-21,,2026-01-01 00:00:00,system,2026-01-01 00:00:00,system
2148,901,7,SUP007-HEF-0901,Northmark EarthMove 15W-40 (55 L),6,11038.17,2.0,11,False,active,2025-06-11,,2026-01-01 00:00:00,system,2026-01-01 00:00:00,system
2149,902,9,SUP009-HEF-0902,Ironcrest EquipHyd 15W-40 (180 L),6,36898.82,2.0,10,False,active,2024-08-03,,2026-01-01 00:00:00,system,2026-01-01 00:00:00,system
2150,902,6,SUP006-HEF-0902,Ironcrest EquipHyd 15W-40 (180 L),6,33878.47,2.0,10,True,active,2024-07-14,,2026-01-01 00:00:00,system,2026-01-01 00:00:00,system
2151,903,3,SUP003-HEF-0903,Redstone SiteHyd 10W (210 L),6,40452.35,1.0,11,False,active,2024-01-11,,2026-01-01 00:00:00,system,2026-01-01 00:00:00,system
2152,903,9,SUP009-HEF-0903,Redstone SiteHyd 10W (210 L),6,43536.23,1.0,7,True,active,2025-05-03,,2026-01-01 00:00:00,system,2026-01-01 00:00:00,system
2153,904,7,SUP007-HEF-0904,Westmark BuildForce 10W (500 L),1,189.12,500.0,16,False,active,2024-05-28,,2026-01-01 00:00:00,system,2026-01-01 00:00:00,system
2154,904,1,SUP001-HEF-0904,Westmark BuildForce 10W (500 L),1,188.48,550.0,11,True,active,2025-02-27,,2026-01-01 00:00:00,system,2026-01-01 00:00:00,system
2155,905,13,SUP013-HEF-0905,Crestfield EarthMove 10W (1000 L),1,203.98,1000.0,5,True,active,2024-07-04,,2026-01-01 00:00:00,system,2026-01-01 00:00:00,system
2156,905,17,SUP017-HEF-0905,Crestfield EarthMove 10W (1000 L),1,211.22,1200.0,9,False,active,2025-12-15,,2026-01-01 00:00:00,system,2026-01-01 00:00:00,system
2157,906,4,SUP004-HEF-0906,Stonebridge EquipHyd 10W (2000 L),1,184.92,1650.0,7,True,active,2025-05-27,,2026-01-01 00:00:00,system,2026-01-01 00:00:00,system
2158,907,7,SUP007-HEF-0907,Ridgewell SiteHyd 10W-30 (3 L),6,603.29,11.0,15,True,active,2024-08-21,,2026-01-01 00:00:00,system,2026-01-01 00:00:00,system
2159,907,20,SUP020-HEF-0907,Ridgewell SiteHyd 10W-30 (3 L),6,696.16,9.0,28,False,active,2024-03-18,,2026-01-01 00:00:00,system,2026-01-01 00:00:00,system
2160,907,15,SUP015-HEF-0907,Ridgewell SiteHyd 10W-30 (3 L),6,699.64,15.0,10,False,active,2024-08-26,,2026-01-01 00:00:00,system,2026-01-01 00:00:00,system
2161,907,22,SUP022-HEF-0907,Ridgewell SiteHyd 10W-30 (3 L),6,706.34,12.0,21,False,active,2025-07-17,,2026-01-01 00:00:00,system,2026-01-01 00:00:00,system
2162,908,14,SUP014-HEF-0908,Millbrook BuildForce 10W-30 (5 L),6,1086.97,8.0,5,True,active,2025-04-21,,2026-01-01 00:00:00,system,2026-01-01 00:00:00,system
2163,908,22,SUP022-HEF-0908,Millbrook BuildForce 10W-30 (5 L),6,1279.55,5.0,25,False,active,2025-10-30,,2026-01-01 00:00:00,system,2026-01-01 00:00:00,system
2164,909,22,SUP022-HEF-0909,Highpoint EarthMove 10W-30 (10 L),6,2335.81,6.0,21,False,inactive,2025-03-05,2025-07-26,2026-01-01 00:00:00,system,2026-01-01 00:00:00,system
2165,909,11,SUP011-HEF-0909,Highpoint EarthMove 10W-30 (10 L),6,2289.39,7.0,6,False,inactive,2024-11-09,2025-11-11,2026-01-01 00:00:00,system,2026-01-01 00:00:00,system
2166,909,2,SUP002-HEF-0909,Highpoint EarthMove 10W-30 (10 L),6,2103.11,6.0,12,False,inactive,2025-02-11,2025-09-03,2026-01-01 00:00:00,system,2026-01-01 00:00:00,system
2167,910,6,SUP006-HEF-0910,Fieldmark EquipHyd 10W-30 (15 L),6,3228.37,6.0,10,True,active,2025-08-09,,2026-01-01 00:00:00,system,2026-01-01 00:00:00,system
2168,910,7,SUP007-HEF-0910,Fieldmark EquipHyd 10W-30 (15 L),6,3006.01,7.0,14,False,active,2025-02-22,,2026-01-01 00:00:00,system,2026-01-01 00:00:00,system
2169,911,3,SUP003-HEF-0911,Northmark SiteHyd 15W-40 (20 L),6,3986.58,7.0,9,True,active,2025-08-07,,2026-01-01 00:00:00,system,2026-01-01 00:00:00,system
2170,912,3,SUP003-HEF-0912,Ironcrest BuildForce 15W-40 (25 L),6,5172.36,7.0,8,True,active,2025-03-27,,2026-01-01 00:00:00,system,2026-01-01 00:00:00,system
2171,912,12,SUP012-HEF-0912,Ironcrest BuildForce 15W-40 (25 L),6,5479.72,7.0,9,False,active,2024-05-23,,2026-01-01 00:00:00,system,2026-01-01 00:00:00,system
2172,912,23,SUP023-HEF-0912,Ironcrest BuildForce 15W-40 (25 L),6,5030.56,5.0,14,False,active,2025-07-01,,2026-01-01 00:00:00,system,2026-01-01 00:00:00,system
2173,913,2,SUP002-HEF-0913,Redstone EarthMove 15W-40 (30 L),6,6255.86,5.0,9,True,active,2025-01-27,,2026-01-01 00:00:00,system,2026-01-01 00:00:00,system
2174,913,5,SUP005-HEF-0913,Redstone EarthMove 15W-40 (30 L),6,5940.57,6.0,12,False,active,2024-05-11,,2026-01-01 00:00:00,system,2026-01-01 00:00:00,system
2175,913,7,SUP007-HEF-0913,Redstone EarthMove 15W-40 (30 L),6,6462.71,5.0,12,False,active,2024-02-14,,2026-01-01 00:00:00,system,2026-01-01 00:00:00,system
2176,914,1,SUP001-HEF-0914,Westmark EquipHyd 15W-40 (50 L),6,10464.93,2.0,6,False,inactive,2025-06-11,2025-12-29,2026-01-01 00:00:00,system,2026-01-01 00:00:00,system
2177,914,20,SUP020-HEF-0914,Westmark EquipHyd 15W-40 (50 L),6,12599.43,2.0,23,False,inactive,2024-08-20,2025-04-06,2026-01-01 00:00:00,system,2026-01-01 00:00:00,system
2178,914,21,SUP021-HEF-0914,Westmark EquipHyd 15W-40 (50 L),6,11428.0,2.0,31,False,inactive,2024-03-21,2025-02-03,2026-01-01 00:00:00,system,2026-01-01 00:00:00,system
2179,915,23,SUP023-HEF-0915,Crestfield SiteHyd 10W (55 L),6,11194.32,2.0,13,False,active,2024-10-23,,2026-01-01 00:00:00,system,2026-01-01 00:00:00,system
2180,915,3,SUP003-HEF-0915,Crestfield SiteHyd 10W (55 L),6,10990.14,2.0,10,False,active,2024-11-01,,2026-01-01 00:00:00,system,2026-01-01 00:00:00,system
2181,915,11,SUP011-HEF-0915,Crestfield SiteHyd 10W (55 L),6,12065.46,2.0,6,False,active,2024-09-27,,2026-01-01 00:00:00,system,2026-01-01 00:00:00,system
2182,915,8,SUP008-HEF-0915,Crestfield SiteHyd 10W (55 L),6,11560.91,2.0,12,True,active,2024-07-14,,2026-01-01 00:00:00,system,2026-01-01 00:00:00,system
2183,916,8,SUP008-HEF-0916,Stonebridge BuildForce 10W (180 L),6,36561.65,2.0,12,False,active,2025-02-09,,2026-01-01 00:00:00,system,2026-01-01 00:00:00,system
2184,916,15,SUP015-HEF-0916,Stonebridge BuildForce 10W (180 L),6,39990.73,3.0,6,True,active,2024-02-17,,2026-01-01 00:00:00,system,2026-01-01 00:00:00,system
2185,916,2,SUP002-HEF-0916,Stonebridge BuildForce 10W (180 L),6,35998.88,2.0,13,False,active,2024-04-06,,2026-01-01 00:00:00,system,2026-01-01 00:00:00,system
2186,916,11,SUP011-HEF-0916,Stonebridge BuildForce 10W (180 L),6,40440.27,2.0,7,False,active,2024-12-20,,2026-01-01 00:00:00,system,2026-01-01 00:00:00,system
2187,917,4,SUP004-HEF-0917,Ridgewell EarthMove 10W (210 L),6,43087.73,1.0,10,False,active,2024-11-08,,2026-01-01 00:00:00,system,2026-01-01 00:00:00,system
2188,917,1,SUP001-HEF-0917,Ridgewell EarthMove 10W (210 L),6,40551.25,1.0,8,True,active,2025-03-15,,2026-01-01 00:00:00,system,2026-01-01 00:00:00,system
2189,918,16,SUP016-HEF-0918,Millbrook EquipHyd 10W (500 L),1,223.25,500.0,5,False,inactive,2024-10-04,2025-10-09,2026-01-01 00:00:00,system,2026-01-01 00:00:00,system
2190,918,4,SUP004-HEF-0918,Millbrook EquipHyd 10W (500 L),1,187.04,600.0,11,False,inactive,2024-02-17,2025-06-08,2026-01-01 00:00:00,system,2026-01-01 00:00:00,system
2191,919,23,SUP023-HEF-0919,Highpoint SiteHyd 10W-30 (1000 L),1,177.06,800.0,15,True,active,2024-12-02,,2026-01-01 00:00:00,system,2026-01-01 00:00:00,system
2192,920,15,SUP015-HEF-0920,Fieldmark BuildForce 10W-30 (2000 L),1,216.44,2900.0,10,False,inactive,2024-11-09,2025-06-19,2026-01-01 00:00:00,system,2026-01-01 00:00:00,system
2193,920,6,SUP006-HEF-0920,Fieldmark BuildForce 10W-30 (2000 L),1,195.57,2350.0,11,False,inactive,2024-06-16,2025-04-08,2026-01-01 00:00:00,system,2026-01-01 00:00:00,system
2194,920,10,SUP010-HEF-0920,Fieldmark BuildForce 10W-30 (2000 L),1,208.17,2050.0,8,False,inactive,2025-03-15,2025-07-04,2026-01-01 00:00:00,system,2026-01-01 00:00:00,system
2195,921,18,SUP018-HEF-0921,Northmark EarthMove 10W-30 (3 L),6,705.37,14.0,5,True,active,2024-03-02,,2026-01-01 00:00:00,system,2026-01-01 00:00:00,system
2196,922,11,SUP011-HEF-0922,Ironcrest EquipHyd 10W-30 (5 L),6,1194.93,8.0,10,False,inactive,2024-07-31,2025-02-20,2026-01-01 00:00:00,system,2026-01-01 00:00:00,system
2197,922,18,SUP018-HEF-0922,Ironcrest EquipHyd 10W-30 (5 L),6,1234.81,9.0,5,False,inactive,2024-12-02,2025-08-11,2026-01-01 00:00:00,system,2026-01-01 00:00:00,system
2198,922,10,SUP010-HEF-0922,Ironcrest EquipHyd 10W-30 (5 L),6,1091.27,6.0,3,False,inactive,2024-09-07,2025-11-01,2026-01-01 00:00:00,system,2026-01-01 00:00:00,system
2199,922,4,SUP004-HEF-0922,Ironcrest EquipHyd 10W-30 (5 L),6,1023.55,7.0,9,False,inactive,2024-07-26,2025-10-20,2026-01-01 00:00:00,system,2026-01-01 00:00:00,system
2200,923,2,SUP002-HEF-0923,Redstone SiteHyd 15W-40 (10 L),6,2181.79,7.0,9,True,active,2024-06-23,,2026-01-01 00:00:00,system,2026-01-01 00:00:00,system
2201,923,7,SUP007-HEF-0923,Redstone SiteHyd 15W-40 (10 L),6,2185.32,5.0,12,False,active,2025-06-16,,2026-01-01 00:00:00,system,2026-01-01 00:00:00,system
2202,924,2,SUP002-HEF-0924,Westmark BuildForce 15W-40 (15 L),6,3257.08,6.0,12,True,active,2024-09-04,,2026-01-01 00:00:00,system,2026-01-01 00:00:00,system
2203,925,13,SUP013-HEF-0925,Crestfield EarthMove 15W-40 (20 L),6,4498.45,7.0,6,False,active,2024-09-13,,2026-01-01 00:00:00,system,2026-01-01 00:00:00,system
2204,925,1,SUP001-HEF-0925,Crestfield EarthMove 15W-40 (20 L),6,4119.08,7.0,6,True,active,2025-11-15,,2026-01-01 00:00:00,system,2026-01-01 00:00:00,system
2205,926,5,SUP005-HEF-0926,Stonebridge EquipHyd 15W-40 (25 L),6,5101.0,6.0,12,False,inactive,2024-12-02,2025-08-13,2026-01-01 00:00:00,system,2026-01-01 00:00:00,system
2206,926,21,SUP021-HEF-0926,Stonebridge EquipHyd 15W-40 (25 L),6,5965.65,6.0,32,False,inactive,2024-08-07,2025-11-19,2026-01-01 00:00:00,system,2026-01-01 00:00:00,system
2207,927,9,SUP009-HEF-0927,Ridgewell SiteHyd 10W (30 L),6,6722.99,8.0,5,False,active,2024-02-27,,2026-01-01 00:00:00,system,2026-01-01 00:00:00,system
2208,927,6,SUP006-HEF-0927,Ridgewell SiteHyd 10W (30 L),6,6307.09,7.0,11,False,active,2024-08-01,,2026-01-01 00:00:00,system,2026-01-01 00:00:00,system
2209,927,14,SUP014-HEF-0927,Ridgewell SiteHyd 10W (30 L),6,6789.26,7.0,6,True,active,2024-12-17,,2026-01-01 00:00:00,system,2026-01-01 00:00:00,system
2210,928,11,SUP011-HEF-0928,Millbrook BuildForce 10W (50 L),6,11473.59,3.0,8,False,inactive,2025-05-31,2025-11-12,2026-01-01 00:00:00,system,2026-01-01 00:00:00,system
2211,928,18,SUP018-HEF-0928,Millbrook BuildForce 10W (50 L),6,11118.23,3.0,6,False,inactive,2024-02-03,2025-07-27,2026-01-01 00:00:00,system,2026-01-01 00:00:00,system
2212,928,1,SUP001-HEF-0928,Millbrook BuildForce 10W (50 L),6,10230.68,2.0,9,False,inactive,2024-03-29,2025-01-13,2026-01-01 00:00:00,system,2026-01-01 00:00:00,system
2213,928,13,SUP013-HEF-0928,Millbrook BuildForce 10W (50 L),6,11255.5,2.0,4,False,inactive,2024-09-29,2025-06-24,2026-01-01 00:00:00,system,2026-01-01 00:00:00,system
2214,929,9,SUP009-HEF-0929,Highpoint EarthMove 10W (55 L),6,12836.83,2.0,9,False,active,2025-07-05,,2026-01-01 00:00:00,system,2026-01-01 00:00:00,system
2215,929,3,SUP003-HEF-0929,Highpoint EarthMove 10W (55 L),6,11315.9,2.0,12,True,active,2024-09-14,,2026-01-01 00:00:00,system,2026-01-01 00:00:00,system
2216,930,3,SUP003-HEF-0930,Fieldmark EquipHyd 10W (180 L),6,36438.1,2.0,9,True,active,2025-05-28,,2026-01-01 00:00:00,system,2026-01-01 00:00:00,system
2217,931,9,SUP009-HEF-0931,Northmark AgriFlow UTTO 10W-30 (3 L),6,693.63,16.0,4,True,active,2024-06-29,,2026-01-01 00:00:00,system,2026-01-01 00:00:00,system
2218,931,16,SUP016-HEF-0931,Northmark AgriFlow UTTO 10W-30 (3 L),6,669.44,18.0,4,False,active,2025-12-31,,2026-01-01 00:00:00,system,2026-01-01 00:00:00,system
2219,932,22,SUP022-HEF-0932,Ironcrest FarmPower UTTO 10W-30 (5 L),6,1148.04,6.0,20,False,active,2025-06-15,,2026-01-01 00:00:00,system,2026-01-01 00:00:00,system
2220,932,2,SUP002-HEF-0932,Ironcrest FarmPower UTTO 10W-30 (5 L),6,990.67,7.0,12,False,active,2025-05-03,,2026-01-01 00:00:00,system,2026-01-01 00:00:00,system
2221,932,17,SUP017-HEF-0932,Ironcrest FarmPower UTTO 10W-30 (5 L),6,1207.44,7.0,9,True,active,2024-03-04,,2026-01-01 00:00:00,system,2026-01-01 00:00:00,system
2222,933,9,SUP009-HEF-0933,Redstone FieldHyd UTTO 10W-30 (10 L),6,2210.38,7.0,6,True,active,2024-04-05,,2026-01-01 00:00:00,system,2026-01-01 00:00:00,system
2223,934,7,SUP007-HEF-0934,Westmark CropForce UTTO 10W-30 (15 L),6,3185.94,7.0,10,False,active,2024-05-26,,2026-01-01 00:00:00,system,2026-01-01 00:00:00,system
2224,934,9,SUP009-HEF-0934,Westmark CropForce UTTO 10W-30 (15 L),6,3440.66,7.0,4,True,active,2024-05-14,,2026-01-01 00:00:00,system,2026-01-01 00:00:00,system
2225,934,18,SUP018-HEF-0934,Westmark CropForce UTTO 10W-30 (15 L),6,3579.33,7.0,4,False,active,2024-12-18,,2026-01-01 00:00:00,system,2026-01-01 00:00:00,system
2226,934,22,SUP022-HEF-0934,Westmark CropForce UTTO 10W-30 (15 L),6,3436.2,6.0,20,False,active,2025-09-13,,2026-01-01 00:00:00,system,2026-01-01 00:00:00,system
2227,935,6,SUP006-HEF-0935,Crestfield AgriFlow STOU 10W-30 (20 L),6,4386.63,7.0,11,False,inactive,2024-05-29,2025-05-17,2026-01-01 00:00:00,system,2026-01-01 00:00:00,system
2228,935,17,SUP017-HEF-0935,Crestfield AgriFlow STOU 10W-30 (20 L),6,4642.78,9.0,6,False,inactive,2025-01-16,2025-11-06,2026-01-01 00:00:00,system,2026-01-01 00:00:00,system
2229,935,13,SUP013-HEF-0935,Crestfield AgriFlow STOU 10W-30 (20 L),6,4418.73,6.0,5,False,inactive,2025-08-26,2025-11-17,2026-01-01 00:00:00,system,2026-01-01 00:00:00,system
2230,935,4,SUP004-HEF-0935,Crestfield AgriFlow STOU 10W-30 (20 L),6,4296.59,6.0,5,False,inactive,2025-03-10,2025-11-24,2026-01-01 00:00:00,system,2026-01-01 00:00:00,system
2231,936,17,SUP017-HEF-0936,Stonebridge FarmPower STOU 10W-30 (25 L),6,5641.07,7.0,9,False,active,2024-03-28,,2026-01-01 00:00:00,system,2026-01-01 00:00:00,system
2232,936,14,SUP014-HEF-0936,Stonebridge FarmPower STOU 10W-30 (25 L),6,5570.87,6.0,4,False,active,2025-01-29,,2026-01-01 00:00:00,system,2026-01-01 00:00:00,system
2233,936,8,SUP008-HEF-0936,Stonebridge FarmPower STOU 10W-30 (25 L),6,5482.06,6.0,9,True,active,2024-05-13,,2026-01-01 00:00:00,system,2026-01-01 00:00:00,system
2234,937,5,SUP005-HEF-0937,Ridgewell FieldHyd STOU 10W-30 (30 L),6,6303.28,6.0,14,True,active,2024-06-27,,2026-01-01 00:00:00,system,2026-01-01 00:00:00,system
2235,938,2,SUP002-HEF-0938,Millbrook CropForce STOU 10W-30 (50 L),6,10294.2,2.0,12,True,active,2025-01-16,,2026-01-01 00:00:00,system,2026-01-01 00:00:00,system
2236,938,15,SUP015-HEF-0938,Millbrook CropForce STOU 10W-30 (50 L),6,11814.25,3.0,10,False,active,2025-07-23,,2026-01-01 00:00:00,system,2026-01-01 00:00:00,system
2237,939,14,SUP014-HEF-0939,Highpoint AgriFlow 15W-40 (55 L),6,12826.67,3.0,3,True,active,2024-01-29,,2026-01-01 00:00:00,system,2026-01-01 00:00:00,system
2238,939,17,SUP017-HEF-0939,Highpoint AgriFlow 15W-40 (55 L),6,12955.33,3.0,7,False,active,2024-07-10,,2026-01-01 00:00:00,system,2026-01-01 00:00:00,system
2239,939,4,SUP004-HEF-0939,Highpoint AgriFlow 15W-40 (55 L),6,11806.11,2.0,8,False,active,2025-04-21,,2026-01-01 00:00:00,system,2026-01-01 00:00:00,system
2240,940,2,SUP002-HEF-0940,Fieldmark FarmPower 15W-40 (180 L),6,35898.26,2.0,13,True,active,2025-07-23,,2026-01-01 00:00:00,system,2026-01-01 00:00:00,system
2241,941,2,SUP002-HEF-0941,Northmark FieldHyd 15W-40 (210 L),6,41220.42,1.0,12,True,active,2025-09-07,,2026-01-01 00:00:00,system,2026-01-01 00:00:00,system
2242,942,6,SUP006-HEF-0942,Ironcrest CropForce 15W-40 (500 L),1,188.37,550.0,13,True,active,2025-05-22,,2026-01-01 00:00:00,system,2026-01-01 00:00:00,system
2243,942,20,SUP020-HEF-0942,Ironcrest CropForce 15W-40 (500 L),1,218.0,500.0,27,False,active,2025-11-05,,2026-01-01 00:00:00,system,2026-01-01 00:00:00,system
2244,943,7,SUP007-HEF-0943,Redstone AgriFlow UTTO 10W-30 (1000 L),1,187.13,1050.0,15,True,active,2024-01-22,,2026-01-01 00:00:00,system,2026-01-01 00:00:00,system
2245,944,13,SUP013-HEF-0944,Westmark FarmPower UTTO 10W-30 (2000 L),1,196.18,2000.0,6,False,active,2025-10-28,,2026-01-01 00:00:00,system,2026-01-01 00:00:00,system
2246,944,4,SUP004-HEF-0944,Westmark FarmPower UTTO 10W-30 (2000 L),1,200.41,1700.0,11,False,active,2025-09-05,,2026-01-01 00:00:00,system,2026-01-01 00:00:00,system
2247,944,11,SUP011-HEF-0944,Westmark FarmPower UTTO 10W-30 (2000 L),1,201.28,2400.0,8,True,active,2025-09-08,,2026-01-01 00:00:00,system,2026-01-01 00:00:00,system
2248,945,2,SUP002-HEF-0945,Crestfield FieldHyd UTTO 10W-30 (3 L),6,609.75,13.0,13,False,active,2025-04-16,,2026-01-01 00:00:00,system,2026-01-01 00:00:00,system
2249,945,14,SUP014-HEF-0945,Crestfield FieldHyd UTTO 10W-30 (3 L),6,671.88,15.0,4,False,active,2025-08-16,,2026-01-01 00:00:00,system,2026-01-01 00:00:00,system
2250,945,6,SUP006-HEF-0945,Crestfield FieldHyd UTTO 10W-30 (3 L),6,630.57,14.0,12,True,active,2024-10-27,,2026-01-01 00:00:00,system,2026-01-01 00:00:00,system
2251,945,5,SUP005-HEF-0945,Crestfield FieldHyd UTTO 10W-30 (3 L),6,647.19,13.0,11,False,active,2024-08-09,,2026-01-01 00:00:00,system,2026-01-01 00:00:00,system
2252,946,8,SUP008-HEF-0946,Stonebridge CropForce UTTO 10W-30 (5 L),6,1076.16,6.0,10,True,active,2024-10-16,,2026-01-01 00:00:00,system,2026-01-01 00:00:00,system
2253,947,8,SUP008-HEF-0947,Ridgewell AgriFlow STOU 10W-30 (10 L),6,2159.11,7.0,9,False,inactive,2024-12-17,2025-12-28,2026-01-01 00:00:00,system,2026-01-01 00:00:00,system
2254,947,18,SUP018-HEF-0947,Ridgewell AgriFlow STOU 10W-30 (10 L),6,2363.61,7.0,9,False,inactive,2024-03-22,2025-05-19,2026-01-01 00:00:00,system,2026-01-01 00:00:00,system
2255,948,18,SUP018-HEF-0948,Millbrook FarmPower STOU 10W-30 (15 L),6,3409.28,8.0,4,True,active,2024-05-28,,2026-01-01 00:00:00,system,2026-01-01 00:00:00,system
2256,948,9,SUP009-HEF-0948,Millbrook FarmPower STOU 10W-30 (15 L),6,3521.95,8.0,4,False,active,2025-06-05,,2026-01-01 00:00:00,system,2026-01-01 00:00:00,system
2257,949,9,SUP009-HEF-0949,Highpoint FieldHyd STOU 10W-30 (20 L),6,4519.24,7.0,7,False,active,2025-03-07,,2026-01-01 00:00:00,system,2026-01-01 00:00:00,system
2258,949,8,SUP008-HEF-0949,Highpoint FieldHyd STOU 10W-30 (20 L),6,4046.82,5.0,14,True,active,2025-06-25,,2026-01-01 00:00:00,system,2026-01-01 00:00:00,system
2259,949,5,SUP005-HEF-0949,Highpoint FieldHyd STOU 10W-30 (20 L),6,3969.39,6.0,15,False,active,2025-06-25,,2026-01-01 00:00:00,system,2026-01-01 00:00:00,system
2260,950,16,SUP016-HEF-0950,Fieldmark CropForce STOU 10W-30 (25 L),6,5518.14,8.0,5,False,inactive,2024-08-03,2025-02-14,2026-01-01 00:00:00,system,2026-01-01 00:00:00,system
2261,950,9,SUP009-HEF-0950,Fieldmark CropForce STOU 10W-30 (25 L),6,5591.07,8.0,8,False,inactive,2024-10-15,2025-12-31,2026-01-01 00:00:00,system,2026-01-01 00:00:00,system
2262,950,13,SUP013-HEF-0950,Fieldmark CropForce STOU 10W-30 (25 L),6,5929.31,6.0,7,False,inactive,2024-04-23,2025-05-21,2026-01-01 00:00:00,system,2026-01-01 00:00:00,system
2263,950,4,SUP004-HEF-0950,Fieldmark CropForce STOU 10W-30 (25 L),6,5273.8,6.0,8,False,inactive,2024-11-17,2025-08-26,2026-01-01 00:00:00,system,2026-01-01 00:00:00,system
2264,951,16,SUP016-HEF-0951,Northmark AgriFlow 15W-40 (30 L),6,7255.29,8.0,6,False,active,2024-08-18,,2026-01-01 00:00:00,system,2026-01-01 00:00:00,system
2265,951,14,SUP014-HEF-0951,Northmark AgriFlow 15W-40 (30 L),6,6781.72,7.0,4,False,active,2025-12-20,,2026-01-01 00:00:00,system,2026-01-01 00:00:00,system
2266,951,2,SUP002-HEF-0951,Northmark AgriFlow 15W-40 (30 L),6,6234.07,5.0,13,True,active,2024-05-31,,2026-01-01 00:00:00,system,2026-01-01 00:00:00,system
2267,952,15,SUP015-HEF-0952,Ironcrest FarmPower 15W-40 (50 L),6,11795.73,3.0,7,False,active,2024-03-25,,2026-01-01 00:00:00,system,2026-01-01 00:00:00,system
2268,952,18,SUP018-HEF-0952,Ironcrest FarmPower 15W-40 (50 L),6,11634.49,3.0,7,True,active,2025-06-21,,2026-01-01 00:00:00,system,2026-01-01 00:00:00,system
2269,952,3,SUP003-HEF-0952,Ironcrest FarmPower 15W-40 (50 L),6,9912.07,2.0,11,False,active,2025-06-24,,2026-01-01 00:00:00,system,2026-01-01 00:00:00,system
2270,953,16,SUP016-HEF-0953,Redstone FieldHyd 15W-40 (55 L),6,13274.03,2.0,5,True,active,2025-02-14,,2026-01-01 00:00:00,system,2026-01-01 00:00:00,system
2271,953,9,SUP009-HEF-0953,Redstone FieldHyd 15W-40 (55 L),6,12383.45,2.0,9,False,active,2025-08-31,,2026-01-01 00:00:00,system,2026-01-01 00:00:00,system
2272,954,7,SUP007-HEF-0954,Westmark CropForce 15W-40 (180 L),6,33880.21,2.0,16,True,active,2025-04-25,,2026-01-01 00:00:00,system,2026-01-01 00:00:00,system
2273,954,3,SUP003-HEF-0954,Westmark CropForce 15W-40 (180 L),6,36620.81,2.0,9,False,active,2024-07-22,,2026-01-01 00:00:00,system,2026-01-01 00:00:00,system
2274,954,15,SUP015-HEF-0954,Westmark CropForce 15W-40 (180 L),6,42019.87,3.0,8,False,active,2024-10-05,,2026-01-01 00:00:00,system,2026-01-01 00:00:00,system
2275,955,7,SUP007-HEF-0955,Crestfield AgriFlow UTTO 10W-30 (210 L),6,39655.9,1.0,14,False,active,2024-10-25,,2026-01-01 00:00:00,system,2026-01-01 00:00:00,system
2276,955,4,SUP004-HEF-0955,Crestfield AgriFlow UTTO 10W-30 (210 L),6,39734.27,1.0,8,True,active,2025-05-08,,2026-01-01 00:00:00,system,2026-01-01 00:00:00,system
2277,956,23,SUP023-HEF-0956,Stonebridge FarmPower UTTO 10W-30 (500 L),1,183.16,400.0,16,True,active,2025-06-16,,2026-01-01 00:00:00,system,2026-01-01 00:00:00,system
2278,956,2,SUP002-HEF-0956,Stonebridge FarmPower UTTO 10W-30 (500 L),1,195.57,450.0,13,False,active,2024-01-18,,2026-01-01 00:00:00,system,2026-01-01 00:00:00,system
2279,957,15,SUP015-HEF-0957,Ridgewell FieldHyd UTTO 10W-30 (1000 L),1,214.2,1250.0,7,False,active,2024-12-11,,2026-01-01 00:00:00,system,2026-01-01 00:00:00,system
2280,957,4,SUP004-HEF-0957,Ridgewell FieldHyd UTTO 10W-30 (1000 L),1,195.98,1100.0,9,False,active,2024-08-21,,2026-01-01 00:00:00,system,2026-01-01 00:00:00,system
2281,957,6,SUP006-HEF-0957,Ridgewell FieldHyd UTTO 10W-30 (1000 L),1,182.46,900.0,12,True,active,2025-01-29,,2026-01-01 00:00:00,system,2026-01-01 00:00:00,system
2282,958,11,SUP011-HEF-0958,Millbrook CropForce UTTO 10W-30 (2000 L),1,208.82,2450.0,10,False,active,2024-03-22,,2026-01-01 00:00:00,system,2026-01-01 00:00:00,system
2283,958,6,SUP006-HEF-0958,Millbrook CropForce UTTO 10W-30 (2000 L),1,182.62,1950.0,10,True,active,2025-11-03,,2026-01-01 00:00:00,system,2026-01-01 00:00:00,system
2284,958,12,SUP012-HEF-0958,Millbrook CropForce UTTO 10W-30 (2000 L),1,206.71,2850.0,12,False,active,2025-11-24,,2026-01-01 00:00:00,system,2026-01-01 00:00:00,system
2285,959,6,SUP006-HEF-0959,Highpoint AgriFlow STOU 10W-30 (3 L),6,601.97,14.0,7,False,active,2025-01-07,,2026-01-01 00:00:00,system,2026-01-01 00:00:00,system
2286,959,4,SUP004-HEF-0959,Highpoint AgriFlow STOU 10W-30 (3 L),6,610.95,11.0,10,True,active,2025-03-09,,2026-01-01 00:00:00,system,2026-01-01 00:00:00,system
2287,960,17,SUP017-HEF-0960,Fieldmark FarmPower STOU 10W-30 (5 L),6,1234.99,8.0,10,False,active,2024-03-04,,2026-01-01 00:00:00,system,2026-01-01 00:00:00,system
2288,960,23,SUP023-HEF-0960,Fieldmark FarmPower STOU 10W-30 (5 L),6,1060.61,6.0,17,False,active,2025-05-20,,2026-01-01 00:00:00,system,2026-01-01 00:00:00,system
2289,960,2,SUP002-HEF-0960,Fieldmark FarmPower STOU 10W-30 (5 L),6,1084.82,6.0,10,True,active,2025-11-20,,2026-01-01 00:00:00,system,2026-01-01 00:00:00,system
2290,960,1,SUP001-HEF-0960,Fieldmark FarmPower STOU 10W-30 (5 L),6,1092.43,6.0,11,False,active,2024-07-17,,2026-01-01 00:00:00,system,2026-01-01 00:00:00,system
2291,961,17,SUP017-HEF-0961,Northmark FieldHyd STOU 10W-30 (10 L),6,2325.92,7.0,8,False,active,2025-11-18,,2026-01-01 00:00:00,system,2026-01-01 00:00:00,system
2292,961,12,SUP012-HEF-0961,Northmark FieldHyd STOU 10W-30 (10 L),6,2179.41,7.0,7,True,active,2024-04-17,,2026-01-01 00:00:00,system,2026-01-01 00:00:00,system
2293,961,5,SUP005-HEF-0961,Northmark FieldHyd STOU 10W-30 (10 L),6,2112.7,7.0,14,False,active,2025-03-30,,2026-01-01 00:00:00,system,2026-01-01 00:00:00,system
2294,962,6,SUP006-HEF-0962,Ironcrest CropForce STOU 10W-30 (15 L),6,3035.01,6.0,10,True,active,2024-01-20,,2026-01-01 00:00:00,system,2026-01-01 00:00:00,system
2295,962,12,SUP012-HEF-0962,Ironcrest CropForce STOU 10W-30 (15 L),6,3404.86,8.0,9,False,active,2024-12-27,,2026-01-01 00:00:00,system,2026-01-01 00:00:00,system
2296,963,7,SUP007-HEF-0963,Redstone AgriFlow 15W-40 (20 L),6,4111.32,7.0,14,True,active,2025-05-08,,2026-01-01 00:00:00,system,2026-01-01 00:00:00,system
2297,963,17,SUP017-HEF-0963,Redstone AgriFlow 15W-40 (20 L),6,4896.78,7.0,10,False,active,2025-09-24,,2026-01-01 00:00:00,system,2026-01-01 00:00:00,system
2298,964,14,SUP014-HEF-0964,Westmark FarmPower 15W-40 (25 L),6,5924.21,7.0,7,True,active,2025-08-07,,2026-01-01 00:00:00,system,2026-01-01 00:00:00,system
2299,964,7,SUP007-HEF-0964,Westmark FarmPower 15W-40 (25 L),6,5131.32,5.0,10,False,active,2025-12-29,,2026-01-01 00:00:00,system,2026-01-01 00:00:00,system
2300,965,8,SUP008-HEF-0965,Crestfield FieldHyd 15W-40 (30 L),6,5949.36,6.0,14,True,active,2024-05-27,,2026-01-01 00:00:00,system,2026-01-01 00:00:00,system
2301,965,13,SUP013-HEF-0965,Crestfield FieldHyd 15W-40 (30 L),6,6958.94,7.0,7,False,active,2025-12-12,,2026-01-01 00:00:00,system,2026-01-01 00:00:00,system
2302,966,7,SUP007-HEF-0966,Stonebridge CropForce 15W-40 (50 L),6,10237.01,2.0,15,False,active,2025-05-20,,2026-01-01 00:00:00,system,2026-01-01 00:00:00,system
2303,966,12,SUP012-HEF-0966,Stonebridge CropForce 15W-40 (50 L),6,11863.13,2.0,10,True,active,2025-09-18,,2026-01-01 00:00:00,system,2026-01-01 00:00:00,system
2304,967,3,SUP003-HEF-0967,Ridgewell AgriFlow UTTO 10W-30 (55 L),6,12105.99,2.0,11,False,inactive,2024-02-20,2025-01-16,2026-01-01 00:00:00,system,2026-01-01 00:00:00,system
2305,967,16,SUP016-HEF-0967,Ridgewell AgriFlow UTTO 10W-30 (55 L),6,13270.75,2.0,6,False,inactive,2024-05-23,2025-02-26,2026-01-01 00:00:00,system,2026-01-01 00:00:00,system
2306,967,8,SUP008-HEF-0967,Ridgewell AgriFlow UTTO 10W-30 (55 L),6,11258.16,2.0,9,False,inactive,2025-04-06,2025-11-06,2026-01-01 00:00:00,system,2026-01-01 00:00:00,system
2307,968,9,SUP009-HEF-0968,Millbrook FarmPower UTTO 10W-30 (180 L),6,37536.32,3.0,5,True,active,2024-03-06,,2026-01-01 00:00:00,system,2026-01-01 00:00:00,system
2308,968,4,SUP004-HEF-0968,Millbrook FarmPower UTTO 10W-30 (180 L),6,34491.53,2.0,9,False,active,2025-12-27,,2026-01-01 00:00:00,system,2026-01-01 00:00:00,system
2309,968,13,SUP013-HEF-0968,Millbrook FarmPower UTTO 10W-30 (180 L),6,37036.26,3.0,10,False,active,2024-03-15,,2026-01-01 00:00:00,system,2026-01-01 00:00:00,system
2310,969,2,SUP002-HEF-0969,Highpoint FieldHyd UTTO 10W-30 (210 L),6,41486.51,1.0,11,False,active,2024-09-22,,2026-01-01 00:00:00,system,2026-01-01 00:00:00,system
2311,969,6,SUP006-HEF-0969,Highpoint FieldHyd UTTO 10W-30 (210 L),6,41728.06,1.0,9,True,active,2024-04-17,,2026-01-01 00:00:00,system,2026-01-01 00:00:00,system
2312,970,6,SUP006-HEF-0970,Fieldmark CropForce UTTO 10W-30 (500 L),1,199.9,500.0,12,False,active,2025-07-07,,2026-01-01 00:00:00,system,2026-01-01 00:00:00,system
2313,970,5,SUP005-HEF-0970,Fieldmark CropForce UTTO 10W-30 (500 L),1,185.65,450.0,17,True,active,2024-10-17,,2026-01-01 00:00:00,system,2026-01-01 00:00:00,system
2314,971,15,SUP015-GRS-0971,Northmark MultiGrease NLGI 1 (180 KG),6,71978.26,2.0,9,True,active,2025-12-17,,2026-01-01 00:00:00,system,2026-01-01 00:00:00,system
2315,971,17,SUP017-GRS-0971,Northmark MultiGrease NLGI 1 (180 KG),6,72063.56,3.0,9,False,active,2025-08-21,,2026-01-01 00:00:00,system,2026-01-01 00:00:00,system
2316,972,14,SUP014-GRS-0972,Ironcrest GeneralLube NLGI 1 (400 G),6,155.64,28.0,3,False,inactive,2024-07-08,2025-04-01,2026-01-01 00:00:00,system,2026-01-01 00:00:00,system
2317,972,7,SUP007-GRS-0972,Ironcrest GeneralLube NLGI 1 (400 G),6,150.33,27.0,13,False,inactive,2024-08-30,2025-04-25,2026-01-01 00:00:00,system,2026-01-01 00:00:00,system
2318,972,16,SUP016-GRS-0972,Ironcrest GeneralLube NLGI 1 (400 G),6,164.64,27.0,7,False,inactive,2025-09-24,2025-12-16,2026-01-01 00:00:00,system,2026-01-01 00:00:00,system
2319,973,13,SUP013-GRS-0973,Redstone AllRoundGrease NLGI 1 (500 G),6,204.99,13.0,5,True,active,2025-11-15,,2026-01-01 00:00:00,system,2026-01-01 00:00:00,system
2320,973,17,SUP017-GRS-0973,Redstone AllRoundGrease NLGI 1 (500 G),6,195.92,14.0,6,False,active,2025-09-19,,2026-01-01 00:00:00,system,2026-01-01 00:00:00,system
2321,974,13,SUP013-GRS-0974,Westmark MultiGuard NLGI 1 (1 KG),6,407.0,12.0,3,True,active,2025-03-18,,2026-01-01 00:00:00,system,2026-01-01 00:00:00,system
2322,974,5,SUP005-GRS-0974,Westmark MultiGuard NLGI 1 (1 KG),6,359.86,13.0,13,False,active,2024-12-20,,2026-01-01 00:00:00,system,2026-01-01 00:00:00,system
2323,974,12,SUP012-GRS-0974,Westmark MultiGuard NLGI 1 (1 KG),6,396.1,16.0,7,False,active,2025-04-20,,2026-01-01 00:00:00,system,2026-01-01 00:00:00,system
2324,975,11,SUP011-GRS-0975,Crestfield MultiGrease NLGI 2 (2 KG),6,789.52,12.0,7,True,active,2024-03-30,,2026-01-01 00:00:00,system,2026-01-01 00:00:00,system
2325,976,3,SUP003-GRS-0976,Stonebridge GeneralLube NLGI 2 (5 KG),6,1777.17,14.0,12,False,active,2024-08-29,,2026-01-01 00:00:00,system,2026-01-01 00:00:00,system
2326,976,18,SUP018-GRS-0976,Stonebridge GeneralLube NLGI 2 (5 KG),6,2065.64,18.0,6,False,active,2025-02-10,,2026-01-01 00:00:00,system,2026-01-01 00:00:00,system
2327,976,1,SUP001-GRS-0976,Stonebridge GeneralLube NLGI 2 (5 KG),6,1748.29,14.0,7,True,active,2024-05-08,,2026-01-01 00:00:00,system,2026-01-01 00:00:00,system
2328,977,8,SUP008-GRS-0977,Ridgewell AllRoundGrease NLGI 2 (10 KG),6,3607.15,4.0,9,False,active,2024-09-19,,2026-01-01 00:00:00,system,2026-01-01 00:00:00,system
2329,977,4,SUP004-GRS-0977,Ridgewell AllRoundGrease NLGI 2 (10 KG),6,3565.11,4.0,7,False,active,2024-10-26,,2026-01-01 00:00:00,system,2026-01-01 00:00:00,system
2330,977,12,SUP012-GRS-0977,Ridgewell AllRoundGrease NLGI 2 (10 KG),6,3715.72,4.0,7,True,active,2025-07-02,,2026-01-01 00:00:00,system,2026-01-01 00:00:00,system
2331,978,9,SUP009-GRS-0978,Millbrook MultiGuard NLGI 2 (18 KG),6,6786.48,4.0,3,False,active,2024-06-03,,2026-01-01 00:00:00,system,2026-01-01 00:00:00,system
2332,978,6,SUP006-GRS-0978,Millbrook MultiGuard NLGI 2 (18 KG),6,6368.41,4.0,9,True,active,2024-09-28,,2026-01-01 00:00:00,system,2026-01-01 00:00:00,system
2333,979,4,SUP004-GRS-0979,Highpoint MultiGrease NLGI 3 (50 KG),6,18357.8,2.0,9,False,active,2025-05-26,,2026-01-01 00:00:00,system,2026-01-01 00:00:00,system
2334,979,5,SUP005-GRS-0979,Highpoint MultiGrease NLGI 3 (50 KG),6,16952.04,2.0,13,True,active,2025-06-06,,2026-01-01 00:00:00,system,2026-01-01 00:00:00,system
2335,979,13,SUP013-GRS-0979,Highpoint MultiGrease NLGI 3 (50 KG),6,19590.33,3.0,6,False,active,2024-04-07,,2026-01-01 00:00:00,system,2026-01-01 00:00:00,system
2336,980,3,SUP003-GRS-0980,Fieldmark GeneralLube NLGI 3 (180 KG),6,60549.19,2.0,8,True,active,2025-08-19,,2026-01-01 00:00:00,system,2026-01-01 00:00:00,system
2337,980,6,SUP006-GRS-0980,Fieldmark GeneralLube NLGI 3 (180 KG),6,61528.9,2.0,12,False,active,2024-01-14,,2026-01-01 00:00:00,system,2026-01-01 00:00:00,system
2338,981,16,SUP016-GRS-0981,Northmark AllRoundGrease NLGI 3 (400 G),6,154.4,28.0,5,True,active,2025-07-10,,2026-01-01 00:00:00,system,2026-01-01 00:00:00,system
2339,981,11,SUP011-GRS-0981,Northmark AllRoundGrease NLGI 3 (400 G),6,154.94,30.0,6,False,active,2024-04-10,,2026-01-01 00:00:00,system,2026-01-01 00:00:00,system
2340,981,10,SUP010-GRS-0981,Northmark AllRoundGrease NLGI 3 (400 G),6,152.04,29.0,6,False,active,2024-10-10,,2026-01-01 00:00:00,system,2026-01-01 00:00:00,system
2341,981,8,SUP008-GRS-0981,Northmark AllRoundGrease NLGI 3 (400 G),6,145.58,21.0,12,False,active,2025-09-24,,2026-01-01 00:00:00,system,2026-01-01 00:00:00,system
2342,982,7,SUP007-GRS-0982,Ironcrest MultiGuard NLGI 3 (500 G),6,179.56,12.0,13,False,active,2024-10-05,,2026-01-01 00:00:00,system,2026-01-01 00:00:00,system
2343,982,3,SUP003-GRS-0982,Ironcrest MultiGuard NLGI 3 (500 G),6,181.09,13.0,12,True,active,2025-12-02,,2026-01-01 00:00:00,system,2026-01-01 00:00:00,system
2344,983,1,SUP001-GRS-0983,Redstone MultiGrease NLGI 1 (1 KG),6,351.78,11.0,7,True,active,2025-02-20,,2026-01-01 00:00:00,system,2026-01-01 00:00:00,system
2345,983,3,SUP003-GRS-0983,Redstone MultiGrease NLGI 1 (1 KG),6,367.02,12.0,9,False,active,2025-03-04,,2026-01-01 00:00:00,system,2026-01-01 00:00:00,system
2346,984,4,SUP004-GRS-0984,Westmark GeneralLube NLGI 1 (2 KG),6,713.59,13.0,8,False,active,2025-01-22,,2026-01-01 00:00:00,system,2026-01-01 00:00:00,system
2347,984,2,SUP002-GRS-0984,Westmark GeneralLube NLGI 1 (2 KG),6,682.54,12.0,12,True,active,2024-07-23,,2026-01-01 00:00:00,system,2026-01-01 00:00:00,system
2348,984,8,SUP008-GRS-0984,Westmark GeneralLube NLGI 1 (2 KG),6,725.7,11.0,12,False,active,2025-06-17,,2026-01-01 00:00:00,system,2026-01-01 00:00:00,system
2349,985,18,SUP018-GRS-0985,Crestfield AllRoundGrease NLGI 1 (5 KG),6,2051.88,15.0,4,True,active,2025-02-27,,2026-01-01 00:00:00,system,2026-01-01 00:00:00,system
2350,986,7,SUP007-GRS-0986,Stonebridge MultiGuard NLGI 1 (10 KG),6,3521.17,4.0,10,False,active,2024-11-29,,2026-01-01 00:00:00,system,2026-01-01 00:00:00,system
2351,986,14,SUP014-GRS-0986,Stonebridge MultiGuard NLGI 1 (10 KG),6,3783.69,4.0,7,True,active,2025-02-03,,2026-01-01 00:00:00,system,2026-01-01 00:00:00,system
2352,987,4,SUP004-GRS-0987,Ridgewell MultiGrease NLGI 2 (18 KG),6,6305.66,4.0,8,True,active,2024-06-04,,2026-01-01 00:00:00,system,2026-01-01 00:00:00,system
2353,987,8,SUP008-GRS-0987,Ridgewell MultiGrease NLGI 2 (18 KG),6,6325.34,5.0,11,False,active,2024-11-21,,2026-01-01 00:00:00,system,2026-01-01 00:00:00,system
2354,988,14,SUP014-GRS-0988,Millbrook GeneralLube NLGI 2 (50 KG),6,20017.43,2.0,5,True,active,2024-09-03,,2026-01-01 00:00:00,system,2026-01-01 00:00:00,system
2355,988,8,SUP008-GRS-0988,Millbrook GeneralLube NLGI 2 (50 KG),6,18327.68,2.0,13,False,active,2025-07-26,,2026-01-01 00:00:00,system,2026-01-01 00:00:00,system
2356,988,16,SUP016-GRS-0988,Millbrook GeneralLube NLGI 2 (50 KG),6,19610.74,3.0,5,False,active,2025-01-29,,2026-01-01 00:00:00,system,2026-01-01 00:00:00,system
2357,989,17,SUP017-GRS-0989,Highpoint AllRoundGrease NLGI 2 (180 KG),6,66977.68,3.0,10,False,active,2025-10-24,,2026-01-01 00:00:00,system,2026-01-01 00:00:00,system
2358,989,1,SUP001-GRS-0989,Highpoint AllRoundGrease NLGI 2 (180 KG),6,64425.66,2.0,11,False,active,2025-06-12,,2026-01-01 00:00:00,system,2026-01-01 00:00:00,system
2359,989,8,SUP008-GRS-0989,Highpoint AllRoundGrease NLGI 2 (180 KG),6,61051.22,2.0,10,False,active,2025-06-27,,2026-01-01 00:00:00,system,2026-01-01 00:00:00,system
2360,989,4,SUP004-GRS-0989,Highpoint AllRoundGrease NLGI 2 (180 KG),6,60145.5,2.0,9,True,active,2024-08-09,,2026-01-01 00:00:00,system,2026-01-01 00:00:00,system
2361,990,5,SUP005-GRS-0990,Fieldmark MultiGuard NLGI 2 (400 G),6,139.73,26.0,10,False,inactive,2024-04-09,2025-05-15,2026-01-01 00:00:00,system,2026-01-01 00:00:00,system
2362,990,9,SUP009-GRS-0990,Fieldmark MultiGuard NLGI 2 (400 G),6,153.39,26.0,7,False,inactive,2024-07-04,2025-12-22,2026-01-01 00:00:00,system,2026-01-01 00:00:00,system
2363,990,11,SUP011-GRS-0990,Fieldmark MultiGuard NLGI 2 (400 G),6,148.57,27.0,5,False,inactive,2025-02-07,2025-10-15,2026-01-01 00:00:00,system,2026-01-01 00:00:00,system
2364,990,14,SUP014-GRS-0990,Fieldmark MultiGuard NLGI 2 (400 G),6,157.52,24.0,4,False,inactive,2024-05-08,2025-10-07,2026-01-01 00:00:00,system,2026-01-01 00:00:00,system
2365,991,10,SUP010-GRS-0991,Northmark MultiGrease NLGI 3 (500 G),6,200.55,15.0,5,False,active,2024-08-25,,2026-01-01 00:00:00,system,2026-01-01 00:00:00,system
2366,991,1,SUP001-GRS-0991,Northmark MultiGrease NLGI 3 (500 G),6,179.95,10.0,5,True,active,2025-07-25,,2026-01-01 00:00:00,system,2026-01-01 00:00:00,system
2367,991,8,SUP008-GRS-0991,Northmark MultiGrease NLGI 3 (500 G),6,171.82,10.0,9,False,active,2024-03-11,,2026-01-01 00:00:00,system,2026-01-01 00:00:00,system
2368,991,3,SUP003-GRS-0991,Northmark MultiGrease NLGI 3 (500 G),6,172.97,14.0,12,False,active,2024-10-14,,2026-01-01 00:00:00,system,2026-01-01 00:00:00,system
2369,992,18,SUP018-GRS-0992,Ironcrest GeneralLube NLGI 3 (1 KG),6,394.24,15.0,8,False,inactive,2024-07-16,2025-11-30,2026-01-01 00:00:00,system,2026-01-01 00:00:00,system
2370,992,13,SUP013-GRS-0992,Ironcrest GeneralLube NLGI 3 (1 KG),6,380.8,14.0,8,False,inactive,2024-10-24,2025-06-30,2026-01-01 00:00:00,system,2026-01-01 00:00:00,system
2371,993,13,SUP013-GRS-0993,Redstone AllRoundGrease NLGI 3 (2 KG),6,753.43,12.0,6,False,active,2024-07-12,,2026-01-01 00:00:00,system,2026-01-01 00:00:00,system
2372,993,3,SUP003-GRS-0993,Redstone AllRoundGrease NLGI 3 (2 KG),6,679.86,14.0,9,True,active,2025-12-18,,2026-01-01 00:00:00,system,2026-01-01 00:00:00,system
2373,994,11,SUP011-GRS-0994,Westmark MultiGuard NLGI 3 (5 KG),6,1906.83,15.0,9,False,active,2025-03-25,,2026-01-01 00:00:00,system,2026-01-01 00:00:00,system
2374,994,5,SUP005-GRS-0994,Westmark MultiGuard NLGI 3 (5 KG),6,1862.99,12.0,12,False,active,2025-08-17,,2026-01-01 00:00:00,system,2026-01-01 00:00:00,system
2375,994,1,SUP001-GRS-0994,Westmark MultiGuard NLGI 3 (5 KG),6,1872.25,11.0,9,True,active,2024-09-07,,2026-01-01 00:00:00,system,2026-01-01 00:00:00,system
2376,995,10,SUP010-GRS-0995,Crestfield MultiGrease NLGI 1 (10 KG),6,3758.44,5.0,7,True,active,2025-09-19,,2026-01-01 00:00:00,system,2026-01-01 00:00:00,system
2377,995,7,SUP007-GRS-0995,Crestfield MultiGrease NLGI 1 (10 KG),6,3472.62,5.0,9,False,active,2024-10-25,,2026-01-01 00:00:00,system,2026-01-01 00:00:00,system
2378,996,2,SUP002-GRS-0996,Stonebridge GeneralLube NLGI 1 (18 KG),6,6168.52,4.0,11,False,active,2024-07-29,,2026-01-01 00:00:00,system,2026-01-01 00:00:00,system
2379,996,11,SUP011-GRS-0996,Stonebridge GeneralLube NLGI 1 (18 KG),6,6942.7,5.0,9,True,active,2024-08-19,,2026-01-01 00:00:00,system,2026-01-01 00:00:00,system
2380,996,14,SUP014-GRS-0996,Stonebridge GeneralLube NLGI 1 (18 KG),6,6734.8,5.0,2,False,active,2024-12-26,,2026-01-01 00:00:00,system,2026-01-01 00:00:00,system
2381,996,18,SUP018-GRS-0996,Stonebridge GeneralLube NLGI 1 (18 KG),6,7497.61,5.0,4,False,active,2025-05-02,,2026-01-01 00:00:00,system,2026-01-01 00:00:00,system
2382,997,17,SUP017-GRS-0997,Ridgewell AllRoundGrease NLGI 1 (50 KG),6,19901.57,2.0,8,True,active,2024-01-14,,2026-01-01 00:00:00,system,2026-01-01 00:00:00,system
2383,997,5,SUP005-GRS-0997,Ridgewell AllRoundGrease NLGI 1 (50 KG),6,18602.58,2.0,15,False,active,2025-03-08,,2026-01-01 00:00:00,system,2026-01-01 00:00:00,system
2384,997,4,SUP004-GRS-0997,Ridgewell AllRoundGrease NLGI 1 (50 KG),6,16928.61,2.0,5,False,active,2025-08-07,,2026-01-01 00:00:00,system,2026-01-01 00:00:00,system
2385,998,9,SUP009-GRS-0998,Millbrook MultiGuard NLGI 1 (180 KG),6,65629.59,2.0,9,True,active,2024-09-09,,2026-01-01 00:00:00,system,2026-01-01 00:00:00,system
2386,999,1,SUP001-GRS-0999,Highpoint MultiGrease NLGI 2 (400 G),6,140.35,23.0,8,False,active,2024-01-02,,2026-01-01 00:00:00,system,2026-01-01 00:00:00,system
2387,999,4,SUP004-GRS-0999,Highpoint MultiGrease NLGI 2 (400 G),6,147.37,23.0,5,False,active,2025-06-19,,2026-01-01 00:00:00,system,2026-01-01 00:00:00,system
2388,999,7,SUP007-GRS-0999,Highpoint MultiGrease NLGI 2 (400 G),6,136.78,22.0,14,False,active,2024-11-05,,2026-01-01 00:00:00,system,2026-01-01 00:00:00,system
2389,999,13,SUP013-GRS-0999,Highpoint MultiGrease NLGI 2 (400 G),6,153.86,30.0,4,True,active,2025-05-27,,2026-01-01 00:00:00,system,2026-01-01 00:00:00,system
2390,1000,1,SUP001-GRS-1000,Fieldmark GeneralLube NLGI 2 (500 G),6,178.19,11.0,8,True,active,2024-12-23,,2026-01-01 00:00:00,system,2026-01-01 00:00:00,system
2391,1001,11,SUP011-GRS-1001,Northmark EPShield NLGI 1 (500 G),6,193.29,12.0,6,False,active,2024-11-08,,2026-01-01 00:00:00,system,2026-01-01 00:00:00,system
2392,1001,5,SUP005-GRS-1001,Northmark EPShield NLGI 1 (500 G),6,170.33,14.0,15,True,active,2024-05-17,,2026-01-01 00:00:00,system,2026-01-01 00:00:00,system
2393,1002,8,SUP008-GRS-1002,Ironcrest LoadGuard NLGI 1 (1 KG),6,352.54,12.0,13,False,active,2025-08-25,,2026-01-01 00:00:00,system,2026-01-01 00:00:00,system
2394,1002,5,SUP005-GRS-1002,Ironcrest LoadGuard NLGI 1 (1 KG),6,361.29,14.0,12,False,active,2024-11-26,,2026-01-01 00:00:00,system,2026-01-01 00:00:00,system
2395,1002,16,SUP016-GRS-1002,Ironcrest LoadGuard NLGI 1 (1 KG),6,415.64,15.0,3,True,active,2024-10-13,,2026-01-01 00:00:00,system,2026-01-01 00:00:00,system
2396,1003,14,SUP014-GRS-1003,Redstone ExtremeLube NLGI 1 (2 KG),6,795.83,14.0,4,True,active,2025-08-24,,2026-01-01 00:00:00,system,2026-01-01 00:00:00,system
2397,1003,6,SUP006-GRS-1003,Redstone ExtremeLube NLGI 1 (2 KG),6,735.11,14.0,7,False,active,2024-03-04,,2026-01-01 00:00:00,system,2026-01-01 00:00:00,system
2398,1004,2,SUP002-GRS-1004,Westmark EPForce NLGI 1 (5 KG),6,1751.5,11.0,11,True,active,2024-05-15,,2026-01-01 00:00:00,system,2026-01-01 00:00:00,system
2399,1005,2,SUP002-GRS-1005,Crestfield EPShield NLGI 2 (10 KG),6,3671.43,4.0,10,False,active,2024-08-14,,2026-01-01 00:00:00,system,2026-01-01 00:00:00,system
2400,1005,1,SUP001-GRS-1005,Crestfield EPShield NLGI 2 (10 KG),6,3564.44,5.0,6,True,active,2024-04-02,,2026-01-01 00:00:00,system,2026-01-01 00:00:00,system
2401,1006,12,SUP012-GRS-1006,Stonebridge LoadGuard NLGI 2 (18 KG),6,7181.24,4.0,6,True,active,2024-09-20,,2026-01-01 00:00:00,system,2026-01-01 00:00:00,system
2402,1006,16,SUP016-GRS-1006,Stonebridge LoadGuard NLGI 2 (18 KG),6,7531.86,5.0,6,False,active,2025-01-26,,2026-01-01 00:00:00,system,2026-01-01 00:00:00,system
2403,1007,18,SUP018-GRS-1007,Ridgewell ExtremeLube NLGI 2 (50 KG),6,19090.54,3.0,3,True,active,2025-08-01,,2026-01-01 00:00:00,system,2026-01-01 00:00:00,system
2404,1008,13,SUP013-GRS-1008,Millbrook EPForce NLGI 2 (180 KG),6,66858.27,2.0,9,True,active,2025-03-19,,2026-01-01 00:00:00,system,2026-01-01 00:00:00,system
2405,1008,10,SUP010-GRS-1008,Millbrook EPForce NLGI 2 (180 KG),6,69006.84,2.0,6,False,active,2025-12-07,,2026-01-01 00:00:00,system,2026-01-01 00:00:00,system
2406,1009,11,SUP011-GRS-1009,Highpoint EPShield NLGI 3 (400 G),6,154.95,30.0,7,True,active,2024-11-05,,2026-01-01 00:00:00,system,2026-01-01 00:00:00,system
2407,1009,6,SUP006-GRS-1009,Highpoint EPShield NLGI 3 (400 G),6,145.76,22.0,10,False,active,2024-10-18,,2026-01-01 00:00:00,system,2026-01-01 00:00:00,system
2408,1010,14,SUP014-GRS-1010,Fieldmark LoadGuard NLGI 3 (500 G),6,193.96,12.0,5,False,active,2024-03-07,,2026-01-01 00:00:00,system,2026-01-01 00:00:00,system
2409,1010,3,SUP003-GRS-1010,Fieldmark LoadGuard NLGI 3 (500 G),6,178.07,11.0,10,True,active,2025-03-21,,2026-01-01 00:00:00,system,2026-01-01 00:00:00,system
2410,1011,3,SUP003-GRS-1011,Northmark ExtremeLube NLGI 3 (1 KG),6,363.01,14.0,10,False,active,2025-05-11,,2026-01-01 00:00:00,system,2026-01-01 00:00:00,system
2411,1011,5,SUP005-GRS-1011,Northmark ExtremeLube NLGI 3 (1 KG),6,342.72,11.0,15,True,active,2024-01-19,,2026-01-01 00:00:00,system,2026-01-01 00:00:00,system
2412,1011,13,SUP013-GRS-1011,Northmark ExtremeLube NLGI 3 (1 KG),6,375.53,16.0,5,False,active,2024-12-04,,2026-01-01 00:00:00,system,2026-01-01 00:00:00,system
2413,1012,10,SUP010-GRS-1012,Ironcrest EPForce NLGI 3 (2 KG),6,764.92,14.0,4,False,inactive,2024-11-18,2025-08-31,2026-01-01 00:00:00,system,2026-01-01 00:00:00,system
2414,1012,12,SUP012-GRS-1012,Ironcrest EPForce NLGI 3 (2 KG),6,790.79,15.0,5,False,inactive,2024-10-22,2025-06-07,2026-01-01 00:00:00,system,2026-01-01 00:00:00,system
2415,1012,8,SUP008-GRS-1012,Ironcrest EPForce NLGI 3 (2 KG),6,716.98,14.0,8,False,inactive,2024-08-28,2025-12-11,2026-01-01 00:00:00,system,2026-01-01 00:00:00,system
2416,1013,4,SUP004-GRS-1013,Redstone EPShield NLGI 1 (5 KG),6,1808.0,12.0,5,True,active,2025-10-07,,2026-01-01 00:00:00,system,2026-01-01 00:00:00,system
2417,1013,15,SUP015-GRS-1013,Redstone EPShield NLGI 1 (5 KG),6,2013.18,17.0,5,False,active,2024-10-24,,2026-01-01 00:00:00,system,2026-01-01 00:00:00,system
2418,1014,12,SUP012-GRS-1014,Westmark LoadGuard NLGI 1 (10 KG),6,4062.92,4.0,9,False,active,2025-11-10,,2026-01-01 00:00:00,system,2026-01-01 00:00:00,system
2419,1014,6,SUP006-GRS-1014,Westmark LoadGuard NLGI 1 (10 KG),6,3541.45,4.0,7,True,active,2025-10-20,,2026-01-01 00:00:00,system,2026-01-01 00:00:00,system
2420,1015,9,SUP009-GRS-1015,Crestfield ExtremeLube NLGI 1 (18 KG),6,6649.81,4.0,4,False,active,2025-04-17,,2026-01-01 00:00:00,system,2026-01-01 00:00:00,system
2421,1015,3,SUP003-GRS-1015,Crestfield ExtremeLube NLGI 1 (18 KG),6,6645.05,4.0,11,True,active,2024-12-16,,2026-01-01 00:00:00,system,2026-01-01 00:00:00,system
2422,1015,1,SUP001-GRS-1015,Crestfield ExtremeLube NLGI 1 (18 KG),6,6704.45,3.0,9,False,active,2024-05-23,,2026-01-01 00:00:00,system,2026-01-01 00:00:00,system
2423,1016,9,SUP009-GRS-1016,Stonebridge EPForce NLGI 1 (50 KG),6,19424.15,3.0,5,False,inactive,2025-06-18,2025-12-07,2026-01-01 00:00:00,system,2026-01-01 00:00:00,system
2424,1017,9,SUP009-GRS-1017,Ridgewell EPShield NLGI 2 (180 KG),6,65199.93,2.0,7,False,active,2024-10-21,,2026-01-01 00:00:00,system,2026-01-01 00:00:00,system
2425,1017,15,SUP015-GRS-1017,Ridgewell EPShield NLGI 2 (180 KG),6,68371.24,2.0,5,False,active,2024-05-07,,2026-01-01 00:00:00,system,2026-01-01 00:00:00,system
2426,1017,13,SUP013-GRS-1017,Ridgewell EPShield NLGI 2 (180 KG),6,69820.26,3.0,5,True,active,2024-09-02,,2026-01-01 00:00:00,system,2026-01-01 00:00:00,system
2427,1018,7,SUP007-GRS-1018,Millbrook LoadGuard NLGI 2 (400 G),6,150.42,29.0,14,False,active,2025-08-06,,2026-01-01 00:00:00,system,2026-01-01 00:00:00,system
2428,1018,2,SUP002-GRS-1018,Millbrook LoadGuard NLGI 2 (400 G),6,136.25,25.0,10,True,active,2024-03-02,,2026-01-01 00:00:00,system,2026-01-01 00:00:00,system
2429,1018,4,SUP004-GRS-1018,Millbrook LoadGuard NLGI 2 (400 G),6,148.68,28.0,7,False,active,2025-12-18,,2026-01-01 00:00:00,system,2026-01-01 00:00:00,system
2430,1019,5,SUP005-GRS-1019,Highpoint ExtremeLube NLGI 2 (500 G),6,172.03,12.0,15,False,inactive,2025-03-04,2025-09-19,2026-01-01 00:00:00,system,2026-01-01 00:00:00,system
2431,1020,8,SUP008-GRS-1020,Fieldmark EPForce NLGI 2 (1 KG),6,374.16,11.0,9,False,active,2025-02-11,,2026-01-01 00:00:00,system,2026-01-01 00:00:00,system
2432,1020,11,SUP011-GRS-1020,Fieldmark EPForce NLGI 2 (1 KG),6,397.78,14.0,9,True,active,2025-11-05,,2026-01-01 00:00:00,system,2026-01-01 00:00:00,system
2433,1021,1,SUP001-GRS-1021,Northmark EPShield NLGI 3 (2 KG),6,754.83,13.0,5,False,inactive,2024-10-20,2025-07-17,2026-01-01 00:00:00,system,2026-01-01 00:00:00,system
2434,1022,1,SUP001-GRS-1022,Ironcrest LoadGuard NLGI 3 (5 KG),6,1790.15,12.0,8,False,active,2025-11-15,,2026-01-01 00:00:00,system,2026-01-01 00:00:00,system
2435,1022,5,SUP005-GRS-1022,Ironcrest LoadGuard NLGI 3 (5 KG),6,1786.75,14.0,14,False,active,2025-02-08,,2026-01-01 00:00:00,system,2026-01-01 00:00:00,system
2436,1022,4,SUP004-GRS-1022,Ironcrest LoadGuard NLGI 3 (5 KG),6,1699.66,14.0,6,True,active,2025-02-16,,2026-01-01 00:00:00,system,2026-01-01 00:00:00,system
2437,1023,14,SUP014-GRS-1023,Redstone ExtremeLube NLGI 3 (10 KG),6,3858.78,5.0,4,True,active,2025-08-13,,2026-01-01 00:00:00,system,2026-01-01 00:00:00,system
2438,1024,16,SUP016-GRS-1024,Westmark EPForce NLGI 3 (18 KG),6,7495.52,5.0,6,False,active,2025-04-05,,2026-01-01 00:00:00,system,2026-01-01 00:00:00,system
2439,1024,3,SUP003-GRS-1024,Westmark EPForce NLGI 3 (18 KG),6,6301.76,4.0,8,True,active,2024-03-23,,2026-01-01 00:00:00,system,2026-01-01 00:00:00,system
2440,1025,9,SUP009-GRS-1025,Crestfield EPShield NLGI 1 (50 KG),6,20199.07,3.0,5,True,active,2025-04-26,,2026-01-01 00:00:00,system,2026-01-01 00:00:00,system
2441,1025,13,SUP013-GRS-1025,Crestfield EPShield NLGI 1 (50 KG),6,19985.37,3.0,7,False,active,2025-08-01,,2026-01-01 00:00:00,system,2026-01-01 00:00:00,system
2442,1026,3,SUP003-GRS-1026,Stonebridge LoadGuard NLGI 1 (180 KG),6,61608.95,2.0,10,False,active,2024-08-19,,2026-01-01 00:00:00,system,2026-01-01 00:00:00,system
2443,1026,14,SUP014-GRS-1026,Stonebridge LoadGuard NLGI 1 (180 KG),6,63122.96,2.0,4,True,active,2025-11-04,,2026-01-01 00:00:00,system,2026-01-01 00:00:00,system
2444,1026,4,SUP004-GRS-1026,Stonebridge LoadGuard NLGI 1 (180 KG),6,62850.07,2.0,8,False,active,2024-03-30,,2026-01-01 00:00:00,system,2026-01-01 00:00:00,system
2445,1026,2,SUP002-GRS-1026,Stonebridge LoadGuard NLGI 1 (180 KG),6,62228.57,2.0,10,False,active,2024-03-14,,2026-01-01 00:00:00,system,2026-01-01 00:00:00,system
2446,1027,9,SUP009-GRS-1027,Ridgewell ExtremeLube NLGI 1 (400 G),6,149.55,32.0,7,False,active,2025-10-15,,2026-01-01 00:00:00,system,2026-01-01 00:00:00,system
2447,1027,18,SUP018-GRS-1027,Ridgewell ExtremeLube NLGI 1 (400 G),6,168.6,31.0,5,True,active,2025-06-12,,2026-01-01 00:00:00,system,2026-01-01 00:00:00,system
2448,1028,14,SUP014-GRS-1028,Millbrook EPForce NLGI 1 (500 G),6,183.83,14.0,6,False,active,2025-11-19,,2026-01-01 00:00:00,system,2026-01-01 00:00:00,system
2449,1028,4,SUP004-GRS-1028,Millbrook EPForce NLGI 1 (500 G),6,171.88,13.0,4,True,active,2025-05-13,,2026-01-01 00:00:00,system,2026-01-01 00:00:00,system
2450,1029,3,SUP003-GRS-1029,Highpoint EPShield NLGI 2 (1 KG),6,364.86,11.0,12,False,active,2025-02-06,,2026-01-01 00:00:00,system,2026-01-01 00:00:00,system
2451,1029,4,SUP004-GRS-1029,Highpoint EPShield NLGI 2 (1 KG),6,371.39,11.0,7,True,active,2025-10-06,,2026-01-01 00:00:00,system,2026-01-01 00:00:00,system
2452,1030,7,SUP007-GRS-1030,Fieldmark LoadGuard NLGI 2 (2 KG),6,691.01,12.0,14,False,inactive,2024-04-20,2025-10-06,2026-01-01 00:00:00,system,2026-01-01 00:00:00,system
2453,1030,4,SUP004-GRS-1030,Fieldmark LoadGuard NLGI 2 (2 KG),6,701.2,14.0,8,False,inactive,2025-03-14,2025-11-09,2026-01-01 00:00:00,system,2026-01-01 00:00:00,system
2454,1031,10,SUP010-GRS-1031,Northmark ThermoGrease NLGI 2 (2 KG),6,792.04,15.0,5,False,inactive,2024-08-19,2025-11-04,2026-01-01 00:00:00,system,2026-01-01 00:00:00,system
2455,1031,14,SUP014-GRS-1031,Northmark ThermoGrease NLGI 2 (2 KG),6,774.23,15.0,7,False,inactive,2024-10-16,2025-07-05,2026-01-01 00:00:00,system,2026-01-01 00:00:00,system
2456,1032,15,SUP015-GRS-1032,Ironcrest HeatGuard NLGI 2 (5 KG),6,2106.68,13.0,4,True,active,2024-02-17,,2026-01-01 00:00:00,system,2026-01-01 00:00:00,system
2457,1033,3,SUP003-GRS-1033,Redstone TempForce NLGI 2 (10 KG),6,3525.24,4.0,11,False,active,2024-08-25,,2026-01-01 00:00:00,system,2026-01-01 00:00:00,system
2458,1033,6,SUP006-GRS-1033,Redstone TempForce NLGI 2 (10 KG),6,3589.21,5.0,10,True,active,2024-03-16,,2026-01-01 00:00:00,system,2026-01-01 00:00:00,system
2459,1034,12,SUP012-GRS-1034,Westmark HeatShield NLGI 2 (18 KG),6,7259.29,4.0,10,False,inactive,2024-10-15,2025-07-10,2026-01-01 00:00:00,system,2026-01-01 00:00:00,system
2460,1034,3,SUP003-GRS-1034,Westmark HeatShield NLGI 2 (18 KG),6,6749.59,4.0,11,False,inactive,2025-01-31,2025-04-07,2026-01-01 00:00:00,system,2026-01-01 00:00:00,system
2461,1034,2,SUP002-GRS-1034,Westmark HeatShield NLGI 2 (18 KG),6,6172.55,4.0,13,False,inactive,2024-07-12,2025-07-13,2026-01-01 00:00:00,system,2026-01-01 00:00:00,system
2462,1034,11,SUP011-GRS-1034,Westmark HeatShield NLGI 2 (18 KG),6,7050.21,5.0,7,False,inactive,2024-08-09,2025-09-16,2026-01-01 00:00:00,system,2026-01-01 00:00:00,system
2463,1035,4,SUP004-GRS-1035,Crestfield ThermoGrease NLGI 3 (50 KG),6,17585.42,2.0,9,False,active,2024-03-23,,2026-01-01 00:00:00,system,2026-01-01 00:00:00,system
2464,1035,12,SUP012-GRS-1035,Crestfield ThermoGrease NLGI 3 (50 KG),6,18492.95,3.0,10,True,active,2024-07-12,,2026-01-01 00:00:00,system,2026-01-01 00:00:00,system
2465,1035,16,SUP016-GRS-1035,Crestfield ThermoGrease NLGI 3 (50 KG),6,19793.81,3.0,7,False,active,2025-05-30,,2026-01-01 00:00:00,system,2026-01-01 00:00:00,system
2466,1036,8,SUP008-GRS-1036,Stonebridge HeatGuard NLGI 3 (180 KG),6,60197.01,2.0,11,False,active,2025-12-29,,2026-01-01 00:00:00,system,2026-01-01 00:00:00,system
2467,1036,1,SUP001-GRS-1036,Stonebridge HeatGuard NLGI 3 (180 KG),6,61216.36,2.0,10,True,active,2024-08-19,,2026-01-01 00:00:00,system,2026-01-01 00:00:00,system
2468,1037,16,SUP016-GRS-1037,Ridgewell TempForce NLGI 3 (400 G),6,165.06,29.0,3,False,active,2024-11-23,,2026-01-01 00:00:00,system,2026-01-01 00:00:00,system
2469,1037,4,SUP004-GRS-1037,Ridgewell TempForce NLGI 3 (400 G),6,136.55,24.0,5,False,active,2025-07-13,,2026-01-01 00:00:00,system,2026-01-01 00:00:00,system
2470,1037,5,SUP005-GRS-1037,Ridgewell TempForce NLGI 3 (400 G),6,149.43,21.0,10,True,active,2025-10-09,,2026-01-01 00:00:00,system,2026-01-01 00:00:00,system
2471,1038,17,SUP017-GRS-1038,Millbrook HeatShield NLGI 3 (500 G),6,193.6,14.0,6,False,active,2024-12-30,,2026-01-01 00:00:00,system,2026-01-01 00:00:00,system
2472,1038,15,SUP015-GRS-1038,Millbrook HeatShield NLGI 3 (500 G),6,196.06,17.0,9,False,active,2024-02-24,,2026-01-01 00:00:00,system,2026-01-01 00:00:00,system
2473,1038,4,SUP004-GRS-1038,Millbrook HeatShield NLGI 3 (500 G),6,179.43,11.0,5,True,active,2024-08-21,,2026-01-01 00:00:00,system,2026-01-01 00:00:00,system
2474,1039,5,SUP005-GRS-1039,Highpoint ThermoGrease NLGI 2 (1 KG),6,371.4,11.0,13,True,active,2024-10-08,,2026-01-01 00:00:00,system,2026-01-01 00:00:00,system
2475,1040,10,SUP010-GRS-1040,Fieldmark HeatGuard NLGI 2 (2 KG),6,757.48,15.0,2,True,active,2024-07-13,,2026-01-01 00:00:00,system,2026-01-01 00:00:00,system
2476,1040,8,SUP008-GRS-1040,Fieldmark HeatGuard NLGI 2 (2 KG),6,683.62,12.0,11,False,active,2025-07-20,,2026-01-01 00:00:00,system,2026-01-01 00:00:00,system
2477,1040,11,SUP011-GRS-1040,Fieldmark HeatGuard NLGI 2 (2 KG),6,813.71,16.0,4,False,active,2025-01-22,,2026-01-01 00:00:00,system,2026-01-01 00:00:00,system
2478,1041,14,SUP014-GRS-1041,Northmark TempForce NLGI 2 (5 KG),6,1867.3,13.0,5,True,active,2024-01-31,,2026-01-01 00:00:00,system,2026-01-01 00:00:00,system
2479,1041,7,SUP007-GRS-1041,Northmark TempForce NLGI 2 (5 KG),6,1880.79,13.0,12,False,active,2024-08-25,,2026-01-01 00:00:00,system,2026-01-01 00:00:00,system
2480,1041,8,SUP008-GRS-1041,Northmark TempForce NLGI 2 (5 KG),6,1786.09,14.0,8,False,active,2024-01-05,,2026-01-01 00:00:00,system,2026-01-01 00:00:00,system
2481,1042,16,SUP016-GRS-1042,Ironcrest HeatShield NLGI 2 (10 KG),6,4191.77,5.0,6,False,active,2025-02-03,,2026-01-01 00:00:00,system,2026-01-01 00:00:00,system
2482,1042,18,SUP018-GRS-1042,Ironcrest HeatShield NLGI 2 (10 KG),6,3936.65,4.0,6,False,active,2025-07-18,,2026-01-01 00:00:00,system,2026-01-01 00:00:00,system
2483,1042,11,SUP011-GRS-1042,Ironcrest HeatShield NLGI 2 (10 KG),6,3842.29,4.0,7,True,active,2025-01-28,,2026-01-01 00:00:00,system,2026-01-01 00:00:00,system
2484,1043,4,SUP004-GRS-1043,Redstone ThermoGrease NLGI 3 (18 KG),6,6552.14,4.0,8,True,active,2024-07-27,,2026-01-01 00:00:00,system,2026-01-01 00:00:00,system
2485,1044,18,SUP018-GRS-1044,Westmark HeatGuard NLGI 3 (50 KG),6,19490.98,2.0,3,False,inactive,2024-06-05,2025-03-28,2026-01-01 00:00:00,system,2026-01-01 00:00:00,system
2486,1044,15,SUP015-GRS-1044,Westmark HeatGuard NLGI 3 (50 KG),6,20312.08,2.0,9,False,inactive,2025-02-09,2025-11-12,2026-01-01 00:00:00,system,2026-01-01 00:00:00,system
2487,1044,17,SUP017-GRS-1044,Westmark HeatGuard NLGI 3 (50 KG),6,19177.43,2.0,6,False,inactive,2025-05-15,2025-11-10,2026-01-01 00:00:00,system,2026-01-01 00:00:00,system
2488,1045,3,SUP003-GRS-1045,Crestfield TempForce NLGI 3 (180 KG),6,63721.75,2.0,13,True,active,2025-11-22,,2026-01-01 00:00:00,system,2026-01-01 00:00:00,system
2489,1045,6,SUP006-GRS-1045,Crestfield TempForce NLGI 3 (180 KG),6,60063.79,2.0,9,False,active,2024-08-28,,2026-01-01 00:00:00,system,2026-01-01 00:00:00,system
2490,1045,5,SUP005-GRS-1045,Crestfield TempForce NLGI 3 (180 KG),6,59895.94,2.0,16,False,active,2024-12-30,,2026-01-01 00:00:00,system,2026-01-01 00:00:00,system
2491,1046,10,SUP010-GRS-1046,Stonebridge HeatShield NLGI 3 (400 G),6,147.87,28.0,3,True,active,2024-03-05,,2026-01-01 00:00:00,system,2026-01-01 00:00:00,system
2492,1046,6,SUP006-GRS-1046,Stonebridge HeatShield NLGI 3 (400 G),6,147.58,22.0,7,False,active,2025-08-06,,2026-01-01 00:00:00,system,2026-01-01 00:00:00,system
2493,1047,1,SUP001-GRS-1047,Ridgewell ThermoGrease NLGI 2 (500 G),6,169.21,12.0,9,True,active,2024-10-06,,2026-01-01 00:00:00,system,2026-01-01 00:00:00,system
2494,1048,14,SUP014-GRS-1048,Millbrook HeatGuard NLGI 2 (1 KG),6,387.73,14.0,3,False,active,2025-03-28,,2026-01-01 00:00:00,system,2026-01-01 00:00:00,system
2495,1048,11,SUP011-GRS-1048,Millbrook HeatGuard NLGI 2 (1 KG),6,386.56,17.0,9,False,active,2025-05-27,,2026-01-01 00:00:00,system,2026-01-01 00:00:00,system
2496,1048,1,SUP001-GRS-1048,Millbrook HeatGuard NLGI 2 (1 KG),6,365.01,11.0,8,True,active,2025-03-26,,2026-01-01 00:00:00,system,2026-01-01 00:00:00,system
2497,1049,10,SUP010-GRS-1049,Highpoint TempForce NLGI 2 (2 KG),6,764.72,13.0,6,False,active,2024-02-26,,2026-01-01 00:00:00,system,2026-01-01 00:00:00,system
2498,1049,7,SUP007-GRS-1049,Highpoint TempForce NLGI 2 (2 KG),6,683.07,12.0,13,False,active,2024-09-19,,2026-01-01 00:00:00,system,2026-01-01 00:00:00,system
2499,1049,12,SUP012-GRS-1049,Highpoint TempForce NLGI 2 (2 KG),6,750.67,14.0,5,False,active,2024-12-13,,2026-01-01 00:00:00,system,2026-01-01 00:00:00,system
2500,1049,1,SUP001-GRS-1049,Highpoint TempForce NLGI 2 (2 KG),6,710.35,13.0,10,True,active,2024-07-30,,2026-01-01 00:00:00,system,2026-01-01 00:00:00,system
2501,1050,7,SUP007-GRS-1050,Fieldmark HeatShield NLGI 2 (5 KG),6,1774.63,11.0,9,False,active,2024-05-20,,2026-01-01 00:00:00,system,2026-01-01 00:00:00,system
2502,1050,16,SUP016-GRS-1050,Fieldmark HeatShield NLGI 2 (5 KG),6,2025.35,15.0,4,True,active,2025-05-16,,2026-01-01 00:00:00,system,2026-01-01 00:00:00,system
2503,1050,15,SUP015-GRS-1050,Fieldmark HeatShield NLGI 2 (5 KG),6,2110.58,17.0,4,False,active,2025-11-25,,2026-01-01 00:00:00,system,2026-01-01 00:00:00,system
2504,1051,5,SUP005-GRS-1051,Northmark ThermoGrease NLGI 3 (10 KG),6,3777.12,4.0,12,True,active,2025-11-06,,2026-01-01 00:00:00,system,2026-01-01 00:00:00,system
2505,1052,2,SUP002-GRS-1052,Ironcrest HeatGuard NLGI 3 (18 KG),6,6556.5,4.0,13,False,active,2025-05-20,,2026-01-01 00:00:00,system,2026-01-01 00:00:00,system
2506,1052,18,SUP018-GRS-1052,Ironcrest HeatGuard NLGI 3 (18 KG),6,7412.09,6.0,5,True,active,2025-01-23,,2026-01-01 00:00:00,system,2026-01-01 00:00:00,system
2507,1053,6,SUP006-GRS-1053,Redstone TempForce NLGI 3 (50 KG),6,18594.58,2.0,11,False,active,2024-11-13,,2026-01-01 00:00:00,system,2026-01-01 00:00:00,system
2508,1053,1,SUP001-GRS-1053,Redstone TempForce NLGI 3 (50 KG),6,16994.27,2.0,5,True,active,2024-10-18,,2026-01-01 00:00:00,system,2026-01-01 00:00:00,system
2509,1054,7,SUP007-GRS-1054,Westmark HeatShield NLGI 3 (180 KG),6,63388.92,2.0,12,False,active,2025-07-15,,2026-01-01 00:00:00,system,2026-01-01 00:00:00,system
2510,1054,10,SUP010-GRS-1054,Westmark HeatShield NLGI 3 (180 KG),6,63170.1,2.0,5,True,active,2024-10-29,,2026-01-01 00:00:00,system,2026-01-01 00:00:00,system
2511,1054,3,SUP003-GRS-1054,Westmark HeatShield NLGI 3 (180 KG),6,62112.71,2.0,12,False,active,2025-10-29,,2026-01-01 00:00:00,system,2026-01-01 00:00:00,system
2512,1055,14,SUP014-GRS-1055,Crestfield ThermoGrease NLGI 2 (400 G),6,151.01,26.0,4,False,active,2025-05-03,,2026-01-01 00:00:00,system,2026-01-01 00:00:00,system
2513,1055,13,SUP013-GRS-1055,Crestfield ThermoGrease NLGI 2 (400 G),6,152.41,28.0,3,False,active,2024-06-15,,2026-01-01 00:00:00,system,2026-01-01 00:00:00,system
2514,1055,9,SUP009-GRS-1055,Crestfield ThermoGrease NLGI 2 (400 G),6,149.96,28.0,3,True,active,2024-01-20,,2026-01-01 00:00:00,system,2026-01-01 00:00:00,system
2515,1056,11,SUP011-GRS-1056,Stonebridge HeatGuard NLGI 2 (500 G),6,191.95,15.0,6,False,active,2024-10-31,,2026-01-01 00:00:00,system,2026-01-01 00:00:00,system
2516,1056,16,SUP016-GRS-1056,Stonebridge HeatGuard NLGI 2 (500 G),6,195.86,18.0,4,True,active,2024-10-06,,2026-01-01 00:00:00,system,2026-01-01 00:00:00,system
2517,1056,1,SUP001-GRS-1056,Stonebridge HeatGuard NLGI 2 (500 G),6,172.08,14.0,10,False,active,2025-04-26,,2026-01-01 00:00:00,system,2026-01-01 00:00:00,system
2518,1056,6,SUP006-GRS-1056,Stonebridge HeatGuard NLGI 2 (500 G),6,178.19,11.0,11,False,active,2025-11-01,,2026-01-01 00:00:00,system,2026-01-01 00:00:00,system
2519,1057,8,SUP008-GRS-1057,Ridgewell TempForce NLGI 2 (1 KG),6,344.18,13.0,8,True,active,2025-02-01,,2026-01-01 00:00:00,system,2026-01-01 00:00:00,system
2520,1057,6,SUP006-GRS-1057,Ridgewell TempForce NLGI 2 (1 KG),6,375.37,13.0,8,False,active,2024-10-21,,2026-01-01 00:00:00,system,2026-01-01 00:00:00,system
2521,1058,8,SUP008-GRS-1058,Millbrook HeatShield NLGI 2 (2 KG),6,689.83,14.0,9,True,active,2025-06-03,,2026-01-01 00:00:00,system,2026-01-01 00:00:00,system
2522,1058,9,SUP009-GRS-1058,Millbrook HeatShield NLGI 2 (2 KG),6,749.59,15.0,8,False,active,2024-09-04,,2026-01-01 00:00:00,system,2026-01-01 00:00:00,system
2523,1059,6,SUP006-GRS-1059,Highpoint ThermoGrease NLGI 3 (5 KG),6,1818.45,12.0,6,False,active,2024-07-18,,2026-01-01 00:00:00,system,2026-01-01 00:00:00,system
2524,1059,18,SUP018-GRS-1059,Highpoint ThermoGrease NLGI 3 (5 KG),6,1924.46,18.0,3,True,active,2024-12-03,,2026-01-01 00:00:00,system,2026-01-01 00:00:00,system
2525,1060,16,SUP016-GRS-1060,Fieldmark HeatGuard NLGI 3 (10 KG),6,3927.32,6.0,4,True,active,2024-03-31,,2026-01-01 00:00:00,system,2026-01-01 00:00:00,system
2526,1060,13,SUP013-GRS-1060,Fieldmark HeatGuard NLGI 3 (10 KG),6,3672.17,4.0,3,False,active,2024-01-13,,2026-01-01 00:00:00,system,2026-01-01 00:00:00,system
2527,1061,7,SUP007-GRS-1061,Northmark LithoGuard NLGI 1 (10 KG),6,3701.59,3.0,9,False,active,2024-11-28,,2026-01-01 00:00:00,system,2026-01-01 00:00:00,system
2528,1061,8,SUP008-GRS-1061,Northmark LithoGuard NLGI 1 (10 KG),6,3446.52,4.0,11,False,active,2024-04-24,,2026-01-01 00:00:00,system,2026-01-01 00:00:00,system
2529,1061,14,SUP014-GRS-1061,Northmark LithoGuard NLGI 1 (10 KG),6,3830.18,5.0,2,True,active,2024-10-21,,2026-01-01 00:00:00,system,2026-01-01 00:00:00,system
2530,1062,12,SUP012-GRS-1062,Ironcrest LithoForce NLGI 1 (18 KG),6,7232.16,4.0,8,True,active,2025-07-25,,2026-01-01 00:00:00,system,2026-01-01 00:00:00,system
2531,1062,3,SUP003-GRS-1062,Ironcrest LithoForce NLGI 1 (18 KG),6,6583.55,4.0,9,False,active,2024-11-14,,2026-01-01 00:00:00,system,2026-01-01 00:00:00,system
2532,1063,14,SUP014-GRS-1063,Redstone BearingLube NLGI 1 (50 KG),6,18605.95,2.0,4,True,active,2024-10-19,,2026-01-01 00:00:00,system,2026-01-01 00:00:00,system
2533,1063,8,SUP008-GRS-1063,Redstone BearingLube NLGI 1 (50 KG),6,17142.3,2.0,9,False,active,2025-08-18,,2026-01-01 00:00:00,system,2026-01-01 00:00:00,system
2534,1063,2,SUP002-GRS-1063,Redstone BearingLube NLGI 1 (50 KG),6,18444.73,2.0,12,False,active,2024-09-02,,2026-01-01 00:00:00,system,2026-01-01 00:00:00,system
2535,1064,10,SUP010-GRS-1064,Westmark LithoPro NLGI 1 (180 KG),6,64764.66,2.0,6,False,active,2025-11-21,,2026-01-01 00:00:00,system,2026-01-01 00:00:00,system
2536,1064,7,SUP007-GRS-1064,Westmark LithoPro NLGI 1 (180 KG),6,62067.21,2.0,14,True,active,2025-02-08,,2026-01-01 00:00:00,system,2026-01-01 00:00:00,system
2537,1065,7,SUP007-GRS-1065,Crestfield LithoGuard NLGI 2 (400 G),6,143.51,23.0,12,False,active,2024-09-04,,2026-01-01 00:00:00,system,2026-01-01 00:00:00,system
2538,1065,4,SUP004-GRS-1065,Crestfield LithoGuard NLGI 2 (400 G),6,135.46,25.0,8,True,active,2024-01-28,,2026-01-01 00:00:00,system,2026-01-01 00:00:00,system
2539,1065,8,SUP008-GRS-1065,Crestfield LithoGuard NLGI 2 (400 G),6,147.43,20.0,9,False,active,2024-04-12,,2026-01-01 00:00:00,system,2026-01-01 00:00:00,system
2540,1066,9,SUP009-GRS-1066,Stonebridge LithoForce NLGI 2 (500 G),6,191.92,12.0,5,False,active,2024-01-02,,2026-01-01 00:00:00,system,2026-01-01 00:00:00,system
2541,1066,2,SUP002-GRS-1066,Stonebridge LithoForce NLGI 2 (500 G),6,182.54,13.0,11,False,active,2024-07-28,,2026-01-01 00:00:00,system,2026-01-01 00:00:00,system
2542,1066,18,SUP018-GRS-1066,Stonebridge LithoForce NLGI 2 (500 G),6,204.59,18.0,7,True,active,2025-03-01,,2026-01-01 00:00:00,system,2026-01-01 00:00:00,system
2543,1067,4,SUP004-GRS-1067,Ridgewell BearingLube NLGI 2 (1 KG),6,377.5,13.0,5,True,active,2025-02-06,,2026-01-01 00:00:00,system,2026-01-01 00:00:00,system
2544,1067,8,SUP008-GRS-1067,Ridgewell BearingLube NLGI 2 (1 KG),6,341.99,12.0,12,False,active,2025-05-30,,2026-01-01 00:00:00,system,2026-01-01 00:00:00,system
2545,1068,4,SUP004-GRS-1068,Millbrook LithoPro NLGI 2 (2 KG),6,748.72,13.0,7,False,active,2024-11-01,,2026-01-01 00:00:00,system,2026-01-01 00:00:00,system
2546,1068,1,SUP001-GRS-1068,Millbrook LithoPro NLGI 2 (2 KG),6,698.31,12.0,9,False,active,2024-09-09,,2026-01-01 00:00:00,system,2026-01-01 00:00:00,system
2547,1068,10,SUP010-GRS-1068,Millbrook LithoPro NLGI 2 (2 KG),6,781.59,16.0,3,True,active,2024-05-28,,2026-01-01 00:00:00,system,2026-01-01 00:00:00,system
2548,1068,5,SUP005-GRS-1068,Millbrook LithoPro NLGI 2 (2 KG),6,723.69,10.0,14,False,active,2025-06-24,,2026-01-01 00:00:00,system,2026-01-01 00:00:00,system
2549,1069,7,SUP007-GRS-1069,Highpoint LithoGuard NLGI 3 (5 KG),6,1759.98,12.0,14,True,active,2025-04-27,,2026-01-01 00:00:00,system,2026-01-01 00:00:00,system
2550,1070,14,SUP014-GRS-1070,Fieldmark LithoForce NLGI 3 (10 KG),6,3829.51,4.0,3,False,active,2024-05-29,,2026-01-01 00:00:00,system,2026-01-01 00:00:00,system
2551,1070,6,SUP006-GRS-1070,Fieldmark LithoForce NLGI 3 (10 KG),6,3734.77,4.0,6,False,active,2025-03-01,,2026-01-01 00:00:00,system,2026-01-01 00:00:00,system
2552,1070,4,SUP004-GRS-1070,Fieldmark LithoForce NLGI 3 (10 KG),6,3444.76,5.0,4,True,active,2025-11-11,,2026-01-01 00:00:00,system,2026-01-01 00:00:00,system
2553,1071,12,SUP012-GRS-1071,Northmark BearingLube NLGI 3 (18 KG),6,6804.31,4.0,7,False,active,2024-07-06,,2026-01-01 00:00:00,system,2026-01-01 00:00:00,system
2554,1071,3,SUP003-GRS-1071,Northmark BearingLube NLGI 3 (18 KG),6,6674.42,5.0,7,False,active,2025-09-14,,2026-01-01 00:00:00,system,2026-01-01 00:00:00,system
2555,1071,6,SUP006-GRS-1071,Northmark BearingLube NLGI 3 (18 KG),6,6495.0,3.0,6,True,active,2024-01-04,,2026-01-01 00:00:00,system,2026-01-01 00:00:00,system
2556,1071,8,SUP008-GRS-1071,Northmark BearingLube NLGI 3 (18 KG),6,6373.55,4.0,10,False,active,2024-02-27,,2026-01-01 00:00:00,system,2026-01-01 00:00:00,system
2557,1072,14,SUP014-GRS-1072,Ironcrest LithoPro NLGI 3 (50 KG),6,19509.48,3.0,2,True,active,2025-10-13,,2026-01-01 00:00:00,system,2026-01-01 00:00:00,system
2558,1072,2,SUP002-GRS-1072,Ironcrest LithoPro NLGI 3 (50 KG),6,18428.57,2.0,12,False,active,2024-10-02,,2026-01-01 00:00:00,system,2026-01-01 00:00:00,system
2559,1073,2,SUP002-GRS-1073,Redstone LithoGuard NLGI 1 (180 KG),6,58112.76,2.0,9,False,active,2024-08-24,,2026-01-01 00:00:00,system,2026-01-01 00:00:00,system
2560,1073,14,SUP014-GRS-1073,Redstone LithoGuard NLGI 1 (180 KG),6,65489.54,2.0,4,True,active,2024-02-06,,2026-01-01 00:00:00,system,2026-01-01 00:00:00,system
2561,1073,16,SUP016-GRS-1073,Redstone LithoGuard NLGI 1 (180 KG),6,65007.12,3.0,5,False,active,2024-02-28,,2026-01-01 00:00:00,system,2026-01-01 00:00:00,system
2562,1073,11,SUP011-GRS-1073,Redstone LithoGuard NLGI 1 (180 KG),6,63746.39,2.0,7,False,active,2025-06-28,,2026-01-01 00:00:00,system,2026-01-01 00:00:00,system
2563,1074,3,SUP003-GRS-1074,Westmark LithoForce NLGI 1 (400 G),6,143.35,28.0,9,True,active,2024-09-30,,2026-01-01 00:00:00,system,2026-01-01 00:00:00,system
2564,1075,8,SUP008-GRS-1075,Crestfield BearingLube NLGI 1 (500 G),6,177.18,10.0,8,True,active,2024-03-21,,2026-01-01 00:00:00,system,2026-01-01 00:00:00,system
2565,1076,4,SUP004-GRS-1076,Stonebridge LithoPro NLGI 1 (1 KG),6,365.03,10.0,6,True,active,2024-04-02,,2026-01-01 00:00:00,system,2026-01-01 00:00:00,system
2566,1076,16,SUP016-GRS-1076,Stonebridge LithoPro NLGI 1 (1 KG),6,381.81,17.0,7,False,active,2025-06-08,,2026-01-01 00:00:00,system,2026-01-01 00:00:00,system
2567,1076,17,SUP017-GRS-1076,Stonebridge LithoPro NLGI 1 (1 KG),6,414.88,16.0,6,False,active,2024-09-16,,2026-01-01 00:00:00,system,2026-01-01 00:00:00,system
2568,1077,4,SUP004-GRS-1077,Ridgewell LithoGuard NLGI 2 (2 KG),6,706.26,11.0,4,True,active,2024-02-06,,2026-01-01 00:00:00,system,2026-01-01 00:00:00,system
2569,1077,15,SUP015-GRS-1077,Ridgewell LithoGuard NLGI 2 (2 KG),6,846.45,16.0,9,False,active,2024-04-18,,2026-01-01 00:00:00,system,2026-01-01 00:00:00,system
2570,1078,3,SUP003-GRS-1078,Millbrook LithoForce NLGI 2 (5 KG),6,1821.6,13.0,11,False,active,2024-05-01,,2026-01-01 00:00:00,system,2026-01-01 00:00:00,system
2571,1078,5,SUP005-GRS-1078,Millbrook LithoForce NLGI 2 (5 KG),6,1744.93,14.0,13,True,active,2024-04-20,,2026-01-01 00:00:00,system,2026-01-01 00:00:00,system
2572,1078,14,SUP014-GRS-1078,Millbrook LithoForce NLGI 2 (5 KG),6,1986.9,12.0,3,False,active,2025-06-14,,2026-01-01 00:00:00,system,2026-01-01 00:00:00,system
2573,1079,7,SUP007-GRS-1079,Highpoint BearingLube NLGI 2 (10 KG),6,3758.42,5.0,14,False,active,2024-06-03,,2026-01-01 00:00:00,system,2026-01-01 00:00:00,system
2574,1079,4,SUP004-GRS-1079,Highpoint BearingLube NLGI 2 (10 KG),6,3451.32,4.0,6,False,active,2024-07-02,,2026-01-01 00:00:00,system,2026-01-01 00:00:00,system
2575,1079,1,SUP001-GRS-1079,Highpoint BearingLube NLGI 2 (10 KG),6,3609.82,4.0,10,False,active,2024-11-21,,2026-01-01 00:00:00,system,2026-01-01 00:00:00,system
2576,1079,15,SUP015-GRS-1079,Highpoint BearingLube NLGI 2 (10 KG),6,4169.16,4.0,7,True,active,2025-10-11,,2026-01-01 00:00:00,system,2026-01-01 00:00:00,system
2577,1080,3,SUP003-GRS-1080,Fieldmark LithoPro NLGI 2 (18 KG),6,6723.98,5.0,10,False,active,2024-02-02,,2026-01-01 00:00:00,system,2026-01-01 00:00:00,system
2578,1080,6,SUP006-GRS-1080,Fieldmark LithoPro NLGI 2 (18 KG),6,6262.41,4.0,8,True,active,2024-05-26,,2026-01-01 00:00:00,system,2026-01-01 00:00:00,system
2579,1081,5,SUP005-GRS-1081,Northmark LithoGuard NLGI 3 (50 KG),6,17415.36,2.0,12,False,active,2024-09-13,,2026-01-01 00:00:00,system,2026-01-01 00:00:00,system
2580,1081,8,SUP008-GRS-1081,Northmark LithoGuard NLGI 3 (50 KG),6,17100.03,2.0,12,False,active,2025-06-16,,2026-01-01 00:00:00,system,2026-01-01 00:00:00,system
2581,1081,6,SUP006-GRS-1081,Northmark LithoGuard NLGI 3 (50 KG),6,17602.84,2.0,9,True,active,2025-09-29,,2026-01-01 00:00:00,system,2026-01-01 00:00:00,system
2582,1082,9,SUP009-GRS-1082,Ironcrest LithoForce NLGI 3 (180 KG),6,64773.7,2.0,6,False,active,2025-04-09,,2026-01-01 00:00:00,system,2026-01-01 00:00:00,system
2583,1082,12,SUP012-GRS-1082,Ironcrest LithoForce NLGI 3 (180 KG),6,69026.62,3.0,6,True,active,2025-06-27,,2026-01-01 00:00:00,system,2026-01-01 00:00:00,system
2584,1083,5,SUP005-GRS-1083,Redstone BearingLube NLGI 3 (400 G),6,138.42,21.0,13,True,active,2024-01-17,,2026-01-01 00:00:00,system,2026-01-01 00:00:00,system
2585,1084,9,SUP009-GRS-1084,Westmark LithoPro NLGI 3 (500 G),6,193.95,12.0,7,True,active,2025-02-24,,2026-01-01 00:00:00,system,2026-01-01 00:00:00,system
2586,1085,3,SUP003-GRS-1085,Crestfield LithoGuard NLGI 1 (1 KG),6,372.45,12.0,11,False,active,2024-11-05,,2026-01-01 00:00:00,system,2026-01-01 00:00:00,system
2587,1085,4,SUP004-GRS-1085,Crestfield LithoGuard NLGI 1 (1 KG),6,365.87,12.0,9,True,active,2024-09-08,,2026-01-01 00:00:00,system,2026-01-01 00:00:00,system
2588,1086,4,SUP004-GRS-1086,Stonebridge LithoForce NLGI 1 (2 KG),6,707.94,11.0,5,True,active,2024-09-08,,2026-01-01 00:00:00,system,2026-01-01 00:00:00,system
2589,1087,13,SUP013-GRS-1087,Ridgewell BearingLube NLGI 1 (5 KG),6,2000.24,12.0,4,True,active,2024-12-05,,2026-01-01 00:00:00,system,2026-01-01 00:00:00,system
2590,1088,14,SUP014-GRS-1088,Millbrook LithoPro NLGI 1 (10 KG),6,3934.94,5.0,4,True,active,2024-02-24,,2026-01-01 00:00:00,system,2026-01-01 00:00:00,system
2591,1088,8,SUP008-GRS-1088,Millbrook LithoPro NLGI 1 (10 KG),6,3595.77,4.0,12,False,active,2025-12-07,,2026-01-01 00:00:00,system,2026-01-01 00:00:00,system
2592,1088,6,SUP006-GRS-1088,Millbrook LithoPro NLGI 1 (10 KG),6,3562.42,4.0,9,False,active,2024-10-30,,2026-01-01 00:00:00,system,2026-01-01 00:00:00,system
2593,1088,15,SUP015-GRS-1088,Millbrook LithoPro NLGI 1 (10 KG),6,4102.04,4.0,7,False,active,2025-09-22,,2026-01-01 00:00:00,system,2026-01-01 00:00:00,system
2594,1089,12,SUP012-GRS-1089,Highpoint LithoGuard NLGI 2 (18 KG),6,6672.45,5.0,9,False,active,2025-08-17,,2026-01-01 00:00:00,system,2026-01-01 00:00:00,system
2595,1089,3,SUP003-GRS-1089,Highpoint LithoGuard NLGI 2 (18 KG),6,6504.96,4.0,8,True,active,2025-02-13,,2026-01-01 00:00:00,system,2026-01-01 00:00:00,system
2596,1090,8,SUP008-GRS-1090,Fieldmark LithoForce NLGI 2 (50 KG),6,18316.26,2.0,10,False,active,2024-02-05,,2026-01-01 00:00:00,system,2026-01-01 00:00:00,system
2597,1090,10,SUP010-GRS-1090,Fieldmark LithoForce NLGI 2 (50 KG),6,18443.93,3.0,6,True,active,2025-09-02,,2026-01-01 00:00:00,system,2026-01-01 00:00:00,system
2598,1090,9,SUP009-GRS-1090,Fieldmark LithoForce NLGI 2 (50 KG),6,20344.32,2.0,5,False,active,2024-03-08,,2026-01-01 00:00:00,system,2026-01-01 00:00:00,system
2599,1091,17,SUP017-GRS-1091,Northmark CalciCore NLGI 2 (50 KG),6,20305.67,2.0,5,False,inactive,2024-04-06,2025-01-01,2026-01-01 00:00:00,system,2026-01-01 00:00:00,system
2600,1091,7,SUP007-GRS-1091,Northmark CalciCore NLGI 2 (50 KG),6,18052.42,2.0,12,False,inactive,2023-12-11,2025-02-14,2026-01-01 00:00:00,system,2026-01-01 00:00:00,system
2601,1092,18,SUP018-GRS-1092,Ironcrest CalciGuard NLGI 2 (180 KG),6,65650.17,2.0,9,True,active,2025-08-06,,2026-01-01 00:00:00,system,2026-01-01 00:00:00,system
2602,1093,6,SUP006-GRS-1093,Redstone CalciForce NLGI 2 (400 G),6,141.64,23.0,6,False,active,2025-01-06,,2026-01-01 00:00:00,system,2026-01-01 00:00:00,system
2603,1093,11,SUP011-GRS-1093,Redstone CalciForce NLGI 2 (400 G),6,162.98,30.0,7,True,active,2024-05-11,,2026-01-01 00:00:00,system,2026-01-01 00:00:00,system
2604,1093,5,SUP005-GRS-1093,Redstone CalciForce NLGI 2 (400 G),6,145.58,24.0,15,False,active,2025-05-31,,2026-01-01 00:00:00,system,2026-01-01 00:00:00,system
2605,1094,9,SUP009-GRS-1094,Westmark CalciLube NLGI 2 (500 G),6,199.62,16.0,5,True,active,2025-11-25,,2026-01-01 00:00:00,system,2026-01-01 00:00:00,system
2606,1094,7,SUP007-GRS-1094,Westmark CalciLube NLGI 2 (500 G),6,172.98,12.0,10,False,active,2025-05-22,,2026-01-01 00:00:00,system,2026-01-01 00:00:00,system
2607,1094,13,SUP013-GRS-1094,Westmark CalciLube NLGI 2 (500 G),6,193.3,12.0,3,False,active,2024-10-23,,2026-01-01 00:00:00,system,2026-01-01 00:00:00,system
2608,1094,17,SUP017-GRS-1094,Westmark CalciLube NLGI 2 (500 G),6,208.96,18.0,9,False,active,2025-08-13,,2026-01-01 00:00:00,system,2026-01-01 00:00:00,system
2609,1095,2,SUP002-GRS-1095,Crestfield CalciCore NLGI 3 (1 KG),6,369.55,12.0,9,False,active,2024-06-03,,2026-01-01 00:00:00,system,2026-01-01 00:00:00,system
2610,1095,13,SUP013-GRS-1095,Crestfield CalciCore NLGI 3 (1 KG),6,384.01,12.0,8,False,active,2024-03-30,,2026-01-01 00:00:00,system,2026-01-01 00:00:00,system
2611,1095,1,SUP001-GRS-1095,Crestfield CalciCore NLGI 3 (1 KG),6,340.45,11.0,8,True,active,2025-11-29,,2026-01-01 00:00:00,system,2026-01-01 00:00:00,system
2612,1096,1,SUP001-GRS-1096,Stonebridge CalciGuard NLGI 3 (2 KG),6,742.03,13.0,8,False,active,2025-08-24,,2026-01-01 00:00:00,system,2026-01-01 00:00:00,system
2613,1096,7,SUP007-GRS-1096,Stonebridge CalciGuard NLGI 3 (2 KG),6,754.33,11.0,14,True,active,2025-06-25,,2026-01-01 00:00:00,system,2026-01-01 00:00:00,system
2614,1097,12,SUP012-GRS-1097,Ridgewell CalciForce NLGI 3 (5 KG),6,1979.21,15.0,8,True,active,2025-10-12,,2026-01-01 00:00:00,system,2026-01-01 00:00:00,system
2615,1097,1,SUP001-GRS-1097,Ridgewell CalciForce NLGI 3 (5 KG),6,1856.25,11.0,5,False,active,2025-09-08,,2026-01-01 00:00:00,system,2026-01-01 00:00:00,system
2616,1097,18,SUP018-GRS-1097,Ridgewell CalciForce NLGI 3 (5 KG),6,1974.76,18.0,4,False,active,2024-10-09,,2026-01-01 00:00:00,system,2026-01-01 00:00:00,system
2617,1098,5,SUP005-GRS-1098,Millbrook CalciLube NLGI 3 (10 KG),6,3478.07,4.0,12,False,active,2025-07-29,,2026-01-01 00:00:00,system,2026-01-01 00:00:00,system
2618,1098,13,SUP013-GRS-1098,Millbrook CalciLube NLGI 3 (10 KG),6,3951.64,4.0,8,False,active,2024-06-17,,2026-01-01 00:00:00,system,2026-01-01 00:00:00,system
2619,1098,4,SUP004-GRS-1098,Millbrook CalciLube NLGI 3 (10 KG),6,3405.71,4.0,9,False,active,2024-05-20,,2026-01-01 00:00:00,system,2026-01-01 00:00:00,system
2620,1098,1,SUP001-GRS-1098,Millbrook CalciLube NLGI 3 (10 KG),6,3608.55,4.0,6,True,active,2024-10-26,,2026-01-01 00:00:00,system,2026-01-01 00:00:00,system
2621,1099,14,SUP014-GRS-1099,Highpoint CalciCore NLGI 2 (18 KG),6,7156.74,4.0,5,True,active,2024-12-20,,2026-01-01 00:00:00,system,2026-01-01 00:00:00,system
2622,1099,8,SUP008-GRS-1099,Highpoint CalciCore NLGI 2 (18 KG),6,6628.85,5.0,11,False,active,2025-04-07,,2026-01-01 00:00:00,system,2026-01-01 00:00:00,system
2623,1099,6,SUP006-GRS-1099,Highpoint CalciCore NLGI 2 (18 KG),6,6370.94,5.0,8,False,active,2024-10-04,,2026-01-01 00:00:00,system,2026-01-01 00:00:00,system
2624,1099,17,SUP017-GRS-1099,Highpoint CalciCore NLGI 2 (18 KG),6,7269.38,5.0,9,False,active,2025-09-29,,2026-01-01 00:00:00,system,2026-01-01 00:00:00,system
2625,1100,8,SUP008-GRS-1100,Fieldmark CalciGuard NLGI 2 (50 KG),6,17056.59,2.0,11,False,inactive,2025-06-02,2025-11-12,2026-01-01 00:00:00,system,2026-01-01 00:00:00,system
2626,1100,12,SUP012-GRS-1100,Fieldmark CalciGuard NLGI 2 (50 KG),6,18466.06,2.0,7,False,inactive,2025-02-05,2025-05-07,2026-01-01 00:00:00,system,2026-01-01 00:00:00,system
2627,1101,3,SUP003-GRS-1101,Northmark CalciForce NLGI 2 (180 KG),6,59562.82,2.0,8,True,active,2024-02-21,,2026-01-01 00:00:00,system,2026-01-01 00:00:00,system
2628,1101,8,SUP008-GRS-1101,Northmark CalciForce NLGI 2 (180 KG),6,61379.67,2.0,14,False,active,2025-11-12,,2026-01-01 00:00:00,system,2026-01-01 00:00:00,system
2629,1102,16,SUP016-GRS-1102,Ironcrest CalciLube NLGI 2 (400 G),6,168.61,34.0,4,False,active,2024-09-01,,2026-01-01 00:00:00,system,2026-01-01 00:00:00,system
2630,1102,18,SUP018-GRS-1102,Ironcrest CalciLube NLGI 2 (400 G),6,158.13,26.0,3,True,active,2024-06-10,,2026-01-01 00:00:00,system,2026-01-01 00:00:00,system
2631,1103,7,SUP007-GRS-1103,Redstone CalciCore NLGI 3 (500 G),6,179.76,11.0,12,True,active,2024-01-16,,2026-01-01 00:00:00,system,2026-01-01 00:00:00,system
2632,1104,17,SUP017-GRS-1104,Westmark CalciGuard NLGI 3 (1 KG),6,415.69,15.0,10,False,active,2024-12-09,,2026-01-01 00:00:00,system,2026-01-01 00:00:00,system
2633,1104,4,SUP004-GRS-1104,Westmark CalciGuard NLGI 3 (1 KG),6,357.11,12.0,5,True,active,2024-05-14,,2026-01-01 00:00:00,system,2026-01-01 00:00:00,system
2634,1105,1,SUP001-GRS-1105,Crestfield CalciForce NLGI 3 (2 KG),6,676.99,13.0,8,False,active,2025-09-10,,2026-01-01 00:00:00,system,2026-01-01 00:00:00,system
2635,1105,16,SUP016-GRS-1105,Crestfield CalciForce NLGI 3 (2 KG),6,834.73,18.0,6,True,active,2025-05-09,,2026-01-01 00:00:00,system,2026-01-01 00:00:00,system
2636,1106,14,SUP014-GRS-1106,Stonebridge CalciLube NLGI 3 (5 KG),6,2010.18,16.0,7,True,active,2025-06-09,,2026-01-01 00:00:00,system,2026-01-01 00:00:00,system
2637,1107,17,SUP017-GRS-1107,Ridgewell CalciCore NLGI 2 (10 KG),6,4075.44,5.0,10,True,active,2024-07-30,,2026-01-01 00:00:00,system,2026-01-01 00:00:00,system
2638,1108,8,SUP008-GRS-1108,Millbrook CalciGuard NLGI 2 (18 KG),6,6790.57,3.0,9,True,active,2024-05-06,,2026-01-01 00:00:00,system,2026-01-01 00:00:00,system
2639,1109,9,SUP009-GRS-1109,Highpoint CalciForce NLGI 2 (50 KG),6,20309.43,2.0,3,True,active,2024-10-25,,2026-01-01 00:00:00,system,2026-01-01 00:00:00,system
2640,1110,10,SUP010-GRS-1110,Fieldmark CalciLube NLGI 2 (180 KG),6,69721.9,2.0,8,False,inactive,2025-04-08,2025-11-02,2026-01-01 00:00:00,system,2026-01-01 00:00:00,system
2641,1110,11,SUP011-GRS-1110,Fieldmark CalciLube NLGI 2 (180 KG),6,67946.14,2.0,8,False,inactive,2023-10-26,2025-04-16,2026-01-01 00:00:00,system,2026-01-01 00:00:00,system
2642,1110,1,SUP001-GRS-1110,Fieldmark CalciLube NLGI 2 (180 KG),6,62590.79,2.0,8,False,inactive,2024-08-26,2025-12-28,2026-01-01 00:00:00,system,2026-01-01 00:00:00,system
2643,1111,6,SUP006-GRS-1111,Northmark CalciCore NLGI 3 (400 G),6,137.03,21.0,11,False,active,2024-04-30,,2026-01-01 00:00:00,system,2026-01-01 00:00:00,system
2644,1111,12,SUP012-GRS-1111,Northmark CalciCore NLGI 3 (400 G),6,149.85,24.0,8,False,active,2025-05-22,,2026-01-01 00:00:00,system,2026-01-01 00:00:00,system
2645,1111,1,SUP001-GRS-1111,Northmark CalciCore NLGI 3 (400 G),6,136.22,25.0,9,True,active,2025-10-02,,2026-01-01 00:00:00,system,2026-01-01 00:00:00,system
2646,1112,5,SUP005-GRS-1112,Ironcrest CalciGuard NLGI 3 (500 G),6,180.13,14.0,12,True,active,2024-02-01,,2026-01-01 00:00:00,system,2026-01-01 00:00:00,system
2647,1112,2,SUP002-GRS-1112,Ironcrest CalciGuard NLGI 3 (500 G),6,185.73,13.0,12,False,active,2024-01-13,,2026-01-01 00:00:00,system,2026-01-01 00:00:00,system
2648,1113,13,SUP013-GRS-1113,Redstone CalciForce NLGI 3 (1 KG),6,368.92,13.0,4,False,inactive,2024-04-14,2025-01-23,2026-01-01 00:00:00,system,2026-01-01 00:00:00,system
2649,1113,11,SUP011-GRS-1113,Redstone CalciForce NLGI 3 (1 KG),6,397.32,15.0,5,False,inactive,2024-03-19,2025-05-14,2026-01-01 00:00:00,system,2026-01-01 00:00:00,system
2650,1113,12,SUP012-GRS-1113,Redstone CalciForce NLGI 3 (1 KG),6,376.22,14.0,7,False,inactive,2025-04-04,2025-11-12,2026-01-01 00:00:00,system,2026-01-01 00:00:00,system
2651,1114,2,SUP002-GRS-1114,Westmark CalciLube NLGI 3 (2 KG),6,704.28,14.0,9,False,active,2025-02-12,,2026-01-01 00:00:00,system,2026-01-01 00:00:00,system
2652,1114,3,SUP003-GRS-1114,Westmark CalciLube NLGI 3 (2 KG),6,720.01,14.0,8,True,active,2025-04-18,,2026-01-01 00:00:00,system,2026-01-01 00:00:00,system
2653,1115,1,SUP001-GRS-1115,Crestfield CalciCore NLGI 2 (5 KG),6,1800.97,11.0,8,False,active,2024-07-14,,2026-01-01 00:00:00,system,2026-01-01 00:00:00,system
2654,1115,15,SUP015-GRS-1115,Crestfield CalciCore NLGI 2 (5 KG),6,1891.34,17.0,5,True,active,2025-03-07,,2026-01-01 00:00:00,system,2026-01-01 00:00:00,system
2655,1115,5,SUP005-GRS-1115,Crestfield CalciCore NLGI 2 (5 KG),6,1811.57,14.0,14,False,active,2025-06-01,,2026-01-01 00:00:00,system,2026-01-01 00:00:00,system
2656,1116,5,SUP005-GRS-1116,Stonebridge SpecialGrease NLGI 1 (400 G),6,136.2,26.0,10,True,active,2025-05-17,,2026-01-01 00:00:00,system,2026-01-01 00:00:00,system
2657,1116,1,SUP001-GRS-1116,Stonebridge SpecialGrease NLGI 1 (400 G),6,150.22,26.0,10,False,active,2024-04-28,,2026-01-01 00:00:00,system,2026-01-01 00:00:00,system
2658,1117,6,SUP006-GRS-1117,Ridgewell LoadSpecial NLGI 1 (500 G),6,180.35,13.0,7,False,active,2025-02-20,,2026-01-01 00:00:00,system,2026-01-01 00:00:00,system
2659,1117,18,SUP018-GRS-1117,Ridgewell LoadSpecial NLGI 1 (500 G),6,206.45,15.0,4,True,active,2025-12-19,,2026-01-01 00:00:00,system,2026-01-01 00:00:00,system
2660,1117,10,SUP010-GRS-1117,Ridgewell LoadSpecial NLGI 1 (500 G),6,198.62,13.0,7,False,active,2025-03-02,,2026-01-01 00:00:00,system,2026-01-01 00:00:00,system
2661,1117,11,SUP011-GRS-1117,Ridgewell LoadSpecial NLGI 1 (500 G),6,196.32,16.0,4,False,active,2024-12-01,,2026-01-01 00:00:00,system,2026-01-01 00:00:00,system
2662,1118,7,SUP007-GRS-1118,Millbrook MotionGuard NLGI 1 (1 KG),6,363.68,10.0,11,False,active,2024-05-16,,2026-01-01 00:00:00,system,2026-01-01 00:00:00,system
2663,1118,10,SUP010-GRS-1118,Millbrook MotionGuard NLGI 1 (1 KG),6,386.38,13.0,5,False,active,2025-10-24,,2026-01-01 00:00:00,system,2026-01-01 00:00:00,system
2664,1118,14,SUP014-GRS-1118,Millbrook MotionGuard NLGI 1 (1 KG),6,396.52,12.0,6,True,active,2025-04-01,,2026-01-01 00:00:00,system,2026-01-01 00:00:00,system
2665,1119,18,SUP018-GRS-1119,Highpoint PurposeLube NLGI 1 (2 KG),6,760.99,13.0,6,False,inactive,2024-08-04,2025-03-22,2026-01-01 00:00:00,system,2026-01-01 00:00:00,system
2666,1120,9,SUP009-GRS-1120,Fieldmark SpecialGrease NLGI 2 (5 KG),6,1899.76,13.0,8,False,inactive,2024-07-06,2025-04-07,2026-01-01 00:00:00,system,2026-01-01 00:00:00,system
2667,1120,8,SUP008-GRS-1120,Fieldmark SpecialGrease NLGI 2 (5 KG),6,1741.5,13.0,11,False,inactive,2024-11-22,2025-09-12,2026-01-01 00:00:00,system,2026-01-01 00:00:00,system
2668,1121,17,SUP017-GRS-1121,Northmark LoadSpecial NLGI 2 (10 KG),6,4201.38,4.0,5,False,active,2025-06-13,,2026-01-01 00:00:00,system,2026-01-01 00:00:00,system
2669,1121,15,SUP015-GRS-1121,Northmark LoadSpecial NLGI 2 (10 KG),6,3986.59,6.0,5,True,active,2025-10-03,,2026-01-01 00:00:00,system,2026-01-01 00:00:00,system
2670,1121,1,SUP001-GRS-1121,Northmark LoadSpecial NLGI 2 (10 KG),6,3570.82,4.0,8,False,active,2024-08-10,,2026-01-01 00:00:00,system,2026-01-01 00:00:00,system
2671,1121,12,SUP012-GRS-1121,Northmark LoadSpecial NLGI 2 (10 KG),6,3959.85,5.0,5,False,active,2024-03-24,,2026-01-01 00:00:00,system,2026-01-01 00:00:00,system
2672,1122,17,SUP017-GRS-1122,Ironcrest MotionGuard NLGI 2 (18 KG),6,7128.67,6.0,7,True,active,2024-08-26,,2026-01-01 00:00:00,system,2026-01-01 00:00:00,system
2673,1122,13,SUP013-GRS-1122,Ironcrest MotionGuard NLGI 2 (18 KG),6,7236.22,4.0,6,False,active,2025-05-05,,2026-01-01 00:00:00,system,2026-01-01 00:00:00,system
2674,1123,8,SUP008-GRS-1123,Redstone PurposeLube NLGI 2 (50 KG),6,17031.64,2.0,8,True,active,2024-01-28,,2026-01-01 00:00:00,system,2026-01-01 00:00:00,system
2675,1123,18,SUP018-GRS-1123,Redstone PurposeLube NLGI 2 (50 KG),6,19397.86,2.0,8,False,active,2025-01-20,,2026-01-01 00:00:00,system,2026-01-01 00:00:00,system
2676,1123,12,SUP012-GRS-1123,Redstone PurposeLube NLGI 2 (50 KG),6,19383.58,3.0,6,False,active,2024-05-30,,2026-01-01 00:00:00,system,2026-01-01 00:00:00,system
2677,1124,7,SUP007-GRS-1124,Westmark SpecialGrease NLGI 3 (180 KG),6,61098.79,2.0,14,True,active,2024-01-25,,2026-01-01 00:00:00,system,2026-01-01 00:00:00,system
2678,1125,11,SUP011-GRS-1125,Crestfield LoadSpecial NLGI 3 (400 G),6,159.62,28.0,4,True,active,2025-03-12,,2026-01-01 00:00:00,system,2026-01-01 00:00:00,system
2679,1125,7,SUP007-GRS-1125,Crestfield LoadSpecial NLGI 3 (400 G),6,150.62,24.0,12,False,active,2025-11-04,,2026-01-01 00:00:00,system,2026-01-01 00:00:00,system
2680,1126,4,SUP004-GRS-1126,Stonebridge MotionGuard NLGI 3 (500 G),6,186.98,13.0,6,True,active,2024-05-08,,2026-01-01 00:00:00,system,2026-01-01 00:00:00,system
2681,1127,8,SUP008-GRS-1127,Ridgewell PurposeLube NLGI 3 (1 KG),6,346.67,11.0,10,False,active,2025-10-02,,2026-01-01 00:00:00,system,2026-01-01 00:00:00,system
2682,1127,7,SUP007-GRS-1127,Ridgewell PurposeLube NLGI 3 (1 KG),6,369.78,10.0,9,False,active,2024-09-06,,2026-01-01 00:00:00,system,2026-01-01 00:00:00,system
2683,1127,11,SUP011-GRS-1127,Ridgewell PurposeLube NLGI 3 (1 KG),6,391.74,16.0,4,False,active,2024-01-16,,2026-01-01 00:00:00,system,2026-01-01 00:00:00,system
2684,1127,9,SUP009-GRS-1127,Ridgewell PurposeLube NLGI 3 (1 KG),6,397.8,14.0,7,True,active,2024-12-21,,2026-01-01 00:00:00,system,2026-01-01 00:00:00,system
2685,1128,12,SUP012-GRS-1128,Millbrook SpecialGrease NLGI 1 (2 KG),6,800.67,14.0,7,True,active,2025-02-10,,2026-01-01 00:00:00,system,2026-01-01 00:00:00,system
2686,1128,8,SUP008-GRS-1128,Millbrook SpecialGrease NLGI 1 (2 KG),6,736.8,11.0,12,False,active,2024-06-17,,2026-01-01 00:00:00,system,2026-01-01 00:00:00,system
2687,1128,2,SUP002-GRS-1128,Millbrook SpecialGrease NLGI 1 (2 KG),6,740.28,14.0,10,False,active,2025-04-18,,2026-01-01 00:00:00,system,2026-01-01 00:00:00,system
2688,1129,6,SUP006-GRS-1129,Highpoint LoadSpecial NLGI 1 (5 KG),6,1734.66,11.0,7,True,active,2025-05-15,,2026-01-01 00:00:00,system,2026-01-01 00:00:00,system
2689,1130,6,SUP006-GRS-1130,Fieldmark MotionGuard NLGI 1 (10 KG),6,3468.97,4.0,8,True,active,2024-06-25,,2026-01-01 00:00:00,system,2026-01-01 00:00:00,system
2690,1130,12,SUP012-GRS-1130,Fieldmark MotionGuard NLGI 1 (10 KG),6,3724.55,5.0,9,False,active,2024-11-13,,2026-01-01 00:00:00,system,2026-01-01 00:00:00,system
2691,1131,3,SUP003-GRS-1131,Northmark PurposeLube NLGI 1 (18 KG),6,6786.32,4.0,11,True,active,2024-05-31,,2026-01-01 00:00:00,system,2026-01-01 00:00:00,system
2692,1132,11,SUP011-GRS-1132,Ironcrest SpecialGrease NLGI 2 (50 KG),6,18364.55,2.0,8,False,active,2025-06-12,,2026-01-01 00:00:00,system,2026-01-01 00:00:00,system
2693,1132,9,SUP009-GRS-1132,Ironcrest SpecialGrease NLGI 2 (50 KG),6,19346.16,2.0,8,False,active,2025-06-19,,2026-01-01 00:00:00,system,2026-01-01 00:00:00,system
2694,1132,6,SUP006-GRS-1132,Ironcrest SpecialGrease NLGI 2 (50 KG),6,18325.96,2.0,8,True,active,2024-12-15,,2026-01-01 00:00:00,system,2026-01-01 00:00:00,system
2695,1133,4,SUP004-GRS-1133,Redstone LoadSpecial NLGI 2 (180 KG),6,58303.42,2.0,6,True,active,2025-08-17,,2026-01-01 00:00:00,system,2026-01-01 00:00:00,system
2696,1134,9,SUP009-GRS-1134,Westmark MotionGuard NLGI 2 (400 G),6,163.94,29.0,8,False,active,2025-09-30,,2026-01-01 00:00:00,system,2026-01-01 00:00:00,system
2697,1134,6,SUP006-GRS-1134,Westmark MotionGuard NLGI 2 (400 G),6,139.29,25.0,11,False,active,2024-02-20,,2026-01-01 00:00:00,system,2026-01-01 00:00:00,system
2698,1134,5,SUP005-GRS-1134,Westmark MotionGuard NLGI 2 (400 G),6,146.83,26.0,15,False,active,2024-08-19,,2026-01-01 00:00:00,system,2026-01-01 00:00:00,system
2699,1134,10,SUP010-GRS-1134,Westmark MotionGuard NLGI 2 (400 G),6,148.17,32.0,2,True,active,2025-06-22,,2026-01-01 00:00:00,system,2026-01-01 00:00:00,system
2700,1135,13,SUP013-GRS-1135,Crestfield PurposeLube NLGI 2 (500 G),6,199.34,14.0,4,False,active,2025-10-14,,2026-01-01 00:00:00,system,2026-01-01 00:00:00,system
2701,1135,7,SUP007-GRS-1135,Crestfield PurposeLube NLGI 2 (500 G),6,179.92,12.0,10,False,active,2025-07-10,,2026-01-01 00:00:00,system,2026-01-01 00:00:00,system
2702,1135,9,SUP009-GRS-1135,Crestfield PurposeLube NLGI 2 (500 G),6,198.76,12.0,3,True,active,2024-10-04,,2026-01-01 00:00:00,system,2026-01-01 00:00:00,system
2703,1136,14,SUP014-GRS-1136,Stonebridge SpecialGrease NLGI 3 (1 KG),6,399.72,12.0,5,True,active,2024-11-06,,2026-01-01 00:00:00,system,2026-01-01 00:00:00,system
2704,1136,6,SUP006-GRS-1136,Stonebridge SpecialGrease NLGI 3 (1 KG),6,340.84,12.0,10,False,active,2025-08-27,,2026-01-01 00:00:00,system,2026-01-01 00:00:00,system
2705,1136,16,SUP016-GRS-1136,Stonebridge SpecialGrease NLGI 3 (1 KG),6,418.13,15.0,5,False,active,2024-08-29,,2026-01-01 00:00:00,system,2026-01-01 00:00:00,system
2706,1137,5,SUP005-GRS-1137,Ridgewell LoadSpecial NLGI 3 (2 KG),6,689.43,12.0,14,False,inactive,2024-05-31,2025-11-14,2026-01-01 00:00:00,system,2026-01-01 00:00:00,system
2707,1137,2,SUP002-GRS-1137,Ridgewell LoadSpecial NLGI 3 (2 KG),6,691.43,14.0,11,False,inactive,2024-06-15,2025-02-14,2026-01-01 00:00:00,system,2026-01-01 00:00:00,system
2708,1137,6,SUP006-GRS-1137,Ridgewell LoadSpecial NLGI 3 (2 KG),6,698.53,12.0,9,False,inactive,2023-10-28,2025-03-05,2026-01-01 00:00:00,system,2026-01-01 00:00:00,system
2709,1137,8,SUP008-GRS-1137,Ridgewell LoadSpecial NLGI 3 (2 KG),6,731.51,13.0,11,False,inactive,2024-05-07,2025-03-12,2026-01-01 00:00:00,system,2026-01-01 00:00:00,system
2710,1138,1,SUP001-GRS-1138,Millbrook MotionGuard NLGI 3 (5 KG),6,1730.69,11.0,6,True,active,2024-11-24,,2026-01-01 00:00:00,system,2026-01-01 00:00:00,system
2711,1139,14,SUP014-GRS-1139,Highpoint PurposeLube NLGI 3 (10 KG),6,3726.07,5.0,5,False,active,2025-11-02,,2026-01-01 00:00:00,system,2026-01-01 00:00:00,system
2712,1139,1,SUP001-GRS-1139,Highpoint PurposeLube NLGI 3 (10 KG),6,3665.14,4.0,5,True,active,2024-07-21,,2026-01-01 00:00:00,system,2026-01-01 00:00:00,system
2713,1140,5,SUP005-GRS-1140,Fieldmark SpecialGrease NLGI 1 (18 KG),6,6392.88,4.0,13,False,active,2025-03-03,,2026-01-01 00:00:00,system,2026-01-01 00:00:00,system
2714,1140,8,SUP008-GRS-1140,Fieldmark SpecialGrease NLGI 1 (18 KG),6,6252.08,5.0,11,True,active,2024-01-12,,2026-01-01 00:00:00,system,2026-01-01 00:00:00,system
2715,1141,18,SUP018-CMF-1141,Northmark CoolGuard (1 L),6,160.16,16.0,5,False,inactive,2024-07-11,2025-04-14,2026-01-01 00:00:00,system,2026-01-01 00:00:00,system
2716,1141,13,SUP013-CMF-1141,Northmark CoolGuard (1 L),6,154.07,13.0,3,False,inactive,2024-11-23,2025-03-20,2026-01-01 00:00:00,system,2026-01-01 00:00:00,system
2717,1141,17,SUP017-CMF-1141,Northmark CoolGuard (1 L),6,154.96,14.0,7,False,inactive,2023-12-04,2025-04-05,2026-01-01 00:00:00,system,2026-01-01 00:00:00,system
2718,1142,1,SUP001-CMF-1142,Ironcrest EngineCool (3 L),6,409.88,13.0,9,True,active,2024-06-15,,2026-01-01 00:00:00,system,2026-01-01 00:00:00,system
2719,1142,5,SUP005-CMF-1142,Ironcrest EngineCool (3 L),6,440.36,13.0,15,False,active,2025-04-28,,2026-01-01 00:00:00,system,2026-01-01 00:00:00,system
2720,1142,18,SUP018-CMF-1142,Ironcrest EngineCool (3 L),6,449.24,13.0,3,False,active,2024-04-23,,2026-01-01 00:00:00,system,2026-01-01 00:00:00,system
2721,1143,2,SUP002-CMF-1143,Redstone ThermoCool (5 L),6,689.64,13.0,13,False,active,2025-10-02,,2026-01-01 00:00:00,system,2026-01-01 00:00:00,system
2722,1143,21,SUP021-CMF-1143,Redstone ThermoCool (5 L),6,769.27,12.0,28,False,active,2025-11-02,,2026-01-01 00:00:00,system,2026-01-01 00:00:00,system
2723,1143,6,SUP006-CMF-1143,Redstone ThermoCool (5 L),6,674.58,12.0,9,True,active,2025-03-02,,2026-01-01 00:00:00,system,2026-01-01 00:00:00,system
2724,1144,6,SUP006-CMF-1144,Westmark CoolFlow (10 L),6,1322.24,7.0,6,False,active,2024-10-26,,2026-01-01 00:00:00,system,2026-01-01 00:00:00,system
2725,1144,18,SUP018-CMF-1144,Westmark CoolFlow (10 L),6,1492.69,9.0,4,True,active,2024-08-30,,2026-01-01 00:00:00,system,2026-01-01 00:00:00,system
2726,1145,15,SUP015-CMF-1145,Crestfield RadiantCore (20 L),6,3228.89,8.0,5,True,active,2024-12-19,,2026-01-01 00:00:00,system,2026-01-01 00:00:00,system
2727,1146,3,SUP003-CMF-1146,Stonebridge CoolGuard (55 L),6,7622.07,2.0,11,False,active,2024-05-12,,2026-01-01 00:00:00,system,2026-01-01 00:00:00,system
2728,1146,16,SUP016-CMF-1146,Stonebridge CoolGuard (55 L),6,8996.18,3.0,6,True,active,2025-03-07,,2026-01-01 00:00:00,system,2026-01-01 00:00:00,system
2729,1146,21,SUP021-CMF-1146,Stonebridge CoolGuard (55 L),6,8720.86,2.0,27,False,active,2024-01-04,,2026-01-01 00:00:00,system,2026-01-01 00:00:00,system
2730,1146,9,SUP009-CMF-1146,Stonebridge CoolGuard (55 L),6,7942.58,2.0,3,False,active,2025-03-14,,2026-01-01 00:00:00,system,2026-01-01 00:00:00,system
2731,1147,18,SUP018-CMF-1147,Ridgewell EngineCool (210 L),6,32019.92,1.0,5,False,active,2025-09-10,,2026-01-01 00:00:00,system,2026-01-01 00:00:00,system
2732,1147,22,SUP022-CMF-1147,Ridgewell EngineCool (210 L),6,30858.55,1.0,23,False,active,2025-12-12,,2026-01-01 00:00:00,system,2026-01-01 00:00:00,system
2733,1147,5,SUP005-CMF-1147,Ridgewell EngineCool (210 L),6,29088.03,1.0,14,True,active,2025-03-09,,2026-01-01 00:00:00,system,2026-01-01 00:00:00,system
2734,1148,15,SUP015-CMF-1148,Millbrook ThermoCool (1000 L),1,133.86,1400.0,8,True,active,2025-02-26,,2026-01-01 00:00:00,system,2026-01-01 00:00:00,system
2735,1148,12,SUP012-CMF-1148,Millbrook ThermoCool (1000 L),1,144.15,1150.0,10,False,active,2024-05-28,,2026-01-01 00:00:00,system,2026-01-01 00:00:00,system
2736,1148,14,SUP014-CMF-1148,Millbrook ThermoCool (1000 L),1,141.24,1250.0,7,False,active,2025-07-13,,2026-01-01 00:00:00,system,2026-01-01 00:00:00,system
2737,1149,11,SUP011-CMF-1149,Highpoint CoolFlow (1 L),6,157.69,14.0,4,True,active,2024-12-07,,2026-01-01 00:00:00,system,2026-01-01 00:00:00,system
2738,1149,2,SUP002-CMF-1149,Highpoint CoolFlow (1 L),6,138.86,11.0,8,False,active,2025-12-15,,2026-01-01 00:00:00,system,2026-01-01 00:00:00,system
2739,1150,14,SUP014-CMF-1150,Fieldmark RadiantCore (3 L),6,468.03,15.0,2,True,active,2024-01-20,,2026-01-01 00:00:00,system,2026-01-01 00:00:00,system
2740,1150,9,SUP009-CMF-1150,Fieldmark RadiantCore (3 L),6,468.56,16.0,6,False,active,2024-03-29,,2026-01-01 00:00:00,system,2026-01-01 00:00:00,system
2741,1150,12,SUP012-CMF-1150,Fieldmark RadiantCore (3 L),6,473.51,13.0,6,False,active,2025-07-14,,2026-01-01 00:00:00,system,2026-01-01 00:00:00,system
2742,1150,18,SUP018-CMF-1150,Fieldmark RadiantCore (3 L),6,466.33,18.0,7,False,active,2025-08-05,,2026-01-01 00:00:00,system,2026-01-01 00:00:00,system
2743,1151,13,SUP013-CMF-1151,Northmark CoolGuard (5 L),6,726.22,16.0,7,False,active,2025-11-02,,2026-01-01 00:00:00,system,2026-01-01 00:00:00,system
2744,1151,7,SUP007-CMF-1151,Northmark CoolGuard (5 L),6,688.95,12.0,14,True,active,2024-01-23,,2026-01-01 00:00:00,system,2026-01-01 00:00:00,system
2745,1152,1,SUP001-CMF-1152,Ironcrest EngineCool (10 L),6,1358.77,6.0,6,True,active,2025-09-26,,2026-01-01 00:00:00,system,2026-01-01 00:00:00,system
2746,1153,4,SUP004-CMF-1153,Redstone ThermoCool (20 L),6,2656.74,6.0,8,False,active,2024-09-01,,2026-01-01 00:00:00,system,2026-01-01 00:00:00,system
2747,1153,16,SUP016-CMF-1153,Redstone ThermoCool (20 L),6,3223.15,8.0,8,True,active,2025-07-16,,2026-01-01 00:00:00,system,2026-01-01 00:00:00,system
2748,1153,2,SUP002-CMF-1153,Redstone ThermoCool (20 L),6,2654.07,6.0,8,False,active,2024-05-24,,2026-01-01 00:00:00,system,2026-01-01 00:00:00,system
2749,1154,20,SUP020-CMF-1154,Westmark CoolFlow (55 L),6,8925.27,2.0,27,False,active,2024-04-11,,2026-01-01 00:00:00,system,2026-01-01 00:00:00,system
2750,1154,23,SUP023-CMF-1154,Westmark CoolFlow (55 L),6,7073.52,2.0,12,False,active,2025-08-30,,2026-01-01 00:00:00,system,2026-01-01 00:00:00,system
2751,1154,4,SUP004-CMF-1154,Westmark CoolFlow (55 L),6,7517.62,2.0,6,True,active,2025-04-20,,2026-01-01 00:00:00,system,2026-01-01 00:00:00,system
2752,1154,5,SUP005-CMF-1154,Westmark CoolFlow (55 L),6,7367.47,2.0,14,False,active,2025-12-29,,2026-01-01 00:00:00,system,2026-01-01 00:00:00,system
2753,1155,1,SUP001-CMF-1155,Crestfield RadiantCore (210 L),6,26429.67,1.0,6,True,active,2024-02-23,,2026-01-01 00:00:00,system,2026-01-01 00:00:00,system
2754,1155,20,SUP020-CMF-1155,Crestfield RadiantCore (210 L),6,30971.55,1.0,27,False,active,2024-10-04,,2026-01-01 00:00:00,system,2026-01-01 00:00:00,system
2755,1155,5,SUP005-CMF-1155,Crestfield RadiantCore (210 L),6,28351.0,1.0,14,False,active,2025-10-25,,2026-01-01 00:00:00,system,2026-01-01 00:00:00,system
2756,1156,8,SUP008-CMF-1156,Stonebridge CoolGuard (1000 L),1,129.11,1250.0,14,False,active,2024-05-26,,2026-01-01 00:00:00,system,2026-01-01 00:00:00,system
2757,1156,16,SUP016-CMF-1156,Stonebridge CoolGuard (1000 L),1,135.51,1550.0,7,True,active,2024-01-18,,2026-01-01 00:00:00,system,2026-01-01 00:00:00,system
2758,1156,3,SUP003-CMF-1156,Stonebridge CoolGuard (1000 L),1,128.76,1150.0,10,False,active,2025-03-23,,2026-01-01 00:00:00,system,2026-01-01 00:00:00,system
2759,1157,20,SUP020-CMF-1157,Ridgewell EngineCool (1 L),6,170.95,10.0,27,False,active,2025-05-01,,2026-01-01 00:00:00,system,2026-01-01 00:00:00,system
2760,1157,1,SUP001-CMF-1157,Ridgewell EngineCool (1 L),6,135.14,12.0,5,False,active,2024-02-12,,2026-01-01 00:00:00,system,2026-01-01 00:00:00,system
2761,1157,2,SUP002-CMF-1157,Ridgewell EngineCool (1 L),6,143.72,12.0,12,False,active,2024-03-01,,2026-01-01 00:00:00,system,2026-01-01 00:00:00,system
2762,1157,17,SUP017-CMF-1157,Ridgewell EngineCool (1 L),6,154.66,16.0,5,True,active,2025-05-11,,2026-01-01 00:00:00,system,2026-01-01 00:00:00,system
2763,1158,8,SUP008-CMF-1158,Millbrook ThermoCool (3 L),6,406.57,11.0,12,False,active,2024-08-08,,2026-01-01 00:00:00,system,2026-01-01 00:00:00,system
2764,1158,7,SUP007-CMF-1158,Millbrook ThermoCool (3 L),6,415.9,14.0,10,False,active,2024-09-28,,2026-01-01 00:00:00,system,2026-01-01 00:00:00,system
2765,1158,2,SUP002-CMF-1158,Millbrook ThermoCool (3 L),6,433.65,14.0,8,True,active,2024-09-08,,2026-01-01 00:00:00,system,2026-01-01 00:00:00,system
2766,1158,6,SUP006-CMF-1158,Millbrook ThermoCool (3 L),6,425.68,14.0,11,False,active,2024-08-20,,2026-01-01 00:00:00,system,2026-01-01 00:00:00,system
2767,1159,5,SUP005-CMF-1159,Highpoint CoolFlow (5 L),6,709.63,13.0,10,True,active,2024-05-28,,2026-01-01 00:00:00,system,2026-01-01 00:00:00,system
2768,1159,1,SUP001-CMF-1159,Highpoint CoolFlow (5 L),6,672.85,10.0,10,False,active,2024-09-20,,2026-01-01 00:00:00,system,2026-01-01 00:00:00,system
2769,1159,3,SUP003-CMF-1159,Highpoint CoolFlow (5 L),6,665.48,11.0,12,False,active,2025-10-30,,2026-01-01 00:00:00,system,2026-01-01 00:00:00,system
2770,1159,8,SUP008-CMF-1159,Highpoint CoolFlow (5 L),6,661.61,11.0,12,False,active,2025-01-21,,2026-01-01 00:00:00,system,2026-01-01 00:00:00,system
2771,1160,14,SUP014-CMF-1160,Fieldmark RadiantCore (10 L),6,1469.63,7.0,5,True,active,2025-07-22,,2026-01-01 00:00:00,system,2026-01-01 00:00:00,system
2772,1160,7,SUP007-CMF-1160,Fieldmark RadiantCore (10 L),6,1370.74,5.0,13,False,active,2025-01-29,,2026-01-01 00:00:00,system,2026-01-01 00:00:00,system
2773,1161,4,SUP004-CMF-1161,Northmark CoolGuard (20 L),6,2865.22,6.0,6,True,active,2024-09-06,,2026-01-01 00:00:00,system,2026-01-01 00:00:00,system
2774,1162,2,SUP002-CMF-1162,Ironcrest EngineCool (55 L),6,7584.8,2.0,9,True,active,2025-12-23,,2026-01-01 00:00:00,system,2026-01-01 00:00:00,system
2775,1163,13,SUP013-CMF-1163,Redstone ThermoCool (210 L),6,28656.87,1.0,4,True,active,2024-06-12,,2026-01-01 00:00:00,system,2026-01-01 00:00:00,system
2776,1164,14,SUP014-CMF-1164,Westmark CoolFlow (1000 L),1,130.67,1050.0,3,True,active,2024-01-14,,2026-01-01 00:00:00,system,2026-01-01 00:00:00,system
2777,1164,9,SUP009-CMF-1164,Westmark CoolFlow (1000 L),1,133.9,1100.0,7,False,active,2024-09-22,,2026-01-01 00:00:00,system,2026-01-01 00:00:00,system
2778,1165,10,SUP010-CMF-1165,Crestfield RadiantCore (1 L),6,152.89,12.0,5,False,active,2024-01-14,,2026-01-01 00:00:00,system,2026-01-01 00:00:00,system
2779,1165,14,SUP014-CMF-1165,Crestfield RadiantCore (1 L),6,158.67,16.0,3,True,active,2024-07-18,,2026-01-01 00:00:00,system,2026-01-01 00:00:00,system
2780,1166,7,SUP007-CMF-1166,Stonebridge CoolGuard (3 L),6,431.13,11.0,11,False,active,2025-03-23,,2026-01-01 00:00:00,system,2026-01-01 00:00:00,system
2781,1166,21,SUP021-CMF-1166,Stonebridge CoolGuard (3 L),6,512.87,11.0,31,True,active,2024-09-01,,2026-01-01 00:00:00,system,2026-01-01 00:00:00,system
2782,1167,6,SUP006-CMF-1167,Ridgewell EngineCool (5 L),6,728.22,13.0,9,True,active,2024-05-09,,2026-01-01 00:00:00,system,2026-01-01 00:00:00,system
2783,1168,15,SUP015-CMF-1168,Millbrook ThermoCool (10 L),6,1489.51,7.0,9,False,active,2024-10-22,,2026-01-01 00:00:00,system,2026-01-01 00:00:00,system
2784,1168,1,SUP001-CMF-1168,Millbrook ThermoCool (10 L),6,1410.05,5.0,6,True,active,2024-02-29,,2026-01-01 00:00:00,system,2026-01-01 00:00:00,system
2785,1169,10,SUP010-CMF-1169,Highpoint CoolFlow (20 L),6,3005.13,7.0,2,True,active,2024-12-04,,2026-01-01 00:00:00,system,2026-01-01 00:00:00,system
2786,1169,9,SUP009-CMF-1169,Highpoint CoolFlow (20 L),6,2859.97,8.0,5,False,active,2024-12-18,,2026-01-01 00:00:00,system,2026-01-01 00:00:00,system
2787,1169,4,SUP004-CMF-1169,Highpoint CoolFlow (20 L),6,2914.78,6.0,4,False,active,2024-05-22,,2026-01-01 00:00:00,system,2026-01-01 00:00:00,system
2788,1170,2,SUP002-CMF-1170,Fieldmark RadiantCore (55 L),6,7822.66,2.0,13,False,active,2024-12-20,,2026-01-01 00:00:00,system,2026-01-01 00:00:00,system
2789,1170,5,SUP005-CMF-1170,Fieldmark RadiantCore (55 L),6,7312.96,2.0,10,True,active,2025-01-24,,2026-01-01 00:00:00,system,2026-01-01 00:00:00,system
2790,1171,1,SUP001-CMF-1171,Northmark LongLifeCool (5 L),6,695.64,13.0,9,True,active,2024-09-27,,2026-01-01 00:00:00,system,2026-01-01 00:00:00,system
2791,1172,12,SUP012-CMF-1172,Ironcrest EnduraCool (10 L),6,1513.25,7.0,9,True,active,2024-03-24,,2026-01-01 00:00:00,system,2026-01-01 00:00:00,system
2792,1173,13,SUP013-CMF-1173,Redstone LifeGuardCool (20 L),6,2939.86,7.0,3,True,active,2025-08-08,,2026-01-01 00:00:00,system,2026-01-01 00:00:00,system
2793,1173,7,SUP007-CMF-1173,Redstone LifeGuardCool (20 L),6,2903.97,7.0,10,False,active,2025-08-10,,2026-01-01 00:00:00,system,2026-01-01 00:00:00,system
2794,1174,4,SUP004-CMF-1174,Westmark ExtendedCool (55 L),6,7869.42,2.0,9,False,inactive,2025-08-27,2025-11-21,2026-01-01 00:00:00,system,2026-01-01 00:00:00,system
2795,1174,15,SUP015-CMF-1174,Westmark ExtendedCool (55 L),6,8102.61,3.0,4,False,inactive,2023-12-26,2025-05-05,2026-01-01 00:00:00,system,2026-01-01 00:00:00,system
2796,1174,8,SUP008-CMF-1174,Westmark ExtendedCool (55 L),6,8052.26,2.0,10,False,inactive,2025-05-05,2025-07-29,2026-01-01 00:00:00,system,2026-01-01 00:00:00,system
2797,1175,21,SUP021-CMF-1175,Crestfield LongRunCool (210 L),6,33096.02,1.0,31,False,active,2024-01-21,,2026-01-01 00:00:00,system,2026-01-01 00:00:00,system
2798,1175,9,SUP009-CMF-1175,Crestfield LongRunCool (210 L),6,29058.72,1.0,6,True,active,2025-11-10,,2026-01-01 00:00:00,system,2026-01-01 00:00:00,system
2799,1175,11,SUP011-CMF-1175,Crestfield LongRunCool (210 L),6,29262.51,1.0,10,False,active,2024-02-10,,2026-01-01 00:00:00,system,2026-01-01 00:00:00,system
2800,1176,5,SUP005-CMF-1176,Stonebridge LongLifeCool (1000 L),1,121.67,1150.0,12,False,inactive,2025-02-12,2025-06-28,2026-01-01 00:00:00,system,2026-01-01 00:00:00,system
2801,1176,2,SUP002-CMF-1176,Stonebridge LongLifeCool (1000 L),1,129.36,1200.0,14,False,inactive,2023-07-29,2025-01-04,2026-01-01 00:00:00,system,2026-01-01 00:00:00,system
2802,1176,8,SUP008-CMF-1176,Stonebridge LongLifeCool (1000 L),1,132.12,1150.0,12,False,inactive,2024-09-05,2025-03-02,2026-01-01 00:00:00,system,2026-01-01 00:00:00,system
2803,1177,15,SUP015-CMF-1177,Ridgewell EnduraCool (1 L),6,147.41,16.0,6,False,active,2024-01-13,,2026-01-01 00:00:00,system,2026-01-01 00:00:00,system
2804,1177,14,SUP014-CMF-1177,Ridgewell EnduraCool (1 L),6,148.78,15.0,5,False,active,2025-04-27,,2026-01-01 00:00:00,system,2026-01-01 00:00:00,system
2805,1177,9,SUP009-CMF-1177,Ridgewell EnduraCool (1 L),6,159.58,14.0,3,True,active,2025-05-08,,2026-01-01 00:00:00,system,2026-01-01 00:00:00,system
2806,1178,21,SUP021-CMF-1178,Millbrook LifeGuardCool (3 L),6,494.41,12.0,27,False,active,2024-07-12,,2026-01-01 00:00:00,system,2026-01-01 00:00:00,system
2807,1178,7,SUP007-CMF-1178,Millbrook LifeGuardCool (3 L),6,437.83,13.0,10,False,active,2025-06-30,,2026-01-01 00:00:00,system,2026-01-01 00:00:00,system
2808,1178,13,SUP013-CMF-1178,Millbrook LifeGuardCool (3 L),6,468.24,12.0,4,True,active,2025-04-22,,2026-01-01 00:00:00,system,2026-01-01 00:00:00,system
2809,1179,4,SUP004-CMF-1179,Highpoint ExtendedCool (5 L),6,698.05,14.0,8,False,active,2025-04-05,,2026-01-01 00:00:00,system,2026-01-01 00:00:00,system
2810,1179,12,SUP012-CMF-1179,Highpoint ExtendedCool (5 L),6,768.99,13.0,5,False,active,2025-04-21,,2026-01-01 00:00:00,system,2026-01-01 00:00:00,system
2811,1179,14,SUP014-CMF-1179,Highpoint ExtendedCool (5 L),6,769.88,16.0,7,True,active,2024-12-16,,2026-01-01 00:00:00,system,2026-01-01 00:00:00,system
2812,1180,12,SUP012-CMF-1180,Fieldmark LongRunCool (10 L),6,1578.66,7.0,8,False,active,2025-04-02,,2026-01-01 00:00:00,system,2026-01-01 00:00:00,system
2813,1180,9,SUP009-CMF-1180,Fieldmark LongRunCool (10 L),6,1573.19,7.0,6,True,active,2025-05-08,,2026-01-01 00:00:00,system,2026-01-01 00:00:00,system
2814,1181,22,SUP022-CMF-1181,Northmark LongLifeCool (20 L),6,3224.43,6.0,19,True,active,2025-08-29,,2026-01-01 00:00:00,system,2026-01-01 00:00:00,system
2815,1182,11,SUP011-CMF-1182,Ironcrest EnduraCool (55 L),6,8676.3,2.0,4,True,active,2024-03-03,,2026-01-01 00:00:00,system,2026-01-01 00:00:00,system
2816,1182,7,SUP007-CMF-1182,Ironcrest EnduraCool (55 L),6,8040.85,2.0,13,False,active,2025-12-08,,2026-01-01 00:00:00,system,2026-01-01 00:00:00,system
2817,1182,10,SUP010-CMF-1182,Ironcrest EnduraCool (55 L),6,8560.46,3.0,7,False,active,2024-06-18,,2026-01-01 00:00:00,system,2026-01-01 00:00:00,system
2818,1183,20,SUP020-CMF-1183,Redstone LifeGuardCool (210 L),6,30629.12,1.0,28,False,active,2025-11-22,,2026-01-01 00:00:00,system,2026-01-01 00:00:00,system
2819,1183,5,SUP005-CMF-1183,Redstone LifeGuardCool (210 L),6,29027.69,1.0,14,True,active,2025-08-18,,2026-01-01 00:00:00,system,2026-01-01 00:00:00,system
2820,1183,4,SUP004-CMF-1183,Redstone LifeGuardCool (210 L),6,26874.51,1.0,5,False,active,2025-09-18,,2026-01-01 00:00:00,system,2026-01-01 00:00:00,system
2821,1184,2,SUP002-CMF-1184,Westmark ExtendedCool (1000 L),1,125.94,800.0,9,True,active,2024-03-14,,2026-01-01 00:00:00,system,2026-01-01 00:00:00,system
2822,1184,7,SUP007-CMF-1184,Westmark ExtendedCool (1000 L),1,127.25,1000.0,12,False,active,2025-08-01,,2026-01-01 00:00:00,system,2026-01-01 00:00:00,system
2823,1185,9,SUP009-CMF-1185,Crestfield LongRunCool (1 L),6,153.49,14.0,7,True,active,2025-09-14,,2026-01-01 00:00:00,system,2026-01-01 00:00:00,system
2824,1185,17,SUP017-CMF-1185,Crestfield LongRunCool (1 L),6,156.84,14.0,5,False,active,2025-07-10,,2026-01-01 00:00:00,system,2026-01-01 00:00:00,system
2825,1185,1,SUP001-CMF-1185,Crestfield LongRunCool (1 L),6,134.55,14.0,9,False,active,2025-07-02,,2026-01-01 00:00:00,system,2026-01-01 00:00:00,system
2826,1186,17,SUP017-CMF-1186,Stonebridge LongLifeCool (3 L),6,463.83,14.0,9,True,active,2025-09-05,,2026-01-01 00:00:00,system,2026-01-01 00:00:00,system
2827,1187,3,SUP003-CMF-1187,Ridgewell EnduraCool (5 L),6,723.8,11.0,10,False,active,2024-03-26,,2026-01-01 00:00:00,system,2026-01-01 00:00:00,system
2828,1187,15,SUP015-CMF-1187,Ridgewell EnduraCool (5 L),6,756.56,15.0,6,True,active,2025-09-10,,2026-01-01 00:00:00,system,2026-01-01 00:00:00,system
2829,1187,7,SUP007-CMF-1187,Ridgewell EnduraCool (5 L),6,720.05,12.0,9,False,active,2025-04-24,,2026-01-01 00:00:00,system,2026-01-01 00:00:00,system
2830,1188,6,SUP006-CMF-1188,Millbrook LifeGuardCool (10 L),6,1436.78,5.0,11,False,active,2025-02-18,,2026-01-01 00:00:00,system,2026-01-01 00:00:00,system
2831,1188,9,SUP009-CMF-1188,Millbrook LifeGuardCool (10 L),6,1490.3,6.0,4,True,active,2025-11-19,,2026-01-01 00:00:00,system,2026-01-01 00:00:00,system
2832,1189,22,SUP022-CMF-1189,Highpoint ExtendedCool (20 L),6,3451.53,5.0,23,False,active,2024-11-09,,2026-01-01 00:00:00,system,2026-01-01 00:00:00,system
2833,1189,17,SUP017-CMF-1189,Highpoint ExtendedCool (20 L),6,2989.87,7.0,8,False,active,2025-09-27,,2026-01-01 00:00:00,system,2026-01-01 00:00:00,system
2834,1189,13,SUP013-CMF-1189,Highpoint ExtendedCool (20 L),6,2932.95,8.0,4,True,active,2025-04-23,,2026-01-01 00:00:00,system,2026-01-01 00:00:00,system
2835,1189,1,SUP001-CMF-1189,Highpoint ExtendedCool (20 L),6,2901.08,6.0,5,False,active,2025-05-22,,2026-01-01 00:00:00,system,2026-01-01 00:00:00,system
2836,1190,4,SUP004-CMF-1190,Fieldmark LongRunCool (55 L),6,7782.42,2.0,7,False,active,2026-01-01,,2026-01-01 00:00:00,system,2026-01-01 00:00:00,system
2837,1190,13,SUP013-CMF-1190,Fieldmark LongRunCool (55 L),6,8478.25,3.0,8,False,active,2025-08-23,,2026-01-01 00:00:00,system,2026-01-01 00:00:00,system
2838,1190,2,SUP002-CMF-1190,Fieldmark LongRunCool (55 L),6,7905.86,2.0,11,True,active,2025-11-10,,2026-01-01 00:00:00,system,2026-01-01 00:00:00,system
2839,1191,1,SUP001-CMF-1191,Northmark LongLifeCool (210 L),6,26559.75,1.0,8,True,active,2024-05-05,,2026-01-01 00:00:00,system,2026-01-01 00:00:00,system
2840,1191,9,SUP009-CMF-1191,Northmark LongLifeCool (210 L),6,30680.21,1.0,4,False,active,2024-07-14,,2026-01-01 00:00:00,system,2026-01-01 00:00:00,system
2841,1191,18,SUP018-CMF-1191,Northmark LongLifeCool (210 L),6,32918.39,1.0,9,False,active,2024-06-04,,2026-01-01 00:00:00,system,2026-01-01 00:00:00,system
2842,1191,17,SUP017-CMF-1191,Northmark LongLifeCool (210 L),6,32823.58,1.0,8,False,active,2024-08-10,,2026-01-01 00:00:00,system,2026-01-01 00:00:00,system
2843,1192,23,SUP023-CMF-1192,Ironcrest EnduraCool (1000 L),1,119.02,900.0,13,False,active,2025-03-09,,2026-01-01 00:00:00,system,2026-01-01 00:00:00,system
2844,1192,5,SUP005-CMF-1192,Ironcrest EnduraCool (1000 L),1,123.62,950.0,14,True,active,2024-07-25,,2026-01-01 00:00:00,system,2026-01-01 00:00:00,system
2845,1193,4,SUP004-CMF-1193,Redstone LifeGuardCool (1 L),6,136.74,13.0,7,True,active,2024-12-14,,2026-01-01 00:00:00,system,2026-01-01 00:00:00,system
2846,1193,1,SUP001-CMF-1193,Redstone LifeGuardCool (1 L),6,143.8,13.0,6,False,active,2025-02-07,,2026-01-01 00:00:00,system,2026-01-01 00:00:00,system
2847,1193,5,SUP005-CMF-1193,Redstone LifeGuardCool (1 L),6,134.0,11.0,13,False,active,2024-02-29,,2026-01-01 00:00:00,system,2026-01-01 00:00:00,system
2848,1194,17,SUP017-CMF-1194,Westmark ExtendedCool (3 L),6,489.19,13.0,9,False,inactive,2025-06-09,2025-10-02,2026-01-01 00:00:00,system,2026-01-01 00:00:00,system
2849,1194,11,SUP011-CMF-1194,Westmark ExtendedCool (3 L),6,433.17,13.0,4,False,inactive,2025-08-14,2025-11-10,2026-01-01 00:00:00,system,2026-01-01 00:00:00,system
2850,1194,7,SUP007-CMF-1194,Westmark ExtendedCool (3 L),6,407.44,12.0,12,False,inactive,2025-04-03,2025-06-14,2026-01-01 00:00:00,system,2026-01-01 00:00:00,system
2851,1195,2,SUP002-CMF-1195,Crestfield LongRunCool (5 L),6,712.6,10.0,9,True,active,2024-03-14,,2026-01-01 00:00:00,system,2026-01-01 00:00:00,system
2852,1195,3,SUP003-CMF-1195,Crestfield LongRunCool (5 L),6,732.58,10.0,9,False,active,2024-12-01,,2026-01-01 00:00:00,system,2026-01-01 00:00:00,system
2853,1195,15,SUP015-CMF-1195,Crestfield LongRunCool (5 L),6,774.56,13.0,6,False,active,2024-12-30,,2026-01-01 00:00:00,system,2026-01-01 00:00:00,system
2854,1196,18,SUP018-CMF-1196,Stonebridge LongLifeCool (10 L),6,1632.9,7.0,7,True,active,2025-04-11,,2026-01-01 00:00:00,system,2026-01-01 00:00:00,system
2855,1197,7,SUP007-CMF-1197,Ridgewell EnduraCool (20 L),6,2681.95,6.0,11,False,active,2025-08-24,,2026-01-01 00:00:00,system,2026-01-01 00:00:00,system
2856,1197,8,SUP008-CMF-1197,Ridgewell EnduraCool (20 L),6,2655.95,5.0,8,False,active,2025-06-28,,2026-01-01 00:00:00,system,2026-01-01 00:00:00,system
2857,1197,16,SUP016-CMF-1197,Ridgewell EnduraCool (20 L),6,3273.16,7.0,3,True,active,2025-04-26,,2026-01-01 00:00:00,system,2026-01-01 00:00:00,system
2858,1197,22,SUP022-CMF-1197,Ridgewell EnduraCool (20 L),6,3153.3,6.0,22,False,active,2024-07-22,,2026-01-01 00:00:00,system,2026-01-01 00:00:00,system
2859,1198,12,SUP012-CMF-1198,Millbrook LifeGuardCool (55 L),6,8048.01,2.0,10,False,active,2025-08-18,,2026-01-01 00:00:00,system,2026-01-01 00:00:00,system
2860,1198,6,SUP006-CMF-1198,Millbrook LifeGuardCool (55 L),6,7432.59,2.0,6,True,active,2025-05-01,,2026-01-01 00:00:00,system,2026-01-01 00:00:00,system
2861,1198,21,SUP021-CMF-1198,Millbrook LifeGuardCool (55 L),6,8767.17,2.0,26,False,active,2024-05-05,,2026-01-01 00:00:00,system,2026-01-01 00:00:00,system
2862,1199,14,SUP014-CMF-1199,Highpoint ExtendedCool (210 L),6,31155.4,1.0,4,True,active,2024-12-25,,2026-01-01 00:00:00,system,2026-01-01 00:00:00,system
2863,1200,7,SUP007-CMF-1200,Fieldmark LongRunCool (1000 L),1,128.66,900.0,12,True,active,2025-03-14,,2026-01-01 00:00:00,system,2026-01-01 00:00:00,system
2864,1201,2,SUP002-CMF-1201,Northmark ReadyCool (20 L),6,2912.32,6.0,8,False,active,2025-09-05,,2026-01-01 00:00:00,system,2026-01-01 00:00:00,system
2865,1201,5,SUP005-CMF-1201,Northmark ReadyCool (20 L),6,2866.34,6.0,15,True,active,2024-01-02,,2026-01-01 00:00:00,system,2026-01-01 00:00:00,system
2866,1201,4,SUP004-CMF-1201,Northmark ReadyCool (20 L),6,2698.33,7.0,4,False,active,2024-09-19,,2026-01-01 00:00:00,system,2026-01-01 00:00:00,system
2867,1202,17,SUP017-CMF-1202,Ironcrest PremixGuard (55 L),6,8988.56,3.0,8,False,inactive,2025-08-28,2025-12-16,2026-01-01 00:00:00,system,2026-01-01 00:00:00,system
2868,1202,7,SUP007-CMF-1202,Ironcrest PremixGuard (55 L),6,7668.67,2.0,11,False,inactive,2025-08-14,2025-11-28,2026-01-01 00:00:00,system,2026-01-01 00:00:00,system
2869,1202,8,SUP008-CMF-1202,Ironcrest PremixGuard (55 L),6,7493.25,2.0,11,False,inactive,2025-06-07,2025-08-16,2026-01-01 00:00:00,system,2026-01-01 00:00:00,system
2870,1203,8,SUP008-CMF-1203,Redstone ReadyFlow (210 L),6,27478.84,1.0,10,True,active,2024-11-29,,2026-01-01 00:00:00,system,2026-01-01 00:00:00,system
2871,1203,3,SUP003-CMF-1203,Redstone ReadyFlow (210 L),6,29209.88,1.0,12,False,active,2024-12-23,,2026-01-01 00:00:00,system,2026-01-01 00:00:00,system
2872,1204,9,SUP009-CMF-1204,Westmark InstantCool (1000 L),1,136.58,1200.0,9,False,active,2025-11-18,,2026-01-01 00:00:00,system,2026-01-01 00:00:00,system
2873,1204,11,SUP011-CMF-1204,Westmark InstantCool (1000 L),1,130.07,1250.0,8,True,active,2024-11-07,,2026-01-01 00:00:00,system,2026-01-01 00:00:00,system
2874,1204,22,SUP022-CMF-1204,Westmark InstantCool (1000 L),1,148.61,950.0,21,False,active,2024-04-24,,2026-01-01 00:00:00,system,2026-01-01 00:00:00,system
2875,1205,6,SUP006-CMF-1205,Crestfield UseReadyCool (1 L),6,146.1,13.0,9,False,active,2024-03-29,,2026-01-01 00:00:00,system,2026-01-01 00:00:00,system
2876,1205,13,SUP013-CMF-1205,Crestfield UseReadyCool (1 L),6,157.28,16.0,4,True,active,2024-04-28,,2026-01-01 00:00:00,system,2026-01-01 00:00:00,system
2877,1206,6,SUP006-CMF-1206,Stonebridge ReadyCool (3 L),6,403.27,10.0,11,False,active,2025-10-17,,2026-01-01 00:00:00,system,2026-01-01 00:00:00,system
2878,1206,18,SUP018-CMF-1206,Stonebridge ReadyCool (3 L),6,482.97,17.0,8,True,active,2025-10-18,,2026-01-01 00:00:00,system,2026-01-01 00:00:00,system
2879,1206,5,SUP005-CMF-1206,Stonebridge ReadyCool (3 L),6,434.23,10.0,14,False,active,2024-11-23,,2026-01-01 00:00:00,system,2026-01-01 00:00:00,system
2880,1207,12,SUP012-CMF-1207,Ridgewell PremixGuard (5 L),6,717.67,13.0,9,False,active,2024-06-19,,2026-01-01 00:00:00,system,2026-01-01 00:00:00,system
2881,1207,9,SUP009-CMF-1207,Ridgewell PremixGuard (5 L),6,717.29,16.0,6,False,active,2025-10-18,,2026-01-01 00:00:00,system,2026-01-01 00:00:00,system
2882,1207,7,SUP007-CMF-1207,Ridgewell PremixGuard (5 L),6,709.15,11.0,11,False,active,2024-01-18,,2026-01-01 00:00:00,system,2026-01-01 00:00:00,system
2883,1207,4,SUP004-CMF-1207,Ridgewell PremixGuard (5 L),6,670.58,14.0,9,True,active,2024-03-20,,2026-01-01 00:00:00,system,2026-01-01 00:00:00,system
2884,1208,20,SUP020-CMF-1208,Millbrook ReadyFlow (10 L),6,1719.3,6.0,25,False,active,2024-05-21,,2026-01-01 00:00:00,system,2026-01-01 00:00:00,system
2885,1208,8,SUP008-CMF-1208,Millbrook ReadyFlow (10 L),6,1346.98,7.0,11,True,active,2025-12-27,,2026-01-01 00:00:00,system,2026-01-01 00:00:00,system
2886,1209,6,SUP006-CMF-1209,Highpoint InstantCool (20 L),6,2920.45,6.0,10,False,active,2024-02-01,,2026-01-01 00:00:00,system,2026-01-01 00:00:00,system
2887,1209,23,SUP023-CMF-1209,Highpoint InstantCool (20 L),6,2795.89,5.0,13,True,active,2025-06-19,,2026-01-01 00:00:00,system,2026-01-01 00:00:00,system
2888,1210,8,SUP008-CMF-1210,Fieldmark UseReadyCool (55 L),6,7314.73,2.0,13,False,active,2024-09-24,,2026-01-01 00:00:00,system,2026-01-01 00:00:00,system
2889,1210,9,SUP009-CMF-1210,Fieldmark UseReadyCool (55 L),6,8347.01,3.0,8,False,active,2025-07-06,,2026-01-01 00:00:00,system,2026-01-01 00:00:00,system
2890,1210,2,SUP002-CMF-1210,Fieldmark UseReadyCool (55 L),6,7722.95,2.0,13,False,active,2024-10-30,,2026-01-01 00:00:00,system,2026-01-01 00:00:00,system
2891,1210,6,SUP006-CMF-1210,Fieldmark UseReadyCool (55 L),6,7823.78,2.0,8,True,active,2024-09-10,,2026-01-01 00:00:00,system,2026-01-01 00:00:00,system
2892,1211,6,SUP006-CMF-1211,Northmark ReadyCool (210 L),6,26336.09,1.0,11,False,active,2024-12-15,,2026-01-01 00:00:00,system,2026-01-01 00:00:00,system
2893,1211,9,SUP009-CMF-1211,Northmark ReadyCool (210 L),6,29211.85,1.0,4,True,active,2025-11-04,,2026-01-01 00:00:00,system,2026-01-01 00:00:00,system
2894,1211,15,SUP015-CMF-1211,Northmark ReadyCool (210 L),6,32188.82,1.0,5,False,active,2025-10-07,,2026-01-01 00:00:00,system,2026-01-01 00:00:00,system
2895,1212,10,SUP010-CMF-1212,Ironcrest PremixGuard (1000 L),1,143.79,1400.0,5,False,active,2024-12-12,,2026-01-01 00:00:00,system,2026-01-01 00:00:00,system
2896,1212,17,SUP017-CMF-1212,Ironcrest PremixGuard (1000 L),1,138.62,1350.0,11,False,active,2025-01-29,,2026-01-01 00:00:00,system,2026-01-01 00:00:00,system
2897,1212,5,SUP005-CMF-1212,Ironcrest PremixGuard (1000 L),1,121.68,1150.0,14,False,active,2024-03-30,,2026-01-01 00:00:00,system,2026-01-01 00:00:00,system
2898,1212,3,SUP003-CMF-1212,Ironcrest PremixGuard (1000 L),1,123.81,950.0,10,True,active,2024-03-01,,2026-01-01 00:00:00,system,2026-01-01 00:00:00,system
2899,1213,5,SUP005-CMF-1213,Redstone ReadyFlow (1 L),6,133.69,13.0,12,False,active,2024-05-25,,2026-01-01 00:00:00,system,2026-01-01 00:00:00,system
2900,1213,23,SUP023-CMF-1213,Redstone ReadyFlow (1 L),6,134.45,10.0,11,False,active,2024-10-19,,2026-01-01 00:00:00,system,2026-01-01 00:00:00,system
2901,1213,22,SUP022-CMF-1213,Redstone ReadyFlow (1 L),6,154.76,12.0,21,False,active,2024-01-10,,2026-01-01 00:00:00,system,2026-01-01 00:00:00,system
2902,1213,4,SUP004-CMF-1213,Redstone ReadyFlow (1 L),6,140.13,12.0,8,True,active,2024-06-10,,2026-01-01 00:00:00,system,2026-01-01 00:00:00,system
2903,1214,18,SUP018-CMF-1214,Westmark InstantCool (3 L),6,467.71,16.0,7,False,active,2025-08-14,,2026-01-01 00:00:00,system,2026-01-01 00:00:00,system
2904,1214,4,SUP004-CMF-1214,Westmark InstantCool (3 L),6,401.97,10.0,6,True,active,2025-09-07,,2026-01-01 00:00:00,system,2026-01-01 00:00:00,system
2905,1215,6,SUP006-CMF-1215,Crestfield UseReadyCool (5 L),6,704.64,13.0,8,False,active,2025-05-27,,2026-01-01 00:00:00,system,2026-01-01 00:00:00,system
2906,1215,18,SUP018-CMF-1215,Crestfield UseReadyCool (5 L),6,776.53,15.0,5,True,active,2024-01-28,,2026-01-01 00:00:00,system,2026-01-01 00:00:00,system
2907,1215,8,SUP008-CMF-1215,Crestfield UseReadyCool (5 L),6,731.86,13.0,13,False,active,2024-05-12,,2026-01-01 00:00:00,system,2026-01-01 00:00:00,system
2908,1216,11,SUP011-CMF-1216,Stonebridge ReadyCool (10 L),6,1459.31,6.0,6,False,active,2024-11-16,,2026-01-01 00:00:00,system,2026-01-01 00:00:00,system
2909,1216,5,SUP005-CMF-1216,Stonebridge ReadyCool (10 L),6,1336.93,7.0,12,True,active,2024-12-09,,2026-01-01 00:00:00,system,2026-01-01 00:00:00,system
2910,1217,4,SUP004-CMF-1217,Ridgewell PremixGuard (20 L),6,2886.97,6.0,8,False,inactive,2025-09-18,2025-11-18,2026-01-01 00:00:00,system,2026-01-01 00:00:00,system
2911,1217,14,SUP014-CMF-1217,Ridgewell PremixGuard (20 L),6,2929.62,8.0,7,False,inactive,2024-10-03,2025-01-25,2026-01-01 00:00:00,system,2026-01-01 00:00:00,system
2912,1217,2,SUP002-CMF-1217,Ridgewell PremixGuard (20 L),6,2757.8,7.0,8,False,inactive,2024-08-11,2025-09-30,2026-01-01 00:00:00,system,2026-01-01 00:00:00,system
2913,1217,16,SUP016-CMF-1217,Ridgewell PremixGuard (20 L),6,3273.1,9.0,6,False,inactive,2024-09-24,2025-12-14,2026-01-01 00:00:00,system,2026-01-01 00:00:00,system
2914,1218,9,SUP009-CMF-1218,Millbrook ReadyFlow (55 L),6,8731.36,3.0,5,False,active,2025-07-13,,2026-01-01 00:00:00,system,2026-01-01 00:00:00,system
2915,1218,6,SUP006-CMF-1218,Millbrook ReadyFlow (55 L),6,7496.63,2.0,6,True,active,2024-04-22,,2026-01-01 00:00:00,system,2026-01-01 00:00:00,system
2916,1219,14,SUP014-CMF-1219,Highpoint InstantCool (210 L),6,29011.9,1.0,8,False,active,2025-01-27,,2026-01-01 00:00:00,system,2026-01-01 00:00:00,system
2917,1219,16,SUP016-CMF-1219,Highpoint InstantCool (210 L),6,30696.9,1.0,4,True,active,2025-07-01,,2026-01-01 00:00:00,system,2026-01-01 00:00:00,system
2918,1220,3,SUP003-CMF-1220,Fieldmark UseReadyCool (1000 L),1,126.05,950.0,11,False,inactive,2024-08-12,2025-03-26,2026-01-01 00:00:00,system,2026-01-01 00:00:00,system
2919,1220,1,SUP001-CMF-1220,Fieldmark UseReadyCool (1000 L),1,126.83,1000.0,10,False,inactive,2025-07-31,2025-10-03,2026-01-01 00:00:00,system,2026-01-01 00:00:00,system
2920,1220,14,SUP014-CMF-1220,Fieldmark UseReadyCool (1000 L),1,142.83,1000.0,5,False,inactive,2024-05-18,2025-06-02,2026-01-01 00:00:00,system,2026-01-01 00:00:00,system
2921,1221,3,SUP003-CMF-1221,Northmark ReadyCool (1 L),6,139.57,12.0,11,False,active,2025-03-21,,2026-01-01 00:00:00,system,2026-01-01 00:00:00,system
2922,1221,5,SUP005-CMF-1221,Northmark ReadyCool (1 L),6,137.77,11.0,10,False,active,2025-04-12,,2026-01-01 00:00:00,system,2026-01-01 00:00:00,system
2923,1221,7,SUP007-CMF-1221,Northmark ReadyCool (1 L),6,138.56,13.0,12,False,active,2024-04-23,,2026-01-01 00:00:00,system,2026-01-01 00:00:00,system
2924,1221,1,SUP001-CMF-1221,Northmark ReadyCool (1 L),6,143.49,12.0,6,True,active,2024-02-09,,2026-01-01 00:00:00,system,2026-01-01 00:00:00,system
2925,1222,3,SUP003-CMF-1222,Ironcrest PremixGuard (3 L),6,424.01,12.0,9,True,active,2024-06-20,,2026-01-01 00:00:00,system,2026-01-01 00:00:00,system
2926,1222,23,SUP023-CMF-1222,Ironcrest PremixGuard (3 L),6,418.65,9.0,15,False,active,2024-02-20,,2026-01-01 00:00:00,system,2026-01-01 00:00:00,system
2927,1223,8,SUP008-CMF-1223,Redstone ReadyFlow (5 L),6,694.78,14.0,11,False,inactive,2025-01-30,2025-06-27,2026-01-01 00:00:00,system,2026-01-01 00:00:00,system
2928,1223,9,SUP009-CMF-1223,Redstone ReadyFlow (5 L),6,783.92,14.0,8,False,inactive,2024-02-03,2025-05-12,2026-01-01 00:00:00,system,2026-01-01 00:00:00,system
2929,1223,7,SUP007-CMF-1223,Redstone ReadyFlow (5 L),6,660.3,12.0,11,False,inactive,2025-03-01,2025-05-27,2026-01-01 00:00:00,system,2026-01-01 00:00:00,system
2930,1223,2,SUP002-CMF-1223,Redstone ReadyFlow (5 L),6,662.94,14.0,10,False,inactive,2024-06-29,2025-12-01,2026-01-01 00:00:00,system,2026-01-01 00:00:00,system
2931,1224,9,SUP009-CMF-1224,Westmark InstantCool (10 L),6,1483.72,8.0,5,False,active,2025-02-08,,2026-01-01 00:00:00,system,2026-01-01 00:00:00,system
2932,1224,4,SUP004-CMF-1224,Westmark InstantCool (10 L),6,1348.7,6.0,9,True,active,2025-10-03,,2026-01-01 00:00:00,system,2026-01-01 00:00:00,system
2933,1225,3,SUP003-CMF-1225,Crestfield UseReadyCool (20 L),6,2820.19,6.0,9,False,inactive,2024-02-21,2025-01-18,2026-01-01 00:00:00,system,2026-01-01 00:00:00,system
2934,1225,5,SUP005-CMF-1225,Crestfield UseReadyCool (20 L),6,2641.53,5.0,11,False,inactive,2025-03-13,2025-07-14,2026-01-01 00:00:00,system,2026-01-01 00:00:00,system
2935,1225,14,SUP014-CMF-1225,Crestfield UseReadyCool (20 L),6,2968.61,7.0,5,False,inactive,2025-06-15,2025-10-20,2026-01-01 00:00:00,system,2026-01-01 00:00:00,system
2936,1226,6,SUP006-CMF-1226,Stonebridge FreezeGuard (210 L),6,27879.92,1.0,7,False,inactive,2024-01-15,2025-04-05,2026-01-01 00:00:00,system,2026-01-01 00:00:00,system
2937,1226,5,SUP005-CMF-1226,Stonebridge FreezeGuard (210 L),6,28913.54,1.0,14,False,inactive,2025-03-21,2025-10-02,2026-01-01 00:00:00,system,2026-01-01 00:00:00,system
2938,1226,13,SUP013-CMF-1226,Stonebridge FreezeGuard (210 L),6,30170.21,1.0,5,False,inactive,2024-10-29,2025-03-12,2026-01-01 00:00:00,system,2026-01-01 00:00:00,system
2939,1226,22,SUP022-CMF-1226,Stonebridge FreezeGuard (210 L),6,31107.87,1.0,20,False,inactive,2025-04-27,2025-12-21,2026-01-01 00:00:00,system,2026-01-01 00:00:00,system
2940,1227,5,SUP005-CMF-1227,Ridgewell AntifreezeCore (1000 L),1,132.97,800.0,12,True,active,2025-03-04,,2026-01-01 00:00:00,system,2026-01-01 00:00:00,system
2941,1227,12,SUP012-CMF-1227,Ridgewell AntifreezeCore (1000 L),1,141.98,1200.0,6,False,active,2024-07-04,,2026-01-01 00:00:00,system,2026-01-01 00:00:00,system
2942,1227,6,SUP006-CMF-1227,Ridgewell AntifreezeCore (1000 L),1,122.88,1150.0,7,False,active,2025-06-28,,2026-01-01 00:00:00,system,2026-01-01 00:00:00,system
2943,1228,10,SUP010-CMF-1228,Millbrook ColdShield (1 L),6,148.49,16.0,2,True,active,2025-12-15,,2026-01-01 00:00:00,system,2026-01-01 00:00:00,system
2944,1228,7,SUP007-CMF-1228,Millbrook ColdShield (1 L),6,135.35,14.0,13,False,active,2024-02-02,,2026-01-01 00:00:00,system,2026-01-01 00:00:00,system
2945,1229,23,SUP023-CMF-1229,Highpoint FrostProtect (3 L),6,405.22,10.0,16,False,active,2024-05-31,,2026-01-01 00:00:00,system,2026-01-01 00:00:00,system
2946,1229,7,SUP007-CMF-1229,Highpoint FrostProtect (3 L),6,415.65,11.0,11,True,active,2025-08-21,,2026-01-01 00:00:00,system,2026-01-01 00:00:00,system
2947,1230,12,SUP012-CMF-1230,Fieldmark WinterGuard (5 L),6,743.7,15.0,9,False,active,2024-02-26,,2026-01-01 00:00:00,system,2026-01-01 00:00:00,system
2948,1230,5,SUP005-CMF-1230,Fieldmark WinterGuard (5 L),6,668.51,14.0,15,False,active,2024-08-27,,2026-01-01 00:00:00,system,2026-01-01 00:00:00,system
2949,1230,17,SUP017-CMF-1230,Fieldmark WinterGuard (5 L),6,745.7,16.0,9,False,active,2025-10-17,,2026-01-01 00:00:00,system,2026-01-01 00:00:00,system
2950,1230,15,SUP015-CMF-1230,Fieldmark WinterGuard (5 L),6,812.99,16.0,4,True,active,2024-06-22,,2026-01-01 00:00:00,system,2026-01-01 00:00:00,system
2951,1231,12,SUP012-CMF-1231,Northmark FreezeGuard (10 L),6,1583.64,6.0,8,False,active,2025-03-28,,2026-01-01 00:00:00,system,2026-01-01 00:00:00,system
2952,1231,4,SUP004-CMF-1231,Northmark FreezeGuard (10 L),6,1332.8,7.0,7,True,active,2025-02-11,,2026-01-01 00:00:00,system,2026-01-01 00:00:00,system
2953,1231,14,SUP014-CMF-1231,Northmark FreezeGuard (10 L),6,1493.71,8.0,2,False,active,2024-05-14,,2026-01-01 00:00:00,system,2026-01-01 00:00:00,system
2954,1232,16,SUP016-CMF-1232,Ironcrest AntifreezeCore (20 L),6,3044.14,8.0,5,True,active,2025-01-27,,2026-01-01 00:00:00,system,2026-01-01 00:00:00,system
2955,1233,21,SUP021-CMF-1233,Redstone ColdShield (55 L),6,9099.36,2.0,28,True,active,2024-06-21,,2026-01-01 00:00:00,system,2026-01-01 00:00:00,system
2956,1234,8,SUP008-CMF-1234,Westmark FrostProtect (210 L),6,26952.55,1.0,12,True,active,2025-08-25,,2026-01-01 00:00:00,system,2026-01-01 00:00:00,system
2957,1235,15,SUP015-CMF-1235,Crestfield WinterGuard (1000 L),1,134.05,1100.0,10,True,active,2024-12-25,,2026-01-01 00:00:00,system,2026-01-01 00:00:00,system
2958,1236,13,SUP013-CMF-1236,Stonebridge FreezeGuard (1 L),6,146.42,13.0,7,False,inactive,2023-09-23,2025-01-15,2026-01-01 00:00:00,system,2026-01-01 00:00:00,system
2959,1236,7,SUP007-CMF-1236,Stonebridge FreezeGuard (1 L),6,138.29,11.0,13,False,inactive,2024-03-17,2025-05-27,2026-01-01 00:00:00,system,2026-01-01 00:00:00,system
2960,1237,20,SUP020-CMF-1237,Ridgewell AntifreezeCore (3 L),6,477.91,12.0,24,True,active,2024-04-10,,2026-01-01 00:00:00,system,2026-01-01 00:00:00,system
2961,1238,4,SUP004-CMF-1238,Millbrook ColdShield (5 L),6,669.55,12.0,8,False,active,2025-10-24,,2026-01-01 00:00:00,system,2026-01-01 00:00:00,system
2962,1238,22,SUP022-CMF-1238,Millbrook ColdShield (5 L),6,817.14,9.0,22,True,active,2024-02-23,,2026-01-01 00:00:00,system,2026-01-01 00:00:00,system
2963,1239,5,SUP005-CMF-1239,Highpoint FrostProtect (10 L),6,1401.55,6.0,12,False,active,2024-09-04,,2026-01-01 00:00:00,system,2026-01-01 00:00:00,system
2964,1239,3,SUP003-CMF-1239,Highpoint FrostProtect (10 L),6,1390.74,6.0,9,False,active,2025-01-05,,2026-01-01 00:00:00,system,2026-01-01 00:00:00,system
2965,1239,16,SUP016-CMF-1239,Highpoint FrostProtect (10 L),6,1479.82,9.0,6,True,active,2024-09-01,,2026-01-01 00:00:00,system,2026-01-01 00:00:00,system
2966,1239,10,SUP010-CMF-1239,Highpoint FrostProtect (10 L),6,1455.95,7.0,6,False,active,2024-10-27,,2026-01-01 00:00:00,system,2026-01-01 00:00:00,system
2967,1240,9,SUP009-CMF-1240,Fieldmark WinterGuard (20 L),6,2980.24,6.0,3,False,active,2025-07-16,,2026-01-01 00:00:00,system,2026-01-01 00:00:00,system
2968,1240,8,SUP008-CMF-1240,Fieldmark WinterGuard (20 L),6,2893.5,6.0,9,True,active,2024-08-14,,2026-01-01 00:00:00,system,2026-01-01 00:00:00,system
2969,1240,14,SUP014-CMF-1240,Fieldmark WinterGuard (20 L),6,3156.85,7.0,5,False,active,2025-09-01,,2026-01-01 00:00:00,system,2026-01-01 00:00:00,system
2970,1241,13,SUP013-CMF-1241,Northmark FreezeGuard (55 L),6,8539.29,2.0,6,True,active,2024-07-29,,2026-01-01 00:00:00,system,2026-01-01 00:00:00,system
2971,1242,8,SUP008-CMF-1242,Ironcrest AntifreezeCore (210 L),6,26900.73,1.0,11,False,inactive,2024-10-22,2025-11-30,2026-01-01 00:00:00,system,2026-01-01 00:00:00,system
2972,1242,3,SUP003-CMF-1242,Ironcrest AntifreezeCore (210 L),6,29191.17,1.0,13,False,inactive,2024-12-23,2025-09-12,2026-01-01 00:00:00,system,2026-01-01 00:00:00,system
2973,1242,5,SUP005-CMF-1242,Ironcrest AntifreezeCore (210 L),6,27027.31,1.0,12,False,inactive,2024-05-02,2025-08-11,2026-01-01 00:00:00,system,2026-01-01 00:00:00,system
2974,1243,17,SUP017-CMF-1243,Redstone ColdShield (1000 L),1,149.87,1500.0,10,False,active,2024-05-09,,2026-01-01 00:00:00,system,2026-01-01 00:00:00,system
2975,1243,5,SUP005-CMF-1243,Redstone ColdShield (1000 L),1,131.24,1150.0,14,True,active,2024-11-14,,2026-01-01 00:00:00,system,2026-01-01 00:00:00,system
2976,1244,9,SUP009-CMF-1244,Westmark FrostProtect (1 L),6,142.94,15.0,6,True,active,2025-01-03,,2026-01-01 00:00:00,system,2026-01-01 00:00:00,system
2977,1245,1,SUP001-CMF-1245,Crestfield WinterGuard (3 L),6,395.74,14.0,8,True,active,2025-07-30,,2026-01-01 00:00:00,system,2026-01-01 00:00:00,system
2978,1245,10,SUP010-CMF-1245,Crestfield WinterGuard (3 L),6,473.29,15.0,7,False,active,2025-10-20,,2026-01-01 00:00:00,system,2026-01-01 00:00:00,system
2979,1246,4,SUP004-CMF-1246,Stonebridge FreezeGuard (5 L),6,734.15,13.0,8,False,inactive,2024-02-17,2025-01-31,2026-01-01 00:00:00,system,2026-01-01 00:00:00,system
2980,1246,12,SUP012-CMF-1246,Stonebridge FreezeGuard (5 L),6,777.64,13.0,6,False,inactive,2025-03-06,2025-12-10,2026-01-01 00:00:00,system,2026-01-01 00:00:00,system
2981,1247,22,SUP022-CMF-1247,Ridgewell AntifreezeCore (10 L),6,1601.21,5.0,22,False,active,2024-04-10,,2026-01-01 00:00:00,system,2026-01-01 00:00:00,system
2982,1247,2,SUP002-CMF-1247,Ridgewell AntifreezeCore (10 L),6,1434.35,6.0,9,True,active,2025-05-04,,2026-01-01 00:00:00,system,2026-01-01 00:00:00,system
2983,1247,18,SUP018-CMF-1247,Ridgewell AntifreezeCore (10 L),6,1616.58,6.0,8,False,active,2024-04-25,,2026-01-01 00:00:00,system,2026-01-01 00:00:00,system
2984,1248,9,SUP009-CMF-1248,Millbrook ColdShield (20 L),6,3106.15,7.0,7,False,active,2024-09-30,,2026-01-01 00:00:00,system,2026-01-01 00:00:00,system
2985,1248,6,SUP006-CMF-1248,Millbrook ColdShield (20 L),6,2738.11,6.0,7,True,active,2025-01-28,,2026-01-01 00:00:00,system,2026-01-01 00:00:00,system
2986,1249,5,SUP005-CMF-1249,Highpoint FrostProtect (55 L),6,7819.37,2.0,13,False,active,2024-06-05,,2026-01-01 00:00:00,system,2026-01-01 00:00:00,system
2987,1249,13,SUP013-CMF-1249,Highpoint FrostProtect (55 L),6,8745.69,2.0,8,False,active,2024-04-16,,2026-01-01 00:00:00,system,2026-01-01 00:00:00,system
2988,1249,14,SUP014-CMF-1249,Highpoint FrostProtect (55 L),6,8271.45,3.0,5,False,active,2024-05-10,,2026-01-01 00:00:00,system,2026-01-01 00:00:00,system
2989,1249,12,SUP012-CMF-1249,Highpoint FrostProtect (55 L),6,7885.63,3.0,7,True,active,2024-09-01,,2026-01-01 00:00:00,system,2026-01-01 00:00:00,system
2990,1250,9,SUP009-CMF-1250,Fieldmark WinterGuard (210 L),6,31786.47,1.0,8,True,active,2024-10-23,,2026-01-01 00:00:00,system,2026-01-01 00:00:00,system
2991,1251,22,SUP022-CMF-1251,Northmark RadiatorGuard (1 L),6,159.19,11.0,20,False,inactive,2024-02-17,2025-06-04,2026-01-01 00:00:00,system,2026-01-01 00:00:00,system
2992,1251,17,SUP017-CMF-1251,Northmark RadiatorGuard (1 L),6,147.64,18.0,10,False,inactive,2024-04-20,2025-02-20,2026-01-01 00:00:00,system,2026-01-01 00:00:00,system
2993,1251,14,SUP014-CMF-1251,Northmark RadiatorGuard (1 L),6,152.91,15.0,3,False,inactive,2023-11-23,2025-04-09,2026-01-01 00:00:00,system,2026-01-01 00:00:00,system
2994,1251,5,SUP005-CMF-1251,Northmark RadiatorGuard (1 L),6,143.5,11.0,12,False,inactive,2023-08-18,2025-01-18,2026-01-01 00:00:00,system,2026-01-01 00:00:00,system
2995,1252,13,SUP013-CMF-1252,Ironcrest RadFlow (3 L),6,462.32,13.0,4,True,active,2024-08-06,,2026-01-01 00:00:00,system,2026-01-01 00:00:00,system
2996,1252,4,SUP004-CMF-1252,Ironcrest RadFlow (3 L),6,411.39,11.0,7,False,active,2024-03-27,,2026-01-01 00:00:00,system,2026-01-01 00:00:00,system
2997,1253,17,SUP017-CMF-1253,Redstone CoolingCore (5 L),6,782.79,14.0,5,False,active,2025-08-08,,2026-01-01 00:00:00,system,2026-01-01 00:00:00,system
2998,1253,16,SUP016-CMF-1253,Redstone CoolingCore (5 L),6,747.43,13.0,4,True,active,2025-01-24,,2026-01-01 00:00:00,system,2026-01-01 00:00:00,system
2999,1254,4,SUP004-CMF-1254,Westmark RadShield (10 L),6,1432.8,6.0,5,True,active,2024-12-24,,2026-01-01 00:00:00,system,2026-01-01 00:00:00,system
3000,1254,1,SUP001-CMF-1254,Westmark RadShield (10 L),6,1379.42,7.0,6,False,active,2025-06-01,,2026-01-01 00:00:00,system,2026-01-01 00:00:00,system
3001,1255,23,SUP023-CMF-1255,Crestfield ThermoGuard (20 L),6,2635.33,6.0,11,False,active,2025-12-29,,2026-01-01 00:00:00,system,2026-01-01 00:00:00,system
3002,1255,6,SUP006-CMF-1255,Crestfield ThermoGuard (20 L),6,2923.58,6.0,7,True,active,2025-11-28,,2026-01-01 00:00:00,system,2026-01-01 00:00:00,system
3003,1255,17,SUP017-CMF-1255,Crestfield ThermoGuard (20 L),6,2964.78,8.0,9,False,active,2024-05-13,,2026-01-01 00:00:00,system,2026-01-01 00:00:00,system
3004,1255,16,SUP016-CMF-1255,Crestfield ThermoGuard (20 L),6,3275.23,8.0,5,False,active,2024-11-23,,2026-01-01 00:00:00,system,2026-01-01 00:00:00,system
3005,1256,2,SUP002-CMF-1256,Stonebridge RadiatorGuard (55 L),6,7964.78,2.0,13,False,active,2025-05-14,,2026-01-01 00:00:00,system,2026-01-01 00:00:00,system
3006,1256,12,SUP012-CMF-1256,Stonebridge RadiatorGuard (55 L),6,8620.97,3.0,6,False,active,2024-03-25,,2026-01-01 00:00:00,system,2026-01-01 00:00:00,system
3007,1256,18,SUP018-CMF-1256,Stonebridge RadiatorGuard (55 L),6,8473.24,2.0,7,True,active,2024-02-20,,2026-01-01 00:00:00,system,2026-01-01 00:00:00,system
3008,1257,11,SUP011-CMF-1257,Ridgewell RadFlow (210 L),6,30980.21,1.0,7,False,active,2024-07-26,,2026-01-01 00:00:00,system,2026-01-01 00:00:00,system
3009,1257,14,SUP014-CMF-1257,Ridgewell RadFlow (210 L),6,29254.06,1.0,6,True,active,2025-02-13,,2026-01-01 00:00:00,system,2026-01-01 00:00:00,system
3010,1258,20,SUP020-CMF-1258,Millbrook CoolingCore (1000 L),1,141.96,1100.0,25,True,active,2025-12-19,,2026-01-01 00:00:00,system,2026-01-01 00:00:00,system
3011,1258,21,SUP021-CMF-1258,Millbrook CoolingCore (1000 L),1,146.31,1000.0,29,False,active,2025-01-20,,2026-01-01 00:00:00,system,2026-01-01 00:00:00,system
3012,1259,12,SUP012-CMF-1259,Highpoint RadShield (1 L),6,143.73,12.0,7,False,active,2024-04-06,,2026-01-01 00:00:00,system,2026-01-01 00:00:00,system
3013,1259,11,SUP011-CMF-1259,Highpoint RadShield (1 L),6,157.54,16.0,5,True,active,2024-04-22,,2026-01-01 00:00:00,system,2026-01-01 00:00:00,system
3014,1260,2,SUP002-CMF-1260,Fieldmark ThermoGuard (3 L),6,416.99,11.0,8,True,active,2024-09-19,,2026-01-01 00:00:00,system,2026-01-01 00:00:00,system
3015,1261,17,SUP017-CMF-1261,Northmark RadiatorGuard (5 L),6,765.77,17.0,6,False,active,2025-06-24,,2026-01-01 00:00:00,system,2026-01-01 00:00:00,system
3016,1261,10,SUP010-CMF-1261,Northmark RadiatorGuard (5 L),6,716.44,15.0,2,True,active,2025-12-27,,2026-01-01 00:00:00,system,2026-01-01 00:00:00,system
3017,1262,6,SUP006-CMF-1262,Ironcrest RadFlow (10 L),6,1347.81,7.0,8,True,active,2024-03-30,,2026-01-01 00:00:00,system,2026-01-01 00:00:00,system
3018,1263,18,SUP018-CMF-1263,Redstone CoolingCore (20 L),6,2977.99,8.0,8,False,active,2025-05-27,,2026-01-01 00:00:00,system,2026-01-01 00:00:00,system
3019,1263,9,SUP009-CMF-1263,Redstone CoolingCore (20 L),6,3106.61,7.0,7,True,active,2025-12-31,,2026-01-01 00:00:00,system,2026-01-01 00:00:00,system
3020,1263,6,SUP006-CMF-1263,Redstone CoolingCore (20 L),6,2720.57,6.0,8,False,active,2025-07-18,,2026-01-01 00:00:00,system,2026-01-01 00:00:00,system
3021,1264,17,SUP017-CMF-1264,Westmark RadShield (55 L),6,8886.96,2.0,6,False,active,2025-10-10,,2026-01-01 00:00:00,system,2026-01-01 00:00:00,system
3022,1264,4,SUP004-CMF-1264,Westmark RadShield (55 L),6,7737.47,2.0,6,True,active,2025-04-25,,2026-01-01 00:00:00,system,2026-01-01 00:00:00,system
3023,1264,8,SUP008-CMF-1264,Westmark RadShield (55 L),6,7777.26,2.0,8,False,active,2024-02-08,,2026-01-01 00:00:00,system,2026-01-01 00:00:00,system
3024,1265,23,SUP023-CMF-1265,Crestfield ThermoGuard (210 L),6,27783.88,1.0,12,False,active,2024-06-30,,2026-01-01 00:00:00,system,2026-01-01 00:00:00,system
3025,1265,6,SUP006-CMF-1265,Crestfield ThermoGuard (210 L),6,26276.14,1.0,11,True,active,2025-10-25,,2026-01-01 00:00:00,system,2026-01-01 00:00:00,system
3026,1266,5,SUP005-CMF-1266,Stonebridge RadiatorGuard (1000 L),1,124.37,1150.0,13,False,active,2025-04-17,,2026-01-01 00:00:00,system,2026-01-01 00:00:00,system
3027,1266,16,SUP016-CMF-1266,Stonebridge RadiatorGuard (1000 L),1,134.61,1100.0,5,True,active,2024-08-22,,2026-01-01 00:00:00,system,2026-01-01 00:00:00,system
3028,1267,1,SUP001-CMF-1267,Ridgewell RadFlow (1 L),6,138.69,13.0,5,True,active,2024-05-18,,2026-01-01 00:00:00,system,2026-01-01 00:00:00,system
3029,1267,3,SUP003-CMF-1267,Ridgewell RadFlow (1 L),6,136.3,14.0,12,False,active,2024-10-22,,2026-01-01 00:00:00,system,2026-01-01 00:00:00,system
3030,1267,21,SUP021-CMF-1267,Ridgewell RadFlow (1 L),6,156.81,12.0,29,False,active,2024-03-02,,2026-01-01 00:00:00,system,2026-01-01 00:00:00,system
3031,1268,4,SUP004-CMF-1268,Millbrook CoolingCore (3 L),6,412.02,11.0,9,False,active,2024-01-14,,2026-01-01 00:00:00,system,2026-01-01 00:00:00,system
3032,1268,3,SUP003-CMF-1268,Millbrook CoolingCore (3 L),6,412.83,13.0,11,True,active,2024-04-27,,2026-01-01 00:00:00,system,2026-01-01 00:00:00,system
3033,1268,6,SUP006-CMF-1268,Millbrook CoolingCore (3 L),6,423.4,14.0,11,False,active,2024-08-16,,2026-01-01 00:00:00,system,2026-01-01 00:00:00,system
3034,1268,9,SUP009-CMF-1268,Millbrook CoolingCore (3 L),6,473.15,14.0,6,False,active,2025-08-30,,2026-01-01 00:00:00,system,2026-01-01 00:00:00,system
3035,1269,13,SUP013-CMF-1269,Highpoint RadShield (5 L),6,796.01,14.0,4,True,active,2024-04-18,,2026-01-01 00:00:00,system,2026-01-01 00:00:00,system
3036,1269,14,SUP014-CMF-1269,Highpoint RadShield (5 L),6,732.73,13.0,6,False,active,2025-05-01,,2026-01-01 00:00:00,system,2026-01-01 00:00:00,system
3037,1269,3,SUP003-CMF-1269,Highpoint RadShield (5 L),6,687.49,13.0,7,False,active,2024-05-31,,2026-01-01 00:00:00,system,2026-01-01 00:00:00,system
3038,1270,13,SUP013-CMF-1270,Fieldmark ThermoGuard (10 L),6,1477.57,6.0,3,True,active,2024-11-17,,2026-01-01 00:00:00,system,2026-01-01 00:00:00,system
3039,1270,17,SUP017-CMF-1270,Fieldmark ThermoGuard (10 L),6,1650.76,8.0,6,False,active,2024-04-03,,2026-01-01 00:00:00,system,2026-01-01 00:00:00,system
3040,1270,7,SUP007-CMF-1270,Fieldmark ThermoGuard (10 L),6,1368.56,5.0,10,False,active,2024-05-23,,2026-01-01 00:00:00,system,2026-01-01 00:00:00,system
3041,1271,4,SUP004-SPF-1271,Northmark CutFlow (20 L),6,6420.54,6.0,6,True,active,2024-12-08,,2026-01-01 00:00:00,system,2026-01-01 00:00:00,system
3042,1271,1,SUP001-SPF-1271,Northmark CutFlow (20 L),6,6399.29,6.0,10,False,active,2025-12-17,,2026-01-01 00:00:00,system,2026-01-01 00:00:00,system
3043,1272,5,SUP005-SPF-1272,Ironcrest MetalCut (55 L),6,18078.19,2.0,13,True,active,2025-12-23,,2026-01-01 00:00:00,system,2026-01-01 00:00:00,system
3044,1272,8,SUP008-SPF-1272,Ironcrest MetalCut (55 L),6,17828.51,2.0,12,False,active,2025-01-27,,2026-01-01 00:00:00,system,2026-01-01 00:00:00,system
3045,1272,3,SUP003-SPF-1272,Ironcrest MetalCut (55 L),6,16578.02,2.0,13,False,active,2025-05-25,,2026-01-01 00:00:00,system,2026-01-01 00:00:00,system
3046,1273,2,SUP002-SPF-1273,Redstone MachCut (180 L),6,54760.88,2.0,12,False,active,2024-08-05,,2026-01-01 00:00:00,system,2026-01-01 00:00:00,system
3047,1273,23,SUP023-SPF-1273,Redstone MachCut (180 L),6,55684.38,2.0,16,False,active,2024-06-25,,2026-01-01 00:00:00,system,2026-01-01 00:00:00,system
3048,1273,6,SUP006-SPF-1273,Redstone MachCut (180 L),6,54794.25,2.0,13,True,active,2025-08-16,,2026-01-01 00:00:00,system,2026-01-01 00:00:00,system
3049,1274,6,SUP006-SPF-1274,Westmark ToolCool (210 L),6,62422.65,1.0,10,False,active,2024-12-19,,2026-01-01 00:00:00,system,2026-01-01 00:00:00,system
3050,1274,22,SUP022-SPF-1274,Westmark ToolCool (210 L),6,75659.94,1.0,25,True,active,2024-04-03,,2026-01-01 00:00:00,system,2026-01-01 00:00:00,system
3051,1274,2,SUP002-SPF-1274,Westmark ToolCool (210 L),6,61368.06,1.0,16,False,active,2024-05-31,,2026-01-01 00:00:00,system,2026-01-01 00:00:00,system
3052,1275,1,SUP001-SPF-1275,Crestfield CutGuard (1000 L),1,282.9,1000.0,11,True,active,2025-05-15,,2026-01-01 00:00:00,system,2026-01-01 00:00:00,system
3053,1276,22,SUP022-SPF-1276,Stonebridge CutFlow (2000 L),1,350.98,2050.0,22,True,active,2024-01-21,,2026-01-01 00:00:00,system,2026-01-01 00:00:00,system
3054,1277,3,SUP003-SPF-1277,Ridgewell MetalCut (1 L),6,319.48,12.0,11,True,active,2024-04-29,,2026-01-01 00:00:00,system,2026-01-01 00:00:00,system
3055,1277,5,SUP005-SPF-1277,Ridgewell MetalCut (1 L),6,307.61,13.0,12,False,active,2025-08-31,,2026-01-01 00:00:00,system,2026-01-01 00:00:00,system
3056,1278,1,SUP001-SPF-1278,Millbrook MachCut (5 L),6,1521.15,14.0,10,True,active,2025-12-18,,2026-01-01 00:00:00,system,2026-01-01 00:00:00,system
3057,1278,2,SUP002-SPF-1278,Millbrook MachCut (5 L),6,1640.01,13.0,15,False,active,2024-10-01,,2026-01-01 00:00:00,system,2026-01-01 00:00:00,system
3058,1278,7,SUP007-SPF-1278,Millbrook MachCut (5 L),6,1648.69,11.0,11,False,active,2025-02-12,,2026-01-01 00:00:00,system,2026-01-01 00:00:00,system
3059,1279,3,SUP003-SPF-1279,Highpoint ToolCool (20 L),6,6698.46,5.0,10,True,active,2024-04-28,,2026-01-01 00:00:00,system,2026-01-01 00:00:00,system
3060,1279,2,SUP002-SPF-1279,Highpoint ToolCool (20 L),6,6375.6,7.0,15,False,active,2024-03-18,,2026-01-01 00:00:00,system,2026-01-01 00:00:00,system
3061,1279,22,SUP022-SPF-1279,Highpoint ToolCool (20 L),6,7446.62,5.0,25,False,active,2026-01-01,,2026-01-01 00:00:00,system,2026-01-01 00:00:00,system
3062,1280,22,SUP022-SPF-1280,Fieldmark CutGuard (55 L),6,21585.92,2.0,24,False,active,2024-10-02,,2026-01-01 00:00:00,system,2026-01-01 00:00:00,system
3063,1280,7,SUP007-SPF-1280,Fieldmark CutGuard (55 L),6,17311.87,2.0,12,True,active,2025-09-27,,2026-01-01 00:00:00,system,2026-01-01 00:00:00,system
3064,1280,2,SUP002-SPF-1280,Fieldmark CutGuard (55 L),6,17430.54,2.0,14,False,active,2025-08-23,,2026-01-01 00:00:00,system,2026-01-01 00:00:00,system
3065,1280,20,SUP020-SPF-1280,Fieldmark CutGuard (55 L),6,21546.68,2.0,25,False,active,2025-07-06,,2026-01-01 00:00:00,system,2026-01-01 00:00:00,system
3066,1281,8,SUP008-SPF-1281,Northmark CutFlow (180 L),6,53005.94,2.0,14,False,active,2024-10-29,,2026-01-01 00:00:00,system,2026-01-01 00:00:00,system
3067,1281,6,SUP006-SPF-1281,Northmark CutFlow (180 L),6,54045.75,2.0,12,True,active,2025-08-15,,2026-01-01 00:00:00,system,2026-01-01 00:00:00,system
3068,1282,6,SUP006-SPF-1282,Ironcrest MetalCut (210 L),6,64734.77,1.0,12,True,active,2025-05-08,,2026-01-01 00:00:00,system,2026-01-01 00:00:00,system
3069,1283,7,SUP007-SPF-1283,Redstone MachCut (1000 L),1,300.43,1000.0,17,True,active,2025-06-20,,2026-01-01 00:00:00,system,2026-01-01 00:00:00,system
3070,1283,20,SUP020-SPF-1283,Redstone MachCut (1000 L),1,334.55,1050.0,28,False,active,2024-06-21,,2026-01-01 00:00:00,system,2026-01-01 00:00:00,system
3071,1283,6,SUP006-SPF-1283,Redstone MachCut (1000 L),1,274.32,800.0,13,False,active,2025-12-11,,2026-01-01 00:00:00,system,2026-01-01 00:00:00,system
3072,1283,5,SUP005-SPF-1283,Redstone MachCut (1000 L),1,275.54,1250.0,18,False,active,2025-11-23,,2026-01-01 00:00:00,system,2026-01-01 00:00:00,system
3073,1284,8,SUP008-SPF-1284,Westmark ToolCool (2000 L),1,292.69,1900.0,12,False,active,2025-03-01,,2026-01-01 00:00:00,system,2026-01-01 00:00:00,system
3074,1284,3,SUP003-SPF-1284,Westmark ToolCool (2000 L),1,280.45,2050.0,10,True,active,2024-09-27,,2026-01-01 00:00:00,system,2026-01-01 00:00:00,system
3075,1285,4,SUP004-SPF-1285,Crestfield CutGuard (1 L),6,301.72,11.0,7,True,active,2024-03-22,,2026-01-01 00:00:00,system,2026-01-01 00:00:00,system
3076,1285,8,SUP008-SPF-1285,Crestfield CutGuard (1 L),6,306.66,14.0,10,False,active,2024-07-31,,2026-01-01 00:00:00,system,2026-01-01 00:00:00,system
3077,1286,1,SUP001-SPF-1286,Stonebridge CutFlow (5 L),6,1507.89,13.0,9,False,active,2025-04-02,,2026-01-01 00:00:00,system,2026-01-01 00:00:00,system
3078,1286,4,SUP004-SPF-1286,Stonebridge CutFlow (5 L),6,1663.88,12.0,10,False,active,2025-04-29,,2026-01-01 00:00:00,system,2026-01-01 00:00:00,system
3079,1286,7,SUP007-SPF-1286,Stonebridge CutFlow (5 L),6,1678.0,11.0,15,False,active,2025-01-15,,2026-01-01 00:00:00,system,2026-01-01 00:00:00,system
3080,1286,8,SUP008-SPF-1286,Stonebridge CutFlow (5 L),6,1513.73,10.0,10,True,active,2025-04-01,,2026-01-01 00:00:00,system,2026-01-01 00:00:00,system
3081,1287,5,SUP005-SPF-1287,Ridgewell MetalCut (20 L),6,6575.24,6.0,13,False,active,2025-11-16,,2026-01-01 00:00:00,system,2026-01-01 00:00:00,system
3082,1287,8,SUP008-SPF-1287,Ridgewell MetalCut (20 L),6,6360.18,5.0,15,False,active,2024-11-20,,2026-01-01 00:00:00,system,2026-01-01 00:00:00,system
3083,1287,7,SUP007-SPF-1287,Ridgewell MetalCut (20 L),6,6490.34,5.0,14,True,active,2025-10-24,,2026-01-01 00:00:00,system,2026-01-01 00:00:00,system
3084,1288,23,SUP023-SPF-1288,Millbrook MachCut (55 L),6,16121.04,1.0,17,False,active,2025-01-05,,2026-01-01 00:00:00,system,2026-01-01 00:00:00,system
3085,1288,6,SUP006-SPF-1288,Millbrook MachCut (55 L),6,17564.39,2.0,8,True,active,2025-01-05,,2026-01-01 00:00:00,system,2026-01-01 00:00:00,system
3086,1289,20,SUP020-SPF-1289,Highpoint ToolCool (180 L),6,60944.56,2.0,28,False,active,2024-03-14,,2026-01-01 00:00:00,system,2026-01-01 00:00:00,system
3087,1289,5,SUP005-SPF-1289,Highpoint ToolCool (180 L),6,56636.44,2.0,16,False,active,2025-02-25,,2026-01-01 00:00:00,system,2026-01-01 00:00:00,system
3088,1289,3,SUP003-SPF-1289,Highpoint ToolCool (180 L),6,55689.59,2.0,13,False,active,2024-09-19,,2026-01-01 00:00:00,system,2026-01-01 00:00:00,system
3089,1289,4,SUP004-SPF-1289,Highpoint ToolCool (180 L),6,56835.78,2.0,12,True,active,2024-07-30,,2026-01-01 00:00:00,system,2026-01-01 00:00:00,system
3090,1290,4,SUP004-SPF-1290,Fieldmark CutGuard (210 L),6,61510.76,1.0,8,False,active,2025-10-05,,2026-01-01 00:00:00,system,2026-01-01 00:00:00,system
3091,1290,22,SUP022-SPF-1290,Fieldmark CutGuard (210 L),6,76836.43,1.0,24,True,active,2024-01-04,,2026-01-01 00:00:00,system,2026-01-01 00:00:00,system
3092,1290,3,SUP003-SPF-1290,Fieldmark CutGuard (210 L),6,63826.18,1.0,11,False,active,2024-10-14,,2026-01-01 00:00:00,system,2026-01-01 00:00:00,system
3093,1291,2,SUP002-SPF-1291,Northmark CutFlow (1000 L),1,278.46,850.0,16,True,active,2025-06-04,,2026-01-01 00:00:00,system,2026-01-01 00:00:00,system
3094,1292,20,SUP020-SPF-1292,Ironcrest MetalCut (2000 L),1,326.21,1700.0,28,True,active,2024-12-16,,2026-01-01 00:00:00,system,2026-01-01 00:00:00,system
3095,1292,7,SUP007-SPF-1292,Ironcrest MetalCut (2000 L),1,286.31,2450.0,16,False,active,2024-05-27,,2026-01-01 00:00:00,system,2026-01-01 00:00:00,system
3096,1293,4,SUP004-SPF-1293,Redstone MachCut (1 L),6,323.76,14.0,8,True,active,2025-09-17,,2026-01-01 00:00:00,system,2026-01-01 00:00:00,system
3097,1293,3,SUP003-SPF-1293,Redstone MachCut (1 L),6,308.0,12.0,14,False,active,2024-01-19,,2026-01-01 00:00:00,system,2026-01-01 00:00:00,system
3098,1294,5,SUP005-SPF-1294,Westmark ToolCool (5 L),6,1581.01,11.0,13,False,inactive,2024-11-12,2025-04-24,2026-01-01 00:00:00,system,2026-01-01 00:00:00,system
3099,1294,2,SUP002-SPF-1294,Westmark ToolCool (5 L),6,1513.22,14.0,10,False,inactive,2024-06-29,2025-03-08,2026-01-01 00:00:00,system,2026-01-01 00:00:00,system
3100,1294,7,SUP007-SPF-1294,Westmark ToolCool (5 L),6,1561.13,12.0,14,False,inactive,2025-07-25,2025-12-26,2026-01-01 00:00:00,system,2026-01-01 00:00:00,system
3101,1295,4,SUP004-SPF-1295,Crestfield CutGuard (20 L),6,6017.28,6.0,8,True,active,2024-01-24,,2026-01-01 00:00:00,system,2026-01-01 00:00:00,system
3102,1295,2,SUP002-SPF-1295,Crestfield CutGuard (20 L),6,6185.6,7.0,13,False,active,2025-08-26,,2026-01-01 00:00:00,system,2026-01-01 00:00:00,system
3103,1296,8,SUP008-SPF-1296,Stonebridge MetalCore (180 L),6,53004.36,2.0,15,True,active,2024-11-21,,2026-01-01 00:00:00,system,2026-01-01 00:00:00,system
3104,1296,5,SUP005-SPF-1296,Stonebridge MetalCore (180 L),6,55970.72,2.0,13,False,active,2024-09-20,,2026-01-01 00:00:00,system,2026-01-01 00:00:00,system
3105,1297,2,SUP002-SPF-1297,Ridgewell ProcessFlow (210 L),6,65319.27,1.0,16,True,active,2024-08-29,,2026-01-01 00:00:00,system,2026-01-01 00:00:00,system
3106,1297,20,SUP020-SPF-1297,Ridgewell ProcessFlow (210 L),6,78893.43,1.0,25,False,active,2025-03-12,,2026-01-01 00:00:00,system,2026-01-01 00:00:00,system
3107,1298,4,SUP004-SPF-1298,Millbrook WorkshopCool (1000 L),1,291.13,1150.0,11,True,active,2024-07-19,,2026-01-01 00:00:00,system,2026-01-01 00:00:00,system
3108,1298,1,SUP001-SPF-1298,Millbrook WorkshopCool (1000 L),1,289.64,800.0,10,False,active,2025-09-16,,2026-01-01 00:00:00,system,2026-01-01 00:00:00,system
3109,1298,2,SUP002-SPF-1298,Millbrook WorkshopCool (1000 L),1,303.54,1200.0,16,False,active,2025-06-16,,2026-01-01 00:00:00,system,2026-01-01 00:00:00,system
3110,1299,8,SUP008-SPF-1299,Highpoint MetalGuard (2000 L),1,292.03,2350.0,14,False,active,2025-08-05,,2026-01-01 00:00:00,system,2026-01-01 00:00:00,system
3111,1299,6,SUP006-SPF-1299,Highpoint MetalGuard (2000 L),1,280.14,1750.0,9,True,active,2025-11-12,,2026-01-01 00:00:00,system,2026-01-01 00:00:00,system
3112,1299,3,SUP003-SPF-1299,Highpoint MetalGuard (2000 L),1,287.43,2500.0,12,False,active,2025-12-19,,2026-01-01 00:00:00,system,2026-01-01 00:00:00,system
3113,1300,8,SUP008-SPF-1300,Fieldmark ProcessLube (1 L),6,310.52,11.0,13,True,active,2024-03-23,,2026-01-01 00:00:00,system,2026-01-01 00:00:00,system
3114,1301,2,SUP002-SPF-1301,Northmark MetalCore (5 L),6,1611.34,14.0,12,True,active,2024-03-23,,2026-01-01 00:00:00,system,2026-01-01 00:00:00,system
3115,1301,5,SUP005-SPF-1301,Northmark MetalCore (5 L),6,1584.56,10.0,13,False,active,2024-01-20,,2026-01-01 00:00:00,system,2026-01-01 00:00:00,system
3116,1302,1,SUP001-SPF-1302,Ironcrest ProcessFlow (20 L),6,6102.27,5.0,7,True,active,2025-01-16,,2026-01-01 00:00:00,system,2026-01-01 00:00:00,system
3117,1302,5,SUP005-SPF-1302,Ironcrest ProcessFlow (20 L),6,6519.26,7.0,13,False,active,2024-11-12,,2026-01-01 00:00:00,system,2026-01-01 00:00:00,system
3118,1302,6,SUP006-SPF-1302,Ironcrest ProcessFlow (20 L),6,6486.12,7.0,10,False,active,2025-05-11,,2026-01-01 00:00:00,system,2026-01-01 00:00:00,system
3119,1303,2,SUP002-SPF-1303,Redstone WorkshopCool (55 L),6,18445.57,2.0,13,False,active,2024-10-03,,2026-01-01 00:00:00,system,2026-01-01 00:00:00,system
3120,1303,3,SUP003-SPF-1303,Redstone WorkshopCool (55 L),6,16548.73,2.0,14,False,active,2024-04-11,,2026-01-01 00:00:00,system,2026-01-01 00:00:00,system
3121,1303,1,SUP001-SPF-1303,Redstone WorkshopCool (55 L),6,17640.92,2.0,11,True,active,2025-03-19,,2026-01-01 00:00:00,system,2026-01-01 00:00:00,system
3122,1304,1,SUP001-SPF-1304,Westmark MetalGuard (180 L),6,52723.09,2.0,12,True,active,2024-01-18,,2026-01-01 00:00:00,system,2026-01-01 00:00:00,system
3123,1304,5,SUP005-SPF-1304,Westmark MetalGuard (180 L),6,52688.63,2.0,14,False,active,2025-03-26,,2026-01-01 00:00:00,system,2026-01-01 00:00:00,system
3124,1305,8,SUP008-SPF-1305,Crestfield ProcessLube (210 L),6,63328.24,1.0,13,False,active,2024-10-29,,2026-01-01 00:00:00,system,2026-01-01 00:00:00,system
3125,1305,7,SUP007-SPF-1305,Crestfield ProcessLube (210 L),6,60274.91,1.0,12,True,active,2025-12-10,,2026-01-01 00:00:00,system,2026-01-01 00:00:00,system
3126,1305,5,SUP005-SPF-1305,Crestfield ProcessLube (210 L),6,66113.37,1.0,15,False,active,2025-03-20,,2026-01-01 00:00:00,system,2026-01-01 00:00:00,system
3127,1306,2,SUP002-SPF-1306,Stonebridge MetalCore (1000 L),1,290.16,850.0,15,False,active,2024-07-07,,2026-01-01 00:00:00,system,2026-01-01 00:00:00,system
3128,1306,8,SUP008-SPF-1306,Stonebridge MetalCore (1000 L),1,282.34,850.0,16,False,active,2024-07-14,,2026-01-01 00:00:00,system,2026-01-01 00:00:00,system
3129,1306,6,SUP006-SPF-1306,Stonebridge MetalCore (1000 L),1,303.71,1250.0,13,True,active,2025-01-03,,2026-01-01 00:00:00,system,2026-01-01 00:00:00,system
3130,1307,8,SUP008-SPF-1307,Ridgewell ProcessFlow (2000 L),1,290.62,1900.0,11,False,active,2024-08-12,,2026-01-01 00:00:00,system,2026-01-01 00:00:00,system
3131,1307,3,SUP003-SPF-1307,Ridgewell ProcessFlow (2000 L),1,280.65,1650.0,10,True,active,2025-07-11,,2026-01-01 00:00:00,system,2026-01-01 00:00:00,system
3132,1308,5,SUP005-SPF-1308,Millbrook WorkshopCool (1 L),6,308.01,14.0,16,False,active,2024-05-11,,2026-01-01 00:00:00,system,2026-01-01 00:00:00,system
3133,1308,8,SUP008-SPF-1308,Millbrook WorkshopCool (1 L),6,307.26,13.0,11,True,active,2025-02-10,,2026-01-01 00:00:00,system,2026-01-01 00:00:00,system
3134,1309,7,SUP007-SPF-1309,Highpoint MetalGuard (5 L),6,1572.73,14.0,11,True,active,2024-10-13,,2026-01-01 00:00:00,system,2026-01-01 00:00:00,system
3135,1309,4,SUP004-SPF-1309,Highpoint MetalGuard (5 L),6,1566.95,14.0,6,False,active,2025-12-28,,2026-01-01 00:00:00,system,2026-01-01 00:00:00,system
3136,1309,21,SUP021-SPF-1309,Highpoint MetalGuard (5 L),6,1777.0,12.0,33,False,active,2024-02-18,,2026-01-01 00:00:00,system,2026-01-01 00:00:00,system
3137,1310,4,SUP004-SPF-1310,Fieldmark ProcessLube (20 L),6,6069.09,6.0,11,True,active,2025-12-03,,2026-01-01 00:00:00,system,2026-01-01 00:00:00,system
3138,1310,5,SUP005-SPF-1310,Fieldmark ProcessLube (20 L),6,6534.78,6.0,16,False,active,2024-02-27,,2026-01-01 00:00:00,system,2026-01-01 00:00:00,system
3139,1311,8,SUP008-SPF-1311,Northmark MetalCore (55 L),6,17087.06,2.0,15,True,active,2024-12-01,,2026-01-01 00:00:00,system,2026-01-01 00:00:00,system
3140,1312,5,SUP005-SPF-1312,Ironcrest ProcessFlow (180 L),6,53936.38,2.0,14,False,active,2025-02-18,,2026-01-01 00:00:00,system,2026-01-01 00:00:00,system
3141,1312,6,SUP006-SPF-1312,Ironcrest ProcessFlow (180 L),6,52941.25,2.0,11,True,active,2025-12-15,,2026-01-01 00:00:00,system,2026-01-01 00:00:00,system
3142,1312,1,SUP001-SPF-1312,Ironcrest ProcessFlow (180 L),6,56028.66,2.0,11,False,active,2025-12-26,,2026-01-01 00:00:00,system,2026-01-01 00:00:00,system
3143,1313,2,SUP002-SPF-1313,Redstone WorkshopCool (210 L),6,63291.59,1.0,15,False,active,2024-03-31,,2026-01-01 00:00:00,system,2026-01-01 00:00:00,system
3144,1313,1,SUP001-SPF-1313,Redstone WorkshopCool (210 L),6,65824.58,1.0,13,True,active,2024-11-29,,2026-01-01 00:00:00,system,2026-01-01 00:00:00,system
3145,1314,8,SUP008-SPF-1314,Westmark MetalGuard (1000 L),1,292.24,1050.0,12,False,active,2024-07-22,,2026-01-01 00:00:00,system,2026-01-01 00:00:00,system
3146,1314,1,SUP001-SPF-1314,Westmark MetalGuard (1000 L),1,276.45,1050.0,10,True,active,2024-10-08,,2026-01-01 00:00:00,system,2026-01-01 00:00:00,system
3147,1315,5,SUP005-SPF-1315,Crestfield ProcessLube (2000 L),1,299.95,2500.0,13,False,inactive,2025-01-23,2025-05-04,2026-01-01 00:00:00,system,2026-01-01 00:00:00,system
3148,1316,1,SUP001-SPF-1316,Stonebridge HeatFlow (1000 L),1,295.55,1250.0,11,True,active,2024-09-11,,2026-01-01 00:00:00,system,2026-01-01 00:00:00,system
3149,1316,2,SUP002-SPF-1316,Stonebridge HeatFlow (1000 L),1,305.61,1100.0,15,False,active,2024-01-11,,2026-01-01 00:00:00,system,2026-01-01 00:00:00,system
3150,1316,22,SUP022-SPF-1316,Stonebridge HeatFlow (1000 L),1,329.88,1100.0,27,False,active,2025-12-10,,2026-01-01 00:00:00,system,2026-01-01 00:00:00,system
3151,1317,8,SUP008-SPF-1317,Ridgewell ThermoProcess (2000 L),1,276.69,2400.0,14,False,active,2025-11-04,,2026-01-01 00:00:00,system,2026-01-01 00:00:00,system
3152,1317,4,SUP004-SPF-1317,Ridgewell ThermoProcess (2000 L),1,299.1,1650.0,9,False,active,2024-03-17,,2026-01-01 00:00:00,system,2026-01-01 00:00:00,system
3153,1317,1,SUP001-SPF-1317,Ridgewell ThermoProcess (2000 L),1,285.5,2250.0,12,True,active,2025-03-15,,2026-01-01 00:00:00,system,2026-01-01 00:00:00,system
3154,1317,5,SUP005-SPF-1317,Ridgewell ThermoProcess (2000 L),1,293.34,2250.0,13,False,active,2025-01-31,,2026-01-01 00:00:00,system,2026-01-01 00:00:00,system
3155,1318,8,SUP008-SPF-1318,Millbrook HeatCore (1 L),6,314.77,13.0,13,False,inactive,2025-01-12,2025-03-19,2026-01-01 00:00:00,system,2026-01-01 00:00:00,system
3156,1318,7,SUP007-SPF-1318,Millbrook HeatCore (1 L),6,331.25,11.0,11,False,inactive,2024-09-27,2025-06-09,2026-01-01 00:00:00,system,2026-01-01 00:00:00,system
3157,1319,6,SUP006-SPF-1319,Highpoint ThermalGuard (5 L),6,1675.25,13.0,12,False,inactive,2024-09-16,2025-08-03,2026-01-01 00:00:00,system,2026-01-01 00:00:00,system
3158,1319,1,SUP001-SPF-1319,Highpoint ThermalGuard (5 L),6,1537.13,11.0,7,False,inactive,2024-05-11,2025-05-19,2026-01-01 00:00:00,system,2026-01-01 00:00:00,system
3159,1319,3,SUP003-SPF-1319,Highpoint ThermalGuard (5 L),6,1673.85,10.0,9,False,inactive,2024-08-31,2025-05-11,2026-01-01 00:00:00,system,2026-01-01 00:00:00,system
3160,1320,2,SUP002-SPF-1320,Fieldmark ProcessTherm (20 L),6,6531.96,6.0,10,False,active,2025-01-12,,2026-01-01 00:00:00,system,2026-01-01 00:00:00,system
3161,1320,6,SUP006-SPF-1320,Fieldmark ProcessTherm (20 L),6,6534.97,7.0,8,True,active,2024-03-09,,2026-01-01 00:00:00,system,2026-01-01 00:00:00,system
3162,1321,4,SUP004-SPF-1321,Northmark HeatFlow (55 L),6,16614.44,2.0,8,True,active,2025-06-25,,2026-01-01 00:00:00,system,2026-01-01 00:00:00,system
3163,1321,7,SUP007-SPF-1321,Northmark HeatFlow (55 L),6,16570.83,2.0,13,False,active,2025-06-25,,2026-01-01 00:00:00,system,2026-01-01 00:00:00,system
3164,1321,6,SUP006-SPF-1321,Northmark HeatFlow (55 L),6,17898.03,2.0,12,False,active,2024-07-07,,2026-01-01 00:00:00,system,2026-01-01 00:00:00,system
3165,1321,1,SUP001-SPF-1321,Northmark HeatFlow (55 L),6,17333.04,2.0,10,False,active,2024-01-13,,2026-01-01 00:00:00,system,2026-01-01 00:00:00,system
3166,1322,8,SUP008-SPF-1322,Ironcrest ThermoProcess (180 L),6,53469.59,2.0,12,True,active,2024-06-07,,2026-01-01 00:00:00,system,2026-01-01 00:00:00,system
3167,1322,23,SUP023-SPF-1322,Ironcrest ThermoProcess (180 L),6,50851.51,2.0,19,False,active,2025-06-09,,2026-01-01 00:00:00,system,2026-01-01 00:00:00,system
3168,1323,3,SUP003-SPF-1323,Redstone HeatCore (210 L),6,60485.07,1.0,12,True,active,2024-12-18,,2026-01-01 00:00:00,system,2026-01-01 00:00:00,system
3169,1323,4,SUP004-SPF-1323,Redstone HeatCore (210 L),6,64087.76,1.0,12,False,active,2025-07-10,,2026-01-01 00:00:00,system,2026-01-01 00:00:00,system
3170,1324,8,SUP008-SPF-1324,Westmark ThermalGuard (1000 L),1,291.61,950.0,15,False,active,2025-06-27,,2026-01-01 00:00:00,system,2026-01-01 00:00:00,system
3171,1324,6,SUP006-SPF-1324,Westmark ThermalGuard (1000 L),1,290.58,950.0,11,True,active,2025-07-31,,2026-01-01 00:00:00,system,2026-01-01 00:00:00,system
3172,1325,2,SUP002-SPF-1325,Crestfield ProcessTherm (2000 L),1,288.73,1700.0,11,False,active,2024-09-24,,2026-01-01 00:00:00,system,2026-01-01 00:00:00,system
3173,1325,4,SUP004-SPF-1325,Crestfield ProcessTherm (2000 L),1,288.4,2050.0,9,True,active,2025-11-05,,2026-01-01 00:00:00,system,2026-01-01 00:00:00,system
3174,1325,6,SUP006-SPF-1325,Crestfield ProcessTherm (2000 L),1,289.91,2250.0,11,False,active,2025-09-20,,2026-01-01 00:00:00,system,2026-01-01 00:00:00,system
3175,1326,3,SUP003-SPF-1326,Stonebridge HeatFlow (1 L),6,317.28,14.0,13,False,active,2024-07-02,,2026-01-01 00:00:00,system,2026-01-01 00:00:00,system
3176,1326,4,SUP004-SPF-1326,Stonebridge HeatFlow (1 L),6,334.05,11.0,9,True,active,2025-02-02,,2026-01-01 00:00:00,system,2026-01-01 00:00:00,system
3177,1327,7,SUP007-SPF-1327,Ridgewell ThermoProcess (5 L),6,1583.01,14.0,11,False,active,2025-03-04,,2026-01-01 00:00:00,system,2026-01-01 00:00:00,system
3178,1327,4,SUP004-SPF-1327,Ridgewell ThermoProcess (5 L),6,1648.74,14.0,6,True,active,2024-03-11,,2026-01-01 00:00:00,system,2026-01-01 00:00:00,system
3179,1327,2,SUP002-SPF-1327,Ridgewell ThermoProcess (5 L),6,1570.17,12.0,12,False,active,2025-06-20,,2026-01-01 00:00:00,system,2026-01-01 00:00:00,system
3180,1328,21,SUP021-SPF-1328,Millbrook HeatCore (20 L),6,7643.93,5.0,31,False,active,2025-11-23,,2026-01-01 00:00:00,system,2026-01-01 00:00:00,system
3181,1328,8,SUP008-SPF-1328,Millbrook HeatCore (20 L),6,6405.78,7.0,12,False,active,2025-01-18,,2026-01-01 00:00:00,system,2026-01-01 00:00:00,system
3182,1328,7,SUP007-SPF-1328,Millbrook HeatCore (20 L),6,6642.5,7.0,11,True,active,2025-09-05,,2026-01-01 00:00:00,system,2026-01-01 00:00:00,system
3183,1328,6,SUP006-SPF-1328,Millbrook HeatCore (20 L),6,6190.81,7.0,13,False,active,2025-04-19,,2026-01-01 00:00:00,system,2026-01-01 00:00:00,system
3184,1329,1,SUP001-SPF-1329,Highpoint ThermalGuard (55 L),6,17754.52,2.0,8,True,active,2025-08-26,,2026-01-01 00:00:00,system,2026-01-01 00:00:00,system
3185,1329,6,SUP006-SPF-1329,Highpoint ThermalGuard (55 L),6,17892.07,2.0,13,False,active,2024-10-09,,2026-01-01 00:00:00,system,2026-01-01 00:00:00,system
3186,1329,23,SUP023-SPF-1329,Highpoint ThermalGuard (55 L),6,16559.99,2.0,17,False,active,2025-01-01,,2026-01-01 00:00:00,system,2026-01-01 00:00:00,system
3187,1330,7,SUP007-SPF-1330,Fieldmark ProcessTherm (180 L),6,57270.78,2.0,13,False,active,2024-01-11,,2026-01-01 00:00:00,system,2026-01-01 00:00:00,system
3188,1330,4,SUP004-SPF-1330,Fieldmark ProcessTherm (180 L),6,51801.14,2.0,11,True,active,2025-06-05,,2026-01-01 00:00:00,system,2026-01-01 00:00:00,system
3189,1330,20,SUP020-SPF-1330,Fieldmark ProcessTherm (180 L),6,60589.08,2.0,30,False,active,2024-12-11,,2026-01-01 00:00:00,system,2026-01-01 00:00:00,system
3190,1330,5,SUP005-SPF-1330,Fieldmark ProcessTherm (180 L),6,54426.29,2.0,17,False,active,2024-08-21,,2026-01-01 00:00:00,system,2026-01-01 00:00:00,system
3191,1331,1,SUP001-SPF-1331,Northmark HeatFlow (210 L),6,60374.33,1.0,9,False,active,2024-08-12,,2026-01-01 00:00:00,system,2026-01-01 00:00:00,system
3192,1331,23,SUP023-SPF-1331,Northmark HeatFlow (210 L),6,58623.59,1.0,17,True,active,2025-08-26,,2026-01-01 00:00:00,system,2026-01-01 00:00:00,system
3193,1332,6,SUP006-SPF-1332,Ironcrest ThermoProcess (1000 L),1,286.98,1100.0,12,True,active,2025-06-07,,2026-01-01 00:00:00,system,2026-01-01 00:00:00,system
3194,1332,8,SUP008-SPF-1332,Ironcrest ThermoProcess (1000 L),1,285.15,900.0,16,False,active,2024-06-22,,2026-01-01 00:00:00,system,2026-01-01 00:00:00,system
3195,1332,7,SUP007-SPF-1332,Ironcrest ThermoProcess (1000 L),1,288.43,900.0,14,False,active,2025-09-10,,2026-01-01 00:00:00,system,2026-01-01 00:00:00,system
3196,1333,1,SUP001-SPF-1333,Redstone HeatCore (2000 L),1,301.45,2350.0,11,False,active,2025-06-08,,2026-01-01 00:00:00,system,2026-01-01 00:00:00,system
3197,1333,4,SUP004-SPF-1333,Redstone HeatCore (2000 L),1,285.42,2200.0,8,True,active,2024-12-07,,2026-01-01 00:00:00,system,2026-01-01 00:00:00,system
3198,1333,7,SUP007-SPF-1333,Redstone HeatCore (2000 L),1,288.39,1850.0,17,False,active,2024-03-02,,2026-01-01 00:00:00,system,2026-01-01 00:00:00,system
3199,1333,20,SUP020-SPF-1333,Redstone HeatCore (2000 L),1,319.98,1550.0,25,False,active,2025-02-14,,2026-01-01 00:00:00,system,2026-01-01 00:00:00,system
3200,1334,7,SUP007-SPF-1334,Westmark ThermalGuard (1 L),6,323.44,14.0,12,True,active,2024-09-25,,2026-01-01 00:00:00,system,2026-01-01 00:00:00,system
3201,1335,22,SUP022-SPF-1335,Crestfield ProcessTherm (5 L),6,1840.05,13.0,25,False,active,2025-05-16,,2026-01-01 00:00:00,system,2026-01-01 00:00:00,system
3202,1335,4,SUP004-SPF-1335,Crestfield ProcessTherm (5 L),6,1616.25,11.0,8,True,active,2025-07-31,,2026-01-01 00:00:00,system,2026-01-01 00:00:00,system
3203,1336,1,SUP001-SPF-1336,Stonebridge RustGuard (1 L),6,319.9,14.0,9,False,active,2024-07-07,,2026-01-01 00:00:00,system,2026-01-01 00:00:00,system
3204,1336,5,SUP005-SPF-1336,Stonebridge RustGuard (1 L),6,332.86,12.0,15,False,active,2024-10-26,,2026-01-01 00:00:00,system,2026-01-01 00:00:00,system
3205,1336,2,SUP002-SPF-1336,Stonebridge RustGuard (1 L),6,305.39,12.0,15,False,active,2024-09-25,,2026-01-01 00:00:00,system,2026-01-01 00:00:00,system
3206,1336,4,SUP004-SPF-1336,Stonebridge RustGuard (1 L),6,313.02,12.0,10,True,active,2025-03-03,,2026-01-01 00:00:00,system,2026-01-01 00:00:00,system
3207,1337,4,SUP004-SPF-1337,Ridgewell CorroShield (5 L),6,1641.99,12.0,10,False,active,2025-09-30,,2026-01-01 00:00:00,system,2026-01-01 00:00:00,system
3208,1337,3,SUP003-SPF-1337,Ridgewell CorroShield (5 L),6,1665.27,14.0,9,True,active,2025-04-03,,2026-01-01 00:00:00,system,2026-01-01 00:00:00,system
3209,1338,4,SUP004-SPF-1338,Millbrook MetalProtect (20 L),6,6483.49,7.0,6,False,active,2025-11-08,,2026-01-01 00:00:00,system,2026-01-01 00:00:00,system
3210,1338,1,SUP001-SPF-1338,Millbrook MetalProtect (20 L),6,6569.55,7.0,7,False,active,2025-10-09,,2026-01-01 00:00:00,system,2026-01-01 00:00:00,system
3211,1338,8,SUP008-SPF-1338,Millbrook MetalProtect (20 L),6,6292.19,6.0,11,True,active,2025-04-29,,2026-01-01 00:00:00,system,2026-01-01 00:00:00,system
3212,1338,21,SUP021-SPF-1338,Millbrook MetalProtect (20 L),6,7212.01,5.0,32,False,active,2024-04-18,,2026-01-01 00:00:00,system,2026-01-01 00:00:00,system
3213,1339,22,SUP022-SPF-1339,Highpoint RustBlock (55 L),6,20864.42,2.0,21,False,active,2025-04-12,,2026-01-01 00:00:00,system,2026-01-01 00:00:00,system
3214,1339,1,SUP001-SPF-1339,Highpoint RustBlock (55 L),6,16604.06,2.0,8,True,active,2024-06-24,,2026-01-01 00:00:00,system,2026-01-01 00:00:00,system
3215,1339,5,SUP005-SPF-1339,Highpoint RustBlock (55 L),6,16950.62,2.0,14,False,active,2025-06-14,,2026-01-01 00:00:00,system,2026-01-01 00:00:00,system
3216,1340,23,SUP023-SPF-1340,Fieldmark SurfaceGuard (180 L),6,53571.42,2.0,16,True,active,2024-08-26,,2026-01-01 00:00:00,system,2026-01-01 00:00:00,system
3217,1341,7,SUP007-SPF-1341,Northmark RustGuard (210 L),6,62158.25,1.0,14,False,active,2025-03-20,,2026-01-01 00:00:00,system,2026-01-01 00:00:00,system
3218,1341,4,SUP004-SPF-1341,Northmark RustGuard (210 L),6,61311.24,1.0,12,False,active,2024-06-01,,2026-01-01 00:00:00,system,2026-01-01 00:00:00,system
3219,1341,5,SUP005-SPF-1341,Northmark RustGuard (210 L),6,64837.26,1.0,14,False,active,2024-01-30,,2026-01-01 00:00:00,system,2026-01-01 00:00:00,system
3220,1341,3,SUP003-SPF-1341,Northmark RustGuard (210 L),6,65158.07,1.0,10,True,active,2024-05-20,,2026-01-01 00:00:00,system,2026-01-01 00:00:00,system
3221,1342,2,SUP002-SPF-1342,Ironcrest CorroShield (1000 L),1,281.5,900.0,16,False,active,2025-05-25,,2026-01-01 00:00:00,system,2026-01-01 00:00:00,system
3222,1342,7,SUP007-SPF-1342,Ironcrest CorroShield (1000 L),1,288.97,1100.0,12,False,active,2024-04-01,,2026-01-01 00:00:00,system,2026-01-01 00:00:00,system
3223,1342,1,SUP001-SPF-1342,Ironcrest CorroShield (1000 L),1,297.75,1050.0,9,True,active,2025-05-21,,2026-01-01 00:00:00,system,2026-01-01 00:00:00,system
3224,1343,4,SUP004-SPF-1343,Redstone MetalProtect (2000 L),1,293.39,2200.0,11,True,active,2025-06-18,,2026-01-01 00:00:00,system,2026-01-01 00:00:00,system
3225,1344,8,SUP008-SPF-1344,Westmark RustBlock (1 L),6,326.13,11.0,10,False,active,2025-09-14,,2026-01-01 00:00:00,system,2026-01-01 00:00:00,system
3226,1344,4,SUP004-SPF-1344,Westmark RustBlock (1 L),6,320.69,13.0,9,True,active,2024-04-17,,2026-01-01 00:00:00,system,2026-01-01 00:00:00,system
3227,1345,6,SUP006-SPF-1345,Crestfield SurfaceGuard (5 L),6,1581.39,12.0,12,True,active,2024-01-28,,2026-01-01 00:00:00,system,2026-01-01 00:00:00,system
3228,1345,2,SUP002-SPF-1345,Crestfield SurfaceGuard (5 L),6,1559.45,14.0,10,False,active,2025-04-17,,2026-01-01 00:00:00,system,2026-01-01 00:00:00,system
3229,1346,3,SUP003-SPF-1346,Stonebridge RustGuard (20 L),6,6687.58,5.0,10,False,active,2025-04-03,,2026-01-01 00:00:00,system,2026-01-01 00:00:00,system
3230,1346,1,SUP001-SPF-1346,Stonebridge RustGuard (20 L),6,6326.52,7.0,9,True,active,2025-03-15,,2026-01-01 00:00:00,system,2026-01-01 00:00:00,system
3231,1347,7,SUP007-SPF-1347,Ridgewell CorroShield (55 L),6,17213.27,2.0,13,False,active,2025-09-26,,2026-01-01 00:00:00,system,2026-01-01 00:00:00,system
3232,1347,4,SUP004-SPF-1347,Ridgewell CorroShield (55 L),6,17628.61,2.0,10,False,active,2024-12-08,,2026-01-01 00:00:00,system,2026-01-01 00:00:00,system
3233,1347,1,SUP001-SPF-1347,Ridgewell CorroShield (55 L),6,17768.03,2.0,7,True,active,2025-06-06,,2026-01-01 00:00:00,system,2026-01-01 00:00:00,system
3234,1348,5,SUP005-SPF-1348,Millbrook MetalProtect (180 L),6,57004.86,2.0,17,False,inactive,2025-05-27,2025-12-13,2026-01-01 00:00:00,system,2026-01-01 00:00:00,system
3235,1348,3,SUP003-SPF-1348,Millbrook MetalProtect (180 L),6,53449.63,2.0,10,False,inactive,2024-06-28,2025-10-20,2026-01-01 00:00:00,system,2026-01-01 00:00:00,system
3236,1349,3,SUP003-SPF-1349,Highpoint RustBlock (210 L),6,65330.89,1.0,10,True,active,2024-03-03,,2026-01-01 00:00:00,system,2026-01-01 00:00:00,system
3237,1349,4,SUP004-SPF-1349,Highpoint RustBlock (210 L),6,61649.18,1.0,12,False,active,2025-08-25,,2026-01-01 00:00:00,system,2026-01-01 00:00:00,system
3238,1350,23,SUP023-SPF-1350,Fieldmark SurfaceGuard (1000 L),1,269.97,900.0,19,True,active,2024-05-15,,2026-01-01 00:00:00,system,2026-01-01 00:00:00,system
3239,1351,21,SUP021-SPF-1351,Northmark RustGuard (2000 L),1,329.19,1650.0,34,True,active,2025-10-10,,2026-01-01 00:00:00,system,2026-01-01 00:00:00,system
3240,1352,5,SUP005-SPF-1352,Ironcrest CorroShield (1 L),6,301.97,10.0,12,False,inactive,2025-09-25,2025-12-17,2026-01-01 00:00:00,system,2026-01-01 00:00:00,system
3241,1352,4,SUP004-SPF-1352,Ironcrest CorroShield (1 L),6,303.91,13.0,6,False,inactive,2024-03-20,2025-03-25,2026-01-01 00:00:00,system,2026-01-01 00:00:00,system
3242,1352,1,SUP001-SPF-1352,Ironcrest CorroShield (1 L),6,304.04,14.0,7,False,inactive,2024-07-13,2025-04-12,2026-01-01 00:00:00,system,2026-01-01 00:00:00,system
3243,1353,5,SUP005-SPF-1353,Redstone MetalProtect (5 L),6,1592.0,13.0,16,True,active,2025-08-09,,2026-01-01 00:00:00,system,2026-01-01 00:00:00,system
3244,1354,23,SUP023-SPF-1354,Westmark RustBlock (20 L),6,6306.36,5.0,14,True,active,2025-03-20,,2026-01-01 00:00:00,system,2026-01-01 00:00:00,system
3245,1354,5,SUP005-SPF-1354,Westmark RustBlock (20 L),6,6187.38,6.0,17,False,active,2024-10-06,,2026-01-01 00:00:00,system,2026-01-01 00:00:00,system
3246,1354,4,SUP004-SPF-1354,Westmark RustBlock (20 L),6,6308.31,6.0,10,False,active,2024-01-19,,2026-01-01 00:00:00,system,2026-01-01 00:00:00,system
3247,1355,3,SUP003-SPF-1355,Crestfield SurfaceGuard (55 L),6,18432.86,2.0,13,True,active,2025-02-17,,2026-01-01 00:00:00,system,2026-01-01 00:00:00,system
3248,1356,7,SUP007-SPF-1356,Stonebridge InsulCore (20 L),6,6425.81,7.0,12,False,active,2025-05-21,,2026-01-01 00:00:00,system,2026-01-01 00:00:00,system
3249,1356,4,SUP004-SPF-1356,Stonebridge InsulCore (20 L),6,6093.03,7.0,9,True,active,2024-04-14,,2026-01-01 00:00:00,system,2026-01-01 00:00:00,system
3250,1356,1,SUP001-SPF-1356,Stonebridge InsulCore (20 L),6,6629.4,7.0,9,False,active,2024-07-29,,2026-01-01 00:00:00,system,2026-01-01 00:00:00,system
3251,1357,7,SUP007-SPF-1357,Ridgewell VoltGuard (55 L),6,16633.16,2.0,13,True,active,2025-02-27,,2026-01-01 00:00:00,system,2026-01-01 00:00:00,system
3252,1358,22,SUP022-SPF-1358,Millbrook DielectricPro (180 L),6,61385.47,2.0,27,False,active,2024-01-13,,2026-01-01 00:00:00,system,2026-01-01 00:00:00,system
3253,1358,23,SUP023-SPF-1358,Millbrook DielectricPro (180 L),6,51585.27,2.0,14,True,active,2025-07-15,,2026-01-01 00:00:00,system,2026-01-01 00:00:00,system
3254,1359,7,SUP007-SPF-1359,Highpoint TransformShield (210 L),6,65554.73,1.0,16,False,active,2025-07-15,,2026-01-01 00:00:00,system,2026-01-01 00:00:00,system
3255,1359,5,SUP005-SPF-1359,Highpoint TransformShield (210 L),6,65685.34,1.0,16,False,active,2025-01-04,,2026-01-01 00:00:00,system,2026-01-01 00:00:00,system
3256,1359,2,SUP002-SPF-1359,Highpoint TransformShield (210 L),6,62566.46,1.0,14,True,active,2024-09-17,,2026-01-01 00:00:00,system,2026-01-01 00:00:00,system
3257,1360,5,SUP005-SPF-1360,Fieldmark InsulFlow (1000 L),1,275.53,1250.0,17,False,active,2025-12-18,,2026-01-01 00:00:00,system,2026-01-01 00:00:00,system
3258,1360,1,SUP001-SPF-1360,Fieldmark InsulFlow (1000 L),1,283.45,1200.0,11,True,active,2024-08-02,,2026-01-01 00:00:00,system,2026-01-01 00:00:00,system
3259,1360,2,SUP002-SPF-1360,Fieldmark InsulFlow (1000 L),1,293.23,1100.0,12,False,active,2025-07-30,,2026-01-01 00:00:00,system,2026-01-01 00:00:00,system
3260,1361,8,SUP008-SPF-1361,Northmark InsulCore (2000 L),1,286.91,2100.0,14,False,active,2024-09-30,,2026-01-01 00:00:00,system,2026-01-01 00:00:00,system
3261,1361,6,SUP006-SPF-1361,Northmark InsulCore (2000 L),1,292.58,2000.0,10,False,active,2025-09-03,,2026-01-01 00:00:00,system,2026-01-01 00:00:00,system
3262,1361,3,SUP003-SPF-1361,Northmark InsulCore (2000 L),1,295.59,1650.0,10,True,active,2025-03-07,,2026-01-01 00:00:00,system,2026-01-01 00:00:00,system
3263,1362,1,SUP001-SPF-1362,Ironcrest VoltGuard (1 L),6,334.57,13.0,10,True,active,2025-09-30,,2026-01-01 00:00:00,system,2026-01-01 00:00:00,system
3264,1362,3,SUP003-SPF-1362,Ironcrest VoltGuard (1 L),6,331.41,13.0,13,False,active,2025-12-18,,2026-01-01 00:00:00,system,2026-01-01 00:00:00,system
3265,1363,1,SUP001-SPF-1363,Redstone DielectricPro (5 L),6,1512.78,13.0,9,True,active,2025-08-01,,2026-01-01 00:00:00,system,2026-01-01 00:00:00,system
3266,1363,2,SUP002-SPF-1363,Redstone DielectricPro (5 L),6,1552.05,13.0,15,False,active,2025-10-25,,2026-01-01 00:00:00,system,2026-01-01 00:00:00,system
3267,1363,5,SUP005-SPF-1363,Redstone DielectricPro (5 L),6,1669.58,12.0,16,False,active,2024-10-12,,2026-01-01 00:00:00,system,2026-01-01 00:00:00,system
3268,1363,23,SUP023-SPF-1363,Redstone DielectricPro (5 L),6,1612.38,9.0,16,False,active,2024-03-06,,2026-01-01 00:00:00,system,2026-01-01 00:00:00,system
3269,1364,2,SUP002-SPF-1364,Westmark TransformShield (20 L),6,6029.42,6.0,15,False,active,2024-12-20,,2026-01-01 00:00:00,system,2026-01-01 00:00:00,system
3270,1364,6,SUP006-SPF-1364,Westmark TransformShield (20 L),6,6236.45,7.0,9,True,active,2025-12-25,,2026-01-01 00:00:00,system,2026-01-01 00:00:00,system
3271,1365,23,SUP023-SPF-1365,Crestfield InsulFlow (55 L),6,17670.8,2.0,18,False,active,2025-03-04,,2026-01-01 00:00:00,system,2026-01-01 00:00:00,system
3272,1365,8,SUP008-SPF-1365,Crestfield InsulFlow (55 L),6,18437.17,2.0,10,False,active,2024-05-02,,2026-01-01 00:00:00,system,2026-01-01 00:00:00,system
3273,1365,1,SUP001-SPF-1365,Crestfield InsulFlow (55 L),6,18449.0,2.0,8,True,active,2025-08-24,,2026-01-01 00:00:00,system,2026-01-01 00:00:00,system
3274,1366,3,SUP003-SPF-1366,Stonebridge InsulCore (180 L),6,53081.61,2.0,12,True,active,2025-05-13,,2026-01-01 00:00:00,system,2026-01-01 00:00:00,system
3275,1366,1,SUP001-SPF-1366,Stonebridge InsulCore (180 L),6,56482.92,2.0,10,False,active,2024-01-28,,2026-01-01 00:00:00,system,2026-01-01 00:00:00,system
3276,1367,7,SUP007-SPF-1367,Ridgewell VoltGuard (210 L),6,66938.27,1.0,12,False,active,2025-12-23,,2026-01-01 00:00:00,system,2026-01-01 00:00:00,system
3277,1367,2,SUP002-SPF-1367,Ridgewell VoltGuard (210 L),6,60598.84,1.0,12,False,active,2024-09-11,,2026-01-01 00:00:00,system,2026-01-01 00:00:00,system
3278,1367,4,SUP004-SPF-1367,Ridgewell VoltGuard (210 L),6,64264.39,1.0,9,True,active,2024-09-24,,2026-01-01 00:00:00,system,2026-01-01 00:00:00,system
3279,1368,1,SUP001-SPF-1368,Millbrook DielectricPro (1000 L),1,294.37,850.0,12,False,active,2024-07-19,,2026-01-01 00:00:00,system,2026-01-01 00:00:00,system
3280,1368,5,SUP005-SPF-1368,Millbrook DielectricPro (1000 L),1,284.99,1200.0,14,False,active,2025-04-04,,2026-01-01 00:00:00,system,2026-01-01 00:00:00,system
3281,1368,4,SUP004-SPF-1368,Millbrook DielectricPro (1000 L),1,294.73,1050.0,8,True,active,2025-02-07,,2026-01-01 00:00:00,system,2026-01-01 00:00:00,system
3282,1369,1,SUP001-SPF-1369,Highpoint TransformShield (2000 L),1,300.19,1950.0,11,True,active,2024-03-15,,2026-01-01 00:00:00,system,2026-01-01 00:00:00,system
3283,1369,2,SUP002-SPF-1369,Highpoint TransformShield (2000 L),1,289.14,2350.0,16,False,active,2025-08-10,,2026-01-01 00:00:00,system,2026-01-01 00:00:00,system
3284,1370,22,SUP022-SPF-1370,Fieldmark InsulFlow (1 L),6,370.38,13.0,22,False,active,2025-02-19,,2026-01-01 00:00:00,system,2026-01-01 00:00:00,system
3285,1370,1,SUP001-SPF-1370,Fieldmark InsulFlow (1 L),6,309.92,14.0,8,True,active,2025-03-31,,2026-01-01 00:00:00,system,2026-01-01 00:00:00,system
3286,1371,4,SUP004-AOL-1371,Northmark TractorDrive 10W-30 (30 L),6,5956.52,6.0,8,False,inactive,2024-06-16,2025-08-14,2026-01-01 00:00:00,system,2026-01-01 00:00:00,system
3287,1371,2,SUP002-AOL-1371,Northmark TractorDrive 10W-30 (30 L),6,6105.42,7.0,10,False,inactive,2024-10-16,2025-01-26,2026-01-01 00:00:00,system,2026-01-01 00:00:00,system
3288,1371,1,SUP001-AOL-1371,Northmark TractorDrive 10W-30 (30 L),6,6561.12,6.0,6,False,inactive,2024-03-31,2025-03-18,2026-01-01 00:00:00,system,2026-01-01 00:00:00,system
3289,1372,5,SUP005-AOL-1372,Ironcrest FieldEngine 10W-30 (50 L),6,11017.16,2.0,12,False,active,2024-11-18,,2026-01-01 00:00:00,system,2026-01-01 00:00:00,system
3290,1372,3,SUP003-AOL-1372,Ironcrest FieldEngine 10W-30 (50 L),6,10490.99,2.0,11,True,active,2024-02-23,,2026-01-01 00:00:00,system,2026-01-01 00:00:00,system
3291,1373,5,SUP005-AOL-1373,Redstone AgriEngine 10W-30 (55 L),6,11677.26,2.0,15,False,active,2025-01-23,,2026-01-01 00:00:00,system,2026-01-01 00:00:00,system
3292,1373,15,SUP015-AOL-1373,Redstone AgriEngine 10W-30 (55 L),6,13383.81,3.0,6,False,active,2025-11-01,,2026-01-01 00:00:00,system,2026-01-01 00:00:00,system
3293,1373,16,SUP016-AOL-1373,Redstone AgriEngine 10W-30 (55 L),6,12952.79,3.0,5,True,active,2024-02-22,,2026-01-01 00:00:00,system,2026-01-01 00:00:00,system
3294,1373,13,SUP013-AOL-1373,Redstone AgriEngine 10W-30 (55 L),6,11927.03,3.0,6,False,active,2025-12-18,,2026-01-01 00:00:00,system,2026-01-01 00:00:00,system
3295,1374,3,SUP003-AOL-1374,Westmark FarmPowerOil 10W-30 (180 L),6,37250.84,2.0,14,True,active,2025-07-02,,2026-01-01 00:00:00,system,2026-01-01 00:00:00,system
3296,1375,14,SUP014-AOL-1375,Crestfield TractorDrive 15W-40 (210 L),6,47449.06,1.0,6,True,active,2025-11-25,,2026-01-01 00:00:00,system,2026-01-01 00:00:00,system
3297,1375,10,SUP010-AOL-1375,Crestfield TractorDrive 15W-40 (210 L),6,45965.94,1.0,8,False,active,2025-10-24,,2026-01-01 00:00:00,system,2026-01-01 00:00:00,system
3298,1375,12,SUP012-AOL-1375,Crestfield TractorDrive 15W-40 (210 L),6,43608.89,1.0,7,False,active,2025-06-01,,2026-01-01 00:00:00,system,2026-01-01 00:00:00,system
3299,1376,8,SUP008-AOL-1376,Stonebridge FieldEngine 15W-40 (500 L),1,199.26,550.0,15,False,active,2024-05-25,,2026-01-01 00:00:00,system,2026-01-01 00:00:00,system
3300,1376,4,SUP004-AOL-1376,Stonebridge FieldEngine 15W-40 (500 L),1,180.69,450.0,11,False,active,2025-01-21,,2026-01-01 00:00:00,system,2026-01-01 00:00:00,system
3301,1376,9,SUP009-AOL-1376,Stonebridge FieldEngine 15W-40 (500 L),1,196.71,650.0,8,True,active,2025-06-14,,2026-01-01 00:00:00,system,2026-01-01 00:00:00,system
3302,1377,2,SUP002-AOL-1377,Ridgewell AgriEngine 15W-40 (1000 L),1,197.89,1150.0,15,True,active,2024-01-11,,2026-01-01 00:00:00,system,2026-01-01 00:00:00,system
3303,1377,11,SUP011-AOL-1377,Ridgewell AgriEngine 15W-40 (1000 L),1,201.48,1400.0,6,False,active,2025-05-03,,2026-01-01 00:00:00,system,2026-01-01 00:00:00,system
3304,1378,5,SUP005-AOL-1378,Millbrook FarmPowerOil 15W-40 (2000 L),1,181.07,2050.0,17,False,active,2025-07-17,,2026-01-01 00:00:00,system,2026-01-01 00:00:00,system
3305,1378,7,SUP007-AOL-1378,Millbrook FarmPowerOil 15W-40 (2000 L),1,183.83,2300.0,16,True,active,2025-05-28,,2026-01-01 00:00:00,system,2026-01-01 00:00:00,system
3306,1379,3,SUP003-AOL-1379,Highpoint TractorDrive 20W-50 (3 L),6,632.63,13.0,13,False,inactive,2025-01-01,2025-08-25,2026-01-01 00:00:00,system,2026-01-01 00:00:00,system
3307,1379,10,SUP010-AOL-1379,Highpoint TractorDrive 20W-50 (3 L),6,649.96,15.0,8,False,inactive,2025-01-15,2025-10-21,2026-01-01 00:00:00,system,2026-01-01 00:00:00,system
3308,1379,14,SUP014-AOL-1379,Highpoint TractorDrive 20W-50 (3 L),6,686.39,15.0,7,False,inactive,2023-08-20,2025-01-08,2026-01-01 00:00:00,system,2026-01-01 00:00:00,system
3309,1380,2,SUP002-AOL-1380,Fieldmark FieldEngine 20W-50 (5 L),6,1065.56,6.0,9,True,active,2024-05-12,,2026-01-01 00:00:00,system,2026-01-01 00:00:00,system
3310,1381,13,SUP013-AOL-1381,Northmark AgriEngine 20W-50 (10 L),6,2278.72,7.0,6,True,active,2025-01-11,,2026-01-01 00:00:00,system,2026-01-01 00:00:00,system
3311,1381,1,SUP001-AOL-1381,Northmark AgriEngine 20W-50 (10 L),6,2170.64,6.0,11,False,active,2025-01-24,,2026-01-01 00:00:00,system,2026-01-01 00:00:00,system
3312,1381,18,SUP018-AOL-1381,Northmark AgriEngine 20W-50 (10 L),6,2259.5,9.0,5,False,active,2024-11-03,,2026-01-01 00:00:00,system,2026-01-01 00:00:00,system
3313,1381,7,SUP007-AOL-1381,Northmark AgriEngine 20W-50 (10 L),6,2158.43,7.0,10,False,active,2025-02-05,,2026-01-01 00:00:00,system,2026-01-01 00:00:00,system
3314,1382,5,SUP005-AOL-1382,Ironcrest FarmPowerOil 20W-50 (15 L),6,3184.61,6.0,13,False,active,2024-09-05,,2026-01-01 00:00:00,system,2026-01-01 00:00:00,system
3315,1382,2,SUP002-AOL-1382,Ironcrest FarmPowerOil 20W-50 (15 L),6,3071.99,7.0,11,False,active,2024-07-22,,2026-01-01 00:00:00,system,2026-01-01 00:00:00,system
3316,1382,3,SUP003-AOL-1382,Ironcrest FarmPowerOil 20W-50 (15 L),6,3156.06,6.0,9,False,active,2024-10-30,,2026-01-01 00:00:00,system,2026-01-01 00:00:00,system
3317,1382,1,SUP001-AOL-1382,Ironcrest FarmPowerOil 20W-50 (15 L),6,3086.72,6.0,10,True,active,2025-06-22,,2026-01-01 00:00:00,system,2026-01-01 00:00:00,system
3318,1383,2,SUP002-AOL-1383,Redstone TractorDrive 10W-30 (20 L),6,4011.96,7.0,14,False,active,2025-06-30,,2026-01-01 00:00:00,system,2026-01-01 00:00:00,system
3319,1383,6,SUP006-AOL-1383,Redstone TractorDrive 10W-30 (20 L),6,4391.67,7.0,12,False,active,2025-07-28,,2026-01-01 00:00:00,system,2026-01-01 00:00:00,system
3320,1383,10,SUP010-AOL-1383,Redstone TractorDrive 10W-30 (20 L),6,4381.54,8.0,3,True,active,2024-02-29,,2026-01-01 00:00:00,system,2026-01-01 00:00:00,system
3321,1384,3,SUP003-AOL-1384,Westmark FieldEngine 10W-30 (25 L),6,5041.42,6.0,11,False,inactive,2024-05-09,2025-04-12,2026-01-01 00:00:00,system,2026-01-01 00:00:00,system
3322,1384,11,SUP011-AOL-1384,Westmark FieldEngine 10W-30 (25 L),6,5802.32,6.0,9,False,inactive,2024-09-28,2025-05-04,2026-01-01 00:00:00,system,2026-01-01 00:00:00,system
3323,1384,14,SUP014-AOL-1384,Westmark FieldEngine 10W-30 (25 L),6,5395.23,6.0,8,False,inactive,2025-07-01,2025-12-19,2026-01-01 00:00:00,system,2026-01-01 00:00:00,system
3324,1385,18,SUP018-AOL-1385,Crestfield AgriEngine 10W-30 (30 L),6,6629.19,6.0,5,True,active,2025-02-25,,2026-01-01 00:00:00,system,2026-01-01 00:00:00,system
3325,1385,3,SUP003-AOL-1385,Crestfield AgriEngine 10W-30 (30 L),6,6489.64,7.0,9,False,active,2025-04-03,,2026-01-01 00:00:00,system,2026-01-01 00:00:00,system
3326,1386,8,SUP008-AOL-1386,Stonebridge FarmPowerOil 10W-30 (50 L),6,10127.07,2.0,14,True,active,2025-11-05,,2026-01-01 00:00:00,system,2026-01-01 00:00:00,system
3327,1387,12,SUP012-AOL-1387,Ridgewell TractorDrive 15W-40 (55 L),6,12740.42,2.0,10,False,active,2024-01-29,,2026-01-01 00:00:00,system,2026-01-01 00:00:00,system
3328,1387,10,SUP010-AOL-1387,Ridgewell TractorDrive 15W-40 (55 L),6,12403.48,2.0,7,True,active,2025-11-19,,2026-01-01 00:00:00,system,2026-01-01 00:00:00,system
3329,1387,5,SUP005-AOL-1387,Ridgewell TractorDrive 15W-40 (55 L),6,11092.55,2.0,15,False,active,2024-12-25,,2026-01-01 00:00:00,system,2026-01-01 00:00:00,system
3330,1387,2,SUP002-AOL-1387,Ridgewell TractorDrive 15W-40 (55 L),6,10933.81,2.0,13,False,active,2025-10-05,,2026-01-01 00:00:00,system,2026-01-01 00:00:00,system
3331,1388,7,SUP007-AOL-1388,Millbrook FieldEngine 15W-40 (180 L),6,35694.49,2.0,15,False,active,2024-01-12,,2026-01-01 00:00:00,system,2026-01-01 00:00:00,system
3332,1388,5,SUP005-AOL-1388,Millbrook FieldEngine 15W-40 (180 L),6,34469.75,2.0,16,False,active,2025-02-14,,2026-01-01 00:00:00,system,2026-01-01 00:00:00,system
3333,1388,3,SUP003-AOL-1388,Millbrook FieldEngine 15W-40 (180 L),6,36329.79,2.0,13,False,active,2025-03-19,,2026-01-01 00:00:00,system,2026-01-01 00:00:00,system
3334,1388,8,SUP008-AOL-1388,Millbrook FieldEngine 15W-40 (180 L),6,36317.06,2.0,13,True,active,2025-01-06,,2026-01-01 00:00:00,system,2026-01-01 00:00:00,system
3335,1389,12,SUP012-AOL-1389,Highpoint AgriEngine 15W-40 (210 L),6,44735.96,1.0,9,True,active,2024-01-04,,2026-01-01 00:00:00,system,2026-01-01 00:00:00,system
3336,1389,17,SUP017-AOL-1389,Highpoint AgriEngine 15W-40 (210 L),6,46245.39,1.0,9,False,active,2024-09-17,,2026-01-01 00:00:00,system,2026-01-01 00:00:00,system
3337,1390,8,SUP008-AOL-1390,Fieldmark FarmPowerOil 15W-40 (500 L),1,189.76,600.0,10,True,active,2024-08-13,,2026-01-01 00:00:00,system,2026-01-01 00:00:00,system
3338,1390,14,SUP014-AOL-1390,Fieldmark FarmPowerOil 15W-40 (500 L),1,212.83,550.0,6,False,active,2025-04-04,,2026-01-01 00:00:00,system,2026-01-01 00:00:00,system
3339,1390,10,SUP010-AOL-1390,Fieldmark FarmPowerOil 15W-40 (500 L),1,196.62,600.0,7,False,active,2024-06-14,,2026-01-01 00:00:00,system,2026-01-01 00:00:00,system
3340,1390,11,SUP011-AOL-1390,Fieldmark FarmPowerOil 15W-40 (500 L),1,212.22,550.0,9,False,active,2024-03-08,,2026-01-01 00:00:00,system,2026-01-01 00:00:00,system
3341,1391,1,SUP001-AOL-1391,Northmark TractorDrive 20W-50 (1000 L),1,197.82,1050.0,11,True,active,2025-02-27,,2026-01-01 00:00:00,system,2026-01-01 00:00:00,system
3342,1391,10,SUP010-AOL-1391,Northmark TractorDrive 20W-50 (1000 L),1,216.79,950.0,7,False,active,2024-05-21,,2026-01-01 00:00:00,system,2026-01-01 00:00:00,system
3343,1391,16,SUP016-AOL-1391,Northmark TractorDrive 20W-50 (1000 L),1,221.37,1400.0,10,False,active,2024-10-04,,2026-01-01 00:00:00,system,2026-01-01 00:00:00,system
3344,1392,15,SUP015-AOL-1392,Ironcrest FieldEngine 20W-50 (2000 L),1,221.86,2850.0,10,False,active,2025-05-22,,2026-01-01 00:00:00,system,2026-01-01 00:00:00,system
3345,1392,18,SUP018-AOL-1392,Ironcrest FieldEngine 20W-50 (2000 L),1,202.16,2250.0,8,False,active,2025-10-23,,2026-01-01 00:00:00,system,2026-01-01 00:00:00,system
3346,1392,4,SUP004-AOL-1392,Ironcrest FieldEngine 20W-50 (2000 L),1,183.71,2100.0,11,True,active,2024-04-30,,2026-01-01 00:00:00,system,2026-01-01 00:00:00,system
3347,1393,1,SUP001-AOL-1393,Redstone AgriEngine 20W-50 (3 L),6,613.37,11.0,9,False,active,2025-11-25,,2026-01-01 00:00:00,system,2026-01-01 00:00:00,system
3348,1393,4,SUP004-AOL-1393,Redstone AgriEngine 20W-50 (3 L),6,642.0,14.0,8,True,active,2024-07-08,,2026-01-01 00:00:00,system,2026-01-01 00:00:00,system
3349,1394,1,SUP001-AOL-1394,Westmark FarmPowerOil 20W-50 (5 L),6,1050.85,6.0,11,True,active,2025-04-12,,2026-01-01 00:00:00,system,2026-01-01 00:00:00,system
3350,1395,17,SUP017-AOL-1395,Crestfield TractorDrive 10W-30 (10 L),6,2450.57,7.0,8,True,active,2024-04-01,,2026-01-01 00:00:00,system,2026-01-01 00:00:00,system
3351,1396,13,SUP013-AOL-1396,Stonebridge FieldEngine 10W-30 (15 L),6,3572.9,7.0,6,True,active,2025-11-21,,2026-01-01 00:00:00,system,2026-01-01 00:00:00,system
3352,1396,3,SUP003-AOL-1396,Stonebridge FieldEngine 10W-30 (15 L),6,3114.43,6.0,12,False,active,2024-05-05,,2026-01-01 00:00:00,system,2026-01-01 00:00:00,system
3353,1396,15,SUP015-AOL-1396,Stonebridge FieldEngine 10W-30 (15 L),6,3652.68,6.0,6,False,active,2024-02-10,,2026-01-01 00:00:00,system,2026-01-01 00:00:00,system
3354,1397,14,SUP014-AOL-1397,Ridgewell AgriEngine 10W-30 (20 L),6,4477.87,8.0,4,True,active,2024-06-19,,2026-01-01 00:00:00,system,2026-01-01 00:00:00,system
3355,1398,11,SUP011-AOL-1398,Millbrook FarmPowerOil 10W-30 (25 L),6,5707.04,7.0,8,False,active,2025-01-15,,2026-01-01 00:00:00,system,2026-01-01 00:00:00,system
3356,1398,18,SUP018-AOL-1398,Millbrook FarmPowerOil 10W-30 (25 L),6,6141.3,7.0,6,True,active,2025-11-03,,2026-01-01 00:00:00,system,2026-01-01 00:00:00,system
3357,1399,9,SUP009-AOL-1399,Highpoint TractorDrive 15W-40 (30 L),6,6679.21,6.0,9,False,active,2025-05-19,,2026-01-01 00:00:00,system,2026-01-01 00:00:00,system
3358,1399,2,SUP002-AOL-1399,Highpoint TractorDrive 15W-40 (30 L),6,6310.37,5.0,10,True,active,2024-03-26,,2026-01-01 00:00:00,system,2026-01-01 00:00:00,system
3359,1400,12,SUP012-AOL-1400,Fieldmark FieldEngine 15W-40 (50 L),6,11847.52,3.0,9,False,active,2025-03-17,,2026-01-01 00:00:00,system,2026-01-01 00:00:00,system
3360,1400,2,SUP002-AOL-1400,Fieldmark FieldEngine 15W-40 (50 L),6,10248.47,2.0,14,False,active,2024-01-27,,2026-01-01 00:00:00,system,2026-01-01 00:00:00,system
3361,1400,7,SUP007-AOL-1400,Fieldmark FieldEngine 15W-40 (50 L),6,10700.86,2.0,10,True,active,2025-05-05,,2026-01-01 00:00:00,system,2026-01-01 00:00:00,system
3362,1401,1,SUP001-AOL-1401,Northmark TractorGear 80W-90 (55 L),6,11561.14,2.0,8,False,active,2024-10-01,,2026-01-01 00:00:00,system,2026-01-01 00:00:00,system
3363,1401,3,SUP003-AOL-1401,Northmark TractorGear 80W-90 (55 L),6,11375.05,2.0,8,False,active,2024-01-31,,2026-01-01 00:00:00,system,2026-01-01 00:00:00,system
3364,1401,8,SUP008-AOL-1401,Northmark TractorGear 80W-90 (55 L),6,11119.82,2.0,14,True,active,2024-01-31,,2026-01-01 00:00:00,system,2026-01-01 00:00:00,system
3365,1402,15,SUP015-AOL-1402,Ironcrest FarmTransmission 80W-90 (180 L),6,38981.7,3.0,7,True,active,2025-02-08,,2026-01-01 00:00:00,system,2026-01-01 00:00:00,system
3366,1402,1,SUP001-AOL-1402,Ironcrest FarmTransmission 80W-90 (180 L),6,37529.57,2.0,10,False,active,2024-05-09,,2026-01-01 00:00:00,system,2026-01-01 00:00:00,system
3367,1402,7,SUP007-AOL-1402,Ironcrest FarmTransmission 80W-90 (180 L),6,35738.98,2.0,16,False,active,2024-02-25,,2026-01-01 00:00:00,system,2026-01-01 00:00:00,system
3368,1403,5,SUP005-AOL-1403,Redstone FieldGear 80W-90 (210 L),6,39449.65,1.0,17,True,active,2024-01-12,,2026-01-01 00:00:00,system,2026-01-01 00:00:00,system
3369,1404,14,SUP014-AOL-1404,Westmark AgriDrive 80W-90 (500 L),1,202.33,450.0,5,True,active,2024-07-23,,2026-01-01 00:00:00,system,2026-01-01 00:00:00,system
3370,1404,8,SUP008-AOL-1404,Westmark AgriDrive 80W-90 (500 L),1,198.6,600.0,11,False,active,2024-07-23,,2026-01-01 00:00:00,system,2026-01-01 00:00:00,system
3371,1405,4,SUP004-AOL-1405,Crestfield TractorGear 85W-140 (1000 L),1,193.6,950.0,8,True,active,2025-08-10,,2026-01-01 00:00:00,system,2026-01-01 00:00:00,system
3372,1406,16,SUP016-AOL-1406,Stonebridge FarmTransmission 85W-140 (2000 L),1,201.64,2450.0,10,False,inactive,2024-01-28,2025-07-10,2026-01-01 00:00:00,system,2026-01-01 00:00:00,system
3373,1406,14,SUP014-AOL-1406,Stonebridge FarmTransmission 85W-140 (2000 L),1,213.79,2350.0,6,False,inactive,2024-04-08,2025-07-24,2026-01-01 00:00:00,system,2026-01-01 00:00:00,system
3374,1407,7,SUP007-AOL-1407,Ridgewell FieldGear 85W-140 (3 L),6,614.66,11.0,12,True,active,2025-08-22,,2026-01-01 00:00:00,system,2026-01-01 00:00:00,system
3375,1408,10,SUP010-AOL-1408,Millbrook AgriDrive 85W-140 (5 L),6,1128.3,8.0,5,True,active,2025-08-29,,2026-01-01 00:00:00,system,2026-01-01 00:00:00,system
3376,1408,8,SUP008-AOL-1408,Millbrook AgriDrive 85W-140 (5 L),6,1034.44,6.0,10,False,active,2024-09-28,,2026-01-01 00:00:00,system,2026-01-01 00:00:00,system
3377,1409,13,SUP013-AOL-1409,Highpoint TractorGear 75W-90 (10 L),6,2298.36,6.0,7,False,active,2025-07-14,,2026-01-01 00:00:00,system,2026-01-01 00:00:00,system
3378,1409,8,SUP008-AOL-1409,Highpoint TractorGear 75W-90 (10 L),6,2078.05,6.0,9,False,active,2025-08-06,,2026-01-01 00:00:00,system,2026-01-01 00:00:00,system
3379,1409,9,SUP009-AOL-1409,Highpoint TractorGear 75W-90 (10 L),6,2152.59,8.0,6,False,active,2024-09-28,,2026-01-01 00:00:00,system,2026-01-01 00:00:00,system
3380,1409,10,SUP010-AOL-1409,Highpoint TractorGear 75W-90 (10 L),6,2393.02,8.0,3,True,active,2025-05-19,,2026-01-01 00:00:00,system,2026-01-01 00:00:00,system
3381,1410,3,SUP003-AOL-1410,Fieldmark FarmTransmission 75W-90 (15 L),6,2980.09,6.0,12,False,active,2024-05-02,,2026-01-01 00:00:00,system,2026-01-01 00:00:00,system
3382,1410,8,SUP008-AOL-1410,Fieldmark FarmTransmission 75W-90 (15 L),6,3243.96,7.0,11,False,active,2025-03-16,,2026-01-01 00:00:00,system,2026-01-01 00:00:00,system
3383,1410,1,SUP001-AOL-1410,Fieldmark FarmTransmission 75W-90 (15 L),6,3213.01,6.0,7,True,active,2025-09-28,,2026-01-01 00:00:00,system,2026-01-01 00:00:00,system
3384,1411,15,SUP015-AOL-1411,Northmark FieldGear 75W-90 (20 L),6,4470.54,7.0,7,False,active,2024-04-06,,2026-01-01 00:00:00,system,2026-01-01 00:00:00,system
3385,1411,4,SUP004-AOL-1411,Northmark FieldGear 75W-90 (20 L),6,4018.95,6.0,7,True,active,2025-07-15,,2026-01-01 00:00:00,system,2026-01-01 00:00:00,system
3386,1412,15,SUP015-AOL-1412,Ironcrest AgriDrive 75W-90 (25 L),6,5628.65,8.0,8,False,inactive,2024-06-14,2025-04-06,2026-01-01 00:00:00,system,2026-01-01 00:00:00,system
3387,1412,12,SUP012-AOL-1412,Ironcrest AgriDrive 75W-90 (25 L),6,5629.39,8.0,8,False,inactive,2024-08-18,2025-07-12,2026-01-01 00:00:00,system,2026-01-01 00:00:00,system
3388,1412,23,SUP023-AOL-1412,Ironcrest AgriDrive 75W-90 (25 L),6,5189.46,5.0,13,False,inactive,2024-08-13,2025-04-11,2026-01-01 00:00:00,system,2026-01-01 00:00:00,system
3389,1412,9,SUP009-AOL-1412,Ironcrest AgriDrive 75W-90 (25 L),6,5809.99,8.0,6,False,inactive,2024-06-27,2025-03-03,2026-01-01 00:00:00,system,2026-01-01 00:00:00,system
3390,1413,6,SUP006-AOL-1413,Redstone TractorGear 80W-90 (30 L),6,6231.17,6.0,11,False,active,2025-05-09,,2026-01-01 00:00:00,system,2026-01-01 00:00:00,system
3391,1413,8,SUP008-AOL-1413,Redstone TractorGear 80W-90 (30 L),6,6201.39,7.0,9,True,active,2024-02-03,,2026-01-01 00:00:00,system,2026-01-01 00:00:00,system
3392,1414,7,SUP007-AOL-1414,Westmark FarmTransmission 80W-90 (50 L),6,10940.54,2.0,15,False,active,2024-10-19,,2026-01-01 00:00:00,system,2026-01-01 00:00:00,system
3393,1414,5,SUP005-AOL-1414,Westmark FarmTransmission 80W-90 (50 L),6,10557.57,2.0,13,True,active,2024-03-08,,2026-01-01 00:00:00,system,2026-01-01 00:00:00,system
3394,1415,12,SUP012-AOL-1415,Crestfield FieldGear 80W-90 (55 L),6,11977.74,2.0,8,True,active,2025-12-11,,2026-01-01 00:00:00,system,2026-01-01 00:00:00,system
3395,1415,10,SUP010-AOL-1415,Crestfield FieldGear 80W-90 (55 L),6,12493.83,2.0,7,False,active,2025-12-26,,2026-01-01 00:00:00,system,2026-01-01 00:00:00,system
3396,1416,10,SUP010-AOL-1416,Stonebridge AgriDrive 80W-90 (180 L),6,39233.1,3.0,8,False,active,2025-09-05,,2026-01-01 00:00:00,system,2026-01-01 00:00:00,system
3397,1416,18,SUP018-AOL-1416,Stonebridge AgriDrive 80W-90 (180 L),6,40335.23,2.0,8,False,active,2024-08-31,,2026-01-01 00:00:00,system,2026-01-01 00:00:00,system
3398,1416,4,SUP004-AOL-1416,Stonebridge AgriDrive 80W-90 (180 L),6,33911.14,2.0,10,True,active,2024-04-19,,2026-01-01 00:00:00,system,2026-01-01 00:00:00,system
3399,1417,10,SUP010-AOL-1417,Ridgewell TractorGear 85W-140 (210 L),6,47336.57,1.0,5,True,active,2025-01-27,,2026-01-01 00:00:00,system,2026-01-01 00:00:00,system
3400,1417,8,SUP008-AOL-1417,Ridgewell TractorGear 85W-140 (210 L),6,40959.94,1.0,10,False,active,2024-07-18,,2026-01-01 00:00:00,system,2026-01-01 00:00:00,system
3401,1417,18,SUP018-AOL-1417,Ridgewell TractorGear 85W-140 (210 L),6,49212.78,1.0,7,False,active,2025-11-30,,2026-01-01 00:00:00,system,2026-01-01 00:00:00,system
3402,1417,7,SUP007-AOL-1417,Ridgewell TractorGear 85W-140 (210 L),6,42326.35,1.0,12,False,active,2024-05-09,,2026-01-01 00:00:00,system,2026-01-01 00:00:00,system
3403,1418,9,SUP009-AOL-1418,Millbrook FarmTransmission 85W-140 (500 L),1,195.85,600.0,9,True,active,2024-09-22,,2026-01-01 00:00:00,system,2026-01-01 00:00:00,system
3404,1419,7,SUP007-AOL-1419,Highpoint FieldGear 85W-140 (1000 L),1,182.35,1050.0,14,True,active,2024-02-15,,2026-01-01 00:00:00,system,2026-01-01 00:00:00,system
3405,1419,5,SUP005-AOL-1419,Highpoint FieldGear 85W-140 (1000 L),1,197.65,1100.0,14,False,active,2024-04-01,,2026-01-01 00:00:00,system,2026-01-01 00:00:00,system
3406,1420,5,SUP005-AOL-1420,Fieldmark AgriDrive 85W-140 (2000 L),1,190.41,1650.0,12,False,active,2024-05-28,,2026-01-01 00:00:00,system,2026-01-01 00:00:00,system
3407,1420,10,SUP010-AOL-1420,Fieldmark AgriDrive 85W-140 (2000 L),1,216.34,1850.0,4,True,active,2025-06-21,,2026-01-01 00:00:00,system,2026-01-01 00:00:00,system
3408,1421,17,SUP017-AOL-1421,Northmark TractorGear 75W-90 (3 L),6,677.75,18.0,11,True,active,2024-08-23,,2026-01-01 00:00:00,system,2026-01-01 00:00:00,system
3409,1421,18,SUP018-AOL-1421,Northmark TractorGear 75W-90 (3 L),6,719.9,16.0,7,False,active,2025-07-14,,2026-01-01 00:00:00,system,2026-01-01 00:00:00,system
3410,1421,10,SUP010-AOL-1421,Northmark TractorGear 75W-90 (3 L),6,681.05,13.0,6,False,active,2024-09-21,,2026-01-01 00:00:00,system,2026-01-01 00:00:00,system
3411,1421,7,SUP007-AOL-1421,Northmark TractorGear 75W-90 (3 L),6,599.46,14.0,15,False,active,2025-06-18,,2026-01-01 00:00:00,system,2026-01-01 00:00:00,system
3412,1422,2,SUP002-AOL-1422,Ironcrest FarmTransmission 75W-90 (5 L),6,1058.79,7.0,11,False,active,2024-01-16,,2026-01-01 00:00:00,system,2026-01-01 00:00:00,system
3413,1422,17,SUP017-AOL-1422,Ironcrest FarmTransmission 75W-90 (5 L),6,1217.21,8.0,6,True,active,2025-09-19,,2026-01-01 00:00:00,system,2026-01-01 00:00:00,system
3414,1423,5,SUP005-AOL-1423,Redstone FieldGear 75W-90 (10 L),6,2101.08,6.0,13,False,active,2025-09-06,,2026-01-01 00:00:00,system,2026-01-01 00:00:00,system
3415,1423,2,SUP002-AOL-1423,Redstone FieldGear 75W-90 (10 L),6,2204.13,6.0,13,False,active,2025-09-13,,2026-01-01 00:00:00,system,2026-01-01 00:00:00,system
3416,1423,14,SUP014-AOL-1423,Redstone FieldGear 75W-90 (10 L),6,2223.33,6.0,3,False,active,2025-07-27,,2026-01-01 00:00:00,system,2026-01-01 00:00:00,system
3417,1423,13,SUP013-AOL-1423,Redstone FieldGear 75W-90 (10 L),6,2147.84,7.0,6,True,active,2025-11-19,,2026-01-01 00:00:00,system,2026-01-01 00:00:00,system
3418,1424,8,SUP008-AOL-1424,Westmark AgriDrive 75W-90 (15 L),6,3131.52,5.0,13,True,active,2025-03-16,,2026-01-01 00:00:00,system,2026-01-01 00:00:00,system
3419,1424,14,SUP014-AOL-1424,Westmark AgriDrive 75W-90 (15 L),6,3262.12,6.0,3,False,active,2025-01-30,,2026-01-01 00:00:00,system,2026-01-01 00:00:00,system
3420,1425,10,SUP010-AOL-1425,Crestfield TractorGear 80W-90 (20 L),6,4294.63,7.0,7,False,active,2025-12-22,,2026-01-01 00:00:00,system,2026-01-01 00:00:00,system
3421,1425,1,SUP001-AOL-1425,Crestfield TractorGear 80W-90 (20 L),6,4223.72,6.0,10,True,active,2024-03-15,,2026-01-01 00:00:00,system,2026-01-01 00:00:00,system
3422,1425,3,SUP003-AOL-1425,Crestfield TractorGear 80W-90 (20 L),6,4339.21,6.0,10,False,active,2024-01-03,,2026-01-01 00:00:00,system,2026-01-01 00:00:00,system
3423,1426,18,SUP018-AOL-1426,Stonebridge TractorDiff 80W-90 (210 L),6,45117.38,1.0,5,False,active,2024-06-01,,2026-01-01 00:00:00,system,2026-01-01 00:00:00,system
3424,1426,15,SUP015-AOL-1426,Stonebridge TractorDiff 80W-90 (210 L),6,46714.73,1.0,7,False,active,2024-01-21,,2026-01-01 00:00:00,system,2026-01-01 00:00:00,system
3425,1426,10,SUP010-AOL-1426,Stonebridge TractorDiff 80W-90 (210 L),6,43978.97,1.0,4,True,active,2025-02-09,,2026-01-01 00:00:00,system,2026-01-01 00:00:00,system
3426,1427,3,SUP003-AOL-1427,Ridgewell FarmAxle 80W-90 (500 L),1,196.92,450.0,11,True,active,2024-01-20,,2026-01-01 00:00:00,system,2026-01-01 00:00:00,system
3427,1427,7,SUP007-AOL-1427,Ridgewell FarmAxle 80W-90 (500 L),1,199.13,500.0,13,False,active,2025-04-11,,2026-01-01 00:00:00,system,2026-01-01 00:00:00,system
3428,1428,3,SUP003-AOL-1428,Millbrook AgriFinal 80W-90 (1000 L),1,181.89,800.0,10,False,active,2024-12-21,,2026-01-01 00:00:00,system,2026-01-01 00:00:00,system
3429,1428,13,SUP013-AOL-1428,Millbrook AgriFinal 80W-90 (1000 L),1,200.06,1150.0,8,True,active,2026-01-01,,2026-01-01 00:00:00,system,2026-01-01 00:00:00,system
3430,1428,6,SUP006-AOL-1428,Millbrook AgriFinal 80W-90 (1000 L),1,181.51,1100.0,11,False,active,2025-01-25,,2026-01-01 00:00:00,system,2026-01-01 00:00:00,system
3431,1429,9,SUP009-AOL-1429,Highpoint FieldDiff 80W-90 (2000 L),1,198.28,2700.0,7,True,active,2025-06-18,,2026-01-01 00:00:00,system,2026-01-01 00:00:00,system
3432,1430,13,SUP013-AOL-1430,Fieldmark TractorDiff 85W-140 (3 L),6,712.82,12.0,6,True,active,2025-05-14,,2026-01-01 00:00:00,system,2026-01-01 00:00:00,system
3433,1431,5,SUP005-AOL-1431,Northmark FarmAxle 85W-140 (5 L),6,1100.41,6.0,13,True,active,2025-10-09,,2026-01-01 00:00:00,system,2026-01-01 00:00:00,system
3434,1431,14,SUP014-AOL-1431,Northmark FarmAxle 85W-140 (5 L),6,1158.25,6.0,8,False,active,2024-02-11,,2026-01-01 00:00:00,system,2026-01-01 00:00:00,system
3435,1432,14,SUP014-AOL-1432,Ironcrest AgriFinal 85W-140 (10 L),6,2277.32,7.0,8,False,active,2024-10-24,,2026-01-01 00:00:00,system,2026-01-01 00:00:00,system
3436,1432,2,SUP002-AOL-1432,Ironcrest AgriFinal 85W-140 (10 L),6,2172.57,7.0,11,False,active,2025-12-31,,2026-01-01 00:00:00,system,2026-01-01 00:00:00,system
3437,1432,1,SUP001-AOL-1432,Ironcrest AgriFinal 85W-140 (10 L),6,2118.29,6.0,7,True,active,2025-04-29,,2026-01-01 00:00:00,system,2026-01-01 00:00:00,system
3438,1432,3,SUP003-AOL-1432,Ironcrest AgriFinal 85W-140 (10 L),6,2125.43,5.0,8,False,active,2025-03-22,,2026-01-01 00:00:00,system,2026-01-01 00:00:00,system
3439,1433,14,SUP014-AOL-1433,Redstone FieldDiff 85W-140 (15 L),6,3475.87,6.0,7,True,active,2025-02-12,,2026-01-01 00:00:00,system,2026-01-01 00:00:00,system
3440,1433,16,SUP016-AOL-1433,Redstone FieldDiff 85W-140 (15 L),6,3437.39,7.0,9,False,active,2025-11-24,,2026-01-01 00:00:00,system,2026-01-01 00:00:00,system
3441,1433,7,SUP007-AOL-1433,Redstone FieldDiff 85W-140 (15 L),6,3181.14,5.0,15,False,active,2025-01-28,,2026-01-01 00:00:00,system,2026-01-01 00:00:00,system
3442,1434,8,SUP008-AOL-1434,Westmark TractorDiff 75W-140 (20 L),6,3967.01,7.0,9,True,active,2025-04-28,,2026-01-01 00:00:00,system,2026-01-01 00:00:00,system
3443,1434,6,SUP006-AOL-1434,Westmark TractorDiff 75W-140 (20 L),6,3982.16,6.0,7,False,active,2025-10-27,,2026-01-01 00:00:00,system,2026-01-01 00:00:00,system
3444,1434,2,SUP002-AOL-1434,Westmark TractorDiff 75W-140 (20 L),6,4224.09,6.0,11,False,active,2024-05-09,,2026-01-01 00:00:00,system,2026-01-01 00:00:00,system
3445,1435,16,SUP016-AOL-1435,Crestfield FarmAxle 75W-140 (25 L),6,5913.52,8.0,8,False,active,2025-11-25,,2026-01-01 00:00:00,system,2026-01-01 00:00:00,system
3446,1435,4,SUP004-AOL-1435,Crestfield FarmAxle 75W-140 (25 L),6,5357.01,6.0,7,True,active,2024-04-29,,2026-01-01 00:00:00,system,2026-01-01 00:00:00,system
3447,1436,4,SUP004-AOL-1436,Stonebridge AgriFinal 75W-140 (30 L),6,6513.96,6.0,5,False,inactive,2024-05-01,2025-01-13,2026-01-01 00:00:00,system,2026-01-01 00:00:00,system
3448,1436,2,SUP002-AOL-1436,Stonebridge AgriFinal 75W-140 (30 L),6,6265.44,6.0,10,False,inactive,2024-04-04,2025-08-01,2026-01-01 00:00:00,system,2026-01-01 00:00:00,system
3449,1436,5,SUP005-AOL-1436,Stonebridge AgriFinal 75W-140 (30 L),6,6564.76,5.0,11,False,inactive,2024-04-16,2025-09-23,2026-01-01 00:00:00,system,2026-01-01 00:00:00,system
3450,1437,11,SUP011-AOL-1437,Ridgewell FieldDiff 75W-140 (50 L),6,11465.66,3.0,6,False,active,2025-07-09,,2026-01-01 00:00:00,system,2026-01-01 00:00:00,system
3451,1437,7,SUP007-AOL-1437,Ridgewell FieldDiff 75W-140 (50 L),6,10350.44,2.0,11,False,active,2024-09-08,,2026-01-01 00:00:00,system,2026-01-01 00:00:00,system
3452,1437,5,SUP005-AOL-1437,Ridgewell FieldDiff 75W-140 (50 L),6,10340.14,2.0,13,False,active,2024-12-07,,2026-01-01 00:00:00,system,2026-01-01 00:00:00,system
3453,1437,14,SUP014-AOL-1437,Ridgewell FieldDiff 75W-140 (50 L),6,11065.97,2.0,6,True,active,2025-05-24,,2026-01-01 00:00:00,system,2026-01-01 00:00:00,system
3454,1438,8,SUP008-AOL-1438,Millbrook TractorDiff 80W-90 (55 L),6,11748.77,2.0,13,False,active,2024-07-27,,2026-01-01 00:00:00,system,2026-01-01 00:00:00,system
3455,1438,6,SUP006-AOL-1438,Millbrook TractorDiff 80W-90 (55 L),6,11249.55,2.0,12,True,active,2025-07-19,,2026-01-01 00:00:00,system,2026-01-01 00:00:00,system
3456,1438,1,SUP001-AOL-1438,Millbrook TractorDiff 80W-90 (55 L),6,11903.36,2.0,7,False,active,2024-11-26,,2026-01-01 00:00:00,system,2026-01-01 00:00:00,system
3457,1438,13,SUP013-AOL-1438,Millbrook TractorDiff 80W-90 (55 L),6,13041.97,2.0,5,False,active,2025-02-11,,2026-01-01 00:00:00,system,2026-01-01 00:00:00,system
3458,1439,2,SUP002-AOL-1439,Highpoint FarmAxle 80W-90 (180 L),6,34454.51,2.0,10,True,active,2025-10-03,,2026-01-01 00:00:00,system,2026-01-01 00:00:00,system
3459,1440,14,SUP014-AOL-1440,Fieldmark AgriFinal 80W-90 (210 L),6,42934.48,1.0,6,True,active,2025-11-21,,2026-01-01 00:00:00,system,2026-01-01 00:00:00,system
3460,1441,4,SUP004-AOL-1441,Northmark FieldDiff 80W-90 (500 L),1,194.77,500.0,9,False,inactive,2023-11-29,2025-03-31,2026-01-01 00:00:00,system,2026-01-01 00:00:00,system
3461,1442,4,SUP004-AOL-1442,Ironcrest TractorDiff 85W-140 (1000 L),1,199.12,950.0,9,False,inactive,2024-07-05,2025-02-02,2026-01-01 00:00:00,system,2026-01-01 00:00:00,system
3462,1442,7,SUP007-AOL-1442,Ironcrest TractorDiff 85W-140 (1000 L),1,186.13,1100.0,16,False,inactive,2024-11-28,2025-05-09,2026-01-01 00:00:00,system,2026-01-01 00:00:00,system
3463,1443,4,SUP004-AOL-1443,Redstone FarmAxle 85W-140 (2000 L),1,191.73,2300.0,10,True,active,2025-01-19,,2026-01-01 00:00:00,system,2026-01-01 00:00:00,system
3464,1443,6,SUP006-AOL-1443,Redstone FarmAxle 85W-140 (2000 L),1,194.47,1950.0,11,False,active,2024-03-24,,2026-01-01 00:00:00,system,2026-01-01 00:00:00,system
3465,1444,3,SUP003-AOL-1444,Westmark AgriFinal 85W-140 (3 L),6,639.94,11.0,11,True,active,2025-01-07,,2026-01-01 00:00:00,system,2026-01-01 00:00:00,system
3466,1444,6,SUP006-AOL-1444,Westmark AgriFinal 85W-140 (3 L),6,605.05,12.0,7,False,active,2025-08-02,,2026-01-01 00:00:00,system,2026-01-01 00:00:00,system
3467,1445,17,SUP017-AOL-1445,Crestfield FieldDiff 85W-140 (5 L),6,1160.28,8.0,11,False,active,2025-06-06,,2026-01-01 00:00:00,system,2026-01-01 00:00:00,system
3468,1445,12,SUP012-AOL-1445,Crestfield FieldDiff 85W-140 (5 L),6,1100.03,7.0,11,True,active,2025-01-05,,2026-01-01 00:00:00,system,2026-01-01 00:00:00,system
3469,1445,7,SUP007-AOL-1445,Crestfield FieldDiff 85W-140 (5 L),6,1051.52,5.0,15,False,active,2024-07-23,,2026-01-01 00:00:00,system,2026-01-01 00:00:00,system
3470,1446,1,SUP001-AOL-1446,Stonebridge TractorDiff 75W-140 (10 L),6,2022.98,6.0,9,False,active,2024-08-31,,2026-01-01 00:00:00,system,2026-01-01 00:00:00,system
3471,1446,8,SUP008-AOL-1446,Stonebridge TractorDiff 75W-140 (10 L),6,2158.77,5.0,13,True,active,2025-07-02,,2026-01-01 00:00:00,system,2026-01-01 00:00:00,system
3472,1447,13,SUP013-AOL-1447,Ridgewell FarmAxle 75W-140 (15 L),6,3543.88,6.0,5,True,active,2024-06-02,,2026-01-01 00:00:00,system,2026-01-01 00:00:00,system
3473,1448,13,SUP013-AOL-1448,Millbrook AgriFinal 75W-140 (20 L),6,4767.75,7.0,9,True,active,2024-08-02,,2026-01-01 00:00:00,system,2026-01-01 00:00:00,system
3474,1448,8,SUP008-AOL-1448,Millbrook AgriFinal 75W-140 (20 L),6,4302.2,6.0,13,False,active,2024-04-07,,2026-01-01 00:00:00,system,2026-01-01 00:00:00,system
3475,1449,18,SUP018-AOL-1449,Highpoint FieldDiff 75W-140 (25 L),6,6144.56,7.0,8,False,active,2025-04-12,,2026-01-01 00:00:00,system,2026-01-01 00:00:00,system
3476,1449,11,SUP011-AOL-1449,Highpoint FieldDiff 75W-140 (25 L),6,5870.51,8.0,6,False,active,2025-11-01,,2026-01-01 00:00:00,system,2026-01-01 00:00:00,system
3477,1449,8,SUP008-AOL-1449,Highpoint FieldDiff 75W-140 (25 L),6,5424.71,5.0,10,True,active,2024-01-24,,2026-01-01 00:00:00,system,2026-01-01 00:00:00,system
3478,1450,14,SUP014-AOL-1450,Fieldmark TractorDiff 80W-90 (30 L),6,6710.08,8.0,8,False,active,2024-11-11,,2026-01-01 00:00:00,system,2026-01-01 00:00:00,system
3479,1450,2,SUP002-AOL-1450,Fieldmark TractorDiff 80W-90 (30 L),6,6487.43,6.0,10,False,active,2025-08-01,,2026-01-01 00:00:00,system,2026-01-01 00:00:00,system
3480,1450,15,SUP015-AOL-1450,Fieldmark TractorDiff 80W-90 (30 L),6,7336.34,8.0,6,True,active,2024-08-26,,2026-01-01 00:00:00,system,2026-01-01 00:00:00,system
3481,1451,4,SUP004-AOL-1451,Northmark MachineryCore 15W-40 (1000 L),1,198.92,1150.0,6,True,active,2024-02-10,,2026-01-01 00:00:00,system,2026-01-01 00:00:00,system
3482,1452,1,SUP001-AOL-1452,Ironcrest AgriMach 15W-40 (2000 L),1,186.87,2400.0,9,False,inactive,2024-11-08,2025-10-07,2026-01-01 00:00:00,system,2026-01-01 00:00:00,system
3483,1452,6,SUP006-AOL-1452,Ironcrest AgriMach 15W-40 (2000 L),1,180.07,2450.0,10,False,inactive,2024-12-12,2025-06-07,2026-01-01 00:00:00,system,2026-01-01 00:00:00,system
3484,1452,2,SUP002-AOL-1452,Ironcrest AgriMach 15W-40 (2000 L),1,188.03,1600.0,13,False,inactive,2024-09-01,2025-01-20,2026-01-01 00:00:00,system,2026-01-01 00:00:00,system
3485,1453,15,SUP015-AOL-1453,Redstone FieldMach 15W-40 (3 L),6,718.38,16.0,10,False,active,2024-11-28,,2026-01-01 00:00:00,system,2026-01-01 00:00:00,system
3486,1453,13,SUP013-AOL-1453,Redstone FieldMach 15W-40 (3 L),6,712.27,13.0,8,True,active,2025-08-07,,2026-01-01 00:00:00,system,2026-01-01 00:00:00,system
3487,1454,11,SUP011-AOL-1454,Westmark FarmLube 15W-40 (5 L),6,1082.51,8.0,8,True,active,2025-11-27,,2026-01-01 00:00:00,system,2026-01-01 00:00:00,system
3488,1454,1,SUP001-AOL-1454,Westmark FarmLube 15W-40 (5 L),6,1034.23,7.0,11,False,active,2025-10-27,,2026-01-01 00:00:00,system,2026-01-01 00:00:00,system
3489,1454,2,SUP002-AOL-1454,Westmark FarmLube 15W-40 (5 L),6,1006.71,6.0,14,False,active,2024-10-28,,2026-01-01 00:00:00,system,2026-01-01 00:00:00,system
3490,1455,9,SUP009-AOL-1455,Crestfield MachineryCore 20W-40 (10 L),6,2364.79,8.0,9,True,active,2024-12-10,,2026-01-01 00:00:00,system,2026-01-01 00:00:00,system
3491,1456,6,SUP006-AOL-1456,Stonebridge AgriMach 20W-40 (15 L),6,3052.87,6.0,7,True,active,2025-11-08,,2026-01-01 00:00:00,system,2026-01-01 00:00:00,system
3492,1457,13,SUP013-AOL-1457,Ridgewell FieldMach 20W-40 (20 L),6,4663.95,7.0,5,True,active,2025-10-18,,2026-01-01 00:00:00,system,2026-01-01 00:00:00,system
3493,1457,17,SUP017-AOL-1457,Ridgewell FieldMach 20W-40 (20 L),6,4678.21,7.0,10,False,active,2024-12-16,,2026-01-01 00:00:00,system,2026-01-01 00:00:00,system
3494,1457,18,SUP018-AOL-1457,Ridgewell FieldMach 20W-40 (20 L),6,4624.77,7.0,6,False,active,2024-12-23,,2026-01-01 00:00:00,system,2026-01-01 00:00:00,system
3495,1458,9,SUP009-AOL-1458,Millbrook FarmLube 20W-40 (25 L),6,5972.2,8.0,8,True,active,2025-09-10,,2026-01-01 00:00:00,system,2026-01-01 00:00:00,system
3496,1458,11,SUP011-AOL-1458,Millbrook FarmLube 20W-40 (25 L),6,5492.46,6.0,10,False,active,2024-11-28,,2026-01-01 00:00:00,system,2026-01-01 00:00:00,system
3497,1459,1,SUP001-AOL-1459,Highpoint MachineryCore 20W-50 (30 L),6,6064.01,6.0,7,True,active,2024-12-05,,2026-01-01 00:00:00,system,2026-01-01 00:00:00,system
3498,1459,13,SUP013-AOL-1459,Highpoint MachineryCore 20W-50 (30 L),6,7053.39,8.0,6,False,active,2025-09-07,,2026-01-01 00:00:00,system,2026-01-01 00:00:00,system
3499,1459,12,SUP012-AOL-1459,Highpoint MachineryCore 20W-50 (30 L),6,7069.64,7.0,8,False,active,2025-04-21,,2026-01-01 00:00:00,system,2026-01-01 00:00:00,system
3500,1460,1,SUP001-AOL-1460,Fieldmark AgriMach 20W-50 (50 L),6,10714.45,2.0,6,True,active,2025-08-24,,2026-01-01 00:00:00,system,2026-01-01 00:00:00,system
3501,1460,3,SUP003-AOL-1460,Fieldmark AgriMach 20W-50 (50 L),6,10392.16,2.0,9,False,active,2024-04-12,,2026-01-01 00:00:00,system,2026-01-01 00:00:00,system
3502,1461,18,SUP018-AOL-1461,Northmark FieldMach 20W-50 (55 L),6,12205.65,2.0,9,False,inactive,2024-11-02,2025-02-19,2026-01-01 00:00:00,system,2026-01-01 00:00:00,system
3503,1462,10,SUP010-AOL-1462,Ironcrest FarmLube 20W-50 (180 L),6,38876.63,2.0,5,True,active,2025-05-02,,2026-01-01 00:00:00,system,2026-01-01 00:00:00,system
3504,1463,9,SUP009-AOL-1463,Redstone MachineryCore 15W-40 (210 L),6,47457.02,1.0,9,False,active,2024-09-22,,2026-01-01 00:00:00,system,2026-01-01 00:00:00,system
3505,1463,13,SUP013-AOL-1463,Redstone MachineryCore 15W-40 (210 L),6,44515.5,1.0,5,True,active,2024-06-09,,2026-01-01 00:00:00,system,2026-01-01 00:00:00,system
3506,1463,4,SUP004-AOL-1463,Redstone MachineryCore 15W-40 (210 L),6,40801.48,1.0,9,False,active,2025-09-25,,2026-01-01 00:00:00,system,2026-01-01 00:00:00,system
3507,1464,16,SUP016-AOL-1464,Westmark AgriMach 15W-40 (500 L),1,220.6,750.0,7,True,active,2024-07-30,,2026-01-01 00:00:00,system,2026-01-01 00:00:00,system
3508,1465,1,SUP001-AOL-1465,Crestfield FieldMach 15W-40 (1000 L),1,199.6,1150.0,10,False,active,2025-02-05,,2026-01-01 00:00:00,system,2026-01-01 00:00:00,system
3509,1465,8,SUP008-AOL-1465,Crestfield FieldMach 15W-40 (1000 L),1,179.64,850.0,11,True,active,2024-04-03,,2026-01-01 00:00:00,system,2026-01-01 00:00:00,system
3510,1465,11,SUP011-AOL-1465,Crestfield FieldMach 15W-40 (1000 L),1,217.52,1150.0,10,False,active,2025-01-07,,2026-01-01 00:00:00,system,2026-01-01 00:00:00,system
3511,1466,6,SUP006-AOL-1466,Stonebridge FarmLube 15W-40 (2000 L),1,192.69,2450.0,11,True,active,2025-03-14,,2026-01-01 00:00:00,system,2026-01-01 00:00:00,system
3512,1466,3,SUP003-AOL-1466,Stonebridge FarmLube 15W-40 (2000 L),1,181.82,2300.0,14,False,active,2025-08-26,,2026-01-01 00:00:00,system,2026-01-01 00:00:00,system
3513,1466,8,SUP008-AOL-1466,Stonebridge FarmLube 15W-40 (2000 L),1,189.02,2450.0,14,False,active,2024-01-03,,2026-01-01 00:00:00,system,2026-01-01 00:00:00,system
3514,1467,9,SUP009-AOL-1467,Ridgewell MachineryCore 20W-40 (3 L),6,645.99,16.0,6,True,active,2025-09-21,,2026-01-01 00:00:00,system,2026-01-01 00:00:00,system
3515,1468,1,SUP001-AOL-1468,Millbrook AgriMach 20W-40 (5 L),6,1046.45,7.0,6,False,inactive,2024-10-11,2025-01-19,2026-01-01 00:00:00,system,2026-01-01 00:00:00,system
3516,1468,14,SUP014-AOL-1468,Millbrook AgriMach 20W-40 (5 L),6,1137.0,7.0,5,False,inactive,2024-07-10,2025-01-23,2026-01-01 00:00:00,system,2026-01-01 00:00:00,system
3517,1468,13,SUP013-AOL-1468,Millbrook AgriMach 20W-40 (5 L),6,1153.78,7.0,8,False,inactive,2024-10-10,2025-11-28,2026-01-01 00:00:00,system,2026-01-01 00:00:00,system
3518,1468,9,SUP009-AOL-1468,Millbrook AgriMach 20W-40 (5 L),6,1174.16,8.0,5,False,inactive,2025-05-24,2025-11-15,2026-01-01 00:00:00,system,2026-01-01 00:00:00,system
3519,1469,16,SUP016-AOL-1469,Highpoint FieldMach 20W-40 (10 L),6,2470.85,9.0,7,True,active,2025-01-11,,2026-01-01 00:00:00,system,2026-01-01 00:00:00,system
3520,1469,4,SUP004-AOL-1469,Highpoint FieldMach 20W-40 (10 L),6,2009.59,7.0,7,False,active,2025-12-06,,2026-01-01 00:00:00,system,2026-01-01 00:00:00,system
3521,1469,5,SUP005-AOL-1469,Highpoint FieldMach 20W-40 (10 L),6,2102.75,5.0,12,False,active,2025-10-23,,2026-01-01 00:00:00,system,2026-01-01 00:00:00,system
3522,1470,15,SUP015-AOL-1470,Fieldmark FarmLube 20W-40 (15 L),6,3397.15,7.0,6,True,active,2024-09-14,,2026-01-01 00:00:00,system,2026-01-01 00:00:00,system
3523,1470,2,SUP002-AOL-1470,Fieldmark FarmLube 20W-40 (15 L),6,3202.41,7.0,12,False,active,2025-07-09,,2026-01-01 00:00:00,system,2026-01-01 00:00:00,system
3524,1471,16,SUP016-AOL-1471,Northmark MachineryCore 20W-50 (20 L),6,4471.85,9.0,7,False,active,2025-01-14,,2026-01-01 00:00:00,system,2026-01-01 00:00:00,system
3525,1471,10,SUP010-AOL-1471,Northmark MachineryCore 20W-50 (20 L),6,4658.41,7.0,6,True,active,2024-01-30,,2026-01-01 00:00:00,system,2026-01-01 00:00:00,system
3526,1472,1,SUP001-AOL-1472,Ironcrest AgriMach 20W-50 (25 L),6,5067.97,6.0,7,False,inactive,2024-10-03,2025-06-29,2026-01-01 00:00:00,system,2026-01-01 00:00:00,system
3527,1472,18,SUP018-AOL-1472,Ironcrest AgriMach 20W-50 (25 L),6,6069.12,8.0,9,False,inactive,2024-09-30,2025-04-01,2026-01-01 00:00:00,system,2026-01-01 00:00:00,system
3528,1472,6,SUP006-AOL-1472,Ironcrest AgriMach 20W-50 (25 L),6,5209.73,7.0,11,False,inactive,2024-11-25,2025-12-18,2026-01-01 00:00:00,system,2026-01-01 00:00:00,system
3529,1473,7,SUP007-AOL-1473,Redstone FieldMach 20W-50 (30 L),6,6085.64,7.0,15,True,active,2025-10-08,,2026-01-01 00:00:00,system,2026-01-01 00:00:00,system
3530,1474,6,SUP006-AOL-1474,Westmark FarmLube 20W-50 (50 L),6,10247.11,2.0,9,False,active,2025-09-03,,2026-01-01 00:00:00,system,2026-01-01 00:00:00,system
3531,1474,8,SUP008-AOL-1474,Westmark FarmLube 20W-50 (50 L),6,10638.26,2.0,14,False,active,2024-12-26,,2026-01-01 00:00:00,system,2026-01-01 00:00:00,system
3532,1474,4,SUP004-AOL-1474,Westmark FarmLube 20W-50 (50 L),6,10830.2,2.0,6,True,active,2025-01-19,,2026-01-01 00:00:00,system,2026-01-01 00:00:00,system
3533,1475,16,SUP016-AOL-1475,Crestfield MachineryCore 15W-40 (55 L),6,12473.29,2.0,9,False,active,2024-03-05,,2026-01-01 00:00:00,system,2026-01-01 00:00:00,system
3534,1475,18,SUP018-AOL-1475,Crestfield MachineryCore 15W-40 (55 L),6,13077.78,2.0,7,False,active,2024-06-12,,2026-01-01 00:00:00,system,2026-01-01 00:00:00,system
3535,1475,1,SUP001-AOL-1475,Crestfield MachineryCore 15W-40 (55 L),6,11700.37,2.0,8,False,active,2024-06-13,,2026-01-01 00:00:00,system,2026-01-01 00:00:00,system
3536,1475,4,SUP004-AOL-1475,Crestfield MachineryCore 15W-40 (55 L),6,11853.77,2.0,7,True,active,2024-09-20,,2026-01-01 00:00:00,system,2026-01-01 00:00:00,system
3537,1476,6,SUP006-AOL-1476,Stonebridge OffRoadPower 10W-40 (3 L),6,623.6,12.0,8,False,active,2024-05-23,,2026-01-01 00:00:00,system,2026-01-01 00:00:00,system
3538,1476,15,SUP015-AOL-1476,Stonebridge OffRoadPower 10W-40 (3 L),6,714.03,16.0,5,True,active,2024-12-01,,2026-01-01 00:00:00,system,2026-01-01 00:00:00,system
3539,1476,5,SUP005-AOL-1476,Stonebridge OffRoadPower 10W-40 (3 L),6,649.4,14.0,16,False,active,2024-03-11,,2026-01-01 00:00:00,system,2026-01-01 00:00:00,system
3540,1477,4,SUP004-AOL-1477,Ridgewell EarthEngine 10W-40 (5 L),6,1051.42,7.0,10,True,active,2024-06-07,,2026-01-01 00:00:00,system,2026-01-01 00:00:00,system
3541,1477,7,SUP007-AOL-1477,Ridgewell EarthEngine 10W-40 (5 L),6,1001.28,6.0,12,False,active,2024-05-16,,2026-01-01 00:00:00,system,2026-01-01 00:00:00,system
3542,1477,8,SUP008-AOL-1477,Ridgewell EarthEngine 10W-40 (5 L),6,1012.71,6.0,9,False,active,2025-06-04,,2026-01-01 00:00:00,system,2026-01-01 00:00:00,system
3543,1477,2,SUP002-AOL-1477,Ridgewell EarthEngine 10W-40 (5 L),6,1057.27,6.0,11,False,active,2024-09-07,,2026-01-01 00:00:00,system,2026-01-01 00:00:00,system
3544,1478,17,SUP017-AOL-1478,Millbrook SiteEngine 10W-40 (10 L),6,2364.09,7.0,10,False,active,2025-02-21,,2026-01-01 00:00:00,system,2026-01-01 00:00:00,system
3545,1478,8,SUP008-AOL-1478,Millbrook SiteEngine 10W-40 (10 L),6,2179.34,7.0,11,False,active,2024-08-17,,2026-01-01 00:00:00,system,2026-01-01 00:00:00,system
3546,1478,4,SUP004-AOL-1478,Millbrook SiteEngine 10W-40 (10 L),6,1990.92,6.0,8,True,active,2025-06-19,,2026-01-01 00:00:00,system,2026-01-01 00:00:00,system
3547,1479,3,SUP003-AOL-1479,Highpoint RuggedCore 10W-40 (15 L),6,3267.58,6.0,11,False,active,2025-01-23,,2026-01-01 00:00:00,system,2026-01-01 00:00:00,system
3548,1479,16,SUP016-AOL-1479,Highpoint RuggedCore 10W-40 (15 L),6,3422.68,8.0,8,True,active,2024-07-12,,2026-01-01 00:00:00,system,2026-01-01 00:00:00,system
3549,1480,3,SUP003-AOL-1480,Fieldmark OffRoadPower 15W-40 (20 L),6,4044.0,6.0,9,False,active,2024-04-03,,2026-01-01 00:00:00,system,2026-01-01 00:00:00,system
3550,1480,23,SUP023-AOL-1480,Fieldmark OffRoadPower 15W-40 (20 L),6,3909.57,6.0,14,False,active,2024-04-23,,2026-01-01 00:00:00,system,2026-01-01 00:00:00,system
3551,1480,6,SUP006-AOL-1480,Fieldmark OffRoadPower 15W-40 (20 L),6,4262.07,7.0,7,True,active,2024-04-03,,2026-01-01 00:00:00,system,2026-01-01 00:00:00,system
3552,1481,15,SUP015-AOL-1481,Northmark EarthEngine 15W-40 (25 L),6,5884.73,7.0,6,False,active,2024-01-21,,2026-01-01 00:00:00,system,2026-01-01 00:00:00,system
3553,1481,6,SUP006-AOL-1481,Northmark EarthEngine 15W-40 (25 L),6,5064.17,5.0,8,True,active,2025-02-16,,2026-01-01 00:00:00,system,2026-01-01 00:00:00,system
3554,1481,1,SUP001-AOL-1481,Northmark EarthEngine 15W-40 (25 L),6,5206.09,7.0,11,False,active,2024-06-07,,2026-01-01 00:00:00,system,2026-01-01 00:00:00,system
3555,1481,10,SUP010-AOL-1481,Northmark EarthEngine 15W-40 (25 L),6,5860.94,8.0,6,False,active,2025-03-30,,2026-01-01 00:00:00,system,2026-01-01 00:00:00,system
3556,1482,13,SUP013-AOL-1482,Ironcrest SiteEngine 15W-40 (30 L),6,6427.95,6.0,6,False,active,2025-05-13,,2026-01-01 00:00:00,system,2026-01-01 00:00:00,system
3557,1482,4,SUP004-AOL-1482,Ironcrest SiteEngine 15W-40 (30 L),6,6569.11,6.0,5,True,active,2025-07-20,,2026-01-01 00:00:00,system,2026-01-01 00:00:00,system
3558,1482,18,SUP018-AOL-1482,Ironcrest SiteEngine 15W-40 (30 L),6,7010.41,9.0,8,False,active,2025-03-28,,2026-01-01 00:00:00,system,2026-01-01 00:00:00,system
3559,1483,2,SUP002-AOL-1483,Redstone RuggedCore 15W-40 (50 L),6,10949.63,2.0,9,False,inactive,2024-08-21,2025-12-16,2026-01-01 00:00:00,system,2026-01-01 00:00:00,system
3560,1483,6,SUP006-AOL-1483,Redstone RuggedCore 15W-40 (50 L),6,10011.69,2.0,7,False,inactive,2024-12-04,2025-12-30,2026-01-01 00:00:00,system,2026-01-01 00:00:00,system
3561,1483,14,SUP014-AOL-1483,Redstone RuggedCore 15W-40 (50 L),6,11118.05,2.0,8,False,inactive,2024-10-01,2025-01-22,2026-01-01 00:00:00,system,2026-01-01 00:00:00,system
3562,1484,12,SUP012-AOL-1484,Westmark OffRoadPower 20W-50 (55 L),6,12046.83,2.0,6,False,active,2025-01-27,,2026-01-01 00:00:00,system,2026-01-01 00:00:00,system
3563,1484,9,SUP009-AOL-1484,Westmark OffRoadPower 20W-50 (55 L),6,12934.42,2.0,7,True,active,2024-12-31,,2026-01-01 00:00:00,system,2026-01-01 00:00:00,system
3564,1484,5,SUP005-AOL-1484,Westmark OffRoadPower 20W-50 (55 L),6,11126.28,2.0,13,False,active,2025-04-25,,2026-01-01 00:00:00,system,2026-01-01 00:00:00,system
3565,1484,2,SUP002-AOL-1484,Westmark OffRoadPower 20W-50 (55 L),6,11170.72,2.0,10,False,active,2024-12-26,,2026-01-01 00:00:00,system,2026-01-01 00:00:00,system
3566,1485,12,SUP012-AOL-1485,Crestfield EarthEngine 20W-50 (180 L),6,39858.56,3.0,10,True,active,2025-03-25,,2026-01-01 00:00:00,system,2026-01-01 00:00:00,system
3567,1485,8,SUP008-AOL-1485,Crestfield EarthEngine 20W-50 (180 L),6,37507.91,2.0,13,False,active,2025-06-08,,2026-01-01 00:00:00,system,2026-01-01 00:00:00,system
3568,1486,15,SUP015-AOL-1486,Stonebridge SiteEngine 20W-50 (210 L),6,48389.14,1.0,10,True,active,2024-11-06,,2026-01-01 00:00:00,system,2026-01-01 00:00:00,system
3569,1487,8,SUP008-AOL-1487,Ridgewell RuggedCore 20W-50 (500 L),1,185.68,500.0,14,False,active,2024-05-12,,2026-01-01 00:00:00,system,2026-01-01 00:00:00,system
3570,1487,12,SUP012-AOL-1487,Ridgewell RuggedCore 20W-50 (500 L),1,214.74,500.0,8,True,active,2024-09-16,,2026-01-01 00:00:00,system,2026-01-01 00:00:00,system
3571,1487,14,SUP014-AOL-1487,Ridgewell RuggedCore 20W-50 (500 L),1,207.23,500.0,9,False,active,2024-05-04,,2026-01-01 00:00:00,system,2026-01-01 00:00:00,system
3572,1488,4,SUP004-AOL-1488,Millbrook OffRoadPower 10W-40 (1000 L),1,180.02,800.0,6,True,active,2024-05-15,,2026-01-01 00:00:00,system,2026-01-01 00:00:00,system
3573,1488,7,SUP007-AOL-1488,Millbrook OffRoadPower 10W-40 (1000 L),1,197.93,1150.0,12,False,active,2024-02-04,,2026-01-01 00:00:00,system,2026-01-01 00:00:00,system
3574,1488,18,SUP018-AOL-1488,Millbrook OffRoadPower 10W-40 (1000 L),1,213.31,1500.0,8,False,active,2025-04-20,,2026-01-01 00:00:00,system,2026-01-01 00:00:00,system
3575,1489,14,SUP014-AOL-1489,Highpoint EarthEngine 10W-40 (2000 L),1,214.55,2850.0,4,False,active,2024-09-16,,2026-01-01 00:00:00,system,2026-01-01 00:00:00,system
3576,1489,7,SUP007-AOL-1489,Highpoint EarthEngine 10W-40 (2000 L),1,180.67,1950.0,14,True,active,2024-02-16,,2026-01-01 00:00:00,system,2026-01-01 00:00:00,system
3577,1490,17,SUP017-AOL-1490,Fieldmark SiteEngine 10W-40 (3 L),6,714.46,18.0,9,False,active,2025-09-04,,2026-01-01 00:00:00,system,2026-01-01 00:00:00,system
3578,1490,15,SUP015-AOL-1490,Fieldmark SiteEngine 10W-40 (3 L),6,736.26,16.0,6,True,active,2024-03-22,,2026-01-01 00:00:00,system,2026-01-01 00:00:00,system
3579,1491,11,SUP011-AOL-1491,Northmark RuggedCore 10W-40 (5 L),6,1093.16,8.0,8,True,active,2025-01-24,,2026-01-01 00:00:00,system,2026-01-01 00:00:00,system
3580,1491,7,SUP007-AOL-1491,Northmark RuggedCore 10W-40 (5 L),6,1075.38,5.0,10,False,active,2025-10-30,,2026-01-01 00:00:00,system,2026-01-01 00:00:00,system
3581,1492,7,SUP007-AOL-1492,Ironcrest OffRoadPower 15W-40 (10 L),6,2103.73,6.0,15,False,active,2024-07-22,,2026-01-01 00:00:00,system,2026-01-01 00:00:00,system
3582,1492,3,SUP003-AOL-1492,Ironcrest OffRoadPower 15W-40 (10 L),6,2120.32,6.0,10,True,active,2024-06-15,,2026-01-01 00:00:00,system,2026-01-01 00:00:00,system
3583,1493,3,SUP003-AOL-1493,Redstone EarthEngine 15W-40 (15 L),6,3097.55,5.0,13,False,inactive,2024-04-13,2025-01-30,2026-01-01 00:00:00,system,2026-01-01 00:00:00,system
3584,1493,4,SUP004-AOL-1493,Redstone EarthEngine 15W-40 (15 L),6,3151.97,7.0,5,False,inactive,2024-09-12,2025-05-22,2026-01-01 00:00:00,system,2026-01-01 00:00:00,system
3585,1493,6,SUP006-AOL-1493,Redstone EarthEngine 15W-40 (15 L),6,3045.16,6.0,10,False,inactive,2024-12-02,2025-08-07,2026-01-01 00:00:00,system,2026-01-01 00:00:00,system
3586,1494,7,SUP007-AOL-1494,Westmark SiteEngine 15W-40 (20 L),6,4060.25,7.0,13,False,active,2024-10-31,,2026-01-01 00:00:00,system,2026-01-01 00:00:00,system
3587,1494,6,SUP006-AOL-1494,Westmark SiteEngine 15W-40 (20 L),6,4192.72,7.0,10,True,active,2024-03-17,,2026-01-01 00:00:00,system,2026-01-01 00:00:00,system
3588,1495,8,SUP008-AOL-1495,Crestfield RuggedCore 15W-40 (25 L),6,5185.61,6.0,10,True,active,2025-12-17,,2026-01-01 00:00:00,system,2026-01-01 00:00:00,system
3589,1496,9,SUP009-AOL-1496,Stonebridge OffRoadPower 20W-50 (30 L),6,6844.47,7.0,6,False,active,2025-01-24,,2026-01-01 00:00:00,system,2026-01-01 00:00:00,system
3590,1496,17,SUP017-AOL-1496,Stonebridge OffRoadPower 20W-50 (30 L),6,7361.34,8.0,6,False,active,2024-04-03,,2026-01-01 00:00:00,system,2026-01-01 00:00:00,system
3591,1496,11,SUP011-AOL-1496,Stonebridge OffRoadPower 20W-50 (30 L),6,7107.92,6.0,7,True,active,2025-04-15,,2026-01-01 00:00:00,system,2026-01-01 00:00:00,system
3592,1497,14,SUP014-AOL-1497,Ridgewell EarthEngine 20W-50 (50 L),6,11547.45,2.0,5,False,active,2024-08-16,,2026-01-01 00:00:00,system,2026-01-01 00:00:00,system
3593,1497,6,SUP006-AOL-1497,Ridgewell EarthEngine 20W-50 (50 L),6,10049.83,2.0,9,False,active,2025-12-14,,2026-01-01 00:00:00,system,2026-01-01 00:00:00,system
3594,1497,15,SUP015-AOL-1497,Ridgewell EarthEngine 20W-50 (50 L),6,12182.23,3.0,5,True,active,2024-12-11,,2026-01-01 00:00:00,system,2026-01-01 00:00:00,system
3595,1498,3,SUP003-AOL-1498,Millbrook SiteEngine 20W-50 (55 L),6,11923.0,2.0,12,False,active,2024-08-12,,2026-01-01 00:00:00,system,2026-01-01 00:00:00,system
3596,1498,10,SUP010-AOL-1498,Millbrook SiteEngine 20W-50 (55 L),6,12748.5,2.0,3,True,active,2024-11-30,,2026-01-01 00:00:00,system,2026-01-01 00:00:00,system
3597,1499,10,SUP010-AOL-1499,Highpoint RuggedCore 20W-50 (180 L),6,40751.46,2.0,4,True,active,2025-05-30,,2026-01-01 00:00:00,system,2026-01-01 00:00:00,system
3598,1500,17,SUP017-AOL-1500,Fieldmark OffRoadPower 10W-40 (210 L),6,47281.01,1.0,12,False,active,2025-12-31,,2026-01-01 00:00:00,system,2026-01-01 00:00:00,system
3599,1500,12,SUP012-AOL-1500,Fieldmark OffRoadPower 10W-40 (210 L),6,47749.91,1.0,8,True,active,2024-04-29,,2026-01-01 00:00:00,system,2026-01-01 00:00:00,system
3600,1500,3,SUP003-AOL-1500,Fieldmark OffRoadPower 10W-40 (210 L),6,41021.25,1.0,14,False,active,2024-03-16,,2026-01-01 00:00:00,system,2026-01-01 00:00:00,system
