purchase_order_item_id,purchase_order_id,line_number,product_id,purchase_uom_id,ordered_pac_quantity,ordered_base_quantity,unit_cost,notes,created_date,created_by,updated_date,updated_by
1,1,1,1303,6,4.0,220.0,17640.92,,2026-04-07 08:00:00,system,2026-04-07 08:00:00,system
2,1,2,1347,6,4.0,220.0,17768.03,,2026-04-07 08:00:00,system,2026-04-07 08:00:00,system
3,1,3,1000,6,44.0,22.0,178.19,,2026-04-07 08:00:00,system,2026-04-07 08:00:00,system
4,1,4,1393,6,22.0,66.0,613.37,,2026-04-07 08:00:00,system,2026-04-07 08:00:00,system
5,1,5,1475,6,4.0,220.0,11700.37,,2026-04-07 08:00:00,system,2026-04-07 08:00:00,system
6,1,6,493,6,55.0,66.0,274.28,,2026-04-07 08:00:00,system,2026-04-07 08:00:00,system
7,1,7,515,6,6.0,330.0,10285.78,,2026-04-07 08:00:00,system,2026-04-07 08:00:00,system
8,1,8,655,6,2.0,420.0,37499.96,,2026-04-07 08:00:00,system,2026-04-07 08:00:00,system
9,1,9,1410,6,24.0,360.0,3213.01,,2026-04-07 08:00:00,system,2026-04-07 08:00:00,system
10,2,1,1074,6,84.0,33.6,143.35,,2026-05-02 08:00:00,system,2026-05-02 08:00:00,system
11,2,2,370,6,36.0,108.0,669.88,,2026-05-02 08:00:00,system,2026-05-02 08:00:00,system
12,2,3,637,6,18.0,540.0,5507.37,,2026-05-02 08:00:00,system,2026-05-02 08:00:00,system
13,2,4,1374,6,10.0,1800.0,37250.84,,2026-05-02 08:00:00,system,2026-05-02 08:00:00,system
14,3,1,1077,6,11.0,22.0,706.26,,2026-03-14 08:00:00,system,2026-03-14 08:00:00,system
15,3,2,845,6,5.0,1050.0,41802.82,,2026-03-14 08:00:00,system,2026-03-14 08:00:00,system
16,3,3,1079,6,8.0,80.0,3451.32,,2026-03-14 08:00:00,system,2026-03-14 08:00:00,system
17,3,4,1028,6,13.0,6.5,171.88,,2026-03-14 08:00:00,system,2026-03-14 08:00:00,system
18,3,5,1207,6,70.0,350.0,670.58,,2026-03-14 08:00:00,system,2026-03-14 08:00:00,system
19,4,1,191,6,24.0,24.0,244.76,,2026-04-19 08:00:00,system,2026-04-19 08:00:00,system
20,4,2,125,6,4.0,840.0,49623.03,,2026-04-19 08:00:00,system,2026-04-19 08:00:00,system
21,4,3,1408,6,30.0,150.0,1034.44,,2026-04-19 08:00:00,system,2026-04-19 08:00:00,system
22,4,4,306,6,60.0,72.0,270.77,,2026-04-19 08:00:00,system,2026-04-19 08:00:00,system
23,4,5,1040,6,24.0,48.0,683.62,,2026-04-19 08:00:00,system,2026-04-19 08:00:00,system
24,4,6,719,1,4.0,4000.0,176.92,,2026-04-19 08:00:00,system,2026-04-19 08:00:00,system
25,5,1,764,6,14.0,350.0,5826.88,,2026-05-08 08:00:00,system,2026-05-08 08:00:00,system
26,5,2,319,6,28.0,22.4,196.11,,2026-05-08 08:00:00,system,2026-05-08 08:00:00,system
27,5,3,434,6,16.0,240.0,3625.35,,2026-05-08 08:00:00,system,2026-05-08 08:00:00,system
28,5,4,268,6,6.0,1080.0,45316.19,,2026-05-08 08:00:00,system,2026-05-08 08:00:00,system
29,5,5,255,1,4.0,4000.0,242.76,,2026-05-08 08:00:00,system,2026-05-08 08:00:00,system
30,5,6,218,6,60.0,48.0,201.91,,2026-05-08 08:00:00,system,2026-05-08 08:00:00,system
31,5,7,869,6,6.0,150.0,5982.81,,2026-05-08 08:00:00,system,2026-05-08 08:00:00,system
32,6,1,292,6,24.0,360.0,3763.28,,2026-02-01 08:00:00,system,2026-02-01 08:00:00,system
33,7,1,1500,6,5.0,1050.0,47749.91,,2026-06-06 08:00:00,system,2026-06-06 08:00:00,system
34,7,2,1180,6,14.0,140.0,1578.66,,2026-06-06 08:00:00,system,2026-06-06 08:00:00,system
35,7,3,847,1,2.0,1000.0,197.85,,2026-06-06 08:00:00,system,2026-06-06 08:00:00,system
36,7,4,1400,6,6.0,300.0,11847.52,,2026-06-06 08:00:00,system,2026-06-06 08:00:00,system
37,8,1,240,6,30.0,600.0,4670.54,,2026-05-13 08:00:00,system,2026-05-13 08:00:00,system
38,8,2,1098,6,4.0,40.0,3405.71,,2026-05-13 08:00:00,system,2026-05-13 08:00:00,system
39,8,3,209,6,28.0,420.0,3652.23,,2026-05-13 08:00:00,system,2026-05-13 08:00:00,system
40,8,4,337,6,48.0,144.0,640.66,,2026-05-13 08:00:00,system,2026-05-13 08:00:00,system
41,8,5,188,6,2.0,420.0,47372.68,,2026-05-13 08:00:00,system,2026-05-13 08:00:00,system
42,8,6,1286,6,24.0,120.0,1663.88,,2026-05-13 08:00:00,system,2026-05-13 08:00:00,system
43,8,7,183,6,30.0,750.0,5992.52,,2026-05-13 08:00:00,system,2026-05-13 08:00:00,system
44,8,8,1488,1,1.0,1000.0,180.02,,2026-05-13 08:00:00,system,2026-05-13 08:00:00,system
45,8,9,102,6,15.0,150.0,2352.76,,2026-05-13 08:00:00,system,2026-05-13 08:00:00,system
46,9,1,1475,6,2.0,110.0,12473.29,,2026-05-15 08:00:00,system,2026-05-15 08:00:00,system
47,9,2,463,6,40.0,400.0,2577.79,,2026-05-15 08:00:00,system,2026-05-15 08:00:00,system
48,9,3,1232,6,8.0,160.0,3044.14,,2026-05-15 08:00:00,system,2026-05-15 08:00:00,system
49,9,4,20,6,18.0,270.0,3817.14,,2026-05-15 08:00:00,system,2026-05-15 08:00:00,system
50,9,5,350,6,30.0,30.0,241.05,,2026-05-15 08:00:00,system,2026-05-15 08:00:00,system
51,9,6,1266,1,2.0,2000.0,134.61,,2026-05-15 08:00:00,system,2026-05-15 08:00:00,system
52,9,7,218,6,45.0,36.0,224.62,,2026-05-15 08:00:00,system,2026-05-15 08:00:00,system
53,9,8,371,6,32.0,160.0,1393.53,,2026-05-15 08:00:00,system,2026-05-15 08:00:00,system
54,10,1,86,6,12.0,60.0,1136.98,,2026-01-19 08:00:00,system,2026-01-19 08:00:00,system
55,10,2,200,6,6.0,1080.0,40600.92,,2026-01-19 08:00:00,system,2026-01-19 08:00:00,system
56,10,3,1316,1,2.0,2000.0,295.55,,2026-01-19 08:00:00,system,2026-01-19 08:00:00,system
57,10,4,1155,6,4.0,840.0,26429.67,,2026-01-19 08:00:00,system,2026-01-19 08:00:00,system
58,10,5,1481,6,21.0,525.0,5206.09,,2026-01-19 08:00:00,system,2026-01-19 08:00:00,system
59,10,6,743,6,4.0,220.0,10879.65,,2026-01-19 08:00:00,system,2026-01-19 08:00:00,system
60,10,7,730,6,10.0,1800.0,30933.17,,2026-01-19 08:00:00,system,2026-01-19 08:00:00,system
61,11,1,1268,6,13.0,39.0,412.83,,2026-06-30 08:00:00,system,2026-06-30 08:00:00,system
62,11,2,954,6,6.0,1080.0,36620.81,,2026-06-30 08:00:00,system,2026-06-30 08:00:00,system
63,11,3,1033,6,16.0,160.0,3525.24,,2026-06-30 08:00:00,system,2026-06-30 08:00:00,system
64,11,4,1010,6,22.0,11.0,178.07,,2026-06-30 08:00:00,system,2026-06-30 08:00:00,system
65,11,5,929,6,8.0,440.0,11315.9,,2026-06-30 08:00:00,system,2026-06-30 08:00:00,system
66,11,6,912,6,28.0,700.0,5172.36,,2026-06-30 08:00:00,system,2026-06-30 08:00:00,system
67,11,7,371,6,24.0,120.0,1182.94,,2026-06-30 08:00:00,system,2026-06-30 08:00:00,system
68,11,8,1062,6,16.0,288.0,6583.55,,2026-06-30 08:00:00,system,2026-06-30 08:00:00,system
69,11,9,7,6,25.0,625.0,6070.47,,2026-06-30 08:00:00,system,2026-06-30 08:00:00,system
70,11,10,1279,6,20.0,400.0,6698.46,,2026-06-30 08:00:00,system,2026-06-30 08:00:00,system
71,12,1,351,1,4.0,4000.0,226.35,,2026-05-04 08:00:00,system,2026-05-04 08:00:00,system
72,12,2,1258,1,1.0,1000.0,146.31,,2026-05-04 08:00:00,system,2026-05-04 08:00:00,system
73,12,3,1175,6,1.0,210.0,33096.02,,2026-05-04 08:00:00,system,2026-05-04 08:00:00,system
74,12,4,397,6,5.0,100.0,4949.56,,2026-05-04 08:00:00,system,2026-05-04 08:00:00,system
75,12,5,1178,6,12.0,36.0,494.41,,2026-05-04 08:00:00,system,2026-05-04 08:00:00,system
76,12,6,349,6,10.0,8.0,214.0,,2026-05-04 08:00:00,system,2026-05-04 08:00:00,system
77,13,1,643,1,4.0,4000.0,168.87,,2026-01-27 08:00:00,system,2026-01-27 08:00:00,system
78,13,2,639,6,4.0,220.0,10280.5,,2026-01-27 08:00:00,system,2026-01-27 08:00:00,system
79,13,3,289,6,65.0,195.0,752.25,,2026-01-27 08:00:00,system,2026-01-27 08:00:00,system
80,13,4,150,6,25.0,250.0,2264.92,,2026-01-27 08:00:00,system,2026-01-27 08:00:00,system
81,13,5,495,6,7.0,35.0,1060.05,,2026-01-27 08:00:00,system,2026-01-27 08:00:00,system
82,13,6,859,6,10.0,1800.0,34047.86,,2026-01-27 08:00:00,system,2026-01-27 08:00:00,system
83,14,1,348,1,8.0,8000.0,209.84,,2026-06-15 08:00:00,system,2026-06-15 08:00:00,system
84,15,1,929,6,8.0,440.0,11315.9,,2026-06-24 08:00:00,system,2026-06-24 08:00:00,system
85,16,1,1317,1,4.0,8000.0,293.34,,2026-06-15 08:00:00,system,2026-06-15 08:00:00,system
86,16,2,617,6,4.0,840.0,37677.9,,2026-06-15 08:00:00,system,2026-06-15 08:00:00,system
87,16,3,753,6,8.0,440.0,10966.77,,2026-06-15 08:00:00,system,2026-06-15 08:00:00,system
88,16,4,1083,6,21.0,8.4,138.42,,2026-06-15 08:00:00,system,2026-06-15 08:00:00,system
89,16,5,232,1,4.0,4000.0,209.91,,2026-06-15 08:00:00,system,2026-06-15 08:00:00,system
90,16,6,1484,6,4.0,220.0,11126.28,,2026-06-15 08:00:00,system,2026-06-15 08:00:00,system
91,16,7,1304,6,6.0,1080.0,52688.63,,2026-06-15 08:00:00,system,2026-06-15 08:00:00,system
92,17,1,857,6,10.0,500.0,11225.9,,2026-04-01 08:00:00,system,2026-04-01 08:00:00,system
93,17,2,193,6,15.0,45.0,746.67,,2026-04-01 08:00:00,system,2026-04-01 08:00:00,system
94,17,3,845,6,5.0,1050.0,44768.92,,2026-04-01 08:00:00,system,2026-04-01 08:00:00,system
95,17,4,389,6,35.0,700.0,4525.9,,2026-04-01 08:00:00,system,2026-04-01 08:00:00,system
96,17,5,1127,6,32.0,32.0,391.74,,2026-04-01 08:00:00,system,2026-04-01 08:00:00,system
97,17,6,450,6,14.0,280.0,4821.24,,2026-04-01 08:00:00,system,2026-04-01 08:00:00,system
98,17,7,1398,6,35.0,875.0,5707.04,,2026-04-01 08:00:00,system,2026-04-01 08:00:00,system
99,18,1,1354,6,10.0,200.0,6306.36,,2026-06-10 08:00:00,system,2026-06-10 08:00:00,system
100,18,2,728,6,4.0,200.0,9021.19,,2026-06-10 08:00:00,system,2026-06-10 08:00:00,system
101,18,3,1365,6,10.0,550.0,17670.8,,2026-06-10 08:00:00,system,2026-06-10 08:00:00,system
102,18,4,1229,6,50.0,150.0,405.22,,2026-06-10 08:00:00,system,2026-06-10 08:00:00,system
103,18,5,502,6,2.0,360.0,30658.46,,2026-06-10 08:00:00,system,2026-06-10 08:00:00,system
104,18,6,694,1,1.0,500.0,159.8,,2026-06-10 08:00:00,system,2026-06-10 08:00:00,system
105,19,1,34,6,28.0,280.0,2503.96,,2026-02-11 08:00:00,system,2026-02-11 08:00:00,system
106,19,2,414,6,35.0,1050.0,6271.93,,2026-02-11 08:00:00,system,2026-02-11 08:00:00,system
107,20,1,108,6,6.0,330.0,14584.27,,2026-06-18 08:00:00,system,2026-06-18 08:00:00,system
108,20,2,213,6,6.0,300.0,12874.99,,2026-06-18 08:00:00,system,2026-06-18 08:00:00,system
109,20,3,375,6,6.0,150.0,5996.57,,2026-06-18 08:00:00,system,2026-06-18 08:00:00,system
110,20,4,401,6,2.0,110.0,12781.31,,2026-06-18 08:00:00,system,2026-06-18 08:00:00,system
111,20,5,116,6,21.0,105.0,1354.05,,2026-06-18 08:00:00,system,2026-06-18 08:00:00,system
112,20,6,284,6,4.0,840.0,49607.16,,2026-06-18 08:00:00,system,2026-06-18 08:00:00,system
113,20,7,1212,1,2.0,2000.0,143.79,,2026-06-18 08:00:00,system,2026-06-18 08:00:00,system
114,20,8,152,6,8.0,160.0,5012.14,,2026-06-18 08:00:00,system,2026-06-18 08:00:00,system
115,21,1,1015,6,9.0,162.0,6704.45,,2026-01-21 08:00:00,system,2026-01-21 08:00:00,system
116,21,2,1410,6,18.0,270.0,3213.01,,2026-01-21 08:00:00,system,2026-01-21 08:00:00,system
117,22,1,697,6,39.0,117.0,562.8,,2026-06-26 08:00:00,system,2026-06-26 08:00:00,system
118,22,2,521,6,55.0,165.0,615.21,,2026-06-26 08:00:00,system,2026-06-26 08:00:00,system
119,22,3,597,6,21.0,420.0,3754.1,,2026-06-26 08:00:00,system,2026-06-26 08:00:00,system
120,22,4,1377,1,4.0,4000.0,197.89,,2026-06-26 08:00:00,system,2026-06-26 08:00:00,system
121,23,1,830,6,8.0,1440.0,36783.43,,2026-06-22 08:00:00,system,2026-06-22 08:00:00,system
122,23,2,755,6,5.0,1050.0,43301.75,,2026-06-22 08:00:00,system,2026-06-22 08:00:00,system
123,23,3,679,6,5.0,1050.0,39584.93,,2026-06-22 08:00:00,system,2026-06-22 08:00:00,system
124,23,4,531,6,5.0,1050.0,37267.91,,2026-06-22 08:00:00,system,2026-06-22 08:00:00,system
125,23,5,331,6,4.0,720.0,37962.28,,2026-06-22 08:00:00,system,2026-06-22 08:00:00,system
126,23,6,1444,6,48.0,144.0,605.05,,2026-06-22 08:00:00,system,2026-06-22 08:00:00,system
127,23,7,593,6,33.0,99.0,559.63,,2026-06-22 08:00:00,system,2026-06-22 08:00:00,system
128,23,8,881,6,30.0,450.0,3175.83,,2026-06-22 08:00:00,system,2026-06-22 08:00:00,system
129,24,1,95,6,1.0,210.0,46236.31,,2026-03-13 08:00:00,system,2026-03-13 08:00:00,system
130,24,2,1390,1,6.0,3000.0,189.76,,2026-03-13 08:00:00,system,2026-03-13 08:00:00,system
131,24,3,190,6,52.0,41.6,196.18,,2026-03-13 08:00:00,system,2026-03-13 08:00:00,system
132,24,4,1159,6,55.0,275.0,661.61,,2026-03-13 08:00:00,system,2026-03-13 08:00:00,system
133,25,1,1169,6,40.0,800.0,2859.97,,2026-03-04 08:00:00,system,2026-03-04 08:00:00,system
134,26,1,902,6,2.0,360.0,33878.47,,2026-02-11 08:00:00,system,2026-02-11 08:00:00,system
135,27,1,558,6,6.0,330.0,9832.3,,2026-03-03 08:00:00,system,2026-03-03 08:00:00,system
136,27,2,366,1,4.0,4000.0,202.55,,2026-03-03 08:00:00,system,2026-03-03 08:00:00,system
137,27,3,877,1,4.0,8000.0,187.11,,2026-03-03 08:00:00,system,2026-03-03 08:00:00,system
138,27,4,959,6,28.0,84.0,601.97,,2026-03-03 08:00:00,system,2026-03-03 08:00:00,system
139,27,5,548,1,2.0,2000.0,163.37,,2026-03-03 08:00:00,system,2026-03-03 08:00:00,system
140,27,6,269,6,4.0,840.0,45618.96,,2026-03-03 08:00:00,system,2026-03-03 08:00:00,system
141,28,1,704,6,6.0,300.0,9046.77,,2026-03-16 08:00:00,system,2026-03-16 08:00:00,system
142,28,2,149,6,12.0,60.0,1248.91,,2026-03-16 08:00:00,system,2026-03-16 08:00:00,system
143,28,3,168,6,25.0,625.0,5765.5,,2026-03-16 08:00:00,system,2026-03-16 08:00:00,system
144,28,4,916,6,8.0,1440.0,35998.88,,2026-03-16 08:00:00,system,2026-03-16 08:00:00,system
145,28,5,1367,6,1.0,210.0,60598.84,,2026-03-16 08:00:00,system,2026-03-16 08:00:00,system
146,28,6,820,1,4.0,8000.0,197.17,,2026-03-16 08:00:00,system,2026-03-16 08:00:00,system
147,28,7,414,6,7.0,210.0,6271.93,,2026-03-16 08:00:00,system,2026-03-16 08:00:00,system
148,28,8,924,6,6.0,90.0,3257.08,,2026-03-16 08:00:00,system,2026-03-16 08:00:00,system
149,28,9,360,6,21.0,525.0,5777.33,,2026-03-16 08:00:00,system,2026-03-16 08:00:00,system
150,28,10,317,6,1.0,210.0,43178.31,,2026-03-16 08:00:00,system,2026-03-16 08:00:00,system
151,28,11,1274,6,2.0,420.0,61368.06,,2026-03-16 08:00:00,system,2026-03-16 08:00:00,system
152,28,12,403,6,1.0,210.0,41785.62,,2026-03-16 08:00:00,system,2026-03-16 08:00:00,system
153,29,1,360,6,14.0,350.0,5777.33,,2026-05-12 08:00:00,system,2026-05-12 08:00:00,system
154,29,2,1256,6,6.0,330.0,7964.78,,2026-05-12 08:00:00,system,2026-05-12 08:00:00,system
155,29,3,303,1,1.0,1000.0,199.38,,2026-05-12 08:00:00,system,2026-05-12 08:00:00,system
156,29,4,1450,6,18.0,540.0,6487.43,,2026-05-12 08:00:00,system,2026-05-12 08:00:00,system
157,29,5,500,6,14.0,420.0,6500.15,,2026-05-12 08:00:00,system,2026-05-12 08:00:00,system
158,30,1,50,6,7.0,105.0,3884.09,,2026-06-17 08:00:00,system,2026-06-17 08:00:00,system
159,30,2,1257,6,2.0,420.0,30980.21,,2026-06-17 08:00:00,system,2026-06-17 08:00:00,system
160,30,3,285,1,6.0,6000.0,223.1,,2026-06-17 08:00:00,system,2026-06-17 08:00:00,system
161,30,4,352,6,80.0,64.0,183.16,,2026-06-17 08:00:00,system,2026-06-17 08:00:00,system
162,30,5,21,6,21.0,420.0,5059.75,,2026-06-17 08:00:00,system,2026-06-17 08:00:00,system
163,30,6,619,1,6.0,6000.0,194.06,,2026-06-17 08:00:00,system,2026-06-17 08:00:00,system
164,30,7,1398,6,7.0,175.0,5707.04,,2026-06-17 08:00:00,system,2026-06-17 08:00:00,system
165,30,8,888,6,2.0,420.0,43571.45,,2026-06-17 08:00:00,system,2026-06-17 08:00:00,system
166,31,1,1469,6,45.0,450.0,2470.85,,2026-06-30 08:00:00,system,2026-06-30 08:00:00,system
167,31,2,1037,6,87.0,34.8,165.06,,2026-06-30 08:00:00,system,2026-06-30 08:00:00,system
168,31,3,371,6,16.0,80.0,1393.53,,2026-06-30 08:00:00,system,2026-06-30 08:00:00,system
169,31,4,1042,6,20.0,200.0,4191.77,,2026-06-30 08:00:00,system,2026-06-30 08:00:00,system
170,31,5,1002,6,60.0,60.0,415.64,,2026-06-30 08:00:00,system,2026-06-30 08:00:00,system
171,32,1,860,6,2.0,420.0,46363.0,,2026-04-05 08:00:00,system,2026-04-05 08:00:00,system
172,32,2,908,6,32.0,160.0,1086.97,,2026-04-05 08:00:00,system,2026-04-05 08:00:00,system
173,32,3,1023,6,10.0,100.0,3858.78,,2026-04-05 08:00:00,system,2026-04-05 08:00:00,system
174,32,4,1148,1,6.0,6000.0,141.24,,2026-04-05 08:00:00,system,2026-04-05 08:00:00,system
175,32,5,1118,6,60.0,60.0,396.52,,2026-04-05 08:00:00,system,2026-04-05 08:00:00,system
176,32,6,428,6,12.0,300.0,6124.5,,2026-04-05 08:00:00,system,2026-04-05 08:00:00,system
177,32,7,640,6,6.0,1080.0,33194.41,,2026-04-05 08:00:00,system,2026-04-05 08:00:00,system
178,32,8,1139,6,5.0,50.0,3726.07,,2026-04-05 08:00:00,system,2026-04-05 08:00:00,system
179,33,1,599,6,35.0,1050.0,6372.59,,2026-05-27 08:00:00,system,2026-05-27 08:00:00,system
180,33,2,1082,6,15.0,2700.0,69026.62,,2026-05-27 08:00:00,system,2026-05-27 08:00:00,system
181,33,3,448,6,8.0,80.0,2372.26,,2026-05-27 08:00:00,system,2026-05-27 08:00:00,system
182,33,4,735,6,15.0,45.0,627.78,,2026-05-27 08:00:00,system,2026-05-27 08:00:00,system
183,34,1,1476,6,70.0,210.0,649.4,,2026-04-28 08:00:00,system,2026-04-28 08:00:00,system
184,34,2,95,6,2.0,420.0,48295.13,,2026-04-28 08:00:00,system,2026-04-28 08:00:00,system
185,34,3,534,1,3.0,6000.0,191.48,,2026-04-28 08:00:00,system,2026-04-28 08:00:00,system
186,34,4,707,6,3.0,630.0,39729.49,,2026-04-28 08:00:00,system,2026-04-28 08:00:00,system
187,34,5,1420,1,3.0,6000.0,190.41,,2026-04-28 08:00:00,system,2026-04-28 08:00:00,system
188,34,6,1002,6,70.0,70.0,361.29,,2026-04-28 08:00:00,system,2026-04-28 08:00:00,system
189,34,7,232,1,4.0,4000.0,209.91,,2026-04-28 08:00:00,system,2026-04-28 08:00:00,system
190,35,1,56,6,6.0,1080.0,42941.18,,2026-06-24 08:00:00,system,2026-06-24 08:00:00,system
191,35,2,1064,6,6.0,1080.0,64764.66,,2026-06-24 08:00:00,system,2026-06-24 08:00:00,system
192,35,3,1169,6,14.0,280.0,3005.13,,2026-06-24 08:00:00,system,2026-06-24 08:00:00,system
193,35,4,1426,6,1.0,210.0,43978.97,,2026-06-24 08:00:00,system,2026-06-24 08:00:00,system
194,35,5,608,6,32.0,160.0,1022.88,,2026-06-24 08:00:00,system,2026-06-24 08:00:00,system
195,36,1,1111,6,96.0,38.4,149.85,,2026-01-23 08:00:00,system,2026-01-23 08:00:00,system
196,37,1,1158,6,28.0,84.0,433.65,,2026-03-18 08:00:00,system,2026-03-18 08:00:00,system
197,38,1,368,6,64.0,64.0,234.08,,2026-06-26 08:00:00,system,2026-06-26 08:00:00,system
198,38,2,845,6,4.0,840.0,45128.17,,2026-06-26 08:00:00,system,2026-06-26 08:00:00,system
199,38,3,333,1,4.0,4000.0,207.32,,2026-06-26 08:00:00,system,2026-06-26 08:00:00,system
200,38,4,280,6,28.0,840.0,7456.4,,2026-06-26 08:00:00,system,2026-06-26 08:00:00,system
201,38,5,1421,6,26.0,78.0,681.05,,2026-06-26 08:00:00,system,2026-06-26 08:00:00,system
202,38,6,466,6,21.0,210.0,2284.16,,2026-06-26 08:00:00,system,2026-06-26 08:00:00,system
203,38,7,423,6,42.0,126.0,729.02,,2026-06-26 08:00:00,system,2026-06-26 08:00:00,system
204,38,8,1049,6,52.0,104.0,764.72,,2026-06-26 08:00:00,system,2026-06-26 08:00:00,system
205,38,9,667,6,3.0,165.0,10865.27,,2026-06-26 08:00:00,system,2026-06-26 08:00:00,system
206,39,1,761,6,32.0,320.0,2190.15,,2026-01-02 08:00:00,system,2026-01-02 08:00:00,system
207,39,2,819,1,3.0,3000.0,202.69,,2026-01-02 08:00:00,system,2026-01-02 08:00:00,system
208,40,1,434,6,16.0,240.0,3625.35,,2026-02-05 08:00:00,system,2026-02-05 08:00:00,system
209,40,2,168,6,35.0,875.0,6496.2,,2026-02-05 08:00:00,system,2026-02-05 08:00:00,system
210,41,1,572,6,2.0,110.0,10819.1,,2026-01-31 08:00:00,system,2026-01-31 08:00:00,system
211,42,1,1133,6,8.0,1440.0,58303.42,,2026-02-16 08:00:00,system,2026-02-16 08:00:00,system
212,42,2,1469,6,14.0,140.0,2009.59,,2026-02-16 08:00:00,system,2026-02-16 08:00:00,system
213,43,1,979,6,6.0,300.0,16952.04,,2026-03-18 08:00:00,system,2026-03-18 08:00:00,system
214,43,2,137,6,7.0,140.0,4759.29,,2026-03-18 08:00:00,system,2026-03-18 08:00:00,system
215,43,3,1183,6,2.0,420.0,29027.69,,2026-03-18 08:00:00,system,2026-03-18 08:00:00,system
216,43,4,68,6,6.0,180.0,7378.62,,2026-03-18 08:00:00,system,2026-03-18 08:00:00,system
217,43,5,1312,6,10.0,1800.0,53936.38,,2026-03-18 08:00:00,system,2026-03-18 08:00:00,system
218,44,1,277,6,14.0,210.0,3760.89,,2026-05-07 08:00:00,system,2026-05-07 08:00:00,system
219,44,2,1365,6,6.0,330.0,18449.0,,2026-05-07 08:00:00,system,2026-05-07 08:00:00,system
220,45,1,261,6,32.0,320.0,2553.42,,2026-02-02 08:00:00,system,2026-02-02 08:00:00,system
221,45,2,336,6,60.0,72.0,283.53,,2026-02-02 08:00:00,system,2026-02-02 08:00:00,system
222,45,3,1169,6,24.0,480.0,2859.97,,2026-02-02 08:00:00,system,2026-02-02 08:00:00,system
223,45,4,37,6,21.0,525.0,6669.59,,2026-02-02 08:00:00,system,2026-02-02 08:00:00,system
224,45,5,929,6,2.0,110.0,12836.83,,2026-02-02 08:00:00,system,2026-02-02 08:00:00,system
225,45,6,706,6,8.0,1440.0,36699.36,,2026-02-02 08:00:00,system,2026-02-02 08:00:00,system
226,45,7,701,6,28.0,560.0,4002.83,,2026-02-02 08:00:00,system,2026-02-02 08:00:00,system
227,45,8,334,6,39.0,31.2,186.52,,2026-02-02 08:00:00,system,2026-02-02 08:00:00,system
228,45,9,318,1,2.0,2000.0,214.66,,2026-02-02 08:00:00,system,2026-02-02 08:00:00,system
229,45,10,191,6,45.0,45.0,263.19,,2026-02-02 08:00:00,system,2026-02-02 08:00:00,system
230,45,11,1207,6,32.0,160.0,717.29,,2026-02-02 08:00:00,system,2026-02-02 08:00:00,system
231,46,1,508,6,30.0,150.0,1020.39,,2026-06-21 08:00:00,system,2026-06-21 08:00:00,system
232,46,2,506,1,6.0,12000.0,194.65,,2026-06-21 08:00:00,system,2026-06-21 08:00:00,system
233,46,3,1249,6,4.0,220.0,8745.69,,2026-06-21 08:00:00,system,2026-06-21 08:00:00,system
234,46,4,608,6,24.0,120.0,1032.38,,2026-06-21 08:00:00,system,2026-06-21 08:00:00,system
235,46,5,1423,6,14.0,140.0,2147.84,,2026-06-21 08:00:00,system,2026-06-21 08:00:00,system
236,46,6,277,6,16.0,240.0,3720.56,,2026-06-21 08:00:00,system,2026-06-21 08:00:00,system
237,46,7,269,6,4.0,840.0,52473.61,,2026-06-21 08:00:00,system,2026-06-21 08:00:00,system
238,46,8,230,6,8.0,1440.0,43193.6,,2026-06-21 08:00:00,system,2026-06-21 08:00:00,system
239,46,9,348,1,8.0,8000.0,222.64,,2026-06-21 08:00:00,system,2026-06-21 08:00:00,system
240,46,10,1438,6,8.0,440.0,13041.97,,2026-06-21 08:00:00,system,2026-06-21 08:00:00,system
241,46,11,129,6,56.0,67.2,304.41,,2026-06-21 08:00:00,system,2026-06-21 08:00:00,system
242,46,12,490,1,2.0,2000.0,210.66,,2026-06-21 08:00:00,system,2026-06-21 08:00:00,system
243,47,1,393,6,39.0,117.0,738.96,,2026-03-28 08:00:00,system,2026-03-28 08:00:00,system
244,47,2,669,6,2.0,420.0,42810.91,,2026-03-28 08:00:00,system,2026-03-28 08:00:00,system
245,47,3,812,6,7.0,175.0,5817.8,,2026-03-28 08:00:00,system,2026-03-28 08:00:00,system
246,48,1,707,6,5.0,1050.0,39729.49,,2026-01-02 08:00:00,system,2026-01-02 08:00:00,system
247,48,2,652,6,4.0,200.0,8987.63,,2026-01-02 08:00:00,system,2026-01-02 08:00:00,system
248,49,1,1443,1,8.0,16000.0,191.73,,2026-04-22 08:00:00,system,2026-04-22 08:00:00,system
249,49,2,707,6,5.0,1050.0,38885.05,,2026-04-22 08:00:00,system,2026-04-22 08:00:00,system
250,49,3,545,6,2.0,420.0,40299.67,,2026-04-22 08:00:00,system,2026-04-22 08:00:00,system
251,49,4,769,6,4.0,840.0,42446.46,,2026-04-22 08:00:00,system,2026-04-22 08:00:00,system
252,49,5,3,6,6.0,30.0,1239.17,,2026-04-22 08:00:00,system,2026-04-22 08:00:00,system
253,49,6,1477,6,28.0,140.0,1051.42,,2026-04-22 08:00:00,system,2026-04-22 08:00:00,system
254,49,7,1037,6,72.0,28.8,136.55,,2026-04-22 08:00:00,system,2026-04-22 08:00:00,system
255,49,8,1079,6,8.0,80.0,3451.32,,2026-04-22 08:00:00,system,2026-04-22 08:00:00,system
256,49,9,777,6,30.0,600.0,4175.07,,2026-04-22 08:00:00,system,2026-04-22 08:00:00,system
257,49,10,435,6,10.0,200.0,4427.91,,2026-04-22 08:00:00,system,2026-04-22 08:00:00,system
258,49,11,1376,1,3.0,1500.0,180.69,,2026-04-22 08:00:00,system,2026-04-22 08:00:00,system
259,49,12,132,6,6.0,60.0,2289.62,,2026-04-22 08:00:00,system,2026-04-22 08:00:00,system
260,49,13,1153,6,12.0,240.0,2656.74,,2026-04-22 08:00:00,system,2026-04-22 08:00:00,system
261,49,14,1076,6,10.0,10.0,365.03,,2026-04-22 08:00:00,system,2026-04-22 08:00:00,system
262,49,15,788,6,14.0,70.0,1050.14,,2026-04-22 08:00:00,system,2026-04-22 08:00:00,system
263,50,1,548,1,4.0,4000.0,163.37,,2026-03-04 08:00:00,system,2026-03-04 08:00:00,system
264,50,2,201,6,1.0,210.0,48461.51,,2026-03-04 08:00:00,system,2026-03-04 08:00:00,system
265,50,3,1209,6,30.0,600.0,2920.45,,2026-03-04 08:00:00,system,2026-03-04 08:00:00,system
266,50,4,606,1,2.0,4000.0,177.59,,2026-03-04 08:00:00,system,2026-03-04 08:00:00,system
267,50,5,1111,6,21.0,8.4,137.03,,2026-03-04 08:00:00,system,2026-03-04 08:00:00,system
268,50,6,93,6,8.0,440.0,13417.18,,2026-03-04 08:00:00,system,2026-03-04 08:00:00,system
269,51,1,877,1,8.0,16000.0,187.11,,2026-05-31 08:00:00,system,2026-05-31 08:00:00,system
270,51,2,1134,6,50.0,20.0,139.29,,2026-05-31 08:00:00,system,2026-05-31 08:00:00,system
271,51,3,959,6,56.0,168.0,601.97,,2026-05-31 08:00:00,system,2026-05-31 08:00:00,system
272,51,4,957,1,1.0,1000.0,182.46,,2026-05-31 08:00:00,system,2026-05-31 08:00:00,system
273,51,5,1443,1,2.0,4000.0,194.47,,2026-05-31 08:00:00,system,2026-05-31 08:00:00,system
274,51,6,1320,6,21.0,420.0,6534.97,,2026-05-31 08:00:00,system,2026-05-31 08:00:00,system
275,52,1,1146,6,6.0,330.0,7942.58,,2026-03-31 08:00:00,system,2026-03-31 08:00:00,system
276,53,1,1457,6,35.0,700.0,4624.77,,2026-05-05 08:00:00,system,2026-05-05 08:00:00,system
277,53,2,1123,6,10.0,500.0,19397.86,,2026-05-05 08:00:00,system,2026-05-05 08:00:00,system
278,53,3,1398,6,28.0,700.0,6141.3,,2026-05-05 08:00:00,system,2026-05-05 08:00:00,system
279,53,4,125,6,3.0,630.0,55948.23,,2026-05-05 08:00:00,system,2026-05-05 08:00:00,system
280,53,5,1066,6,36.0,18.0,204.59,,2026-05-05 08:00:00,system,2026-05-05 08:00:00,system
281,54,1,1095,6,22.0,22.0,340.45,,2026-06-27 08:00:00,system,2026-06-27 08:00:00,system
282,54,2,1347,6,8.0,440.0,17768.03,,2026-06-27 08:00:00,system,2026-06-27 08:00:00,system
283,54,3,1381,6,12.0,120.0,2170.64,,2026-06-27 08:00:00,system,2026-06-27 08:00:00,system
284,54,4,450,6,7.0,140.0,4596.2,,2026-06-27 08:00:00,system,2026-06-27 08:00:00,system
285,54,5,536,6,24.0,120.0,984.21,,2026-06-27 08:00:00,system,2026-06-27 08:00:00,system
286,54,6,752,6,10.0,500.0,10424.64,,2026-06-27 08:00:00,system,2026-06-27 08:00:00,system
287,54,7,1047,6,12.0,6.0,169.21,,2026-06-27 08:00:00,system,2026-06-27 08:00:00,system
288,54,8,228,6,6.0,300.0,12173.4,,2026-06-27 08:00:00,system,2026-06-27 08:00:00,system
289,54,9,662,6,5.0,75.0,2894.54,,2026-06-27 08:00:00,system,2026-06-27 08:00:00,system
290,54,10,1267,6,26.0,26.0,138.69,,2026-06-27 08:00:00,system,2026-06-27 08:00:00,system
291,54,11,1336,6,70.0,70.0,319.9,,2026-06-27 08:00:00,system,2026-06-27 08:00:00,system
292,54,12,76,6,18.0,540.0,7449.51,,2026-06-27 08:00:00,system,2026-06-27 08:00:00,system
293,55,1,250,6,33.0,39.6,283.68,,2026-05-11 08:00:00,system,2026-05-11 08:00:00,system
294,55,2,260,6,24.0,120.0,1133.08,,2026-05-11 08:00:00,system,2026-05-11 08:00:00,system
295,56,1,166,6,28.0,420.0,3427.67,,2026-03-17 08:00:00,system,2026-03-17 08:00:00,system
296,56,2,1301,6,40.0,200.0,1584.56,,2026-03-17 08:00:00,system,2026-03-17 08:00:00,system
297,56,3,645,6,55.0,165.0,536.93,,2026-03-17 08:00:00,system,2026-03-17 08:00:00,system
298,56,4,584,6,20.0,600.0,5521.17,,2026-03-17 08:00:00,system,2026-03-17 08:00:00,system
299,57,1,1283,1,4.0,4000.0,274.32,,2026-01-01 08:00:00,system,2026-01-01 08:00:00,system
300,57,2,910,6,6.0,90.0,3228.37,,2026-01-01 08:00:00,system,2026-01-01 08:00:00,system
301,58,1,1025,6,9.0,450.0,19985.37,,2026-06-19 08:00:00,system,2026-06-19 08:00:00,system
302,58,2,457,1,4.0,4000.0,218.94,,2026-06-19 08:00:00,system,2026-06-19 08:00:00,system
303,58,3,771,1,6.0,6000.0,210.67,,2026-06-19 08:00:00,system,2026-06-19 08:00:00,system
304,58,4,651,6,32.0,960.0,5892.68,,2026-06-19 08:00:00,system,2026-06-19 08:00:00,system
305,58,5,222,6,12.0,60.0,1297.44,,2026-06-19 08:00:00,system,2026-06-19 08:00:00,system
306,58,6,1098,6,8.0,80.0,3951.64,,2026-06-19 08:00:00,system,2026-06-19 08:00:00,system
307,58,7,547,1,6.0,3000.0,186.36,,2026-06-19 08:00:00,system,2026-06-19 08:00:00,system
308,58,8,257,6,64.0,64.0,264.91,,2026-06-19 08:00:00,system,2026-06-19 08:00:00,system
309,59,1,1029,6,33.0,33.0,364.86,,2026-04-08 08:00:00,system,2026-04-08 08:00:00,system
310,59,2,1131,6,8.0,144.0,6786.32,,2026-04-08 08:00:00,system,2026-04-08 08:00:00,system
311,59,3,34,6,30.0,300.0,2325.07,,2026-04-08 08:00:00,system,2026-04-08 08:00:00,system
312,59,4,429,6,21.0,630.0,6606.05,,2026-04-08 08:00:00,system,2026-04-08 08:00:00,system
313,59,5,374,6,24.0,480.0,4866.98,,2026-04-08 08:00:00,system,2026-04-08 08:00:00,system
314,59,6,1401,6,10.0,550.0,11375.05,,2026-04-08 08:00:00,system,2026-04-08 08:00:00,system
315,59,7,209,6,12.0,180.0,3678.34,,2026-04-08 08:00:00,system,2026-04-08 08:00:00,system
316,60,1,855,6,24.0,600.0,5940.89,,2026-04-13 08:00:00,system,2026-04-13 08:00:00,system
317,60,2,1457,6,7.0,140.0,4624.77,,2026-04-13 08:00:00,system,2026-04-13 08:00:00,system
318,60,3,1066,6,54.0,27.0,204.59,,2026-04-13 08:00:00,system,2026-04-13 08:00:00,system
319,60,4,1059,6,36.0,180.0,1924.46,,2026-04-13 08:00:00,system,2026-04-13 08:00:00,system
320,60,5,689,6,9.0,270.0,6389.69,,2026-04-13 08:00:00,system,2026-04-13 08:00:00,system
321,60,6,328,6,24.0,720.0,7517.73,,2026-04-13 08:00:00,system,2026-04-13 08:00:00,system
322,60,7,1214,6,32.0,96.0,467.71,,2026-04-13 08:00:00,system,2026-04-13 08:00:00,system
323,60,8,744,6,3.0,540.0,34559.76,,2026-04-13 08:00:00,system,2026-04-13 08:00:00,system
324,60,9,392,6,80.0,96.0,288.66,,2026-04-13 08:00:00,system,2026-04-13 08:00:00,system
325,60,10,398,6,35.0,875.0,5987.66,,2026-04-13 08:00:00,system,2026-04-13 08:00:00,system
326,61,1,1098,6,12.0,120.0,3405.71,,2026-05-09 08:00:00,system,2026-05-09 08:00:00,system
327,62,1,999,6,46.0,18.4,147.37,,2026-01-17 08:00:00,system,2026-01-17 08:00:00,system
328,62,2,1336,6,48.0,48.0,313.02,,2026-01-17 08:00:00,system,2026-01-17 08:00:00,system
329,62,3,979,6,4.0,200.0,18357.8,,2026-01-17 08:00:00,system,2026-01-17 08:00:00,system
330,63,1,649,6,32.0,640.0,3907.26,,2026-05-07 08:00:00,system,2026-05-07 08:00:00,system
331,63,2,835,6,42.0,126.0,694.02,,2026-05-07 08:00:00,system,2026-05-07 08:00:00,system
332,63,3,740,6,21.0,525.0,4977.12,,2026-05-07 08:00:00,system,2026-05-07 08:00:00,system
333,63,4,333,1,4.0,4000.0,206.08,,2026-05-07 08:00:00,system,2026-05-07 08:00:00,system
334,64,1,1243,1,8.0,8000.0,131.24,,2026-06-24 08:00:00,system,2026-06-24 08:00:00,system
335,64,2,254,6,5.0,1050.0,48119.32,,2026-06-24 08:00:00,system,2026-06-24 08:00:00,system
336,64,3,1170,6,8.0,440.0,7312.96,,2026-06-24 08:00:00,system,2026-06-24 08:00:00,system
337,64,4,1001,6,14.0,7.0,170.33,,2026-06-24 08:00:00,system,2026-06-24 08:00:00,system
338,64,5,609,6,6.0,60.0,1925.13,,2026-06-24 08:00:00,system,2026-06-24 08:00:00,system
339,64,6,994,6,12.0,60.0,1862.99,,2026-06-24 08:00:00,system,2026-06-24 08:00:00,system
340,64,7,805,1,4.0,4000.0,181.71,,2026-06-24 08:00:00,system,2026-06-24 08:00:00,system
341,64,8,1051,6,4.0,40.0,3777.12,,2026-06-24 08:00:00,system,2026-06-24 08:00:00,system
342,65,1,754,6,10.0,1800.0,35356.49,,2026-01-21 08:00:00,system,2026-01-21 08:00:00,system
343,65,2,1374,6,4.0,720.0,37250.84,,2026-01-21 08:00:00,system,2026-01-21 08:00:00,system
344,65,3,982,6,26.0,13.0,181.09,,2026-01-21 08:00:00,system,2026-01-21 08:00:00,system
345,65,4,1080,6,10.0,180.0,6723.98,,2026-01-21 08:00:00,system,2026-01-21 08:00:00,system
346,66,1,1280,6,10.0,550.0,17311.87,,2026-01-07 08:00:00,system,2026-01-07 08:00:00,system
347,66,2,1200,1,4.0,4000.0,128.66,,2026-01-07 08:00:00,system,2026-01-07 08:00:00,system
348,66,3,966,6,6.0,300.0,10237.01,,2026-01-07 08:00:00,system,2026-01-07 08:00:00,system
349,66,4,469,6,21.0,525.0,5369.25,,2026-01-07 08:00:00,system,2026-01-07 08:00:00,system
350,66,5,1494,6,7.0,140.0,4060.25,,2026-01-07 08:00:00,system,2026-01-07 08:00:00,system
351,66,6,247,1,6.0,6000.0,209.86,,2026-01-07 08:00:00,system,2026-01-07 08:00:00,system
352,67,1,1377,1,4.0,4000.0,197.89,,2026-06-17 08:00:00,system,2026-06-17 08:00:00,system
353,67,2,2,6,26.0,78.0,719.24,,2026-06-17 08:00:00,system,2026-06-17 08:00:00,system
354,67,3,118,6,5.0,75.0,3695.69,,2026-06-17 08:00:00,system,2026-06-17 08:00:00,system
355,67,4,836,6,21.0,105.0,1033.86,,2026-06-17 08:00:00,system,2026-06-17 08:00:00,system
356,67,5,941,6,5.0,1050.0,41220.42,,2026-06-17 08:00:00,system,2026-06-17 08:00:00,system
357,67,6,763,6,18.0,360.0,4175.98,,2026-06-17 08:00:00,system,2026-06-17 08:00:00,system
358,67,7,894,6,24.0,120.0,1051.4,,2026-06-17 08:00:00,system,2026-06-17 08:00:00,system
359,67,8,938,6,8.0,400.0,10294.2,,2026-06-17 08:00:00,system,2026-06-17 08:00:00,system
360,67,9,811,6,30.0,600.0,4171.15,,2026-06-17 08:00:00,system,2026-06-17 08:00:00,system
361,67,10,329,6,2.0,100.0,10873.84,,2026-06-17 08:00:00,system,2026-06-17 08:00:00,system
362,68,1,434,6,6.0,90.0,3222.34,,2026-05-02 08:00:00,system,2026-05-02 08:00:00,system
363,68,2,1428,1,6.0,6000.0,181.51,,2026-05-02 08:00:00,system,2026-05-02 08:00:00,system
364,68,3,365,6,4.0,840.0,42082.23,,2026-05-02 08:00:00,system,2026-05-02 08:00:00,system
365,69,1,148,6,26.0,78.0,709.71,,2026-02-10 08:00:00,system,2026-02-10 08:00:00,system
366,69,2,128,6,22.0,22.0,241.68,,2026-02-10 08:00:00,system,2026-02-10 08:00:00,system
367,69,3,12,6,4.0,840.0,50262.91,,2026-02-10 08:00:00,system,2026-02-10 08:00:00,system
368,69,4,1057,6,13.0,13.0,344.18,,2026-02-10 08:00:00,system,2026-02-10 08:00:00,system
369,69,5,77,6,8.0,400.0,11339.48,,2026-02-10 08:00:00,system,2026-02-10 08:00:00,system
370,69,6,1208,6,28.0,280.0,1346.98,,2026-02-10 08:00:00,system,2026-02-10 08:00:00,system
371,69,7,1300,6,55.0,55.0,310.52,,2026-02-10 08:00:00,system,2026-02-10 08:00:00,system
372,69,8,432,6,35.0,175.0,1083.64,,2026-02-10 08:00:00,system,2026-02-10 08:00:00,system
373,69,9,1449,6,20.0,500.0,5424.71,,2026-02-10 08:00:00,system,2026-02-10 08:00:00,system
374,70,1,1088,6,16.0,160.0,3562.42,,2026-03-29 08:00:00,system,2026-03-29 08:00:00,system
375,70,2,210,6,24.0,480.0,4665.32,,2026-03-29 08:00:00,system,2026-03-29 08:00:00,system
376,71,1,1415,6,8.0,440.0,12493.83,,2026-03-18 08:00:00,system,2026-03-18 08:00:00,system
377,71,2,540,6,16.0,400.0,5130.38,,2026-03-18 08:00:00,system,2026-03-18 08:00:00,system
378,71,3,871,6,6.0,300.0,11956.89,,2026-03-18 08:00:00,system,2026-03-18 08:00:00,system
379,72,1,490,1,4.0,4000.0,197.34,,2026-06-05 08:00:00,system,2026-06-05 08:00:00,system
380,72,2,149,6,18.0,90.0,1138.81,,2026-06-05 08:00:00,system,2026-06-05 08:00:00,system
381,72,3,842,6,4.0,200.0,10506.77,,2026-06-05 08:00:00,system,2026-06-05 08:00:00,system
382,72,4,886,6,2.0,110.0,11859.79,,2026-06-05 08:00:00,system,2026-06-05 08:00:00,system
383,73,1,769,6,3.0,630.0,45589.52,,2026-05-19 08:00:00,system,2026-05-19 08:00:00,system
384,73,2,352,6,17.0,13.6,204.76,,2026-05-19 08:00:00,system,2026-05-19 08:00:00,system
385,73,3,251,6,4.0,200.0,13389.31,,2026-05-19 08:00:00,system,2026-05-19 08:00:00,system
386,73,4,841,6,28.0,840.0,6873.63,,2026-05-19 08:00:00,system,2026-05-19 08:00:00,system
387,73,5,637,6,8.0,240.0,6516.77,,2026-05-19 08:00:00,system,2026-05-19 08:00:00,system
388,73,6,503,6,3.0,630.0,40927.29,,2026-05-19 08:00:00,system,2026-05-19 08:00:00,system
389,73,7,1402,6,12.0,2160.0,38981.7,,2026-05-19 08:00:00,system,2026-05-19 08:00:00,system
390,73,8,1145,6,24.0,480.0,3228.89,,2026-05-19 08:00:00,system,2026-05-19 08:00:00,system
391,74,1,925,6,35.0,700.0,4498.45,,2026-01-23 08:00:00,system,2026-01-23 08:00:00,system
392,74,2,230,6,4.0,720.0,43193.6,,2026-01-23 08:00:00,system,2026-01-23 08:00:00,system
393,74,3,232,1,2.0,2000.0,224.63,,2026-01-23 08:00:00,system,2026-01-23 08:00:00,system
394,75,1,1354,6,30.0,600.0,6187.38,,2026-05-05 08:00:00,system,2026-05-05 08:00:00,system
395,75,2,684,6,20.0,100.0,912.36,,2026-05-05 08:00:00,system,2026-05-05 08:00:00,system
396,76,1,883,6,12.0,300.0,5272.56,,2026-03-29 08:00:00,system,2026-03-29 08:00:00,system
397,77,1,318,1,2.0,2000.0,206.21,,2026-04-08 08:00:00,system,2026-04-08 08:00:00,system
398,77,2,1058,6,70.0,140.0,689.83,,2026-04-08 08:00:00,system,2026-04-08 08:00:00,system
399,77,3,965,6,24.0,720.0,5949.36,,2026-04-08 08:00:00,system,2026-04-08 08:00:00,system
400,77,4,1240,6,6.0,120.0,2893.5,,2026-04-08 08:00:00,system,2026-04-08 08:00:00,system
401,77,5,369,6,55.0,66.0,257.51,,2026-04-08 08:00:00,system,2026-04-08 08:00:00,system
402,78,1,872,6,6.0,330.0,12715.94,,2026-01-11 08:00:00,system,2026-01-11 08:00:00,system
403,78,2,509,6,32.0,320.0,2319.29,,2026-01-11 08:00:00,system,2026-01-11 08:00:00,system
404,78,3,475,1,8.0,8000.0,235.52,,2026-01-11 08:00:00,system,2026-01-11 08:00:00,system
405,78,4,548,1,2.0,2000.0,201.89,,2026-01-11 08:00:00,system,2026-01-11 08:00:00,system
406,78,5,784,1,6.0,3000.0,220.12,,2026-01-11 08:00:00,system,2026-01-11 08:00:00,system
407,78,6,688,6,18.0,450.0,5024.84,,2026-01-11 08:00:00,system,2026-01-11 08:00:00,system
408,79,1,160,6,60.0,48.0,181.69,,2026-05-13 08:00:00,system,2026-05-13 08:00:00,system
409,79,2,802,6,8.0,1440.0,36530.96,,2026-05-13 08:00:00,system,2026-05-13 08:00:00,system
410,79,3,1446,6,25.0,250.0,2158.77,,2026-05-13 08:00:00,system,2026-05-13 08:00:00,system
411,80,1,25,6,4.0,220.0,13511.6,,2026-03-23 08:00:00,system,2026-03-23 08:00:00,system
412,80,2,1281,6,8.0,1440.0,53005.94,,2026-03-23 08:00:00,system,2026-03-23 08:00:00,system
413,80,3,916,6,6.0,1080.0,36561.65,,2026-03-23 08:00:00,system,2026-03-23 08:00:00,system
414,81,1,865,6,15.0,75.0,1037.13,,2026-02-17 08:00:00,system,2026-02-17 08:00:00,system
415,82,1,377,6,4.0,200.0,10979.23,,2026-02-17 08:00:00,system,2026-02-17 08:00:00,system
416,82,2,561,1,8.0,4000.0,171.97,,2026-02-17 08:00:00,system,2026-02-17 08:00:00,system
417,82,3,1095,6,55.0,55.0,340.45,,2026-02-17 08:00:00,system,2026-02-17 08:00:00,system
418,83,1,1309,6,14.0,70.0,1566.95,,2026-01-31 08:00:00,system,2026-01-31 08:00:00,system
419,84,1,1143,6,60.0,300.0,769.27,,2026-03-04 08:00:00,system,2026-03-04 08:00:00,system
420,84,2,540,6,18.0,450.0,5838.83,,2026-03-04 08:00:00,system,2026-03-04 08:00:00,system
421,84,3,1351,1,3.0,6000.0,329.19,,2026-03-04 08:00:00,system,2026-03-04 08:00:00,system
422,84,4,900,6,10.0,500.0,12547.05,,2026-03-04 08:00:00,system,2026-03-04 08:00:00,system
423,84,5,602,6,8.0,1440.0,37255.94,,2026-03-04 08:00:00,system,2026-03-04 08:00:00,system
424,84,6,1166,6,33.0,99.0,512.87,,2026-03-04 08:00:00,system,2026-03-04 08:00:00,system
425,84,7,1309,6,48.0,240.0,1777.0,,2026-03-04 08:00:00,system,2026-03-04 08:00:00,system
426,84,8,390,6,30.0,750.0,6523.65,,2026-03-04 08:00:00,system,2026-03-04 08:00:00,system
427,84,9,749,6,10.0,30.0,665.64,,2026-03-04 08:00:00,system,2026-03-04 08:00:00,system
428,84,10,1178,6,12.0,36.0,494.41,,2026-03-04 08:00:00,system,2026-03-04 08:00:00,system
429,84,11,484,6,18.0,450.0,6421.95,,2026-03-04 08:00:00,system,2026-03-04 08:00:00,system
430,84,12,1198,6,2.0,110.0,8767.17,,2026-03-04 08:00:00,system,2026-03-04 08:00:00,system
431,84,13,1338,6,5.0,100.0,7212.01,,2026-03-04 08:00:00,system,2026-03-04 08:00:00,system
432,84,14,664,6,18.0,450.0,5515.21,,2026-03-04 08:00:00,system,2026-03-04 08:00:00,system
433,85,1,1089,6,15.0,270.0,6672.45,,2026-01-03 08:00:00,system,2026-01-03 08:00:00,system
434,85,2,481,6,14.0,140.0,2316.82,,2026-01-03 08:00:00,system,2026-01-03 08:00:00,system
435,85,3,193,6,30.0,90.0,780.02,,2026-01-03 08:00:00,system,2026-01-03 08:00:00,system
436,85,4,735,6,75.0,225.0,627.78,,2026-01-03 08:00:00,system,2026-01-03 08:00:00,system
437,85,5,307,6,12.0,36.0,701.53,,2026-01-03 08:00:00,system,2026-01-03 08:00:00,system
438,85,6,1389,6,1.0,210.0,44735.96,,2026-01-03 08:00:00,system,2026-01-03 08:00:00,system
439,85,7,246,6,5.0,1050.0,52273.2,,2026-01-03 08:00:00,system,2026-01-03 08:00:00,system
440,85,8,1231,6,18.0,180.0,1583.64,,2026-01-03 08:00:00,system,2026-01-03 08:00:00,system
441,85,9,410,6,24.0,240.0,2435.25,,2026-01-03 08:00:00,system,2026-01-03 08:00:00,system
442,85,10,1484,6,8.0,440.0,12046.83,,2026-01-03 08:00:00,system,2026-01-03 08:00:00,system
443,86,1,1211,6,4.0,840.0,29211.85,,2026-06-23 08:00:00,system,2026-06-23 08:00:00,system
444,86,2,568,6,14.0,280.0,4272.56,,2026-06-23 08:00:00,system,2026-06-23 08:00:00,system
445,86,3,355,6,70.0,210.0,721.23,,2026-06-23 08:00:00,system,2026-06-23 08:00:00,system
446,86,4,747,1,4.0,4000.0,187.23,,2026-06-23 08:00:00,system,2026-06-23 08:00:00,system
447,86,5,844,6,10.0,1800.0,39708.65,,2026-06-23 08:00:00,system,2026-06-23 08:00:00,system
448,86,6,1127,6,70.0,70.0,397.8,,2026-06-23 08:00:00,system,2026-06-23 08:00:00,system
449,86,7,824,6,7.0,105.0,3236.55,,2026-06-23 08:00:00,system,2026-06-23 08:00:00,system
450,86,8,1058,6,75.0,150.0,749.59,,2026-06-23 08:00:00,system,2026-06-23 08:00:00,system
451,86,9,1218,6,15.0,825.0,8731.36,,2026-06-23 08:00:00,system,2026-06-23 08:00:00,system
452,86,10,1150,6,64.0,192.0,468.56,,2026-06-23 08:00:00,system,2026-06-23 08:00:00,system
453,87,1,759,6,16.0,48.0,645.73,,2026-03-04 08:00:00,system,2026-03-04 08:00:00,system
454,87,2,988,6,2.0,100.0,20017.43,,2026-03-04 08:00:00,system,2026-03-04 08:00:00,system
455,87,3,1164,1,2.0,2000.0,130.67,,2026-03-04 08:00:00,system,2026-03-04 08:00:00,system
456,87,4,640,6,6.0,1080.0,33194.41,,2026-03-04 08:00:00,system,2026-03-04 08:00:00,system
457,88,1,891,1,8.0,8000.0,191.38,,2026-06-15 08:00:00,system,2026-06-15 08:00:00,system
458,88,2,1009,6,22.0,8.8,145.76,,2026-06-15 08:00:00,system,2026-06-15 08:00:00,system
459,88,3,1480,6,35.0,700.0,4262.07,,2026-06-15 08:00:00,system,2026-06-15 08:00:00,system
460,88,4,340,6,24.0,360.0,3380.55,,2026-06-15 08:00:00,system,2026-06-15 08:00:00,system
461,89,1,83,6,80.0,80.0,252.85,,2026-02-26 08:00:00,system,2026-02-26 08:00:00,system
462,89,2,229,6,9.0,495.0,15320.83,,2026-02-26 08:00:00,system,2026-02-26 08:00:00,system
463,89,3,1449,6,28.0,700.0,6144.56,,2026-02-26 08:00:00,system,2026-02-26 08:00:00,system
464,89,4,1097,6,90.0,450.0,1974.76,,2026-02-26 08:00:00,system,2026-02-26 08:00:00,system
465,89,5,1142,6,65.0,195.0,449.24,,2026-02-26 08:00:00,system,2026-02-26 08:00:00,system
466,89,6,1457,6,35.0,700.0,4624.77,,2026-02-26 08:00:00,system,2026-02-26 08:00:00,system
467,89,7,330,6,9.0,495.0,13471.76,,2026-02-26 08:00:00,system,2026-02-26 08:00:00,system
468,89,8,1092,6,8.0,1440.0,65650.17,,2026-02-26 08:00:00,system,2026-02-26 08:00:00,system
469,89,9,921,6,56.0,168.0,705.37,,2026-02-26 08:00:00,system,2026-02-26 08:00:00,system
470,89,10,873,6,15.0,2700.0,40669.33,,2026-02-26 08:00:00,system,2026-02-26 08:00:00,system
471,90,1,365,6,2.0,420.0,44637.21,,2026-04-14 08:00:00,system,2026-04-14 08:00:00,system
472,90,2,590,1,3.0,3000.0,169.95,,2026-04-14 08:00:00,system,2026-04-14 08:00:00,system
473,90,3,295,6,25.0,750.0,7349.54,,2026-04-14 08:00:00,system,2026-04-14 08:00:00,system
474,91,1,1429,1,2.0,4000.0,198.28,,2026-05-09 08:00:00,system,2026-05-09 08:00:00,system
475,91,2,1055,6,84.0,33.6,149.96,,2026-05-09 08:00:00,system,2026-05-09 08:00:00,system
476,91,3,1185,6,42.0,42.0,153.49,,2026-05-09 08:00:00,system,2026-05-09 08:00:00,system
477,91,4,831,6,3.0,630.0,44352.1,,2026-05-09 08:00:00,system,2026-05-09 08:00:00,system
478,91,5,318,1,6.0,6000.0,214.66,,2026-05-09 08:00:00,system,2026-05-09 08:00:00,system
479,91,6,160,6,60.0,48.0,205.38,,2026-05-09 08:00:00,system,2026-05-09 08:00:00,system
480,92,1,1470,6,14.0,210.0,3202.41,,2026-04-26 08:00:00,system,2026-04-26 08:00:00,system
481,92,2,368,6,11.0,11.0,219.65,,2026-04-26 08:00:00,system,2026-04-26 08:00:00,system
482,92,3,1382,6,7.0,105.0,3071.99,,2026-04-26 08:00:00,system,2026-04-26 08:00:00,system
483,92,4,164,6,18.0,90.0,1176.7,,2026-04-26 08:00:00,system,2026-04-26 08:00:00,system
484,92,5,1273,6,4.0,720.0,54760.88,,2026-04-26 08:00:00,system,2026-04-26 08:00:00,system
485,92,6,1143,6,39.0,195.0,689.64,,2026-04-26 08:00:00,system,2026-04-26 08:00:00,system
486,93,1,1457,6,35.0,700.0,4663.95,,2026-01-06 08:00:00,system,2026-01-06 08:00:00,system
487,93,2,269,6,1.0,210.0,52473.61,,2026-01-06 08:00:00,system,2026-01-06 08:00:00,system
488,94,1,877,1,6.0,12000.0,213.9,,2026-03-07 08:00:00,system,2026-03-07 08:00:00,system
489,94,2,1006,6,15.0,270.0,7531.86,,2026-03-07 08:00:00,system,2026-03-07 08:00:00,system
490,94,3,570,6,36.0,1080.0,6494.22,,2026-03-07 08:00:00,system,2026-03-07 08:00:00,system
491,94,4,1060,6,24.0,240.0,3927.32,,2026-03-07 08:00:00,system,2026-03-07 08:00:00,system
492,94,5,7,6,21.0,525.0,6336.13,,2026-03-07 08:00:00,system,2026-03-07 08:00:00,system
493,94,6,1219,6,2.0,420.0,30696.9,,2026-03-07 08:00:00,system,2026-03-07 08:00:00,system
494,94,7,1253,6,52.0,260.0,747.43,,2026-03-07 08:00:00,system,2026-03-07 08:00:00,system
495,94,8,589,1,6.0,3000.0,182.85,,2026-03-07 08:00:00,system,2026-03-07 08:00:00,system
496,94,9,675,6,9.0,270.0,6597.42,,2026-03-07 08:00:00,system,2026-03-07 08:00:00,system
497,95,1,779,6,35.0,1050.0,5962.36,,2026-04-13 08:00:00,system,2026-04-13 08:00:00,system
498,95,2,145,6,22.0,17.6,197.88,,2026-04-13 08:00:00,system,2026-04-13 08:00:00,system
499,95,3,279,6,24.0,600.0,6062.79,,2026-04-13 08:00:00,system,2026-04-13 08:00:00,system
500,95,4,1317,1,6.0,12000.0,276.69,,2026-04-13 08:00:00,system,2026-04-13 08:00:00,system
501,95,5,21,6,28.0,560.0,4821.72,,2026-04-13 08:00:00,system,2026-04-13 08:00:00,system
502,95,6,1158,6,55.0,165.0,406.57,,2026-04-13 08:00:00,system,2026-04-13 08:00:00,system
503,95,7,781,6,8.0,440.0,11540.9,,2026-04-13 08:00:00,system,2026-04-13 08:00:00,system
504,95,8,393,6,52.0,156.0,636.96,,2026-04-13 08:00:00,system,2026-04-13 08:00:00,system
505,96,1,1437,6,4.0,200.0,10340.14,,2026-05-24 08:00:00,system,2026-05-24 08:00:00,system
506,96,2,31,6,20.0,24.0,292.66,,2026-05-24 08:00:00,system,2026-05-24 08:00:00,system
507,96,3,153,6,24.0,600.0,6175.3,,2026-05-24 08:00:00,system,2026-05-24 08:00:00,system
508,97,1,1126,6,26.0,13.0,186.98,,2026-04-09 08:00:00,system,2026-04-09 08:00:00,system
509,97,2,804,1,6.0,3000.0,199.74,,2026-04-09 08:00:00,system,2026-04-09 08:00:00,system
510,97,3,610,6,20.0,300.0,2795.21,,2026-04-09 08:00:00,system,2026-04-09 08:00:00,system
511,98,1,168,6,21.0,525.0,6496.2,,2026-02-06 08:00:00,system,2026-02-06 08:00:00,system
512,98,2,288,6,30.0,36.0,320.07,,2026-02-06 08:00:00,system,2026-02-06 08:00:00,system
513,98,3,996,6,20.0,360.0,6942.7,,2026-02-06 08:00:00,system,2026-02-06 08:00:00,system
514,98,4,791,6,12.0,240.0,4663.34,,2026-02-06 08:00:00,system,2026-02-06 08:00:00,system
515,99,1,1323,6,1.0,210.0,64087.76,,2026-05-03 08:00:00,system,2026-05-03 08:00:00,system
516,99,2,222,6,24.0,120.0,1147.96,,2026-05-03 08:00:00,system,2026-05-03 08:00:00,system
517,99,3,1416,6,2.0,360.0,33911.14,,2026-05-03 08:00:00,system,2026-05-03 08:00:00,system
518,99,4,119,6,12.0,240.0,4768.83,,2026-05-03 08:00:00,system,2026-05-03 08:00:00,system
519,99,5,268,6,6.0,1080.0,39022.25,,2026-05-03 08:00:00,system,2026-05-03 08:00:00,system
520,100,1,152,6,6.0,120.0,4894.98,,2026-03-20 08:00:00,system,2026-03-20 08:00:00,system
521,100,2,1132,6,6.0,300.0,18325.96,,2026-03-20 08:00:00,system,2026-03-20 08:00:00,system
522,100,3,1262,6,28.0,280.0,1347.81,,2026-03-20 08:00:00,system,2026-03-20 08:00:00,system
523,100,4,540,6,12.0,300.0,4555.79,,2026-03-20 08:00:00,system,2026-03-20 08:00:00,system
524,100,5,25,6,2.0,110.0,13426.83,,2026-03-20 08:00:00,system,2026-03-20 08:00:00,system
525,100,6,663,6,30.0,600.0,3668.24,,2026-03-20 08:00:00,system,2026-03-20 08:00:00,system
526,101,1,1410,6,21.0,315.0,3243.96,,2026-01-11 08:00:00,system,2026-01-11 08:00:00,system
527,102,1,1299,1,8.0,16000.0,292.03,,2026-03-20 08:00:00,system,2026-03-20 08:00:00,system
528,102,2,449,6,14.0,210.0,3268.92,,2026-03-20 08:00:00,system,2026-03-20 08:00:00,system
529,102,3,237,6,15.0,75.0,1227.63,,2026-03-20 08:00:00,system,2026-03-20 08:00:00,system
530,102,4,232,1,6.0,6000.0,209.63,,2026-03-20 08:00:00,system,2026-03-20 08:00:00,system
531,103,1,269,6,5.0,1050.0,45618.96,,2026-01-14 08:00:00,system,2026-01-14 08:00:00,system
532,103,2,969,6,4.0,840.0,41728.06,,2026-01-14 08:00:00,system,2026-01-14 08:00:00,system
533,103,3,152,6,30.0,600.0,4894.98,,2026-01-14 08:00:00,system,2026-01-14 08:00:00,system
534,103,4,687,6,24.0,480.0,3911.69,,2026-01-14 08:00:00,system,2026-01-14 08:00:00,system
535,103,5,1070,6,8.0,80.0,3734.77,,2026-01-14 08:00:00,system,2026-01-14 08:00:00,system
536,103,6,1143,6,36.0,180.0,674.58,,2026-01-14 08:00:00,system,2026-01-14 08:00:00,system
537,103,7,475,1,8.0,8000.0,188.24,,2026-01-14 08:00:00,system,2026-01-14 08:00:00,system
538,103,8,1325,1,2.0,4000.0,289.91,,2026-01-14 08:00:00,system,2026-01-14 08:00:00,system
539,103,9,978,6,20.0,360.0,6368.41,,2026-01-14 08:00:00,system,2026-01-14 08:00:00,system
540,104,1,107,6,9.0,450.0,13277.23,,2026-01-15 08:00:00,system,2026-01-15 08:00:00,system
541,105,1,414,6,14.0,420.0,6271.93,,2026-01-11 08:00:00,system,2026-01-11 08:00:00,system
542,105,2,578,6,26.0,78.0,547.45,,2026-01-11 08:00:00,system,2026-01-11 08:00:00,system
543,105,3,674,6,18.0,450.0,4977.51,,2026-01-11 08:00:00,system,2026-01-11 08:00:00,system
544,105,4,1143,6,26.0,130.0,689.64,,2026-01-11 08:00:00,system,2026-01-11 08:00:00,system
545,105,5,1367,6,3.0,630.0,60598.84,,2026-01-11 08:00:00,system,2026-01-11 08:00:00,system
546,105,6,1484,6,2.0,110.0,11170.72,,2026-01-11 08:00:00,system,2026-01-11 08:00:00,system
547,105,7,1345,6,70.0,350.0,1559.45,,2026-01-11 08:00:00,system,2026-01-11 08:00:00,system
548,105,8,238,6,35.0,350.0,2353.43,,2026-01-11 08:00:00,system,2026-01-11 08:00:00,system
549,105,9,655,6,2.0,420.0,39192.59,,2026-01-11 08:00:00,system,2026-01-11 08:00:00,system
550,106,1,108,6,8.0,440.0,12885.41,,2026-04-08 08:00:00,system,2026-04-08 08:00:00,system
551,106,2,1206,6,50.0,150.0,403.27,,2026-04-08 08:00:00,system,2026-04-08 08:00:00,system
552,107,1,469,6,28.0,700.0,5369.25,,2026-05-03 08:00:00,system,2026-05-03 08:00:00,system
553,107,2,966,6,2.0,100.0,10237.01,,2026-05-03 08:00:00,system,2026-05-03 08:00:00,system
554,107,3,190,6,42.0,33.6,192.24,,2026-05-03 08:00:00,system,2026-05-03 08:00:00,system
555,107,4,1286,6,11.0,55.0,1678.0,,2026-05-03 08:00:00,system,2026-05-03 08:00:00,system
556,107,5,1433,6,25.0,375.0,3181.14,,2026-05-03 08:00:00,system,2026-05-03 08:00:00,system
557,107,6,1321,6,10.0,550.0,16570.83,,2026-05-03 08:00:00,system,2026-05-03 08:00:00,system
558,108,1,1277,6,39.0,39.0,307.61,,2026-01-27 08:00:00,system,2026-01-27 08:00:00,system
559,108,2,1476,6,28.0,84.0,649.4,,2026-01-27 08:00:00,system,2026-01-27 08:00:00,system
560,108,3,534,1,3.0,6000.0,191.48,,2026-01-27 08:00:00,system,2026-01-27 08:00:00,system
561,108,4,1437,6,6.0,300.0,10340.14,,2026-01-27 08:00:00,system,2026-01-27 08:00:00,system
562,108,5,472,6,2.0,110.0,11446.49,,2026-01-27 08:00:00,system,2026-01-27 08:00:00,system
563,108,6,1304,6,10.0,1800.0,52688.63,,2026-01-27 08:00:00,system,2026-01-27 08:00:00,system
564,109,1,793,6,35.0,1050.0,6452.36,,2026-05-02 08:00:00,system,2026-05-02 08:00:00,system
565,109,2,714,6,6.0,300.0,9412.21,,2026-05-02 08:00:00,system,2026-05-02 08:00:00,system
566,109,3,801,6,2.0,110.0,11135.11,,2026-05-02 08:00:00,system,2026-05-02 08:00:00,system
567,109,4,169,6,15.0,450.0,7537.77,,2026-05-02 08:00:00,system,2026-05-02 08:00:00,system
568,110,1,728,6,4.0,200.0,8974.66,,2026-01-23 08:00:00,system,2026-01-23 08:00:00,system
569,110,2,889,1,4.0,2000.0,197.35,,2026-01-23 08:00:00,system,2026-01-23 08:00:00,system
570,110,3,1221,6,26.0,26.0,138.56,,2026-01-23 08:00:00,system,2026-01-23 08:00:00,system
571,110,4,272,6,22.0,22.0,245.67,,2026-01-23 08:00:00,system,2026-01-23 08:00:00,system
572,111,1,858,6,8.0,440.0,10899.04,,2026-04-02 08:00:00,system,2026-04-02 08:00:00,system
573,111,2,108,6,4.0,220.0,12885.41,,2026-04-02 08:00:00,system,2026-04-02 08:00:00,system
574,111,3,593,6,11.0,33.0,559.63,,2026-04-02 08:00:00,system,2026-04-02 08:00:00,system
575,111,4,1134,6,50.0,20.0,139.29,,2026-04-02 08:00:00,system,2026-04-02 08:00:00,system
576,111,5,1117,6,52.0,26.0,180.35,,2026-04-02 08:00:00,system,2026-04-02 08:00:00,system
577,111,6,558,6,6.0,330.0,9832.3,,2026-04-02 08:00:00,system,2026-04-02 08:00:00,system
578,112,1,812,6,21.0,525.0,5333.71,,2026-05-03 08:00:00,system,2026-05-03 08:00:00,system
579,112,2,1249,6,4.0,220.0,7819.37,,2026-05-03 08:00:00,system,2026-05-03 08:00:00,system
580,112,3,68,6,6.0,180.0,7378.62,,2026-05-03 08:00:00,system,2026-05-03 08:00:00,system
581,112,4,119,6,7.0,140.0,4860.34,,2026-05-03 08:00:00,system,2026-05-03 08:00:00,system
582,112,5,389,6,18.0,360.0,4318.22,,2026-05-03 08:00:00,system,2026-05-03 08:00:00,system
583,112,6,696,1,1.0,2000.0,171.94,,2026-05-03 08:00:00,system,2026-05-03 08:00:00,system
584,113,1,482,6,28.0,420.0,3590.42,,2026-05-13 08:00:00,system,2026-05-13 08:00:00,system
585,113,2,615,6,10.0,550.0,11282.42,,2026-05-13 08:00:00,system,2026-05-13 08:00:00,system
586,113,3,103,6,40.0,600.0,3793.96,,2026-05-13 08:00:00,system,2026-05-13 08:00:00,system
587,113,4,394,6,14.0,70.0,1136.98,,2026-05-13 08:00:00,system,2026-05-13 08:00:00,system
588,114,1,413,6,12.0,300.0,5611.52,,2026-01-16 08:00:00,system,2026-01-16 08:00:00,system
589,114,2,1098,6,12.0,120.0,3478.07,,2026-01-16 08:00:00,system,2026-01-16 08:00:00,system
590,115,1,1359,6,5.0,1050.0,62566.46,,2026-02-14 08:00:00,system,2026-02-14 08:00:00,system
591,115,2,1095,6,24.0,24.0,369.55,,2026-02-14 08:00:00,system,2026-02-14 08:00:00,system
592,115,3,233,6,50.0,40.0,184.64,,2026-02-14 08:00:00,system,2026-02-14 08:00:00,system
593,115,4,470,6,20.0,600.0,6591.27,,2026-02-14 08:00:00,system,2026-02-14 08:00:00,system
594,115,5,439,6,10.0,550.0,12540.04,,2026-02-14 08:00:00,system,2026-02-14 08:00:00,system
595,116,1,1065,6,50.0,20.0,135.46,,2026-04-12 08:00:00,system,2026-04-12 08:00:00,system
596,117,1,1234,6,5.0,1050.0,26952.55,,2026-03-20 08:00:00,system,2026-03-20 08:00:00,system
597,117,2,1324,1,4.0,4000.0,291.61,,2026-03-20 08:00:00,system,2026-03-20 08:00:00,system
598,117,3,793,6,14.0,420.0,6452.36,,2026-03-20 08:00:00,system,2026-03-20 08:00:00,system
599,117,4,1332,1,3.0,3000.0,285.15,,2026-03-20 08:00:00,system,2026-03-20 08:00:00,system
600,117,5,879,6,14.0,70.0,1054.68,,2026-03-20 08:00:00,system,2026-03-20 08:00:00,system
601,117,6,586,6,10.0,550.0,10882.64,,2026-03-20 08:00:00,system,2026-03-20 08:00:00,system
602,117,7,487,6,4.0,220.0,12624.75,,2026-03-20 08:00:00,system,2026-03-20 08:00:00,system
603,117,8,1197,6,15.0,300.0,2655.95,,2026-03-20 08:00:00,system,2026-03-20 08:00:00,system
604,118,1,373,6,14.0,210.0,3417.02,,2026-03-06 08:00:00,system,2026-03-06 08:00:00,system
605,118,2,898,6,30.0,750.0,5484.31,,2026-03-06 08:00:00,system,2026-03-06 08:00:00,system
606,118,3,1221,6,44.0,44.0,137.77,,2026-03-06 08:00:00,system,2026-03-06 08:00:00,system
607,118,4,629,6,4.0,220.0,10233.62,,2026-03-06 08:00:00,system,2026-03-06 08:00:00,system
608,118,5,29,6,52.0,41.6,194.58,,2026-03-06 08:00:00,system,2026-03-06 08:00:00,system
609,118,6,1484,6,4.0,220.0,11126.28,,2026-03-06 08:00:00,system,2026-03-06 08:00:00,system
610,118,7,119,6,35.0,700.0,4860.34,,2026-03-06 08:00:00,system,2026-03-06 08:00:00,system
611,119,1,1298,1,4.0,4000.0,303.54,,2026-06-02 08:00:00,system,2026-06-02 08:00:00,system
612,119,2,763,6,18.0,360.0,4175.98,,2026-06-02 08:00:00,system,2026-06-02 08:00:00,system
613,120,1,1182,6,3.0,165.0,8560.46,,2026-01-20 08:00:00,system,2026-01-20 08:00:00,system
614,120,2,725,6,14.0,280.0,4094.23,,2026-01-20 08:00:00,system,2026-01-20 08:00:00,system
615,120,3,808,6,24.0,120.0,1163.99,,2026-01-20 08:00:00,system,2026-01-20 08:00:00,system
616,120,4,1117,6,52.0,26.0,198.62,,2026-01-20 08:00:00,system,2026-01-20 08:00:00,system
617,121,1,1413,6,35.0,1050.0,6201.39,,2026-01-04 08:00:00,system,2026-01-04 08:00:00,system
618,121,2,237,6,5.0,25.0,1227.63,,2026-01-04 08:00:00,system,2026-01-04 08:00:00,system
619,122,1,730,6,4.0,720.0,39275.33,,2026-04-28 08:00:00,system,2026-04-28 08:00:00,system
620,122,2,675,6,15.0,450.0,6550.52,,2026-04-28 08:00:00,system,2026-04-28 08:00:00,system
621,122,3,633,6,18.0,180.0,2258.86,,2026-04-28 08:00:00,system,2026-04-28 08:00:00,system
622,122,4,573,6,8.0,1440.0,39909.68,,2026-04-28 08:00:00,system,2026-04-28 08:00:00,system
623,122,5,886,6,8.0,440.0,14021.52,,2026-04-28 08:00:00,system,2026-04-28 08:00:00,system
624,122,6,1258,1,6.0,6000.0,141.96,,2026-04-28 08:00:00,system,2026-04-28 08:00:00,system
625,123,1,511,6,18.0,360.0,3945.3,,2026-02-15 08:00:00,system,2026-02-15 08:00:00,system
626,123,2,1329,6,2.0,110.0,17754.52,,2026-02-15 08:00:00,system,2026-02-15 08:00:00,system
627,123,3,620,1,2.0,4000.0,180.27,,2026-02-15 08:00:00,system,2026-02-15 08:00:00,system
628,124,1,1221,6,13.0,13.0,138.56,,2026-05-25 08:00:00,system,2026-05-25 08:00:00,system
629,125,1,120,6,6.0,150.0,5825.51,,2026-01-20 08:00:00,system,2026-01-20 08:00:00,system
630,125,2,994,6,36.0,180.0,1862.99,,2026-01-20 08:00:00,system,2026-01-20 08:00:00,system
631,125,3,87,6,18.0,180.0,2484.55,,2026-01-20 08:00:00,system,2026-01-20 08:00:00,system
632,125,4,1304,6,8.0,1440.0,52688.63,,2026-01-20 08:00:00,system,2026-01-20 08:00:00,system
633,125,5,1221,6,44.0,44.0,137.77,,2026-01-20 08:00:00,system,2026-01-20 08:00:00,system
634,125,6,322,6,26.0,78.0,664.91,,2026-01-20 08:00:00,system,2026-01-20 08:00:00,system
635,125,7,1155,6,3.0,630.0,28351.0,,2026-01-20 08:00:00,system,2026-01-20 08:00:00,system
636,125,8,1305,6,2.0,420.0,66113.37,,2026-01-20 08:00:00,system,2026-01-20 08:00:00,system
637,125,9,453,6,2.0,100.0,11154.87,,2026-01-20 08:00:00,system,2026-01-20 08:00:00,system
638,126,1,112,6,15.0,12.0,200.5,,2026-05-12 08:00:00,system,2026-05-12 08:00:00,system
639,126,2,1207,6,39.0,195.0,717.67,,2026-05-12 08:00:00,system,2026-05-12 08:00:00,system
640,126,3,606,1,4.0,8000.0,192.49,,2026-05-12 08:00:00,system,2026-05-12 08:00:00,system
641,126,4,80,6,5.0,1050.0,48891.95,,2026-05-12 08:00:00,system,2026-05-12 08:00:00,system
642,126,5,256,6,80.0,64.0,212.1,,2026-05-12 08:00:00,system,2026-05-12 08:00:00,system
643,126,6,313,6,30.0,900.0,6981.34,,2026-05-12 08:00:00,system,2026-05-12 08:00:00,system
644,126,7,1123,6,12.0,600.0,19383.58,,2026-05-12 08:00:00,system,2026-05-12 08:00:00,system
645,127,1,676,6,10.0,500.0,9329.26,,2026-04-01 08:00:00,system,2026-04-01 08:00:00,system
646,127,2,1463,6,1.0,210.0,40801.48,,2026-04-01 08:00:00,system,2026-04-01 08:00:00,system
647,127,3,1038,6,22.0,11.0,179.43,,2026-04-01 08:00:00,system,2026-04-01 08:00:00,system
648,127,4,1286,6,24.0,120.0,1663.88,,2026-04-01 08:00:00,system,2026-04-01 08:00:00,system
649,127,5,1179,6,42.0,210.0,698.05,,2026-04-01 08:00:00,system,2026-04-01 08:00:00,system
650,127,6,804,1,4.0,2000.0,199.74,,2026-04-01 08:00:00,system,2026-04-01 08:00:00,system
651,128,1,875,1,2.0,1000.0,217.78,,2026-03-16 08:00:00,system,2026-03-16 08:00:00,system
652,128,2,225,6,14.0,280.0,5351.29,,2026-03-16 08:00:00,system,2026-03-16 08:00:00,system
653,128,3,538,6,32.0,480.0,3038.97,,2026-03-16 08:00:00,system,2026-03-16 08:00:00,system
654,129,1,255,1,8.0,8000.0,242.76,,2026-06-06 08:00:00,system,2026-06-06 08:00:00,system
655,129,2,501,6,2.0,110.0,10935.89,,2026-06-06 08:00:00,system,2026-06-06 08:00:00,system
656,129,3,224,6,7.0,105.0,3900.28,,2026-06-06 08:00:00,system,2026-06-06 08:00:00,system
657,129,4,215,6,4.0,720.0,42558.96,,2026-06-06 08:00:00,system,2026-06-06 08:00:00,system
658,129,5,389,6,28.0,560.0,4525.9,,2026-06-06 08:00:00,system,2026-06-06 08:00:00,system
659,129,6,110,6,3.0,630.0,54359.69,,2026-06-06 08:00:00,system,2026-06-06 08:00:00,system
660,130,1,300,1,4.0,4000.0,229.63,,2026-05-12 08:00:00,system,2026-05-12 08:00:00,system
661,131,1,848,1,2.0,2000.0,195.88,,2026-02-01 08:00:00,system,2026-02-01 08:00:00,system
662,132,1,1156,1,6.0,6000.0,129.11,,2026-01-02 08:00:00,system,2026-01-02 08:00:00,system
663,132,2,1305,6,2.0,420.0,63328.24,,2026-01-02 08:00:00,system,2026-01-02 08:00:00,system
664,133,1,714,6,4.0,200.0,10477.5,,2026-05-30 08:00:00,system,2026-05-30 08:00:00,system
665,133,2,690,6,6.0,300.0,10527.56,,2026-05-30 08:00:00,system,2026-05-30 08:00:00,system
666,133,3,544,6,6.0,1080.0,36377.5,,2026-05-30 08:00:00,system,2026-05-30 08:00:00,system
667,133,4,348,1,3.0,3000.0,231.14,,2026-05-30 08:00:00,system,2026-05-30 08:00:00,system
668,133,5,1333,1,2.0,4000.0,319.98,,2026-05-30 08:00:00,system,2026-05-30 08:00:00,system
669,134,1,23,6,7.0,210.0,7107.52,,2026-03-24 08:00:00,system,2026-03-24 08:00:00,system
670,134,2,340,6,21.0,315.0,3283.79,,2026-03-24 08:00:00,system,2026-03-24 08:00:00,system
671,134,3,206,6,52.0,156.0,700.19,,2026-03-24 08:00:00,system,2026-03-24 08:00:00,system
672,134,4,1339,6,6.0,330.0,16950.62,,2026-03-24 08:00:00,system,2026-03-24 08:00:00,system
673,134,5,284,6,3.0,630.0,46154.17,,2026-03-24 08:00:00,system,2026-03-24 08:00:00,system
674,135,1,1056,6,33.0,16.5,178.19,,2026-03-09 08:00:00,system,2026-03-09 08:00:00,system
675,135,2,531,6,5.0,1050.0,37267.91,,2026-03-09 08:00:00,system,2026-03-09 08:00:00,system
676,135,3,340,6,24.0,360.0,3380.55,,2026-03-09 08:00:00,system,2026-03-09 08:00:00,system
677,136,1,925,6,28.0,560.0,4119.08,,2026-05-23 08:00:00,system,2026-05-23 08:00:00,system
678,136,2,620,1,8.0,16000.0,180.27,,2026-05-23 08:00:00,system,2026-05-23 08:00:00,system
679,136,3,991,6,10.0,5.0,179.95,,2026-05-23 08:00:00,system,2026-05-23 08:00:00,system
680,137,1,152,6,30.0,600.0,4894.98,,2026-04-22 08:00:00,system,2026-04-22 08:00:00,system
681,137,2,53,6,7.0,210.0,7286.76,,2026-04-22 08:00:00,system,2026-04-22 08:00:00,system
682,137,3,639,6,6.0,330.0,9901.57,,2026-04-22 08:00:00,system,2026-04-22 08:00:00,system
683,137,4,276,6,7.0,70.0,2462.36,,2026-04-22 08:00:00,system,2026-04-22 08:00:00,system
684,137,5,255,1,4.0,4000.0,225.92,,2026-04-22 08:00:00,system,2026-04-22 08:00:00,system
685,137,6,273,6,65.0,78.0,290.39,,2026-04-22 08:00:00,system,2026-04-22 08:00:00,system
686,138,1,443,6,56.0,44.8,173.66,,2026-06-11 08:00:00,system,2026-06-11 08:00:00,system
687,138,2,137,6,21.0,420.0,4759.29,,2026-06-11 08:00:00,system,2026-06-11 08:00:00,system
688,139,1,1381,6,24.0,240.0,2170.64,,2026-05-17 08:00:00,system,2026-05-17 08:00:00,system
689,139,2,574,6,3.0,630.0,36329.48,,2026-05-17 08:00:00,system,2026-05-17 08:00:00,system
690,139,3,1047,6,60.0,30.0,169.21,,2026-05-17 08:00:00,system,2026-05-17 08:00:00,system
691,139,4,1111,6,50.0,20.0,136.22,,2026-05-17 08:00:00,system,2026-05-17 08:00:00,system
692,139,5,156,6,10.0,550.0,13824.28,,2026-05-17 08:00:00,system,2026-05-17 08:00:00,system
693,139,6,1116,6,130.0,52.0,150.22,,2026-05-17 08:00:00,system,2026-05-17 08:00:00,system
694,140,1,521,6,33.0,99.0,615.21,,2026-03-23 08:00:00,system,2026-03-23 08:00:00,system
695,140,2,265,6,20.0,600.0,7018.87,,2026-03-23 08:00:00,system,2026-03-23 08:00:00,system
696,140,3,913,6,10.0,300.0,6255.86,,2026-03-23 08:00:00,system,2026-03-23 08:00:00,system
697,140,4,1063,6,8.0,400.0,18444.73,,2026-03-23 08:00:00,system,2026-03-23 08:00:00,system
698,140,5,317,6,4.0,840.0,43178.31,,2026-03-23 08:00:00,system,2026-03-23 08:00:00,system
699,141,1,555,6,14.0,350.0,4470.36,,2026-01-17 08:00:00,system,2026-01-17 08:00:00,system
700,142,1,696,1,4.0,8000.0,163.67,,2026-04-14 08:00:00,system,2026-04-14 08:00:00,system
701,142,2,1345,6,56.0,280.0,1559.45,,2026-04-14 08:00:00,system,2026-04-14 08:00:00,system
702,142,3,1295,6,21.0,420.0,6185.6,,2026-04-14 08:00:00,system,2026-04-14 08:00:00,system
703,143,1,1423,6,24.0,240.0,2204.13,,2026-05-16 08:00:00,system,2026-05-16 08:00:00,system
704,143,2,1256,6,10.0,550.0,7964.78,,2026-05-16 08:00:00,system,2026-05-16 08:00:00,system
705,143,3,838,6,24.0,360.0,3169.73,,2026-05-16 08:00:00,system,2026-05-16 08:00:00,system
706,143,4,996,6,12.0,216.0,6168.52,,2026-05-16 08:00:00,system,2026-05-16 08:00:00,system
707,143,5,1018,6,25.0,10.0,136.25,,2026-05-16 08:00:00,system,2026-05-16 08:00:00,system
708,144,1,1159,6,22.0,110.0,661.61,,2026-02-26 08:00:00,system,2026-02-26 08:00:00,system
709,144,2,936,6,18.0,450.0,5482.06,,2026-02-26 08:00:00,system,2026-02-26 08:00:00,system
710,144,3,1156,1,4.0,4000.0,129.11,,2026-02-26 08:00:00,system,2026-02-26 08:00:00,system
711,144,4,1081,6,8.0,400.0,17100.03,,2026-02-26 08:00:00,system,2026-02-26 08:00:00,system
712,144,5,626,6,30.0,750.0,4485.76,,2026-02-26 08:00:00,system,2026-02-26 08:00:00,system
713,145,1,152,6,8.0,160.0,5012.14,,2026-02-23 08:00:00,system,2026-02-23 08:00:00,system
714,145,2,593,6,16.0,48.0,631.73,,2026-02-23 08:00:00,system,2026-02-23 08:00:00,system
715,145,3,1462,6,2.0,360.0,38876.63,,2026-02-23 08:00:00,system,2026-02-23 08:00:00,system
716,145,4,547,1,8.0,4000.0,197.08,,2026-02-23 08:00:00,system,2026-02-23 08:00:00,system
717,146,1,1477,6,6.0,30.0,1057.27,,2026-02-22 08:00:00,system,2026-02-22 08:00:00,system
718,146,2,99,6,55.0,66.0,288.3,,2026-02-22 08:00:00,system,2026-02-22 08:00:00,system
719,147,1,1038,6,22.0,11.0,179.43,,2026-04-12 08:00:00,system,2026-04-12 08:00:00,system
720,148,1,216,6,5.0,1050.0,51533.23,,2026-05-15 08:00:00,system,2026-05-15 08:00:00,system
721,148,2,1011,6,64.0,64.0,375.53,,2026-05-15 08:00:00,system,2026-05-15 08:00:00,system
722,148,3,97,6,14.0,11.2,196.83,,2026-05-15 08:00:00,system,2026-05-15 08:00:00,system
723,149,1,175,6,14.0,11.2,191.02,,2026-06-21 08:00:00,system,2026-06-21 08:00:00,system
724,150,1,235,6,33.0,39.6,273.25,,2026-05-29 08:00:00,system,2026-05-29 08:00:00,system
725,150,2,1159,6,13.0,65.0,709.63,,2026-05-29 08:00:00,system,2026-05-29 08:00:00,system
726,150,3,1372,6,4.0,200.0,11017.16,,2026-05-29 08:00:00,system,2026-05-29 08:00:00,system
727,150,4,10,6,4.0,220.0,13219.87,,2026-05-29 08:00:00,system,2026-05-29 08:00:00,system
728,150,5,233,6,56.0,44.8,193.77,,2026-05-29 08:00:00,system,2026-05-29 08:00:00,system
729,151,1,1463,6,1.0,210.0,40801.48,,2026-04-16 08:00:00,system,2026-04-16 08:00:00,system
730,151,2,641,6,4.0,840.0,36590.64,,2026-04-16 08:00:00,system,2026-04-16 08:00:00,system
731,151,3,791,6,21.0,420.0,4214.64,,2026-04-16 08:00:00,system,2026-04-16 08:00:00,system
732,151,4,203,6,14.0,11.2,188.51,,2026-04-16 08:00:00,system,2026-04-16 08:00:00,system
733,151,5,1153,6,12.0,240.0,2656.74,,2026-04-16 08:00:00,system,2026-04-16 08:00:00,system
734,151,6,1035,6,4.0,200.0,17585.42,,2026-04-16 08:00:00,system,2026-04-16 08:00:00,system
735,151,7,420,6,65.0,52.0,166.89,,2026-04-16 08:00:00,system,2026-04-16 08:00:00,system
736,151,8,1213,6,60.0,60.0,140.13,,2026-04-16 08:00:00,system,2026-04-16 08:00:00,system
737,152,1,538,6,7.0,105.0,2736.32,,2026-01-06 08:00:00,system,2026-01-06 08:00:00,system
738,153,1,1302,6,25.0,500.0,6102.27,,2026-01-15 08:00:00,system,2026-01-15 08:00:00,system
739,153,2,1363,6,39.0,195.0,1512.78,,2026-01-15 08:00:00,system,2026-01-15 08:00:00,system
740,153,3,289,6,13.0,39.0,752.25,,2026-01-15 08:00:00,system,2026-01-15 08:00:00,system
741,153,4,1005,6,10.0,100.0,3564.44,,2026-01-15 08:00:00,system,2026-01-15 08:00:00,system
742,153,5,1425,6,30.0,600.0,4223.72,,2026-01-15 08:00:00,system,2026-01-15 08:00:00,system
743,153,6,200,6,6.0,1080.0,40600.92,,2026-01-15 08:00:00,system,2026-01-15 08:00:00,system
744,154,1,792,6,24.0,600.0,6290.78,,2026-02-09 08:00:00,system,2026-02-09 08:00:00,system
745,154,2,1279,6,5.0,100.0,7446.62,,2026-02-09 08:00:00,system,2026-02-09 08:00:00,system
746,154,3,1204,1,4.0,4000.0,148.61,,2026-02-09 08:00:00,system,2026-02-09 08:00:00,system
747,154,4,597,6,18.0,360.0,4118.51,,2026-02-09 08:00:00,system,2026-02-09 08:00:00,system
748,154,5,732,1,3.0,1500.0,209.51,,2026-02-09 08:00:00,system,2026-02-09 08:00:00,system
749,154,6,625,6,18.0,360.0,4577.15,,2026-02-09 08:00:00,system,2026-02-09 08:00:00,system
750,154,7,806,1,1.0,2000.0,219.82,,2026-02-09 08:00:00,system,2026-02-09 08:00:00,system
751,154,8,1280,6,4.0,220.0,21585.92,,2026-02-09 08:00:00,system,2026-02-09 08:00:00,system
752,154,9,525,6,15.0,300.0,4129.82,,2026-02-09 08:00:00,system,2026-02-09 08:00:00,system
753,154,10,1147,6,2.0,420.0,30858.55,,2026-02-09 08:00:00,system,2026-02-09 08:00:00,system
754,154,11,870,6,12.0,360.0,7059.51,,2026-02-09 08:00:00,system,2026-02-09 08:00:00,system
755,154,12,479,6,20.0,60.0,776.29,,2026-02-09 08:00:00,system,2026-02-09 08:00:00,system
756,155,1,1114,6,42.0,84.0,720.01,,2026-05-12 08:00:00,system,2026-05-12 08:00:00,system
757,155,2,903,6,2.0,420.0,40452.35,,2026-05-12 08:00:00,system,2026-05-12 08:00:00,system
758,155,3,695,1,8.0,8000.0,168.6,,2026-05-12 08:00:00,system,2026-05-12 08:00:00,system
759,155,4,599,6,35.0,1050.0,5964.17,,2026-05-12 08:00:00,system,2026-05-12 08:00:00,system
760,155,5,1187,6,22.0,110.0,723.8,,2026-05-12 08:00:00,system,2026-05-12 08:00:00,system
761,155,6,1011,6,42.0,42.0,363.01,,2026-05-12 08:00:00,system,2026-05-12 08:00:00,system
762,155,7,1460,6,10.0,500.0,10392.16,,2026-05-12 08:00:00,system,2026-05-12 08:00:00,system
763,155,8,109,6,8.0,1440.0,41321.67,,2026-05-12 08:00:00,system,2026-05-12 08:00:00,system
764,155,9,299,6,4.0,840.0,47223.27,,2026-05-12 08:00:00,system,2026-05-12 08:00:00,system
765,155,10,91,6,18.0,540.0,7180.32,,2026-05-12 08:00:00,system,2026-05-12 08:00:00,system
766,155,11,246,6,5.0,1050.0,47516.68,,2026-05-12 08:00:00,system,2026-05-12 08:00:00,system
767,156,1,107,6,12.0,600.0,13310.1,,2026-04-08 08:00:00,system,2026-04-08 08:00:00,system
768,156,2,958,1,2.0,4000.0,208.82,,2026-04-08 08:00:00,system,2026-04-08 08:00:00,system
769,156,3,288,6,15.0,18.0,320.07,,2026-04-08 08:00:00,system,2026-04-08 08:00:00,system
770,157,1,1375,6,5.0,1050.0,47449.06,,2026-04-07 08:00:00,system,2026-04-07 08:00:00,system
771,157,2,1148,1,8.0,8000.0,141.24,,2026-04-07 08:00:00,system,2026-04-07 08:00:00,system
772,157,3,94,6,12.0,2160.0,42403.66,,2026-04-07 08:00:00,system,2026-04-07 08:00:00,system
773,157,4,596,6,18.0,270.0,2999.22,,2026-04-07 08:00:00,system,2026-04-07 08:00:00,system
774,158,1,1362,6,26.0,26.0,334.57,,2026-03-05 08:00:00,system,2026-03-05 08:00:00,system
775,158,2,304,6,12.0,9.6,173.15,,2026-03-05 08:00:00,system,2026-03-05 08:00:00,system
776,158,3,1342,1,6.0,6000.0,297.75,,2026-03-05 08:00:00,system,2026-03-05 08:00:00,system
777,158,4,366,1,1.0,1000.0,191.76,,2026-03-05 08:00:00,system,2026-03-05 08:00:00,system
778,158,5,473,6,2.0,360.0,36075.89,,2026-03-05 08:00:00,system,2026-03-05 08:00:00,system
779,158,6,1460,6,2.0,100.0,10714.45,,2026-03-05 08:00:00,system,2026-03-05 08:00:00,system
780,158,7,118,6,18.0,270.0,3620.9,,2026-03-05 08:00:00,system,2026-03-05 08:00:00,system
781,158,8,794,6,8.0,400.0,10549.6,,2026-03-05 08:00:00,system,2026-03-05 08:00:00,system
782,159,1,625,6,21.0,420.0,4172.36,,2026-03-11 08:00:00,system,2026-03-11 08:00:00,system
783,159,2,314,6,9.0,450.0,12270.65,,2026-03-11 08:00:00,system,2026-03-11 08:00:00,system
784,159,3,939,6,12.0,660.0,12826.67,,2026-03-11 08:00:00,system,2026-03-11 08:00:00,system
785,159,4,875,1,8.0,4000.0,217.78,,2026-03-11 08:00:00,system,2026-03-11 08:00:00,system
786,159,5,1150,6,75.0,225.0,468.03,,2026-03-11 08:00:00,system,2026-03-11 08:00:00,system
787,159,6,26,6,2.0,360.0,42746.97,,2026-03-11 08:00:00,system,2026-03-11 08:00:00,system
788,159,7,130,6,75.0,225.0,752.41,,2026-03-11 08:00:00,system,2026-03-11 08:00:00,system
789,159,8,430,6,6.0,300.0,12284.72,,2026-03-11 08:00:00,system,2026-03-11 08:00:00,system
790,160,1,394,6,7.0,35.0,1239.36,,2026-01-04 08:00:00,system,2026-01-04 08:00:00,system
791,160,2,9,6,2.0,100.0,12740.75,,2026-01-04 08:00:00,system,2026-01-04 08:00:00,system
792,160,3,1009,6,30.0,12.0,154.95,,2026-01-04 08:00:00,system,2026-01-04 08:00:00,system
793,160,4,285,1,2.0,2000.0,223.1,,2026-01-04 08:00:00,system,2026-01-04 08:00:00,system
794,160,5,290,6,7.0,35.0,1337.04,,2026-01-04 08:00:00,system,2026-01-04 08:00:00,system
795,160,6,1449,6,24.0,600.0,5870.51,,2026-01-04 08:00:00,system,2026-01-04 08:00:00,system
796,160,7,413,6,14.0,350.0,5854.5,,2026-01-04 08:00:00,system,2026-01-04 08:00:00,system
797,160,8,288,6,30.0,36.0,320.07,,2026-01-04 08:00:00,system,2026-01-04 08:00:00,system
798,161,1,419,1,2.0,2000.0,206.23,,2026-05-27 08:00:00,system,2026-05-27 08:00:00,system
799,161,2,895,6,21.0,210.0,2163.53,,2026-05-27 08:00:00,system,2026-05-27 08:00:00,system
800,161,3,1268,6,11.0,33.0,412.02,,2026-05-27 08:00:00,system,2026-05-27 08:00:00,system
801,161,4,788,6,14.0,70.0,1050.14,,2026-05-27 08:00:00,system,2026-05-27 08:00:00,system
802,162,1,1390,1,2.0,1000.0,189.76,,2026-02-28 08:00:00,system,2026-02-28 08:00:00,system
803,162,2,395,6,12.0,120.0,2137.6,,2026-02-28 08:00:00,system,2026-02-28 08:00:00,system
804,162,3,1322,6,8.0,1440.0,53469.59,,2026-02-28 08:00:00,system,2026-02-28 08:00:00,system
805,162,4,1090,6,8.0,400.0,18316.26,,2026-02-28 08:00:00,system,2026-02-28 08:00:00,system
806,162,5,583,6,14.0,350.0,4931.64,,2026-02-28 08:00:00,system,2026-02-28 08:00:00,system
807,162,6,1388,6,4.0,720.0,36317.06,,2026-02-28 08:00:00,system,2026-02-28 08:00:00,system
808,162,7,1300,6,22.0,22.0,310.52,,2026-02-28 08:00:00,system,2026-02-28 08:00:00,system
809,162,8,571,6,6.0,300.0,9375.45,,2026-02-28 08:00:00,system,2026-02-28 08:00:00,system
810,162,9,148,6,65.0,195.0,709.71,,2026-02-28 08:00:00,system,2026-02-28 08:00:00,system
811,162,10,106,6,30.0,900.0,6973.29,,2026-02-28 08:00:00,system,2026-02-28 08:00:00,system
812,163,1,8,6,18.0,540.0,6935.04,,2026-04-17 08:00:00,system,2026-04-17 08:00:00,system
813,163,2,590,1,1.0,1000.0,169.95,,2026-04-17 08:00:00,system,2026-04-17 08:00:00,system
814,163,3,1127,6,50.0,50.0,369.78,,2026-04-17 08:00:00,system,2026-04-17 08:00:00,system
815,163,4,874,6,1.0,210.0,40198.7,,2026-04-17 08:00:00,system,2026-04-17 08:00:00,system
816,163,5,400,6,10.0,500.0,10825.07,,2026-04-17 08:00:00,system,2026-04-17 08:00:00,system
817,163,6,889,1,3.0,1500.0,197.35,,2026-04-17 08:00:00,system,2026-04-17 08:00:00,system
818,164,1,788,6,14.0,70.0,1050.14,,2026-06-21 08:00:00,system,2026-06-21 08:00:00,system
819,165,1,356,6,7.0,35.0,1131.0,,2026-02-13 08:00:00,system,2026-02-13 08:00:00,system
820,165,2,457,1,6.0,6000.0,208.7,,2026-02-13 08:00:00,system,2026-02-13 08:00:00,system
821,166,1,355,6,16.0,48.0,749.24,,2026-02-27 08:00:00,system,2026-02-27 08:00:00,system
822,166,2,1097,6,90.0,450.0,1974.76,,2026-02-27 08:00:00,system,2026-02-27 08:00:00,system
823,166,3,1482,6,18.0,540.0,7010.41,,2026-02-27 08:00:00,system,2026-02-27 08:00:00,system
824,166,4,855,6,16.0,400.0,5940.89,,2026-02-27 08:00:00,system,2026-02-27 08:00:00,system
825,166,5,1263,6,16.0,320.0,2977.99,,2026-02-27 08:00:00,system,2026-02-27 08:00:00,system
826,166,6,554,6,30.0,600.0,4328.66,,2026-02-27 08:00:00,system,2026-02-27 08:00:00,system
827,166,7,563,1,4.0,8000.0,203.2,,2026-02-27 08:00:00,system,2026-02-27 08:00:00,system
828,166,8,833,1,8.0,8000.0,209.45,,2026-02-27 08:00:00,system,2026-02-27 08:00:00,system
829,166,9,1059,6,54.0,270.0,1924.46,,2026-02-27 08:00:00,system,2026-02-27 08:00:00,system
830,166,10,44,6,13.0,10.4,223.13,,2026-02-27 08:00:00,system,2026-02-27 08:00:00,system
831,167,1,805,1,6.0,6000.0,188.87,,2026-03-19 08:00:00,system,2026-03-19 08:00:00,system
832,168,1,494,6,52.0,156.0,754.24,,2026-05-30 08:00:00,system,2026-05-30 08:00:00,system
833,168,2,989,6,6.0,1080.0,66977.68,,2026-05-30 08:00:00,system,2026-05-30 08:00:00,system
834,168,3,9,6,4.0,200.0,13005.58,,2026-05-30 08:00:00,system,2026-05-30 08:00:00,system
835,168,4,660,6,35.0,175.0,997.69,,2026-05-30 08:00:00,system,2026-05-30 08:00:00,system
836,168,5,584,6,16.0,480.0,6265.34,,2026-05-30 08:00:00,system,2026-05-30 08:00:00,system
837,168,6,1445,6,40.0,200.0,1160.28,,2026-05-30 08:00:00,system,2026-05-30 08:00:00,system
838,168,7,137,6,21.0,420.0,5281.25,,2026-05-30 08:00:00,system,2026-05-30 08:00:00,system
839,168,8,1395,6,7.0,70.0,2450.57,,2026-05-30 08:00:00,system,2026-05-30 08:00:00,system
840,168,9,82,6,48.0,38.4,210.95,,2026-05-30 08:00:00,system,2026-05-30 08:00:00,system
841,168,10,437,6,21.0,630.0,7088.08,,2026-05-30 08:00:00,system,2026-05-30 08:00:00,system
842,168,11,129,6,34.0,40.8,310.1,,2026-05-30 08:00:00,system,2026-05-30 08:00:00,system
843,168,12,997,6,8.0,400.0,19901.57,,2026-05-30 08:00:00,system,2026-05-30 08:00:00,system
844,168,13,169,6,8.0,240.0,8232.15,,2026-05-30 08:00:00,system,2026-05-30 08:00:00,system
845,168,14,214,6,15.0,825.0,14596.78,,2026-05-30 08:00:00,system,2026-05-30 08:00:00,system
846,169,1,885,6,8.0,400.0,10342.68,,2026-03-26 08:00:00,system,2026-03-26 08:00:00,system
847,169,2,696,1,1.0,2000.0,171.94,,2026-03-26 08:00:00,system,2026-03-26 08:00:00,system
848,169,3,227,6,14.0,420.0,7106.68,,2026-03-26 08:00:00,system,2026-03-26 08:00:00,system
849,170,1,49,6,30.0,300.0,2319.49,,2026-06-08 08:00:00,system,2026-06-08 08:00:00,system
850,170,2,822,6,30.0,150.0,1090.74,,2026-06-08 08:00:00,system,2026-06-08 08:00:00,system
851,170,3,194,6,12.0,60.0,1147.63,,2026-06-08 08:00:00,system,2026-06-08 08:00:00,system
852,171,1,1284,1,3.0,6000.0,292.69,,2026-06-16 08:00:00,system,2026-06-16 08:00:00,system
853,171,2,1495,6,12.0,300.0,5185.61,,2026-06-16 08:00:00,system,2026-06-16 08:00:00,system
854,171,3,1057,6,65.0,65.0,344.18,,2026-06-16 08:00:00,system,2026-06-16 08:00:00,system
855,171,4,1299,1,8.0,16000.0,292.03,,2026-06-16 08:00:00,system,2026-06-16 08:00:00,system
856,171,5,621,6,36.0,108.0,542.64,,2026-06-16 08:00:00,system,2026-06-16 08:00:00,system
857,172,1,754,6,6.0,1080.0,35069.09,,2026-04-11 08:00:00,system,2026-04-11 08:00:00,system
858,172,2,1381,6,28.0,280.0,2158.43,,2026-04-11 08:00:00,system,2026-04-11 08:00:00,system
859,173,1,1304,6,8.0,1440.0,52723.09,,2026-04-26 08:00:00,system,2026-04-26 08:00:00,system
860,173,2,414,6,35.0,1050.0,6380.12,,2026-04-26 08:00:00,system,2026-04-26 08:00:00,system
861,173,3,265,6,14.0,420.0,7230.93,,2026-04-26 08:00:00,system,2026-04-26 08:00:00,system
862,174,1,698,6,16.0,80.0,969.21,,2026-04-30 08:00:00,system,2026-04-30 08:00:00,system
863,175,1,1500,6,1.0,210.0,47281.01,,2026-02-17 08:00:00,system,2026-02-17 08:00:00,system
864,175,2,1186,6,28.0,84.0,463.83,,2026-02-17 08:00:00,system,2026-02-17 08:00:00,system
865,175,3,1490,6,54.0,162.0,714.46,,2026-02-17 08:00:00,system,2026-02-17 08:00:00,system
866,175,4,1122,6,12.0,216.0,7128.67,,2026-02-17 08:00:00,system,2026-02-17 08:00:00,system
867,175,5,492,6,80.0,80.0,232.95,,2026-02-17 08:00:00,system,2026-02-17 08:00:00,system
868,175,6,572,6,9.0,495.0,11453.83,,2026-02-17 08:00:00,system,2026-02-17 08:00:00,system
869,175,7,1422,6,24.0,120.0,1217.21,,2026-02-17 08:00:00,system,2026-02-17 08:00:00,system
870,175,8,1261,6,85.0,425.0,765.77,,2026-02-17 08:00:00,system,2026-02-17 08:00:00,system
871,175,9,366,1,8.0,8000.0,219.87,,2026-02-17 08:00:00,system,2026-02-17 08:00:00,system
872,175,10,604,1,6.0,3000.0,186.68,,2026-02-17 08:00:00,system,2026-02-17 08:00:00,system
873,176,1,1022,6,36.0,180.0,1790.15,,2026-03-18 08:00:00,system,2026-03-18 08:00:00,system
874,176,2,1053,6,6.0,300.0,16994.27,,2026-03-18 08:00:00,system,2026-03-18 08:00:00,system
875,176,3,768,6,6.0,1080.0,37320.64,,2026-03-18 08:00:00,system,2026-03-18 08:00:00,system
876,177,1,209,6,35.0,525.0,3756.53,,2026-02-11 08:00:00,system,2026-02-11 08:00:00,system
877,177,2,153,6,30.0,750.0,5975.51,,2026-02-11 08:00:00,system,2026-02-11 08:00:00,system
878,177,3,359,6,24.0,480.0,4490.08,,2026-02-11 08:00:00,system,2026-02-11 08:00:00,system
879,177,4,1096,6,55.0,110.0,754.33,,2026-02-11 08:00:00,system,2026-02-11 08:00:00,system
880,177,5,1491,6,15.0,75.0,1075.38,,2026-02-11 08:00:00,system,2026-02-11 08:00:00,system
881,177,6,964,6,25.0,625.0,5131.32,,2026-02-11 08:00:00,system,2026-02-11 08:00:00,system
882,177,7,89,6,7.0,140.0,4613.56,,2026-02-11 08:00:00,system,2026-02-11 08:00:00,system
883,177,8,166,6,30.0,450.0,3491.43,,2026-02-11 08:00:00,system,2026-02-11 08:00:00,system
884,177,9,655,6,3.0,630.0,37674.75,,2026-02-11 08:00:00,system,2026-02-11 08:00:00,system
885,177,10,735,6,60.0,180.0,541.19,,2026-02-11 08:00:00,system,2026-02-11 08:00:00,system
886,177,11,663,6,24.0,480.0,3876.22,,2026-02-11 08:00:00,system,2026-02-11 08:00:00,system
887,177,12,502,6,8.0,1440.0,31280.47,,2026-02-11 08:00:00,system,2026-02-11 08:00:00,system
888,177,13,776,6,24.0,360.0,3109.55,,2026-02-11 08:00:00,system,2026-02-11 08:00:00,system
889,178,1,373,6,21.0,315.0,3417.02,,2026-05-13 08:00:00,system,2026-05-13 08:00:00,system
890,178,2,455,6,2.0,360.0,39058.4,,2026-05-13 08:00:00,system,2026-05-13 08:00:00,system
891,178,3,1083,6,63.0,25.2,138.42,,2026-05-13 08:00:00,system,2026-05-13 08:00:00,system
892,178,4,1317,1,6.0,12000.0,293.34,,2026-05-13 08:00:00,system,2026-05-13 08:00:00,system
893,178,5,10,6,10.0,550.0,13219.87,,2026-05-13 08:00:00,system,2026-05-13 08:00:00,system
894,179,1,120,6,9.0,225.0,6310.22,,2026-03-11 08:00:00,system,2026-03-11 08:00:00,system
895,179,2,855,6,32.0,800.0,5940.89,,2026-03-11 08:00:00,system,2026-03-11 08:00:00,system
896,179,3,1196,6,21.0,210.0,1632.9,,2026-03-11 08:00:00,system,2026-03-11 08:00:00,system
897,179,4,1191,6,2.0,420.0,32918.39,,2026-03-11 08:00:00,system,2026-03-11 08:00:00,system
898,180,1,1285,6,42.0,42.0,306.66,,2026-03-02 08:00:00,system,2026-03-02 08:00:00,system
899,180,2,1058,6,42.0,84.0,689.83,,2026-03-02 08:00:00,system,2026-03-02 08:00:00,system
900,180,3,624,6,28.0,420.0,2764.75,,2026-03-02 08:00:00,system,2026-03-02 08:00:00,system
901,180,4,1101,6,2.0,360.0,61379.67,,2026-03-02 08:00:00,system,2026-03-02 08:00:00,system
902,181,1,862,1,4.0,4000.0,205.38,,2026-01-01 08:00:00,system,2026-01-01 08:00:00,system
903,181,2,204,6,28.0,28.0,264.0,,2026-01-01 08:00:00,system,2026-01-01 08:00:00,system
904,182,1,906,1,4.0,8000.0,184.92,,2026-02-16 08:00:00,system,2026-02-16 08:00:00,system
905,182,2,1214,6,30.0,90.0,401.97,,2026-02-16 08:00:00,system,2026-02-16 08:00:00,system
906,182,3,349,6,56.0,44.8,178.3,,2026-02-16 08:00:00,system,2026-02-16 08:00:00,system
907,183,1,975,6,24.0,48.0,789.52,,2026-06-14 08:00:00,system,2026-06-14 08:00:00,system
908,183,2,546,6,2.0,420.0,41236.8,,2026-06-14 08:00:00,system,2026-06-14 08:00:00,system
909,183,3,36,6,14.0,280.0,4981.43,,2026-06-14 08:00:00,system,2026-06-14 08:00:00,system
910,183,4,1132,6,4.0,200.0,18364.55,,2026-06-14 08:00:00,system,2026-06-14 08:00:00,system
911,183,5,1125,6,112.0,44.8,159.62,,2026-06-14 08:00:00,system,2026-06-14 08:00:00,system
912,184,1,257,6,48.0,48.0,264.91,,2026-03-07 08:00:00,system,2026-03-07 08:00:00,system
913,184,2,1055,6,84.0,33.6,152.41,,2026-03-07 08:00:00,system,2026-03-07 08:00:00,system
914,185,1,393,6,26.0,78.0,636.96,,2026-04-09 08:00:00,system,2026-04-09 08:00:00,system
915,185,2,1272,6,2.0,110.0,17828.51,,2026-04-09 08:00:00,system,2026-04-09 08:00:00,system
916,185,3,1081,6,8.0,400.0,17100.03,,2026-04-09 08:00:00,system,2026-04-09 08:00:00,system
917,186,1,513,6,30.0,900.0,5572.8,,2026-01-13 08:00:00,system,2026-01-13 08:00:00,system
918,186,2,923,6,21.0,210.0,2181.79,,2026-01-13 08:00:00,system,2026-01-13 08:00:00,system
919,187,1,1204,1,2.0,2000.0,130.07,,2026-02-23 08:00:00,system,2026-02-23 08:00:00,system
920,187,2,1048,6,51.0,51.0,386.56,,2026-02-23 08:00:00,system,2026-02-23 08:00:00,system
921,187,3,290,6,14.0,70.0,1337.04,,2026-02-23 08:00:00,system,2026-02-23 08:00:00,system
922,187,4,1132,6,6.0,300.0,18364.55,,2026-02-23 08:00:00,system,2026-02-23 08:00:00,system
923,187,5,220,6,48.0,57.6,324.93,,2026-02-23 08:00:00,system,2026-02-23 08:00:00,system
924,188,1,1022,6,12.0,60.0,1790.15,,2026-06-29 08:00:00,system,2026-06-29 08:00:00,system
925,188,2,52,6,10.0,250.0,5722.84,,2026-06-29 08:00:00,system,2026-06-29 08:00:00,system
926,188,3,1365,6,6.0,330.0,18449.0,,2026-06-29 08:00:00,system,2026-06-29 08:00:00,system
927,188,4,265,6,7.0,210.0,7230.93,,2026-06-29 08:00:00,system,2026-06-29 08:00:00,system
928,188,5,10,6,4.0,220.0,13229.37,,2026-06-29 08:00:00,system,2026-06-29 08:00:00,system
929,189,1,1184,1,1.0,1000.0,125.94,,2026-04-25 08:00:00,system,2026-04-25 08:00:00,system
930,189,2,956,1,1.0,500.0,195.57,,2026-04-25 08:00:00,system,2026-04-25 08:00:00,system
931,189,3,704,6,4.0,200.0,9046.77,,2026-04-25 08:00:00,system,2026-04-25 08:00:00,system
932,189,4,583,6,7.0,175.0,4927.44,,2026-04-25 08:00:00,system,2026-04-25 08:00:00,system
933,190,1,95,6,2.0,420.0,48295.13,,2026-03-03 08:00:00,system,2026-03-03 08:00:00,system
934,190,2,443,6,56.0,44.8,173.66,,2026-03-03 08:00:00,system,2026-03-03 08:00:00,system
935,190,3,59,6,42.0,33.6,186.99,,2026-03-03 08:00:00,system,2026-03-03 08:00:00,system
936,191,1,1343,1,2.0,4000.0,293.39,,2026-01-26 08:00:00,system,2026-01-26 08:00:00,system
937,191,2,989,6,2.0,360.0,60145.5,,2026-01-26 08:00:00,system,2026-01-26 08:00:00,system
938,191,3,1347,6,10.0,550.0,17628.61,,2026-01-26 08:00:00,system,2026-01-26 08:00:00,system
939,192,1,1419,1,4.0,4000.0,182.35,,2026-02-20 08:00:00,system,2026-02-20 08:00:00,system
940,192,2,943,1,8.0,8000.0,187.13,,2026-02-20 08:00:00,system,2026-02-20 08:00:00,system
941,192,3,955,6,5.0,1050.0,39655.9,,2026-02-20 08:00:00,system,2026-02-20 08:00:00,system
942,192,4,146,6,40.0,40.0,236.72,,2026-02-20 08:00:00,system,2026-02-20 08:00:00,system
943,192,5,1069,6,48.0,240.0,1759.98,,2026-02-20 08:00:00,system,2026-02-20 08:00:00,system
944,192,6,1221,6,65.0,65.0,138.56,,2026-02-20 08:00:00,system,2026-02-20 08:00:00,system
945,193,1,1068,6,39.0,78.0,748.72,,2026-05-27 08:00:00,system,2026-05-27 08:00:00,system
946,194,1,419,1,2.0,2000.0,206.23,,2026-01-05 08:00:00,system,2026-01-05 08:00:00,system
947,194,2,784,1,2.0,1000.0,190.98,,2026-01-05 08:00:00,system,2026-01-05 08:00:00,system
948,194,3,720,1,6.0,12000.0,173.65,,2026-01-05 08:00:00,system,2026-01-05 08:00:00,system
949,194,4,400,6,10.0,500.0,11304.64,,2026-01-05 08:00:00,system,2026-01-05 08:00:00,system
950,194,5,245,6,6.0,1080.0,41018.18,,2026-01-05 08:00:00,system,2026-01-05 08:00:00,system
951,194,6,1367,6,1.0,210.0,64264.39,,2026-01-05 08:00:00,system,2026-01-05 08:00:00,system
952,194,7,979,6,2.0,100.0,18357.8,,2026-01-05 08:00:00,system,2026-01-05 08:00:00,system
953,195,1,1249,6,10.0,550.0,7819.37,,2026-01-04 08:00:00,system,2026-01-04 08:00:00,system
954,195,2,387,6,24.0,240.0,2295.75,,2026-01-04 08:00:00,system,2026-01-04 08:00:00,system
955,195,3,142,6,8.0,1440.0,40130.41,,2026-01-04 08:00:00,system,2026-01-04 08:00:00,system
956,195,4,1419,1,6.0,6000.0,197.65,,2026-01-04 08:00:00,system,2026-01-04 08:00:00,system
957,195,5,1116,6,26.0,10.4,136.2,,2026-01-04 08:00:00,system,2026-01-04 08:00:00,system
958,196,1,269,6,3.0,630.0,45618.96,,2026-06-26 08:00:00,system,2026-06-26 08:00:00,system
959,196,2,710,1,2.0,4000.0,175.88,,2026-06-26 08:00:00,system,2026-06-26 08:00:00,system
960,196,3,528,6,4.0,200.0,9790.18,,2026-06-26 08:00:00,system,2026-06-26 08:00:00,system
961,196,4,1134,6,125.0,50.0,139.29,,2026-06-26 08:00:00,system,2026-06-26 08:00:00,system
962,196,5,1057,6,52.0,52.0,375.37,,2026-06-26 08:00:00,system,2026-06-26 08:00:00,system
963,196,6,428,6,12.0,300.0,5288.02,,2026-06-26 08:00:00,system,2026-06-26 08:00:00,system
964,197,1,1476,6,42.0,126.0,649.4,,2026-04-11 08:00:00,system,2026-04-11 08:00:00,system
965,197,2,306,6,55.0,66.0,275.48,,2026-04-11 08:00:00,system,2026-04-11 08:00:00,system
966,197,3,579,6,12.0,60.0,936.89,,2026-04-11 08:00:00,system,2026-04-11 08:00:00,system
967,197,4,1287,6,6.0,120.0,6575.24,,2026-04-11 08:00:00,system,2026-04-11 08:00:00,system
968,197,5,771,1,8.0,8000.0,189.41,,2026-04-11 08:00:00,system,2026-04-11 08:00:00,system
969,197,6,244,6,2.0,110.0,12557.41,,2026-04-11 08:00:00,system,2026-04-11 08:00:00,system
970,197,7,373,6,35.0,525.0,3417.02,,2026-04-11 08:00:00,system,2026-04-11 08:00:00,system
971,197,8,311,6,14.0,280.0,4401.44,,2026-04-11 08:00:00,system,2026-04-11 08:00:00,system
972,197,9,237,6,6.0,30.0,1253.2,,2026-04-11 08:00:00,system,2026-04-11 08:00:00,system
973,197,10,1330,6,2.0,360.0,54426.29,,2026-04-11 08:00:00,system,2026-04-11 08:00:00,system
974,197,11,35,6,21.0,315.0,3423.16,,2026-04-11 08:00:00,system,2026-04-11 08:00:00,system
975,198,1,512,6,7.0,175.0,5124.89,,2026-05-29 08:00:00,system,2026-05-29 08:00:00,system
976,198,2,1373,6,6.0,330.0,11677.26,,2026-05-29 08:00:00,system,2026-05-29 08:00:00,system
977,198,3,29,6,13.0,10.4,194.58,,2026-05-29 08:00:00,system,2026-05-29 08:00:00,system
978,198,4,1216,6,7.0,70.0,1336.93,,2026-05-29 08:00:00,system,2026-05-29 08:00:00,system
979,198,5,805,1,1.0,1000.0,181.71,,2026-05-29 08:00:00,system,2026-05-29 08:00:00,system
980,199,1,582,6,18.0,360.0,3876.6,,2026-05-18 08:00:00,system,2026-05-18 08:00:00,system
981,200,1,690,6,10.0,500.0,9921.34,,2026-05-30 08:00:00,system,2026-05-30 08:00:00,system
982,201,1,254,6,1.0,210.0,50035.21,,2026-05-22 08:00:00,system,2026-05-22 08:00:00,system
983,201,2,528,6,2.0,100.0,9790.18,,2026-05-22 08:00:00,system,2026-05-22 08:00:00,system
984,202,1,749,6,39.0,117.0,563.96,,2026-05-17 08:00:00,system,2026-05-17 08:00:00,system
985,202,2,819,1,8.0,8000.0,181.4,,2026-05-17 08:00:00,system,2026-05-17 08:00:00,system
986,202,3,79,6,6.0,1080.0,41766.74,,2026-05-17 08:00:00,system,2026-05-17 08:00:00,system
987,202,4,682,1,4.0,8000.0,171.61,,2026-05-17 08:00:00,system,2026-05-17 08:00:00,system
988,202,5,496,6,24.0,240.0,2171.95,,2026-05-17 08:00:00,system,2026-05-17 08:00:00,system
989,202,6,393,6,39.0,117.0,636.96,,2026-05-17 08:00:00,system,2026-05-17 08:00:00,system
990,203,1,231,6,5.0,1050.0,48059.25,,2026-02-06 08:00:00,system,2026-02-06 08:00:00,system
991,204,1,593,6,26.0,78.0,668.07,,2026-06-10 08:00:00,system,2026-06-10 08:00:00,system
992,204,2,162,6,68.0,81.6,320.8,,2026-06-10 08:00:00,system,2026-06-10 08:00:00,system
993,204,3,1457,6,35.0,700.0,4678.21,,2026-06-10 08:00:00,system,2026-06-10 08:00:00,system
994,204,4,267,6,9.0,495.0,14286.19,,2026-06-10 08:00:00,system,2026-06-10 08:00:00,system
995,204,5,989,6,6.0,1080.0,66977.68,,2026-06-10 08:00:00,system,2026-06-10 08:00:00,system
996,204,6,1422,6,40.0,200.0,1217.21,,2026-06-10 08:00:00,system,2026-06-10 08:00:00,system
997,205,1,540,6,24.0,600.0,4555.79,,2026-04-09 08:00:00,system,2026-04-09 08:00:00,system
998,205,2,278,6,12.0,240.0,4742.94,,2026-04-09 08:00:00,system,2026-04-09 08:00:00,system
999,205,3,957,1,2.0,2000.0,182.46,,2026-04-09 08:00:00,system,2026-04-09 08:00:00,system
1000,205,4,1332,1,4.0,4000.0,286.98,,2026-04-09 08:00:00,system,2026-04-09 08:00:00,system
1001,205,5,162,6,42.0,50.4,291.52,,2026-04-09 08:00:00,system,2026-04-09 08:00:00,system
1002,205,6,1205,6,52.0,52.0,146.1,,2026-04-09 08:00:00,system,2026-04-09 08:00:00,system
1003,205,7,1209,6,6.0,120.0,2920.45,,2026-04-09 08:00:00,system,2026-04-09 08:00:00,system
1004,205,8,58,1,6.0,6000.0,227.01,,2026-04-09 08:00:00,system,2026-04-09 08:00:00,system
1005,205,9,662,6,6.0,90.0,2698.29,,2026-04-09 08:00:00,system,2026-04-09 08:00:00,system
1006,205,10,1070,6,12.0,120.0,3734.77,,2026-04-09 08:00:00,system,2026-04-09 08:00:00,system
1007,205,11,762,6,20.0,300.0,3154.23,,2026-04-09 08:00:00,system,2026-04-09 08:00:00,system
1008,205,12,554,6,12.0,240.0,3860.51,,2026-04-09 08:00:00,system,2026-04-09 08:00:00,system
1009,206,1,921,6,28.0,84.0,705.37,,2026-06-15 08:00:00,system,2026-06-15 08:00:00,system
1010,206,2,689,6,36.0,1080.0,6389.69,,2026-06-15 08:00:00,system,2026-06-15 08:00:00,system
1011,206,3,322,6,17.0,51.0,705.44,,2026-06-15 08:00:00,system,2026-06-15 08:00:00,system
1012,207,1,262,6,20.0,300.0,3487.09,,2026-02-19 08:00:00,system,2026-02-19 08:00:00,system
1013,208,1,1449,6,40.0,1000.0,5870.51,,2026-04-06 08:00:00,system,2026-04-06 08:00:00,system
1014,208,2,1458,6,24.0,600.0,5492.46,,2026-04-06 08:00:00,system,2026-04-06 08:00:00,system
1015,208,3,888,6,3.0,630.0,43571.45,,2026-04-06 08:00:00,system,2026-04-06 08:00:00,system
1016,209,1,615,6,9.0,495.0,11036.79,,2026-02-06 08:00:00,system,2026-02-06 08:00:00,system
1017,209,2,1453,6,80.0,240.0,718.38,,2026-02-06 08:00:00,system,2026-02-06 08:00:00,system
1018,209,3,664,6,8.0,200.0,5553.39,,2026-02-06 08:00:00,system,2026-02-06 08:00:00,system
1019,209,4,713,6,14.0,420.0,6235.2,,2026-02-06 08:00:00,system,2026-02-06 08:00:00,system
1020,209,5,430,6,6.0,300.0,11702.23,,2026-02-06 08:00:00,system,2026-02-06 08:00:00,system
1021,209,6,191,6,56.0,56.0,263.53,,2026-02-06 08:00:00,system,2026-02-06 08:00:00,system
1022,209,7,1115,6,51.0,255.0,1891.34,,2026-02-06 08:00:00,system,2026-02-06 08:00:00,system
1023,209,8,1476,6,64.0,192.0,714.03,,2026-02-06 08:00:00,system,2026-02-06 08:00:00,system
1024,209,9,864,6,28.0,84.0,699.1,,2026-02-06 08:00:00,system,2026-02-06 08:00:00,system
1025,210,1,1286,6,30.0,150.0,1513.73,,2026-02-23 08:00:00,system,2026-02-23 08:00:00,system
1026,211,1,565,6,28.0,140.0,1089.12,,2026-03-29 08:00:00,system,2026-03-29 08:00:00,system
1027,211,2,1032,6,65.0,325.0,2106.68,,2026-03-29 08:00:00,system,2026-03-29 08:00:00,system
1028,211,3,1481,6,35.0,875.0,5884.73,,2026-03-29 08:00:00,system,2026-03-29 08:00:00,system
1029,211,4,1211,6,5.0,1050.0,32188.82,,2026-03-29 08:00:00,system,2026-03-29 08:00:00,system
1030,211,5,1,6,68.0,81.6,337.45,,2026-03-29 08:00:00,system,2026-03-29 08:00:00,system
1031,211,6,152,6,9.0,180.0,5207.74,,2026-03-29 08:00:00,system,2026-03-29 08:00:00,system
1032,211,7,255,1,6.0,6000.0,241.95,,2026-03-29 08:00:00,system,2026-03-29 08:00:00,system
1033,211,8,1235,1,8.0,8000.0,134.05,,2026-03-29 08:00:00,system,2026-03-29 08:00:00,system
1034,211,9,856,6,24.0,720.0,7410.13,,2026-03-29 08:00:00,system,2026-03-29 08:00:00,system
1035,212,1,793,6,14.0,420.0,6452.36,,2026-05-13 08:00:00,system,2026-05-13 08:00:00,system
1036,212,2,25,6,2.0,110.0,13511.6,,2026-05-13 08:00:00,system,2026-05-13 08:00:00,system
1037,213,1,205,6,42.0,50.4,285.14,,2026-03-03 08:00:00,system,2026-03-03 08:00:00,system
1038,214,1,1489,1,4.0,8000.0,180.67,,2026-06-06 08:00:00,system,2026-06-06 08:00:00,system
1039,215,1,544,6,6.0,1080.0,31720.38,,2026-01-25 08:00:00,system,2026-01-25 08:00:00,system
1040,215,2,1115,6,28.0,140.0,1811.57,,2026-01-25 08:00:00,system,2026-01-25 08:00:00,system
1041,215,3,1341,6,2.0,420.0,64837.26,,2026-01-25 08:00:00,system,2026-01-25 08:00:00,system
1042,215,4,310,6,30.0,450.0,3190.99,,2026-01-25 08:00:00,system,2026-01-25 08:00:00,system
1043,215,5,1159,6,39.0,195.0,709.63,,2026-01-25 08:00:00,system,2026-01-25 08:00:00,system
1044,216,1,999,6,23.0,9.2,147.37,,2026-05-31 08:00:00,system,2026-05-31 08:00:00,system
1045,216,2,1201,6,21.0,420.0,2698.33,,2026-05-31 08:00:00,system,2026-05-31 08:00:00,system
1046,216,3,1085,6,48.0,48.0,365.87,,2026-05-31 08:00:00,system,2026-05-31 08:00:00,system
1047,216,4,681,1,2.0,2000.0,169.55,,2026-05-31 08:00:00,system,2026-05-31 08:00:00,system
1048,216,5,231,6,4.0,840.0,48059.25,,2026-05-31 08:00:00,system,2026-05-31 08:00:00,system
1049,216,6,1327,6,28.0,140.0,1648.74,,2026-05-31 08:00:00,system,2026-05-31 08:00:00,system
1050,217,1,987,6,12.0,216.0,6305.66,,2026-05-11 08:00:00,system,2026-05-11 08:00:00,system
1051,217,2,169,6,35.0,1050.0,7287.71,,2026-05-11 08:00:00,system,2026-05-11 08:00:00,system
1052,217,3,1028,6,52.0,26.0,171.88,,2026-05-11 08:00:00,system,2026-05-11 08:00:00,system
1053,217,4,1085,6,60.0,60.0,365.87,,2026-05-11 08:00:00,system,2026-05-11 08:00:00,system
1054,217,5,132,6,30.0,300.0,2289.62,,2026-05-11 08:00:00,system,2026-05-11 08:00:00,system
1055,217,6,542,6,10.0,500.0,9083.41,,2026-05-11 08:00:00,system,2026-05-11 08:00:00,system
1056,218,1,510,6,12.0,180.0,3281.21,,2026-05-31 08:00:00,system,2026-05-31 08:00:00,system
1057,218,2,900,6,3.0,150.0,11464.93,,2026-05-31 08:00:00,system,2026-05-31 08:00:00,system
1058,218,3,844,6,10.0,1800.0,39708.65,,2026-05-31 08:00:00,system,2026-05-31 08:00:00,system
1059,218,4,756,1,8.0,4000.0,198.34,,2026-05-31 08:00:00,system,2026-05-31 08:00:00,system
1060,218,5,380,6,2.0,420.0,49852.98,,2026-05-31 08:00:00,system,2026-05-31 08:00:00,system
1061,219,1,1287,6,10.0,200.0,6490.34,,2026-01-01 08:00:00,system,2026-01-01 08:00:00,system
1062,219,2,469,6,14.0,350.0,5369.25,,2026-01-01 08:00:00,system,2026-01-01 08:00:00,system
1063,219,3,373,6,21.0,315.0,3567.04,,2026-01-01 08:00:00,system,2026-01-01 08:00:00,system
1064,220,1,957,1,3.0,3000.0,182.46,,2026-04-07 08:00:00,system,2026-04-07 08:00:00,system
1065,220,2,459,6,28.0,28.0,222.39,,2026-04-07 08:00:00,system,2026-04-07 08:00:00,system
1066,220,3,852,6,12.0,120.0,2013.89,,2026-04-07 08:00:00,system,2026-04-07 08:00:00,system
1067,220,4,1227,1,8.0,8000.0,122.88,,2026-04-07 08:00:00,system,2026-04-07 08:00:00,system
1068,221,1,35,6,14.0,210.0,3649.55,,2026-03-01 08:00:00,system,2026-03-01 08:00:00,system
1069,222,1,986,6,16.0,160.0,3783.69,,2026-04-03 08:00:00,system,2026-04-03 08:00:00,system
1070,222,2,1139,6,5.0,50.0,3726.07,,2026-04-03 08:00:00,system,2026-04-03 08:00:00,system
1071,222,3,945,6,45.0,135.0,671.88,,2026-04-03 08:00:00,system,2026-04-03 08:00:00,system
1072,222,4,1028,6,42.0,21.0,183.83,,2026-04-03 08:00:00,system,2026-04-03 08:00:00,system
1073,222,5,1497,6,4.0,200.0,11547.45,,2026-04-03 08:00:00,system,2026-04-03 08:00:00,system
1074,222,6,1023,6,5.0,50.0,3858.78,,2026-04-03 08:00:00,system,2026-04-03 08:00:00,system
1075,222,7,1240,6,14.0,280.0,3156.85,,2026-04-03 08:00:00,system,2026-04-03 08:00:00,system
1076,223,1,160,6,22.0,17.6,189.08,,2026-03-29 08:00:00,system,2026-03-29 08:00:00,system
1077,223,2,194,6,6.0,30.0,1147.63,,2026-03-29 08:00:00,system,2026-03-29 08:00:00,system
1078,223,3,980,6,10.0,1800.0,60549.19,,2026-03-29 08:00:00,system,2026-03-29 08:00:00,system
1079,224,1,60,6,70.0,70.0,240.21,,2026-06-07 08:00:00,system,2026-06-07 08:00:00,system
1080,224,2,659,6,20.0,60.0,577.27,,2026-06-07 08:00:00,system,2026-06-07 08:00:00,system
1081,224,3,704,6,4.0,200.0,9704.74,,2026-06-07 08:00:00,system,2026-06-07 08:00:00,system
1082,224,4,1391,1,6.0,6000.0,197.82,,2026-06-07 08:00:00,system,2026-06-07 08:00:00,system
1083,225,1,757,1,8.0,8000.0,196.92,,2026-04-11 08:00:00,system,2026-04-11 08:00:00,system
1084,225,2,1195,6,30.0,150.0,732.58,,2026-04-11 08:00:00,system,2026-04-11 08:00:00,system
1085,226,1,29,6,44.0,35.2,186.05,,2026-04-17 08:00:00,system,2026-04-17 08:00:00,system
1086,226,2,1425,6,12.0,240.0,4223.72,,2026-04-17 08:00:00,system,2026-04-17 08:00:00,system
1087,226,3,1369,1,2.0,4000.0,300.19,,2026-04-17 08:00:00,system,2026-04-17 08:00:00,system
1088,226,4,378,6,8.0,440.0,11648.21,,2026-04-17 08:00:00,system,2026-04-17 08:00:00,system
1089,227,1,984,6,52.0,104.0,713.59,,2026-06-22 08:00:00,system,2026-06-22 08:00:00,system
1090,227,2,420,6,52.0,41.6,166.89,,2026-06-22 08:00:00,system,2026-06-22 08:00:00,system
1091,227,3,1321,6,6.0,330.0,16614.44,,2026-06-22 08:00:00,system,2026-06-22 08:00:00,system
1092,227,4,353,6,12.0,12.0,218.63,,2026-06-22 08:00:00,system,2026-06-22 08:00:00,system
1093,228,1,1127,6,40.0,40.0,369.78,,2026-03-10 08:00:00,system,2026-03-10 08:00:00,system
1094,228,2,58,1,2.0,2000.0,227.02,,2026-03-10 08:00:00,system,2026-03-10 08:00:00,system
1095,229,1,169,6,8.0,240.0,8232.15,,2026-02-07 08:00:00,system,2026-02-07 08:00:00,system
1096,229,2,1107,6,15.0,150.0,4075.44,,2026-02-07 08:00:00,system,2026-02-07 08:00:00,system
1097,229,3,1270,6,24.0,240.0,1650.76,,2026-02-07 08:00:00,system,2026-02-07 08:00:00,system
1098,229,4,9,6,8.0,400.0,13005.58,,2026-02-07 08:00:00,system,2026-02-07 08:00:00,system
1099,229,5,936,6,14.0,350.0,5641.07,,2026-02-07 08:00:00,system,2026-02-07 08:00:00,system
1100,230,1,172,6,8.0,1440.0,40489.41,,2026-03-04 08:00:00,system,2026-03-04 08:00:00,system
1101,230,2,977,6,20.0,200.0,3607.15,,2026-03-04 08:00:00,system,2026-03-04 08:00:00,system
1102,231,1,244,6,8.0,440.0,13747.11,,2026-06-13 08:00:00,system,2026-06-13 08:00:00,system
1103,231,2,1356,6,35.0,700.0,6629.4,,2026-06-13 08:00:00,system,2026-06-13 08:00:00,system
1104,231,3,895,6,35.0,350.0,1984.08,,2026-06-13 08:00:00,system,2026-06-13 08:00:00,system
1105,231,4,1425,6,30.0,600.0,4223.72,,2026-06-13 08:00:00,system,2026-06-13 08:00:00,system
1106,231,5,1267,6,13.0,13.0,138.69,,2026-06-13 08:00:00,system,2026-06-13 08:00:00,system
1107,231,6,495,6,21.0,105.0,1060.05,,2026-06-13 08:00:00,system,2026-06-13 08:00:00,system
1108,231,7,1303,6,10.0,550.0,17640.92,,2026-06-13 08:00:00,system,2026-06-13 08:00:00,system
1109,231,8,1157,6,24.0,24.0,135.14,,2026-06-13 08:00:00,system,2026-06-13 08:00:00,system
1110,231,9,1298,1,1.0,1000.0,289.64,,2026-06-13 08:00:00,system,2026-06-13 08:00:00,system
1111,231,10,280,6,5.0,150.0,7037.7,,2026-06-13 08:00:00,system,2026-06-13 08:00:00,system
1112,231,11,1346,6,28.0,560.0,6326.52,,2026-06-13 08:00:00,system,2026-06-13 08:00:00,system
1113,231,12,1331,6,3.0,630.0,60374.33,,2026-06-13 08:00:00,system,2026-06-13 08:00:00,system
1114,231,13,199,6,2.0,110.0,12750.78,,2026-06-13 08:00:00,system,2026-06-13 08:00:00,system
1115,231,14,60,6,42.0,42.0,240.21,,2026-06-13 08:00:00,system,2026-06-13 08:00:00,system
1116,231,15,1368,1,1.0,1000.0,294.37,,2026-06-13 08:00:00,system,2026-06-13 08:00:00,system
1117,232,1,1005,6,10.0,100.0,3564.44,,2026-04-20 08:00:00,system,2026-04-20 08:00:00,system
1118,233,1,1136,6,36.0,36.0,399.72,,2026-01-20 08:00:00,system,2026-01-20 08:00:00,system
1119,233,2,321,6,60.0,72.0,273.01,,2026-01-20 08:00:00,system,2026-01-20 08:00:00,system
1120,233,3,314,6,15.0,750.0,12270.65,,2026-01-20 08:00:00,system,2026-01-20 08:00:00,system
1121,234,1,1149,6,28.0,28.0,157.69,,2026-05-18 08:00:00,system,2026-05-18 08:00:00,system
1122,235,1,1193,6,33.0,33.0,134.0,,2026-06-12 08:00:00,system,2026-06-12 08:00:00,system
1123,236,1,1037,6,58.0,23.2,165.06,,2026-04-07 08:00:00,system,2026-04-07 08:00:00,system
1124,236,2,658,1,2.0,4000.0,187.3,,2026-04-07 08:00:00,system,2026-04-07 08:00:00,system
1125,236,3,1076,6,51.0,51.0,381.81,,2026-04-07 08:00:00,system,2026-04-07 08:00:00,system
1126,236,4,769,6,2.0,420.0,49055.67,,2026-04-07 08:00:00,system,2026-04-07 08:00:00,system
1127,236,5,181,6,8.0,120.0,4186.45,,2026-04-07 08:00:00,system,2026-04-07 08:00:00,system
1128,236,6,1479,6,16.0,240.0,3422.68,,2026-04-07 08:00:00,system,2026-04-07 08:00:00,system
1129,236,7,1469,6,36.0,360.0,2470.85,,2026-04-07 08:00:00,system,2026-04-07 08:00:00,system
1130,237,1,720,1,2.0,4000.0,173.65,,2026-05-17 08:00:00,system,2026-05-17 08:00:00,system
1131,237,2,743,6,2.0,110.0,10700.11,,2026-05-17 08:00:00,system,2026-05-17 08:00:00,system
1132,237,3,533,1,4.0,4000.0,182.71,,2026-05-17 08:00:00,system,2026-05-17 08:00:00,system
1133,237,4,999,6,69.0,27.6,147.37,,2026-05-17 08:00:00,system,2026-05-17 08:00:00,system
1134,237,5,906,1,3.0,6000.0,184.92,,2026-05-17 08:00:00,system,2026-05-17 08:00:00,system
1135,237,6,543,6,4.0,220.0,10436.97,,2026-05-17 08:00:00,system,2026-05-17 08:00:00,system
1136,237,7,643,1,2.0,2000.0,167.92,,2026-05-17 08:00:00,system,2026-05-17 08:00:00,system
1137,237,8,957,1,4.0,4000.0,195.98,,2026-05-17 08:00:00,system,2026-05-17 08:00:00,system
1138,237,9,134,6,12.0,240.0,4658.17,,2026-05-17 08:00:00,system,2026-05-17 08:00:00,system
1139,237,10,1169,6,6.0,120.0,2914.78,,2026-05-17 08:00:00,system,2026-05-17 08:00:00,system
1140,237,11,997,6,10.0,500.0,16928.61,,2026-05-17 08:00:00,system,2026-05-17 08:00:00,system
1141,237,12,577,1,4.0,8000.0,168.39,,2026-05-17 08:00:00,system,2026-05-17 08:00:00,system
1142,237,13,1271,6,24.0,480.0,6420.54,,2026-05-17 08:00:00,system,2026-05-17 08:00:00,system
1143,237,14,519,1,8.0,8000.0,174.32,,2026-05-17 08:00:00,system,2026-05-17 08:00:00,system
1144,238,1,1323,6,5.0,1050.0,60485.07,,2026-01-09 08:00:00,system,2026-01-09 08:00:00,system
1145,238,2,1267,6,28.0,28.0,136.3,,2026-01-09 08:00:00,system,2026-01-09 08:00:00,system
1146,239,1,13,1,2.0,2000.0,229.2,,2026-02-27 08:00:00,system,2026-02-27 08:00:00,system
1147,239,2,574,6,2.0,420.0,41245.84,,2026-02-27 08:00:00,system,2026-02-27 08:00:00,system
1148,239,3,1055,6,112.0,44.8,152.41,,2026-02-27 08:00:00,system,2026-02-27 08:00:00,system
1149,239,4,129,6,56.0,67.2,304.41,,2026-02-27 08:00:00,system,2026-02-27 08:00:00,system
1150,239,5,787,6,13.0,39.0,695.86,,2026-02-27 08:00:00,system,2026-02-27 08:00:00,system
1151,239,6,1017,6,3.0,540.0,69820.26,,2026-02-27 08:00:00,system,2026-02-27 08:00:00,system
1152,239,7,973,6,13.0,6.5,204.99,,2026-02-27 08:00:00,system,2026-02-27 08:00:00,system
1153,239,8,1095,6,48.0,48.0,384.01,,2026-02-27 08:00:00,system,2026-02-27 08:00:00,system
1154,239,9,348,1,6.0,6000.0,222.64,,2026-02-27 08:00:00,system,2026-02-27 08:00:00,system
1155,239,10,225,6,12.0,240.0,5425.34,,2026-02-27 08:00:00,system,2026-02-27 08:00:00,system
1156,240,1,432,6,7.0,35.0,1083.64,,2026-06-28 08:00:00,system,2026-06-28 08:00:00,system
1157,240,2,521,6,65.0,195.0,624.78,,2026-06-28 08:00:00,system,2026-06-28 08:00:00,system
1158,240,3,1308,6,39.0,39.0,307.26,,2026-06-28 08:00:00,system,2026-06-28 08:00:00,system
1159,240,4,1088,6,4.0,40.0,3595.77,,2026-06-28 08:00:00,system,2026-06-28 08:00:00,system
1160,240,5,693,6,1.0,210.0,36820.59,,2026-06-28 08:00:00,system,2026-06-28 08:00:00,system
1161,240,6,1020,6,55.0,55.0,374.16,,2026-06-28 08:00:00,system,2026-06-28 08:00:00,system
1162,240,7,39,6,4.0,200.0,12442.28,,2026-06-28 08:00:00,system,2026-06-28 08:00:00,system
1163,240,8,563,1,4.0,8000.0,177.04,,2026-06-28 08:00:00,system,2026-06-28 08:00:00,system
1164,240,9,988,6,8.0,400.0,18327.68,,2026-06-28 08:00:00,system,2026-06-28 08:00:00,system
1165,240,10,573,6,6.0,1080.0,31919.78,,2026-06-28 08:00:00,system,2026-06-28 08:00:00,system
1166,241,1,884,6,40.0,1200.0,6740.76,,2026-01-15 08:00:00,system,2026-01-15 08:00:00,system
1167,242,1,1203,6,5.0,1050.0,27478.84,,2026-01-03 08:00:00,system,2026-01-03 08:00:00,system
1168,242,2,13,1,2.0,2000.0,228.02,,2026-01-03 08:00:00,system,2026-01-03 08:00:00,system
1169,242,3,104,6,12.0,240.0,4983.98,,2026-01-03 08:00:00,system,2026-01-03 08:00:00,system
1170,243,1,639,6,4.0,220.0,10286.07,,2026-05-30 08:00:00,system,2026-05-30 08:00:00,system
1171,243,2,1256,6,2.0,110.0,7964.78,,2026-05-30 08:00:00,system,2026-05-30 08:00:00,system
1172,243,3,578,6,52.0,156.0,547.45,,2026-05-30 08:00:00,system,2026-05-30 08:00:00,system
1173,243,4,1432,6,14.0,140.0,2172.57,,2026-05-30 08:00:00,system,2026-05-30 08:00:00,system
1174,243,5,600,6,4.0,200.0,9762.1,,2026-05-30 08:00:00,system,2026-05-30 08:00:00,system
1175,244,1,13,1,1.0,1000.0,216.74,,2026-01-04 08:00:00,system,2026-01-04 08:00:00,system
1176,244,2,1373,6,6.0,330.0,11677.26,,2026-01-04 08:00:00,system,2026-01-04 08:00:00,system
1177,244,3,1154,6,4.0,220.0,7367.47,,2026-01-04 08:00:00,system,2026-01-04 08:00:00,system
1178,244,4,771,1,8.0,8000.0,189.41,,2026-01-04 08:00:00,system,2026-01-04 08:00:00,system
1179,244,5,120,6,6.0,150.0,5825.51,,2026-01-04 08:00:00,system,2026-01-04 08:00:00,system
1180,244,6,280,6,6.0,180.0,7104.36,,2026-01-04 08:00:00,system,2026-01-04 08:00:00,system
1181,244,7,492,6,11.0,11.0,222.76,,2026-01-04 08:00:00,system,2026-01-04 08:00:00,system
1182,244,8,23,6,7.0,210.0,7107.52,,2026-01-04 08:00:00,system,2026-01-04 08:00:00,system
1183,244,9,1183,6,2.0,420.0,29027.69,,2026-01-04 08:00:00,system,2026-01-04 08:00:00,system
1184,245,1,565,6,7.0,35.0,1089.12,,2026-05-11 08:00:00,system,2026-05-11 08:00:00,system
1185,245,2,938,6,3.0,150.0,11814.25,,2026-05-11 08:00:00,system,2026-05-11 08:00:00,system
1186,245,3,1490,6,64.0,192.0,736.26,,2026-05-11 08:00:00,system,2026-05-11 08:00:00,system
1187,245,4,971,6,10.0,1800.0,71978.26,,2026-05-11 08:00:00,system,2026-05-11 08:00:00,system
1188,245,5,1411,6,28.0,560.0,4470.54,,2026-05-11 08:00:00,system,2026-05-11 08:00:00,system
1189,245,6,612,6,24.0,600.0,5582.61,,2026-05-11 08:00:00,system,2026-05-11 08:00:00,system
1190,245,7,1187,6,15.0,75.0,756.56,,2026-05-11 08:00:00,system,2026-05-11 08:00:00,system
1191,246,1,687,6,24.0,480.0,3911.69,,2026-06-05 08:00:00,system,2026-06-05 08:00:00,system
1192,246,2,1205,6,52.0,52.0,146.1,,2026-06-05 08:00:00,system,2026-06-05 08:00:00,system
1193,246,3,108,6,8.0,440.0,12885.41,,2026-06-05 08:00:00,system,2026-06-05 08:00:00,system
1194,246,4,217,1,2.0,2000.0,217.04,,2026-06-05 08:00:00,system,2026-06-05 08:00:00,system
1195,246,5,476,6,48.0,38.4,178.0,,2026-06-05 08:00:00,system,2026-06-05 08:00:00,system
1196,246,6,1494,6,21.0,420.0,4192.72,,2026-06-05 08:00:00,system,2026-06-05 08:00:00,system
1197,246,7,674,6,14.0,350.0,4869.56,,2026-06-05 08:00:00,system,2026-06-05 08:00:00,system
1198,246,8,1345,6,36.0,180.0,1581.39,,2026-06-05 08:00:00,system,2026-06-05 08:00:00,system
1199,246,9,1282,6,3.0,630.0,64734.77,,2026-06-05 08:00:00,system,2026-06-05 08:00:00,system
1200,246,10,1059,6,48.0,240.0,1818.45,,2026-06-05 08:00:00,system,2026-06-05 08:00:00,system
1201,246,11,69,6,4.0,200.0,11573.65,,2026-06-05 08:00:00,system,2026-06-05 08:00:00,system
1202,246,12,1188,6,5.0,50.0,1436.78,,2026-06-05 08:00:00,system,2026-06-05 08:00:00,system
1203,246,13,831,6,1.0,210.0,42838.31,,2026-06-05 08:00:00,system,2026-06-05 08:00:00,system
1204,246,14,119,6,12.0,240.0,4733.42,,2026-06-05 08:00:00,system,2026-06-05 08:00:00,system
1205,247,1,1257,6,1.0,210.0,30980.21,,2026-04-26 08:00:00,system,2026-04-26 08:00:00,system
1206,247,2,107,6,12.0,600.0,13310.1,,2026-04-26 08:00:00,system,2026-04-26 08:00:00,system
1207,247,3,1042,6,8.0,80.0,3842.29,,2026-04-26 08:00:00,system,2026-04-26 08:00:00,system
1208,247,4,1127,6,64.0,64.0,391.74,,2026-04-26 08:00:00,system,2026-04-26 08:00:00,system
1209,247,5,424,6,28.0,140.0,1165.22,,2026-04-26 08:00:00,system,2026-04-26 08:00:00,system
1210,247,6,434,6,40.0,600.0,3625.35,,2026-04-26 08:00:00,system,2026-04-26 08:00:00,system
1211,248,1,1408,6,32.0,160.0,1128.3,,2026-02-25 08:00:00,system,2026-02-25 08:00:00,system
1212,249,1,202,1,6.0,6000.0,234.76,,2026-01-15 08:00:00,system,2026-01-15 08:00:00,system
1213,249,2,461,6,60.0,180.0,700.05,,2026-01-15 08:00:00,system,2026-01-15 08:00:00,system
1214,249,3,36,6,14.0,280.0,4981.43,,2026-01-15 08:00:00,system,2026-01-15 08:00:00,system
1215,250,1,869,6,27.0,675.0,5959.34,,2026-05-14 08:00:00,system,2026-05-14 08:00:00,system
1216,250,2,1475,6,2.0,110.0,12473.29,,2026-05-14 08:00:00,system,2026-05-14 08:00:00,system
1217,251,1,1026,6,8.0,1440.0,61608.95,,2026-04-22 08:00:00,system,2026-04-22 08:00:00,system
1218,251,2,991,6,14.0,7.0,172.97,,2026-04-22 08:00:00,system,2026-04-22 08:00:00,system
1219,251,3,647,6,30.0,300.0,1886.98,,2026-04-22 08:00:00,system,2026-04-22 08:00:00,system
1220,251,4,1015,6,16.0,288.0,6645.05,,2026-04-22 08:00:00,system,2026-04-22 08:00:00,system
1221,251,5,1466,1,8.0,16000.0,181.82,,2026-04-22 08:00:00,system,2026-04-22 08:00:00,system
1222,251,6,274,6,40.0,120.0,752.68,,2026-04-22 08:00:00,system,2026-04-22 08:00:00,system
1223,251,7,580,6,12.0,120.0,1941.95,,2026-04-22 08:00:00,system,2026-04-22 08:00:00,system
1224,252,1,556,6,12.0,360.0,5648.7,,2026-05-11 08:00:00,system,2026-05-11 08:00:00,system
1225,253,1,25,6,2.0,110.0,13511.6,,2026-06-27 08:00:00,system,2026-06-27 08:00:00,system
1226,253,2,988,6,2.0,100.0,18327.68,,2026-06-27 08:00:00,system,2026-06-27 08:00:00,system
1227,253,3,1408,6,18.0,90.0,1034.44,,2026-06-27 08:00:00,system,2026-06-27 08:00:00,system
1228,253,4,1020,6,22.0,22.0,374.16,,2026-06-27 08:00:00,system,2026-06-27 08:00:00,system
1229,253,5,1210,6,6.0,330.0,7314.73,,2026-06-27 08:00:00,system,2026-06-27 08:00:00,system
1230,253,6,843,6,4.0,220.0,11861.53,,2026-06-27 08:00:00,system,2026-06-27 08:00:00,system
1231,254,1,977,6,20.0,200.0,3715.72,,2026-04-09 08:00:00,system,2026-04-09 08:00:00,system
1232,254,2,449,6,16.0,240.0,3686.36,,2026-04-09 08:00:00,system,2026-04-09 08:00:00,system
1233,255,1,1489,1,2.0,4000.0,180.67,,2026-05-29 08:00:00,system,2026-05-29 08:00:00,system
1234,255,2,190,6,70.0,56.0,192.24,,2026-05-29 08:00:00,system,2026-05-29 08:00:00,system
1235,255,3,400,6,8.0,400.0,10825.07,,2026-05-29 08:00:00,system,2026-05-29 08:00:00,system
1236,255,4,679,6,2.0,420.0,39643.17,,2026-05-29 08:00:00,system,2026-05-29 08:00:00,system
1237,255,5,1417,6,5.0,1050.0,42326.35,,2026-05-29 08:00:00,system,2026-05-29 08:00:00,system
1238,256,1,1303,6,8.0,440.0,16548.73,,2026-02-04 08:00:00,system,2026-02-04 08:00:00,system
1239,256,2,749,6,60.0,180.0,595.59,,2026-02-04 08:00:00,system,2026-02-04 08:00:00,system
1240,256,3,81,1,2.0,2000.0,207.39,,2026-02-04 08:00:00,system,2026-02-04 08:00:00,system
1241,257,1,629,6,8.0,440.0,10800.36,,2026-06-21 08:00:00,system,2026-06-21 08:00:00,system
1242,257,2,1477,6,24.0,120.0,1057.27,,2026-06-21 08:00:00,system,2026-06-21 08:00:00,system
1243,257,3,1423,6,18.0,180.0,2204.13,,2026-06-21 08:00:00,system,2026-06-21 08:00:00,system
1244,257,4,1195,6,20.0,100.0,712.6,,2026-06-21 08:00:00,system,2026-06-21 08:00:00,system
1245,258,1,59,6,39.0,31.2,217.2,,2026-02-17 08:00:00,system,2026-02-17 08:00:00,system
1246,259,1,1338,6,7.0,140.0,6483.49,,2026-01-25 08:00:00,system,2026-01-25 08:00:00,system
1247,260,1,77,6,8.0,400.0,12415.64,,2026-01-18 08:00:00,system,2026-01-18 08:00:00,system
1248,260,2,1115,6,22.0,110.0,1800.97,,2026-01-18 08:00:00,system,2026-01-18 08:00:00,system
1249,261,1,1274,6,5.0,1050.0,62422.65,,2026-02-12 08:00:00,system,2026-02-12 08:00:00,system
1250,261,2,858,6,8.0,440.0,10899.04,,2026-02-12 08:00:00,system,2026-02-12 08:00:00,system
1251,261,3,1361,1,2.0,4000.0,292.58,,2026-02-12 08:00:00,system,2026-02-12 08:00:00,system
1252,262,1,1476,6,80.0,240.0,714.03,,2026-02-06 08:00:00,system,2026-02-06 08:00:00,system
1253,262,2,39,6,10.0,500.0,13787.62,,2026-02-06 08:00:00,system,2026-02-06 08:00:00,system
1254,262,3,1373,6,6.0,330.0,13383.81,,2026-02-06 08:00:00,system,2026-02-06 08:00:00,system
1255,262,4,251,6,2.0,100.0,13389.31,,2026-02-06 08:00:00,system,2026-02-06 08:00:00,system
1256,262,5,1013,6,68.0,340.0,2013.18,,2026-02-06 08:00:00,system,2026-02-06 08:00:00,system
1257,262,6,1,6,17.0,20.4,337.45,,2026-02-06 08:00:00,system,2026-02-06 08:00:00,system
1258,263,1,1286,6,52.0,260.0,1507.89,,2026-04-04 08:00:00,system,2026-04-04 08:00:00,system
1259,263,2,95,6,1.0,210.0,46285.35,,2026-04-04 08:00:00,system,2026-04-04 08:00:00,system
1260,263,3,228,6,2.0,100.0,12173.4,,2026-04-04 08:00:00,system,2026-04-04 08:00:00,system
1261,263,4,1138,6,22.0,110.0,1730.69,,2026-04-04 08:00:00,system,2026-04-04 08:00:00,system
1262,263,5,779,6,25.0,750.0,6326.51,,2026-04-04 08:00:00,system,2026-04-04 08:00:00,system
1263,264,1,1066,6,72.0,36.0,204.59,,2026-04-30 08:00:00,system,2026-04-30 08:00:00,system
1264,265,1,1266,1,4.0,4000.0,134.61,,2026-04-27 08:00:00,system,2026-04-27 08:00:00,system
1265,265,2,4,6,7.0,70.0,2646.36,,2026-04-27 08:00:00,system,2026-04-27 08:00:00,system
1266,265,3,608,6,32.0,160.0,1038.18,,2026-04-27 08:00:00,system,2026-04-27 08:00:00,system
1267,265,4,289,6,16.0,48.0,763.76,,2026-04-27 08:00:00,system,2026-04-27 08:00:00,system
1268,265,5,244,6,6.0,330.0,15324.83,,2026-04-27 08:00:00,system,2026-04-27 08:00:00,system
1269,266,1,1339,6,8.0,440.0,16604.06,,2026-06-28 08:00:00,system,2026-06-28 08:00:00,system
1270,266,2,293,6,12.0,240.0,4935.11,,2026-06-28 08:00:00,system,2026-06-28 08:00:00,system
1271,266,3,67,6,15.0,375.0,5931.82,,2026-06-28 08:00:00,system,2026-06-28 08:00:00,system
1272,267,1,1071,6,25.0,450.0,6674.42,,2026-01-07 08:00:00,system,2026-01-07 08:00:00,system
1273,267,2,1267,6,42.0,42.0,136.3,,2026-01-07 08:00:00,system,2026-01-07 08:00:00,system
1274,267,3,371,6,6.0,30.0,1182.94,,2026-01-07 08:00:00,system,2026-01-07 08:00:00,system
1275,267,4,328,6,18.0,540.0,6550.06,,2026-01-07 08:00:00,system,2026-01-07 08:00:00,system
1276,267,5,1062,6,12.0,216.0,6583.55,,2026-01-07 08:00:00,system,2026-01-07 08:00:00,system
1277,267,6,930,6,6.0,1080.0,36438.1,,2026-01-07 08:00:00,system,2026-01-07 08:00:00,system
1278,268,1,1150,6,32.0,96.0,468.56,,2026-01-04 08:00:00,system,2026-01-04 08:00:00,system
1279,268,2,315,6,8.0,440.0,13439.29,,2026-01-04 08:00:00,system,2026-01-04 08:00:00,system
1280,268,3,553,6,40.0,600.0,3061.06,,2026-01-04 08:00:00,system,2026-01-04 08:00:00,system
1281,268,4,59,6,26.0,20.8,217.2,,2026-01-04 08:00:00,system,2026-01-04 08:00:00,system
1282,268,5,261,6,24.0,240.0,2553.42,,2026-01-04 08:00:00,system,2026-01-04 08:00:00,system
1283,268,6,328,6,12.0,360.0,6879.38,,2026-01-04 08:00:00,system,2026-01-04 08:00:00,system
1284,268,7,831,6,1.0,210.0,44352.1,,2026-01-04 08:00:00,system,2026-01-04 08:00:00,system
1285,268,8,934,6,28.0,420.0,3440.66,,2026-01-04 08:00:00,system,2026-01-04 08:00:00,system
1286,268,9,824,6,35.0,525.0,3236.55,,2026-01-04 08:00:00,system,2026-01-04 08:00:00,system
1287,268,10,1175,6,1.0,210.0,29058.72,,2026-01-04 08:00:00,system,2026-01-04 08:00:00,system
1288,269,1,95,6,4.0,840.0,48295.13,,2026-03-02 08:00:00,system,2026-03-02 08:00:00,system
1289,269,2,1423,6,6.0,60.0,2101.08,,2026-03-02 08:00:00,system,2026-03-02 08:00:00,system
1290,270,1,1224,6,16.0,160.0,1483.72,,2026-04-18 08:00:00,system,2026-04-18 08:00:00,system
1291,270,2,760,6,35.0,175.0,1110.7,,2026-04-18 08:00:00,system,2026-04-18 08:00:00,system
1292,270,3,70,6,12.0,660.0,14908.75,,2026-04-18 08:00:00,system,2026-04-18 08:00:00,system
1293,270,4,478,6,52.0,62.4,274.07,,2026-04-18 08:00:00,system,2026-04-18 08:00:00,system
1294,270,5,708,1,3.0,1500.0,183.85,,2026-04-18 08:00:00,system,2026-04-18 08:00:00,system
1295,270,6,546,6,1.0,210.0,42417.0,,2026-04-18 08:00:00,system,2026-04-18 08:00:00,system
1296,271,1,1248,6,6.0,120.0,2738.11,,2026-03-14 08:00:00,system,2026-03-14 08:00:00,system
1297,271,2,717,6,4.0,840.0,37558.86,,2026-03-14 08:00:00,system,2026-03-14 08:00:00,system
1298,271,3,25,6,2.0,110.0,13426.83,,2026-03-14 08:00:00,system,2026-03-14 08:00:00,system
1299,271,4,1033,6,10.0,100.0,3589.21,,2026-03-14 08:00:00,system,2026-03-14 08:00:00,system
1300,271,5,752,6,10.0,500.0,10673.52,,2026-03-14 08:00:00,system,2026-03-14 08:00:00,system
1301,271,6,823,6,24.0,240.0,2073.41,,2026-03-14 08:00:00,system,2026-03-14 08:00:00,system
1302,272,1,1083,6,21.0,8.4,138.42,,2026-02-04 08:00:00,system,2026-02-04 08:00:00,system
1303,273,1,274,6,26.0,78.0,746.14,,2026-05-13 08:00:00,system,2026-05-13 08:00:00,system
1304,273,2,860,6,5.0,1050.0,41028.43,,2026-05-13 08:00:00,system,2026-05-13 08:00:00,system
1305,273,3,725,6,24.0,480.0,3737.2,,2026-05-13 08:00:00,system,2026-05-13 08:00:00,system
1306,273,4,232,1,2.0,2000.0,209.91,,2026-05-13 08:00:00,system,2026-05-13 08:00:00,system
1307,273,5,1002,6,42.0,42.0,361.29,,2026-05-13 08:00:00,system,2026-05-13 08:00:00,system
1308,273,6,1115,6,56.0,280.0,1811.57,,2026-05-13 08:00:00,system,2026-05-13 08:00:00,system
1309,273,7,1378,1,8.0,16000.0,181.07,,2026-05-13 08:00:00,system,2026-05-13 08:00:00,system
1310,273,8,95,6,5.0,1050.0,48295.13,,2026-05-13 08:00:00,system,2026-05-13 08:00:00,system
1311,273,9,1304,6,6.0,1080.0,52688.63,,2026-05-13 08:00:00,system,2026-05-13 08:00:00,system
1312,274,1,1254,6,18.0,180.0,1432.8,,2026-03-16 08:00:00,system,2026-03-16 08:00:00,system
1313,274,2,1289,6,2.0,360.0,56835.78,,2026-03-16 08:00:00,system,2026-03-16 08:00:00,system
1314,274,3,1153,6,30.0,600.0,2656.74,,2026-03-16 08:00:00,system,2026-03-16 08:00:00,system
1315,274,4,1310,6,24.0,480.0,6069.09,,2026-03-16 08:00:00,system,2026-03-16 08:00:00,system
1316,274,5,979,6,6.0,300.0,18357.8,,2026-03-16 08:00:00,system,2026-03-16 08:00:00,system
1317,275,1,1258,1,6.0,6000.0,141.96,,2026-03-15 08:00:00,system,2026-03-15 08:00:00,system
1318,276,1,99,6,22.0,26.4,288.3,,2026-06-01 08:00:00,system,2026-06-01 08:00:00,system
1319,276,2,1114,6,56.0,112.0,704.28,,2026-06-01 08:00:00,system,2026-06-01 08:00:00,system
1320,276,3,1364,6,12.0,240.0,6029.42,,2026-06-01 08:00:00,system,2026-06-01 08:00:00,system
1321,276,4,6,6,35.0,700.0,4990.06,,2026-06-01 08:00:00,system,2026-06-01 08:00:00,system
1322,277,1,764,6,30.0,750.0,4951.91,,2026-05-24 08:00:00,system,2026-05-24 08:00:00,system
1323,277,2,593,6,33.0,99.0,559.63,,2026-05-24 08:00:00,system,2026-05-24 08:00:00,system
1324,277,3,201,6,5.0,1050.0,48461.51,,2026-05-24 08:00:00,system,2026-05-24 08:00:00,system
1325,278,1,545,6,3.0,630.0,40299.67,,2026-01-12 08:00:00,system,2026-01-12 08:00:00,system
1326,278,2,1321,6,4.0,220.0,16614.44,,2026-01-12 08:00:00,system,2026-01-12 08:00:00,system
1327,278,3,789,6,24.0,240.0,2113.26,,2026-01-12 08:00:00,system,2026-01-12 08:00:00,system
1328,279,1,368,6,11.0,11.0,208.77,,2026-05-25 08:00:00,system,2026-05-25 08:00:00,system
1329,279,2,883,6,12.0,300.0,5272.56,,2026-05-25 08:00:00,system,2026-05-25 08:00:00,system
1330,279,3,571,6,8.0,400.0,9375.45,,2026-05-25 08:00:00,system,2026-05-25 08:00:00,system
1331,279,4,1317,1,6.0,12000.0,276.69,,2026-05-25 08:00:00,system,2026-05-25 08:00:00,system
1332,279,5,318,1,1.0,1000.0,206.21,,2026-05-25 08:00:00,system,2026-05-25 08:00:00,system
1333,280,1,606,1,2.0,4000.0,187.05,,2026-05-31 08:00:00,system,2026-05-31 08:00:00,system
1334,280,2,627,6,14.0,420.0,6157.24,,2026-05-31 08:00:00,system,2026-05-31 08:00:00,system
1335,280,3,259,6,30.0,90.0,787.83,,2026-05-31 08:00:00,system,2026-05-31 08:00:00,system
1336,281,1,718,1,3.0,1500.0,171.15,,2026-06-30 08:00:00,system,2026-06-30 08:00:00,system
1337,281,2,1071,6,10.0,180.0,6674.42,,2026-06-30 08:00:00,system,2026-06-30 08:00:00,system
1338,282,1,1069,6,60.0,300.0,1759.98,,2026-03-13 08:00:00,system,2026-03-13 08:00:00,system
1339,282,2,127,6,42.0,33.6,197.34,,2026-03-13 08:00:00,system,2026-03-13 08:00:00,system
1340,282,3,718,1,6.0,3000.0,166.43,,2026-03-13 08:00:00,system,2026-03-13 08:00:00,system
1341,282,4,1160,6,25.0,250.0,1370.74,,2026-03-13 08:00:00,system,2026-03-13 08:00:00,system
1342,282,5,1473,6,28.0,840.0,6085.64,,2026-03-13 08:00:00,system,2026-03-13 08:00:00,system
1343,282,6,361,6,12.0,360.0,7108.35,,2026-03-13 08:00:00,system,2026-03-13 08:00:00,system
1344,282,7,1064,6,2.0,360.0,62067.21,,2026-03-13 08:00:00,system,2026-03-13 08:00:00,system
1345,282,8,399,6,15.0,450.0,6398.55,,2026-03-13 08:00:00,system,2026-03-13 08:00:00,system
1346,282,9,58,1,2.0,2000.0,227.02,,2026-03-13 08:00:00,system,2026-03-13 08:00:00,system
1347,282,10,1494,6,28.0,560.0,4060.25,,2026-03-13 08:00:00,system,2026-03-13 08:00:00,system
1348,282,11,662,6,28.0,420.0,2783.27,,2026-03-13 08:00:00,system,2026-03-13 08:00:00,system
1349,282,12,825,6,18.0,360.0,3963.47,,2026-03-13 08:00:00,system,2026-03-13 08:00:00,system
1350,282,13,284,6,3.0,630.0,46946.12,,2026-03-13 08:00:00,system,2026-03-13 08:00:00,system
1351,282,14,754,6,2.0,360.0,35069.09,,2026-03-13 08:00:00,system,2026-03-13 08:00:00,system
1352,282,15,1221,6,39.0,39.0,138.56,,2026-03-13 08:00:00,system,2026-03-13 08:00:00,system
1353,283,1,749,6,26.0,78.0,563.96,,2026-04-07 08:00:00,system,2026-04-07 08:00:00,system
1354,284,1,615,6,3.0,165.0,12040.59,,2026-05-02 08:00:00,system,2026-05-02 08:00:00,system
1355,285,1,1207,6,16.0,80.0,717.29,,2026-02-09 08:00:00,system,2026-02-09 08:00:00,system
1356,285,2,793,6,28.0,840.0,6509.67,,2026-02-09 08:00:00,system,2026-02-09 08:00:00,system
1357,285,3,1268,6,42.0,126.0,473.15,,2026-02-09 08:00:00,system,2026-02-09 08:00:00,system
1358,286,1,1193,6,44.0,44.0,134.0,,2026-02-16 08:00:00,system,2026-02-16 08:00:00,system
1359,287,1,600,6,8.0,400.0,9762.1,,2026-02-17 08:00:00,system,2026-02-17 08:00:00,system
1360,287,2,521,6,22.0,66.0,615.21,,2026-02-17 08:00:00,system,2026-02-17 08:00:00,system
1361,287,3,302,6,4.0,840.0,45377.47,,2026-02-17 08:00:00,system,2026-02-17 08:00:00,system
1362,287,4,817,6,4.0,840.0,39770.18,,2026-02-17 08:00:00,system,2026-02-17 08:00:00,system
1363,287,5,631,6,40.0,120.0,560.78,,2026-02-17 08:00:00,system,2026-02-17 08:00:00,system
1364,287,6,1157,6,36.0,36.0,143.72,,2026-02-17 08:00:00,system,2026-02-17 08:00:00,system
1365,287,7,894,6,18.0,90.0,1051.4,,2026-02-17 08:00:00,system,2026-02-17 08:00:00,system
1366,288,1,1474,6,8.0,400.0,10247.11,,2026-03-09 08:00:00,system,2026-03-09 08:00:00,system
1367,288,2,273,6,26.0,31.2,290.39,,2026-03-09 08:00:00,system,2026-03-09 08:00:00,system
1368,288,3,200,6,8.0,1440.0,41262.01,,2026-03-09 08:00:00,system,2026-03-09 08:00:00,system
1369,289,1,107,6,15.0,750.0,13277.23,,2026-05-17 08:00:00,system,2026-05-17 08:00:00,system
1370,289,2,569,6,24.0,600.0,5195.19,,2026-05-17 08:00:00,system,2026-05-17 08:00:00,system
1371,289,3,845,6,1.0,210.0,45128.17,,2026-05-17 08:00:00,system,2026-05-17 08:00:00,system
1372,289,4,1008,6,2.0,360.0,69006.84,,2026-05-17 08:00:00,system,2026-05-17 08:00:00,system
1373,289,5,193,6,13.0,39.0,781.89,,2026-05-17 08:00:00,system,2026-05-17 08:00:00,system
1374,290,1,112,6,39.0,31.2,207.83,,2026-04-26 08:00:00,system,2026-04-26 08:00:00,system
1375,291,1,1321,6,2.0,110.0,17333.04,,2026-06-06 08:00:00,system,2026-06-06 08:00:00,system
1376,291,2,277,6,14.0,210.0,3760.89,,2026-06-06 08:00:00,system,2026-06-06 08:00:00,system
1377,291,3,785,1,2.0,2000.0,194.02,,2026-06-06 08:00:00,system,2026-06-06 08:00:00,system
1378,291,4,1189,6,12.0,240.0,2901.08,,2026-06-06 08:00:00,system,2026-06-06 08:00:00,system
1379,292,1,541,6,30.0,900.0,5735.49,,2026-05-03 08:00:00,system,2026-05-03 08:00:00,system
1380,292,2,258,6,52.0,62.4,293.81,,2026-05-03 08:00:00,system,2026-05-03 08:00:00,system
1381,292,3,178,6,40.0,120.0,691.71,,2026-05-03 08:00:00,system,2026-05-03 08:00:00,system
1382,293,1,447,6,30.0,150.0,1047.32,,2026-03-05 08:00:00,system,2026-03-05 08:00:00,system
1383,293,2,1140,6,8.0,144.0,6392.88,,2026-03-05 08:00:00,system,2026-03-05 08:00:00,system
1384,293,3,203,6,10.0,8.0,181.15,,2026-03-05 08:00:00,system,2026-03-05 08:00:00,system
1385,294,1,1475,6,4.0,220.0,11853.77,,2026-05-14 08:00:00,system,2026-05-14 08:00:00,system
1386,294,2,1214,6,50.0,150.0,401.97,,2026-05-14 08:00:00,system,2026-05-14 08:00:00,system
1387,294,3,500,6,35.0,1050.0,6542.21,,2026-05-14 08:00:00,system,2026-05-14 08:00:00,system
1388,295,1,165,6,12.0,120.0,2319.12,,2026-01-21 08:00:00,system,2026-01-21 08:00:00,system
1389,295,2,518,1,2.0,1000.0,179.38,,2026-01-21 08:00:00,system,2026-01-21 08:00:00,system
1390,296,1,181,6,40.0,600.0,4186.45,,2026-04-17 08:00:00,system,2026-04-17 08:00:00,system
1391,296,2,608,6,32.0,160.0,1038.18,,2026-04-17 08:00:00,system,2026-04-17 08:00:00,system
1392,296,3,179,6,32.0,160.0,1361.76,,2026-04-17 08:00:00,system,2026-04-17 08:00:00,system
1393,296,4,1073,6,3.0,540.0,65007.12,,2026-04-17 08:00:00,system,2026-04-17 08:00:00,system
1394,297,1,68,6,6.0,180.0,7378.62,,2026-01-01 08:00:00,system,2026-01-01 08:00:00,system
1395,297,2,1283,1,2.0,2000.0,275.54,,2026-01-01 08:00:00,system,2026-01-01 08:00:00,system
1396,297,3,1039,6,22.0,22.0,371.4,,2026-01-01 08:00:00,system,2026-01-01 08:00:00,system
1397,297,4,153,6,6.0,150.0,6175.3,,2026-01-01 08:00:00,system,2026-01-01 08:00:00,system
1398,297,5,645,6,33.0,99.0,536.93,,2026-01-01 08:00:00,system,2026-01-01 08:00:00,system
1399,297,6,974,6,39.0,39.0,359.86,,2026-01-01 08:00:00,system,2026-01-01 08:00:00,system
1400,298,1,18,6,14.0,70.0,1135.2,,2026-02-24 08:00:00,system,2026-02-24 08:00:00,system
1401,298,2,927,6,28.0,840.0,6307.09,,2026-02-24 08:00:00,system,2026-02-24 08:00:00,system
1402,298,3,1205,6,65.0,65.0,146.1,,2026-02-24 08:00:00,system,2026-02-24 08:00:00,system
1403,298,4,1130,6,4.0,40.0,3468.97,,2026-02-24 08:00:00,system,2026-02-24 08:00:00,system
1404,298,5,831,6,4.0,840.0,42838.31,,2026-02-24 08:00:00,system,2026-02-24 08:00:00,system
1405,298,6,1476,6,48.0,144.0,623.6,,2026-02-24 08:00:00,system,2026-02-24 08:00:00,system
1406,298,7,896,6,18.0,270.0,3049.31,,2026-02-24 08:00:00,system,2026-02-24 08:00:00,system
1407,298,8,1132,6,4.0,200.0,18325.96,,2026-02-24 08:00:00,system,2026-02-24 08:00:00,system
1408,298,9,210,6,18.0,360.0,4665.32,,2026-02-24 08:00:00,system,2026-02-24 08:00:00,system
1409,298,10,902,6,8.0,1440.0,33878.47,,2026-02-24 08:00:00,system,2026-02-24 08:00:00,system
1410,298,11,1263,6,6.0,120.0,2720.57,,2026-02-24 08:00:00,system,2026-02-24 08:00:00,system
1411,298,12,1288,6,2.0,110.0,17564.39,,2026-02-24 08:00:00,system,2026-02-24 08:00:00,system
1412,298,13,278,6,12.0,240.0,4742.94,,2026-02-24 08:00:00,system,2026-02-24 08:00:00,system
1413,298,14,858,6,4.0,220.0,10899.04,,2026-02-24 08:00:00,system,2026-02-24 08:00:00,system
1414,299,1,1158,6,44.0,132.0,406.57,,2026-05-11 08:00:00,system,2026-05-11 08:00:00,system
1415,300,1,146,6,48.0,48.0,245.39,,2026-05-23 08:00:00,system,2026-05-23 08:00:00,system
1416,300,2,638,6,6.0,300.0,9003.4,,2026-05-23 08:00:00,system,2026-05-23 08:00:00,system
1417,300,3,983,6,24.0,24.0,367.02,,2026-05-23 08:00:00,system,2026-05-23 08:00:00,system
1418,300,4,231,6,3.0,630.0,47559.69,,2026-05-23 08:00:00,system,2026-05-23 08:00:00,system
1419,300,5,1159,6,11.0,55.0,665.48,,2026-05-23 08:00:00,system,2026-05-23 08:00:00,system
1420,300,6,779,6,18.0,540.0,6482.25,,2026-05-23 08:00:00,system,2026-05-23 08:00:00,system
1421,300,7,911,6,28.0,560.0,3986.58,,2026-05-23 08:00:00,system,2026-05-23 08:00:00,system
1422,300,8,687,6,24.0,480.0,3788.8,,2026-05-23 08:00:00,system,2026-05-23 08:00:00,system
1423,300,9,374,6,6.0,120.0,4866.98,,2026-05-23 08:00:00,system,2026-05-23 08:00:00,system
1424,301,1,453,6,8.0,400.0,11154.87,,2026-06-11 08:00:00,system,2026-06-11 08:00:00,system
1425,301,2,838,6,18.0,270.0,3124.51,,2026-06-11 08:00:00,system,2026-06-11 08:00:00,system
1426,301,3,195,6,21.0,210.0,2330.35,,2026-06-11 08:00:00,system,2026-06-11 08:00:00,system
1427,301,4,1081,6,4.0,200.0,17415.36,,2026-06-11 08:00:00,system,2026-06-11 08:00:00,system
1428,301,5,272,6,65.0,65.0,226.73,,2026-06-11 08:00:00,system,2026-06-11 08:00:00,system
1429,301,6,109,6,2.0,360.0,41651.5,,2026-06-11 08:00:00,system,2026-06-11 08:00:00,system
1430,301,7,1201,6,6.0,120.0,2866.34,,2026-06-11 08:00:00,system,2026-06-11 08:00:00,system
1431,301,8,78,6,8.0,440.0,12433.3,,2026-06-11 08:00:00,system,2026-06-11 08:00:00,system
1432,301,9,443,6,70.0,56.0,173.66,,2026-06-11 08:00:00,system,2026-06-11 08:00:00,system
1433,302,1,211,6,40.0,1000.0,6739.4,,2026-02-18 08:00:00,system,2026-02-18 08:00:00,system
1434,302,2,10,6,6.0,330.0,14763.96,,2026-02-18 08:00:00,system,2026-02-18 08:00:00,system
1435,302,3,883,6,18.0,450.0,5738.1,,2026-02-18 08:00:00,system,2026-02-18 08:00:00,system
1436,302,4,19,6,14.0,140.0,2561.19,,2026-02-18 08:00:00,system,2026-02-18 08:00:00,system
1437,302,5,176,6,48.0,48.0,247.54,,2026-02-18 08:00:00,system,2026-02-18 08:00:00,system
1438,302,6,67,6,16.0,400.0,6243.23,,2026-02-18 08:00:00,system,2026-02-18 08:00:00,system
1439,302,7,515,6,10.0,550.0,10716.46,,2026-02-18 08:00:00,system,2026-02-18 08:00:00,system
1440,302,8,97,6,14.0,11.2,196.83,,2026-02-18 08:00:00,system,2026-02-18 08:00:00,system
1441,302,9,1396,6,14.0,210.0,3572.9,,2026-02-18 08:00:00,system,2026-02-18 08:00:00,system
1442,302,10,1373,6,12.0,660.0,11927.03,,2026-02-18 08:00:00,system,2026-02-18 08:00:00,system
1443,302,11,870,6,21.0,630.0,6453.53,,2026-02-18 08:00:00,system,2026-02-18 08:00:00,system
1444,302,12,134,6,30.0,600.0,5007.57,,2026-02-18 08:00:00,system,2026-02-18 08:00:00,system
1445,302,13,1409,6,18.0,180.0,2298.36,,2026-02-18 08:00:00,system,2026-02-18 08:00:00,system
1446,303,1,303,1,1.0,1000.0,190.72,,2026-02-06 08:00:00,system,2026-02-06 08:00:00,system
1447,303,2,1437,6,2.0,100.0,10350.44,,2026-02-06 08:00:00,system,2026-02-06 08:00:00,system
1448,303,3,1473,6,35.0,1050.0,6085.64,,2026-02-06 08:00:00,system,2026-02-06 08:00:00,system
1449,303,4,160,6,12.0,9.6,191.91,,2026-02-06 08:00:00,system,2026-02-06 08:00:00,system
1450,304,1,336,6,15.0,18.0,283.53,,2026-06-02 08:00:00,system,2026-06-02 08:00:00,system
1451,304,2,1150,6,32.0,96.0,468.56,,2026-06-02 08:00:00,system,2026-06-02 08:00:00,system
1452,304,3,1463,6,4.0,840.0,47457.02,,2026-06-02 08:00:00,system,2026-06-02 08:00:00,system
1453,304,4,1015,6,20.0,360.0,6649.81,,2026-06-02 08:00:00,system,2026-06-02 08:00:00,system
1454,304,5,1418,1,2.0,1000.0,195.85,,2026-06-02 08:00:00,system,2026-06-02 08:00:00,system
1455,304,6,1204,1,2.0,2000.0,136.58,,2026-06-02 08:00:00,system,2026-06-02 08:00:00,system
1456,304,7,1177,6,56.0,56.0,159.58,,2026-06-02 08:00:00,system,2026-06-02 08:00:00,system
1457,304,8,48,6,7.0,35.0,1227.71,,2026-06-02 08:00:00,system,2026-06-02 08:00:00,system
1458,304,9,343,6,32.0,960.0,7278.43,,2026-06-02 08:00:00,system,2026-06-02 08:00:00,system
1459,305,1,273,6,65.0,78.0,293.61,,2026-04-03 08:00:00,system,2026-04-03 08:00:00,system
1460,305,2,1372,6,10.0,500.0,11017.16,,2026-04-03 08:00:00,system,2026-04-03 08:00:00,system
1461,305,3,59,6,42.0,33.6,186.99,,2026-04-03 08:00:00,system,2026-04-03 08:00:00,system
1462,305,4,1266,1,2.0,2000.0,124.37,,2026-04-03 08:00:00,system,2026-04-03 08:00:00,system
1463,306,1,90,6,32.0,800.0,6530.37,,2026-02-04 08:00:00,system,2026-02-04 08:00:00,system
1464,306,2,152,6,24.0,480.0,5012.14,,2026-02-04 08:00:00,system,2026-02-04 08:00:00,system
1465,306,3,1049,6,13.0,26.0,764.72,,2026-02-04 08:00:00,system,2026-02-04 08:00:00,system
1466,307,1,1033,6,4.0,40.0,3525.24,,2026-05-12 08:00:00,system,2026-05-12 08:00:00,system
1467,307,2,585,6,4.0,200.0,9119.62,,2026-05-12 08:00:00,system,2026-05-12 08:00:00,system
1468,308,1,378,6,6.0,330.0,12716.86,,2026-03-27 08:00:00,system,2026-03-27 08:00:00,system
1469,309,1,1038,6,11.0,5.5,179.43,,2026-05-27 08:00:00,system,2026-05-27 08:00:00,system
1470,309,2,1405,1,1.0,1000.0,193.6,,2026-05-27 08:00:00,system,2026-05-27 08:00:00,system
1471,309,3,1411,6,12.0,240.0,4018.95,,2026-05-27 08:00:00,system,2026-05-27 08:00:00,system
1472,309,4,957,1,4.0,4000.0,195.98,,2026-05-27 08:00:00,system,2026-05-27 08:00:00,system
1473,309,5,747,1,8.0,8000.0,164.79,,2026-05-27 08:00:00,system,2026-05-27 08:00:00,system
1474,309,6,1285,6,33.0,33.0,301.72,,2026-05-27 08:00:00,system,2026-05-27 08:00:00,system
1475,309,7,45,6,56.0,56.0,250.39,,2026-05-27 08:00:00,system,2026-05-27 08:00:00,system
1476,309,8,259,6,24.0,72.0,740.23,,2026-05-27 08:00:00,system,2026-05-27 08:00:00,system
1477,309,9,676,6,4.0,200.0,9329.26,,2026-05-27 08:00:00,system,2026-05-27 08:00:00,system
1478,309,10,1238,6,48.0,240.0,669.55,,2026-05-27 08:00:00,system,2026-05-27 08:00:00,system
1479,309,11,1478,6,18.0,180.0,1990.92,,2026-05-27 08:00:00,system,2026-05-27 08:00:00,system
1480,310,1,356,6,7.0,35.0,1150.76,,2026-01-20 08:00:00,system,2026-01-20 08:00:00,system
1481,310,2,1204,1,8.0,8000.0,130.07,,2026-01-20 08:00:00,system,2026-01-20 08:00:00,system
1482,310,3,461,6,60.0,180.0,700.05,,2026-01-20 08:00:00,system,2026-01-20 08:00:00,system
1483,310,4,1149,6,56.0,56.0,157.69,,2026-01-20 08:00:00,system,2026-01-20 08:00:00,system
1484,310,5,1449,6,16.0,400.0,5870.51,,2026-01-20 08:00:00,system,2026-01-20 08:00:00,system
1485,310,6,135,6,35.0,875.0,6322.72,,2026-01-20 08:00:00,system,2026-01-20 08:00:00,system
1486,310,7,21,6,28.0,560.0,5059.75,,2026-01-20 08:00:00,system,2026-01-20 08:00:00,system
1487,310,8,503,6,5.0,1050.0,41856.12,,2026-01-20 08:00:00,system,2026-01-20 08:00:00,system
1488,310,9,214,6,12.0,660.0,14540.65,,2026-01-20 08:00:00,system,2026-01-20 08:00:00,system
1489,310,10,1454,6,24.0,120.0,1082.51,,2026-01-20 08:00:00,system,2026-01-20 08:00:00,system
1490,310,11,1127,6,80.0,80.0,391.74,,2026-01-20 08:00:00,system,2026-01-20 08:00:00,system
1491,311,1,687,6,24.0,480.0,3911.69,,2026-04-18 08:00:00,system,2026-04-18 08:00:00,system
1492,311,2,1227,1,2.0,2000.0,122.88,,2026-04-18 08:00:00,system,2026-04-18 08:00:00,system
1493,311,3,1070,6,16.0,160.0,3734.77,,2026-04-18 08:00:00,system,2026-04-18 08:00:00,system
1494,311,4,1383,6,21.0,420.0,4391.67,,2026-04-18 08:00:00,system,2026-04-18 08:00:00,system
1495,311,5,18,6,7.0,35.0,1135.2,,2026-04-18 08:00:00,system,2026-04-18 08:00:00,system
1496,311,6,710,1,4.0,8000.0,175.88,,2026-04-18 08:00:00,system,2026-04-18 08:00:00,system
1497,312,1,886,6,10.0,550.0,11805.16,,2026-02-02 08:00:00,system,2026-02-02 08:00:00,system
1498,312,2,1367,6,5.0,1050.0,66938.27,,2026-02-02 08:00:00,system,2026-02-02 08:00:00,system
1499,312,3,73,6,24.0,360.0,3712.22,,2026-02-02 08:00:00,system,2026-02-02 08:00:00,system
1500,312,4,500,6,20.0,600.0,6490.44,,2026-02-02 08:00:00,system,2026-02-02 08:00:00,system
1501,312,5,192,6,70.0,84.0,298.08,,2026-02-02 08:00:00,system,2026-02-02 08:00:00,system
1502,312,6,440,6,6.0,1080.0,38915.01,,2026-02-02 08:00:00,system,2026-02-02 08:00:00,system
1503,312,7,1357,6,8.0,440.0,16633.16,,2026-02-02 08:00:00,system,2026-02-02 08:00:00,system
1504,313,1,1309,6,14.0,70.0,1566.95,,2026-04-28 08:00:00,system,2026-04-28 08:00:00,system
1505,313,2,1443,1,4.0,8000.0,191.73,,2026-04-28 08:00:00,system,2026-04-28 08:00:00,system
1506,313,3,895,6,28.0,280.0,2163.53,,2026-04-28 08:00:00,system,2026-04-28 08:00:00,system
1507,313,4,519,1,6.0,6000.0,174.32,,2026-04-28 08:00:00,system,2026-04-28 08:00:00,system
1508,313,5,1043,6,16.0,288.0,6552.14,,2026-04-28 08:00:00,system,2026-04-28 08:00:00,system
1509,314,1,1167,6,65.0,325.0,728.22,,2026-01-04 08:00:00,system,2026-01-04 08:00:00,system
1510,314,2,1158,6,42.0,126.0,425.68,,2026-01-04 08:00:00,system,2026-01-04 08:00:00,system
1511,315,1,1195,6,52.0,260.0,774.56,,2026-02-27 08:00:00,system,2026-02-27 08:00:00,system
1512,315,2,859,6,12.0,2160.0,37871.69,,2026-02-27 08:00:00,system,2026-02-27 08:00:00,system
1513,315,3,186,6,9.0,495.0,15015.42,,2026-02-27 08:00:00,system,2026-02-27 08:00:00,system
1514,315,4,1145,6,8.0,160.0,3228.89,,2026-02-27 08:00:00,system,2026-02-27 08:00:00,system
1515,315,5,1230,6,32.0,160.0,812.99,,2026-02-27 08:00:00,system,2026-02-27 08:00:00,system
1516,316,1,912,6,35.0,875.0,5172.36,,2026-02-18 08:00:00,system,2026-02-18 08:00:00,system
1517,317,1,403,6,2.0,420.0,41785.62,,2026-06-07 08:00:00,system,2026-06-07 08:00:00,system
1518,317,2,631,6,30.0,90.0,560.78,,2026-06-07 08:00:00,system,2026-06-07 08:00:00,system
1519,317,3,168,6,15.0,375.0,5765.5,,2026-06-07 08:00:00,system,2026-06-07 08:00:00,system
1520,317,4,674,6,18.0,450.0,4977.51,,2026-06-07 08:00:00,system,2026-06-07 08:00:00,system
1521,317,5,1295,6,35.0,700.0,6185.6,,2026-06-07 08:00:00,system,2026-06-07 08:00:00,system
1522,317,6,1477,6,30.0,150.0,1057.27,,2026-06-07 08:00:00,system,2026-06-07 08:00:00,system
1523,318,1,1438,6,4.0,220.0,11249.55,,2026-03-02 08:00:00,system,2026-03-02 08:00:00,system
1524,319,1,732,1,4.0,2000.0,209.51,,2026-02-23 08:00:00,system,2026-02-23 08:00:00,system
1525,319,2,908,6,25.0,125.0,1279.55,,2026-02-23 08:00:00,system,2026-02-23 08:00:00,system
1526,319,3,1280,6,8.0,440.0,21585.92,,2026-02-23 08:00:00,system,2026-02-23 08:00:00,system
1527,320,1,373,6,35.0,525.0,3417.02,,2026-02-09 08:00:00,system,2026-02-09 08:00:00,system
1528,320,2,1045,6,6.0,1080.0,59895.94,,2026-02-09 08:00:00,system,2026-02-09 08:00:00,system
1529,320,3,1373,6,10.0,550.0,11677.26,,2026-02-09 08:00:00,system,2026-02-09 08:00:00,system
1530,320,4,244,6,4.0,220.0,12557.41,,2026-02-09 08:00:00,system,2026-02-09 08:00:00,system
1531,320,5,1078,6,28.0,140.0,1744.93,,2026-02-09 08:00:00,system,2026-02-09 08:00:00,system
1532,320,6,1302,6,14.0,280.0,6519.26,,2026-02-09 08:00:00,system,2026-02-09 08:00:00,system
1533,321,1,33,6,24.0,120.0,1197.08,,2026-03-02 08:00:00,system,2026-03-02 08:00:00,system
1534,321,2,25,6,4.0,220.0,13426.83,,2026-03-02 08:00:00,system,2026-03-02 08:00:00,system
1535,321,3,117,6,20.0,200.0,2392.14,,2026-03-02 08:00:00,system,2026-03-02 08:00:00,system
1536,321,4,1053,6,8.0,400.0,18594.58,,2026-03-02 08:00:00,system,2026-03-02 08:00:00,system
1537,321,5,1209,6,30.0,600.0,2920.45,,2026-03-02 08:00:00,system,2026-03-02 08:00:00,system
1538,321,6,1188,6,15.0,150.0,1436.78,,2026-03-02 08:00:00,system,2026-03-02 08:00:00,system
1539,321,7,69,6,8.0,400.0,11573.65,,2026-03-02 08:00:00,system,2026-03-02 08:00:00,system
1540,321,8,858,6,6.0,330.0,10899.04,,2026-03-02 08:00:00,system,2026-03-02 08:00:00,system
1541,322,1,1327,6,42.0,210.0,1648.74,,2026-04-18 08:00:00,system,2026-04-18 08:00:00,system
1542,322,2,464,6,25.0,375.0,3218.4,,2026-04-18 08:00:00,system,2026-04-18 08:00:00,system
1543,322,3,1285,6,44.0,44.0,301.72,,2026-04-18 08:00:00,system,2026-04-18 08:00:00,system
1544,322,4,49,6,28.0,280.0,2440.13,,2026-04-18 08:00:00,system,2026-04-18 08:00:00,system
1545,322,5,1029,6,11.0,11.0,371.39,,2026-04-18 08:00:00,system,2026-04-18 08:00:00,system
1546,322,6,1326,6,33.0,33.0,334.05,,2026-04-18 08:00:00,system,2026-04-18 08:00:00,system
1547,322,7,542,6,10.0,500.0,9083.41,,2026-04-18 08:00:00,system,2026-04-18 08:00:00,system
1548,322,8,209,6,7.0,105.0,3652.23,,2026-04-18 08:00:00,system,2026-04-18 08:00:00,system
1549,323,1,25,6,6.0,330.0,13511.6,,2026-02-03 08:00:00,system,2026-02-03 08:00:00,system
1550,323,2,1386,6,10.0,500.0,10127.07,,2026-02-03 08:00:00,system,2026-02-03 08:00:00,system
1551,324,1,1356,6,28.0,560.0,6629.4,,2026-05-24 08:00:00,system,2026-05-24 08:00:00,system
1552,324,2,1342,1,6.0,6000.0,297.75,,2026-05-24 08:00:00,system,2026-05-24 08:00:00,system
1553,324,3,1393,6,55.0,165.0,613.37,,2026-05-24 08:00:00,system,2026-05-24 08:00:00,system
1554,325,1,543,6,6.0,330.0,10436.97,,2026-02-18 08:00:00,system,2026-02-18 08:00:00,system
1555,326,1,1219,6,2.0,420.0,30696.9,,2026-01-28 08:00:00,system,2026-01-28 08:00:00,system
1556,326,2,1056,6,90.0,45.0,195.86,,2026-01-28 08:00:00,system,2026-01-28 08:00:00,system
1557,326,3,878,6,68.0,204.0,701.36,,2026-01-28 08:00:00,system,2026-01-28 08:00:00,system
1558,326,4,84,6,52.0,62.4,304.54,,2026-01-28 08:00:00,system,2026-01-28 08:00:00,system
1559,326,5,395,6,21.0,210.0,2519.05,,2026-01-28 08:00:00,system,2026-01-28 08:00:00,system
1560,326,6,289,6,64.0,192.0,763.76,,2026-01-28 08:00:00,system,2026-01-28 08:00:00,system
1561,326,7,1042,6,10.0,100.0,4191.77,,2026-01-28 08:00:00,system,2026-01-28 08:00:00,system
1562,326,8,341,6,32.0,640.0,4664.22,,2026-01-28 08:00:00,system,2026-01-28 08:00:00,system
1563,326,9,385,6,15.0,45.0,830.82,,2026-01-28 08:00:00,system,2026-01-28 08:00:00,system
1564,326,10,1255,6,32.0,640.0,3275.23,,2026-01-28 08:00:00,system,2026-01-28 08:00:00,system
1565,326,11,462,6,35.0,175.0,1194.45,,2026-01-28 08:00:00,system,2026-01-28 08:00:00,system
1566,327,1,153,6,18.0,450.0,6175.3,,2026-03-08 08:00:00,system,2026-03-08 08:00:00,system
1567,327,2,168,6,21.0,525.0,5868.55,,2026-03-08 08:00:00,system,2026-03-08 08:00:00,system
1568,327,3,458,6,55.0,44.0,170.62,,2026-03-08 08:00:00,system,2026-03-08 08:00:00,system
1569,327,4,1339,6,8.0,440.0,16950.62,,2026-03-08 08:00:00,system,2026-03-08 08:00:00,system
1570,327,5,1373,6,10.0,550.0,11677.26,,2026-03-08 08:00:00,system,2026-03-08 08:00:00,system
1571,328,1,1089,6,25.0,450.0,6672.45,,2026-03-11 08:00:00,system,2026-03-11 08:00:00,system
1572,328,2,1071,6,16.0,288.0,6804.31,,2026-03-11 08:00:00,system,2026-03-11 08:00:00,system
1573,328,3,1128,6,14.0,28.0,800.67,,2026-03-11 08:00:00,system,2026-03-11 08:00:00,system
1574,328,4,833,1,4.0,4000.0,212.41,,2026-03-11 08:00:00,system,2026-03-11 08:00:00,system
1575,328,5,599,6,21.0,630.0,6372.59,,2026-03-11 08:00:00,system,2026-03-11 08:00:00,system
1576,328,6,606,1,3.0,6000.0,192.49,,2026-03-11 08:00:00,system,2026-03-11 08:00:00,system
1577,328,7,961,6,28.0,280.0,2179.41,,2026-03-11 08:00:00,system,2026-03-11 08:00:00,system
1578,328,8,563,1,8.0,16000.0,191.24,,2026-03-11 08:00:00,system,2026-03-11 08:00:00,system
1579,328,9,325,6,28.0,420.0,3478.88,,2026-03-11 08:00:00,system,2026-03-11 08:00:00,system
1580,328,10,570,6,40.0,1200.0,6334.59,,2026-03-11 08:00:00,system,2026-03-11 08:00:00,system
1581,329,1,639,6,10.0,550.0,10286.07,,2026-02-04 08:00:00,system,2026-02-04 08:00:00,system
1582,329,2,533,1,3.0,3000.0,185.93,,2026-02-04 08:00:00,system,2026-02-04 08:00:00,system
1583,329,3,924,6,30.0,450.0,3257.08,,2026-02-04 08:00:00,system,2026-02-04 08:00:00,system
1584,329,4,838,6,18.0,270.0,3169.73,,2026-02-04 08:00:00,system,2026-02-04 08:00:00,system
1585,330,1,753,6,4.0,220.0,11923.11,,2026-05-20 08:00:00,system,2026-05-20 08:00:00,system
1586,330,2,1494,6,14.0,280.0,4060.25,,2026-05-20 08:00:00,system,2026-05-20 08:00:00,system
1587,331,1,373,6,35.0,525.0,3567.04,,2026-01-23 08:00:00,system,2026-01-23 08:00:00,system
1588,331,2,57,6,2.0,420.0,45872.26,,2026-01-23 08:00:00,system,2026-01-23 08:00:00,system
1589,331,3,862,1,2.0,2000.0,195.85,,2026-01-23 08:00:00,system,2026-01-23 08:00:00,system
1590,331,4,889,1,3.0,1500.0,197.35,,2026-01-23 08:00:00,system,2026-01-23 08:00:00,system
1591,331,5,648,6,30.0,450.0,2853.58,,2026-01-23 08:00:00,system,2026-01-23 08:00:00,system
1592,332,1,696,1,4.0,8000.0,174.21,,2026-03-04 08:00:00,system,2026-03-04 08:00:00,system
1593,332,2,957,1,2.0,2000.0,195.98,,2026-03-04 08:00:00,system,2026-03-04 08:00:00,system
1594,332,3,141,6,2.0,110.0,13730.67,,2026-03-04 08:00:00,system,2026-03-04 08:00:00,system
1595,332,4,1290,6,2.0,420.0,61510.76,,2026-03-04 08:00:00,system,2026-03-04 08:00:00,system
1596,332,5,1067,6,39.0,39.0,377.5,,2026-03-04 08:00:00,system,2026-03-04 08:00:00,system
1597,332,6,610,6,15.0,225.0,2795.21,,2026-03-04 08:00:00,system,2026-03-04 08:00:00,system
1598,333,1,427,6,40.0,800.0,4865.55,,2026-01-01 08:00:00,system,2026-01-01 08:00:00,system
1599,333,2,394,6,14.0,70.0,1239.36,,2026-01-01 08:00:00,system,2026-01-01 08:00:00,system
1600,334,1,884,6,40.0,1200.0,6740.76,,2026-04-11 08:00:00,system,2026-04-11 08:00:00,system
1601,334,2,576,1,8.0,8000.0,181.41,,2026-04-11 08:00:00,system,2026-04-11 08:00:00,system
1602,334,3,1008,6,10.0,1800.0,66858.27,,2026-04-11 08:00:00,system,2026-04-11 08:00:00,system
1603,334,4,1252,6,26.0,78.0,462.32,,2026-04-11 08:00:00,system,2026-04-11 08:00:00,system
1604,334,5,574,6,2.0,420.0,41245.84,,2026-04-11 08:00:00,system,2026-04-11 08:00:00,system
1605,335,1,233,6,52.0,41.6,194.23,,2026-02-13 08:00:00,system,2026-02-13 08:00:00,system
1606,335,2,651,6,18.0,540.0,5938.36,,2026-02-13 08:00:00,system,2026-02-13 08:00:00,system
1607,335,3,1138,6,22.0,110.0,1730.69,,2026-02-13 08:00:00,system,2026-02-13 08:00:00,system
1608,335,4,1304,6,8.0,1440.0,52723.09,,2026-02-13 08:00:00,system,2026-02-13 08:00:00,system
1609,335,5,304,6,48.0,38.4,173.15,,2026-02-13 08:00:00,system,2026-02-13 08:00:00,system
1610,335,6,1139,6,16.0,160.0,3665.14,,2026-02-13 08:00:00,system,2026-02-13 08:00:00,system
1611,335,7,200,6,8.0,1440.0,40600.92,,2026-02-13 08:00:00,system,2026-02-13 08:00:00,system
1612,335,8,730,6,10.0,1800.0,30933.17,,2026-02-13 08:00:00,system,2026-02-13 08:00:00,system
1613,335,9,239,6,35.0,525.0,3598.5,,2026-02-13 08:00:00,system,2026-02-13 08:00:00,system
1614,335,10,1189,6,24.0,480.0,2901.08,,2026-02-13 08:00:00,system,2026-02-13 08:00:00,system
1615,335,11,67,6,20.0,500.0,5931.82,,2026-02-13 08:00:00,system,2026-02-13 08:00:00,system
1616,335,12,249,6,44.0,44.0,243.76,,2026-02-13 08:00:00,system,2026-02-13 08:00:00,system
1617,336,1,745,6,3.0,630.0,39864.11,,2026-05-14 08:00:00,system,2026-05-14 08:00:00,system
1618,336,2,968,6,15.0,2700.0,37036.26,,2026-05-14 08:00:00,system,2026-05-14 08:00:00,system
1619,336,3,875,1,3.0,1500.0,200.72,,2026-05-14 08:00:00,system,2026-05-14 08:00:00,system
1620,337,1,1477,6,6.0,30.0,1001.28,,2026-01-19 08:00:00,system,2026-01-19 08:00:00,system
1621,338,1,604,1,4.0,2000.0,177.81,,2026-06-13 08:00:00,system,2026-06-13 08:00:00,system
1622,339,1,750,6,14.0,70.0,1074.21,,2026-01-27 08:00:00,system,2026-01-27 08:00:00,system
1623,339,2,1269,6,39.0,195.0,732.73,,2026-01-27 08:00:00,system,2026-01-27 08:00:00,system
1624,339,3,173,6,3.0,630.0,49294.99,,2026-01-27 08:00:00,system,2026-01-27 08:00:00,system
1625,339,4,428,6,6.0,150.0,6124.5,,2026-01-27 08:00:00,system,2026-01-27 08:00:00,system
1626,339,5,271,6,65.0,52.0,214.54,,2026-01-27 08:00:00,system,2026-01-27 08:00:00,system
1627,340,1,654,6,2.0,360.0,34382.21,,2026-04-02 08:00:00,system,2026-04-02 08:00:00,system
1628,341,1,417,6,2.0,360.0,36763.79,,2026-04-24 08:00:00,system,2026-04-24 08:00:00,system
1629,341,2,1316,1,8.0,8000.0,305.61,,2026-04-24 08:00:00,system,2026-04-24 08:00:00,system
1630,341,3,118,6,10.0,150.0,3695.69,,2026-04-24 08:00:00,system,2026-04-24 08:00:00,system
1631,341,4,759,6,44.0,132.0,603.19,,2026-04-24 08:00:00,system,2026-04-24 08:00:00,system
1632,341,5,1439,6,2.0,360.0,34454.51,,2026-04-24 08:00:00,system,2026-04-24 08:00:00,system
1633,341,6,1210,6,2.0,110.0,7722.95,,2026-04-24 08:00:00,system,2026-04-24 08:00:00,system
1634,342,1,92,6,4.0,200.0,11367.54,,2026-01-29 08:00:00,system,2026-01-29 08:00:00,system
1635,342,2,190,6,65.0,52.0,196.18,,2026-01-29 08:00:00,system,2026-01-29 08:00:00,system
1636,342,3,987,6,25.0,450.0,6325.34,,2026-01-29 08:00:00,system,2026-01-29 08:00:00,system
1637,342,4,668,6,2.0,360.0,32373.6,,2026-01-29 08:00:00,system,2026-01-29 08:00:00,system
1638,343,1,759,6,55.0,165.0,603.19,,2026-01-31 08:00:00,system,2026-01-31 08:00:00,system
1639,344,1,536,6,12.0,60.0,968.21,,2026-02-16 08:00:00,system,2026-02-16 08:00:00,system
1640,344,2,1323,6,2.0,420.0,64087.76,,2026-02-16 08:00:00,system,2026-02-16 08:00:00,system
1641,344,3,1393,6,70.0,210.0,642.0,,2026-02-16 08:00:00,system,2026-02-16 08:00:00,system
1642,344,4,1309,6,70.0,350.0,1566.95,,2026-02-16 08:00:00,system,2026-02-16 08:00:00,system
1643,344,5,1392,1,6.0,12000.0,183.71,,2026-02-16 08:00:00,system,2026-02-16 08:00:00,system
1644,344,6,168,6,12.0,300.0,6202.63,,2026-02-16 08:00:00,system,2026-02-16 08:00:00,system
1645,344,7,26,6,10.0,1800.0,41972.19,,2026-02-16 08:00:00,system,2026-02-16 08:00:00,system
1646,345,1,467,6,8.0,120.0,3411.11,,2026-06-12 08:00:00,system,2026-06-12 08:00:00,system
1647,345,2,668,6,6.0,1080.0,35567.99,,2026-06-12 08:00:00,system,2026-06-12 08:00:00,system
1648,345,3,311,6,28.0,560.0,4916.88,,2026-06-12 08:00:00,system,2026-06-12 08:00:00,system
1649,346,1,318,1,8.0,8000.0,214.66,,2026-03-16 08:00:00,system,2026-03-16 08:00:00,system
1650,346,2,1188,6,18.0,180.0,1490.3,,2026-03-16 08:00:00,system,2026-03-16 08:00:00,system
1651,346,3,92,6,6.0,300.0,12394.09,,2026-03-16 08:00:00,system,2026-03-16 08:00:00,system
1652,346,4,756,1,8.0,4000.0,198.34,,2026-03-16 08:00:00,system,2026-03-16 08:00:00,system
1653,347,1,1068,6,52.0,104.0,748.72,,2026-06-22 08:00:00,system,2026-06-22 08:00:00,system
1654,348,1,1159,6,39.0,195.0,709.63,,2026-03-05 08:00:00,system,2026-03-05 08:00:00,system
1655,348,2,961,6,28.0,280.0,2112.7,,2026-03-05 08:00:00,system,2026-03-05 08:00:00,system
1656,348,3,273,6,65.0,78.0,293.61,,2026-03-05 08:00:00,system,2026-03-05 08:00:00,system
1657,349,1,1338,6,30.0,600.0,6292.19,,2026-01-01 08:00:00,system,2026-01-01 08:00:00,system
1658,349,2,1324,1,4.0,4000.0,291.61,,2026-01-01 08:00:00,system,2026-01-01 08:00:00,system
1659,349,3,231,6,5.0,1050.0,46219.2,,2026-01-01 08:00:00,system,2026-01-01 08:00:00,system
1660,349,4,1210,6,2.0,110.0,7314.73,,2026-01-01 08:00:00,system,2026-01-01 08:00:00,system
1661,349,5,316,6,6.0,1080.0,35428.13,,2026-01-01 08:00:00,system,2026-01-01 08:00:00,system
1662,350,1,659,6,14.0,42.0,551.81,,2026-03-02 08:00:00,system,2026-03-02 08:00:00,system
1663,350,2,500,6,21.0,630.0,6542.21,,2026-03-02 08:00:00,system,2026-03-02 08:00:00,system
1664,350,3,720,1,2.0,4000.0,173.65,,2026-03-02 08:00:00,system,2026-03-02 08:00:00,system
1665,351,1,261,6,15.0,150.0,2365.09,,2026-04-06 08:00:00,system,2026-04-06 08:00:00,system
1666,352,1,57,6,4.0,840.0,52948.32,,2026-01-29 08:00:00,system,2026-01-29 08:00:00,system
1667,352,2,75,6,27.0,675.0,6516.82,,2026-01-29 08:00:00,system,2026-01-29 08:00:00,system
1668,353,1,193,6,26.0,78.0,781.89,,2026-06-23 08:00:00,system,2026-06-23 08:00:00,system
1669,354,1,279,6,6.0,150.0,6062.79,,2026-05-05 08:00:00,system,2026-05-05 08:00:00,system
1670,354,2,1317,1,2.0,4000.0,276.69,,2026-05-05 08:00:00,system,2026-05-05 08:00:00,system
1671,354,3,1090,6,6.0,300.0,18316.26,,2026-05-05 08:00:00,system,2026-05-05 08:00:00,system
1672,354,4,819,1,2.0,2000.0,181.4,,2026-05-05 08:00:00,system,2026-05-05 08:00:00,system
1673,355,1,1450,6,8.0,240.0,6710.08,,2026-02-06 08:00:00,system,2026-02-06 08:00:00,system
1674,356,1,1105,6,65.0,130.0,676.99,,2026-01-19 08:00:00,system,2026-01-19 08:00:00,system
1675,356,2,769,6,2.0,420.0,43794.72,,2026-01-19 08:00:00,system,2026-01-19 08:00:00,system
1676,356,3,752,6,10.0,500.0,10424.64,,2026-01-19 08:00:00,system,2026-01-19 08:00:00,system
1677,356,4,1115,6,22.0,110.0,1800.97,,2026-01-19 08:00:00,system,2026-01-19 08:00:00,system
1678,356,5,450,6,14.0,280.0,4596.2,,2026-01-19 08:00:00,system,2026-01-19 08:00:00,system
1679,356,6,335,6,44.0,44.0,229.51,,2026-01-19 08:00:00,system,2026-01-19 08:00:00,system
1680,356,7,1121,6,16.0,160.0,3570.82,,2026-01-19 08:00:00,system,2026-01-19 08:00:00,system
1681,356,8,244,6,2.0,110.0,13747.11,,2026-01-19 08:00:00,system,2026-01-19 08:00:00,system
1682,357,1,1195,6,30.0,150.0,732.58,,2026-05-08 08:00:00,system,2026-05-08 08:00:00,system
1683,357,2,695,1,6.0,6000.0,168.6,,2026-05-08 08:00:00,system,2026-05-08 08:00:00,system
1684,358,1,180,6,5.0,50.0,2493.52,,2026-04-21 08:00:00,system,2026-04-21 08:00:00,system
1685,358,2,558,6,10.0,550.0,9832.3,,2026-04-21 08:00:00,system,2026-04-21 08:00:00,system
1686,358,3,622,6,6.0,30.0,956.63,,2026-04-21 08:00:00,system,2026-04-21 08:00:00,system
1687,358,4,1474,6,2.0,100.0,10247.11,,2026-04-21 08:00:00,system,2026-04-21 08:00:00,system
1688,358,5,690,6,10.0,500.0,9921.34,,2026-04-21 08:00:00,system,2026-04-21 08:00:00,system
1689,359,1,896,6,5.0,75.0,3169.4,,2026-05-02 08:00:00,system,2026-05-02 08:00:00,system
1690,359,2,1473,6,35.0,1050.0,6085.64,,2026-05-02 08:00:00,system,2026-05-02 08:00:00,system
1691,360,1,1308,6,56.0,56.0,308.01,,2026-06-27 08:00:00,system,2026-06-27 08:00:00,system
1692,360,2,203,6,40.0,32.0,181.15,,2026-06-27 08:00:00,system,2026-06-27 08:00:00,system
1693,360,3,1469,6,25.0,250.0,2102.75,,2026-06-27 08:00:00,system,2026-06-27 08:00:00,system
1694,360,4,272,6,52.0,52.0,226.73,,2026-06-27 08:00:00,system,2026-06-27 08:00:00,system
1695,360,5,838,6,24.0,360.0,3124.51,,2026-06-27 08:00:00,system,2026-06-27 08:00:00,system
1696,360,6,1078,6,28.0,140.0,1744.93,,2026-06-27 08:00:00,system,2026-06-27 08:00:00,system
1697,360,7,192,6,55.0,66.0,288.02,,2026-06-27 08:00:00,system,2026-06-27 08:00:00,system
1698,360,8,1011,6,33.0,33.0,342.72,,2026-06-27 08:00:00,system,2026-06-27 08:00:00,system
1699,360,9,100,6,60.0,180.0,748.54,,2026-06-27 08:00:00,system,2026-06-27 08:00:00,system
1700,360,10,95,6,3.0,630.0,48295.13,,2026-06-27 08:00:00,system,2026-06-27 08:00:00,system
1701,361,1,714,6,6.0,300.0,10477.5,,2026-01-06 08:00:00,system,2026-01-06 08:00:00,system
1702,361,2,544,6,8.0,1440.0,36377.5,,2026-01-06 08:00:00,system,2026-01-06 08:00:00,system
1703,362,1,659,6,24.0,72.0,558.09,,2026-01-01 08:00:00,system,2026-01-01 08:00:00,system
1704,363,1,361,6,12.0,360.0,7108.35,,2026-05-11 08:00:00,system,2026-05-11 08:00:00,system
1705,363,2,525,6,10.0,200.0,3937.18,,2026-05-11 08:00:00,system,2026-05-11 08:00:00,system
1706,363,3,1228,6,14.0,14.0,135.35,,2026-05-11 08:00:00,system,2026-05-11 08:00:00,system
1707,363,4,1388,6,4.0,720.0,35694.49,,2026-05-11 08:00:00,system,2026-05-11 08:00:00,system
1708,363,5,943,1,4.0,4000.0,187.13,,2026-05-11 08:00:00,system,2026-05-11 08:00:00,system
1709,363,6,1341,6,2.0,420.0,62158.25,,2026-05-11 08:00:00,system,2026-05-11 08:00:00,system
1710,363,7,1433,6,20.0,300.0,3181.14,,2026-05-11 08:00:00,system,2026-05-11 08:00:00,system
1711,363,8,882,6,18.0,360.0,4016.08,,2026-05-11 08:00:00,system,2026-05-11 08:00:00,system
1712,363,9,146,6,40.0,40.0,236.72,,2026-05-11 08:00:00,system,2026-05-11 08:00:00,system
1713,363,10,1094,6,12.0,6.0,172.98,,2026-05-11 08:00:00,system,2026-05-11 08:00:00,system
1714,363,11,1158,6,42.0,126.0,415.9,,2026-05-11 08:00:00,system,2026-05-11 08:00:00,system
1715,363,12,556,6,24.0,720.0,5648.7,,2026-05-11 08:00:00,system,2026-05-11 08:00:00,system
1716,364,1,1367,6,3.0,630.0,66938.27,,2026-04-16 08:00:00,system,2026-04-16 08:00:00,system
1717,364,2,552,6,5.0,50.0,1936.14,,2026-04-16 08:00:00,system,2026-04-16 08:00:00,system
1718,364,3,167,6,18.0,360.0,4963.62,,2026-04-16 08:00:00,system,2026-04-16 08:00:00,system
1719,364,4,128,6,44.0,44.0,251.67,,2026-04-16 08:00:00,system,2026-04-16 08:00:00,system
1720,364,5,101,6,10.0,50.0,1186.25,,2026-04-16 08:00:00,system,2026-04-16 08:00:00,system
1721,364,6,389,6,7.0,140.0,4550.38,,2026-04-16 08:00:00,system,2026-04-16 08:00:00,system
1722,364,7,412,6,28.0,560.0,4244.02,,2026-04-16 08:00:00,system,2026-04-16 08:00:00,system
1723,364,8,776,6,12.0,180.0,3109.55,,2026-04-16 08:00:00,system,2026-04-16 08:00:00,system
1724,364,9,66,6,14.0,280.0,4835.62,,2026-04-16 08:00:00,system,2026-04-16 08:00:00,system
1725,364,10,1400,6,10.0,500.0,10700.86,,2026-04-16 08:00:00,system,2026-04-16 08:00:00,system
1726,365,1,117,6,25.0,250.0,2392.14,,2026-03-01 08:00:00,system,2026-03-01 08:00:00,system
1727,365,2,1117,6,13.0,6.5,180.35,,2026-03-01 08:00:00,system,2026-03-01 08:00:00,system
1728,366,1,308,6,20.0,100.0,1069.25,,2026-06-14 08:00:00,system,2026-06-14 08:00:00,system
1729,366,2,355,6,14.0,42.0,620.49,,2026-06-14 08:00:00,system,2026-06-14 08:00:00,system
1730,366,3,1365,6,2.0,110.0,18437.17,,2026-06-14 08:00:00,system,2026-06-14 08:00:00,system
1731,366,4,1067,6,36.0,36.0,341.99,,2026-06-14 08:00:00,system,2026-06-14 08:00:00,system
1732,366,5,1328,6,14.0,280.0,6405.78,,2026-06-14 08:00:00,system,2026-06-14 08:00:00,system
1733,366,6,1002,6,36.0,36.0,352.54,,2026-06-14 08:00:00,system,2026-06-14 08:00:00,system
1734,366,7,1438,6,6.0,330.0,11748.77,,2026-06-14 08:00:00,system,2026-06-14 08:00:00,system
1735,366,8,870,6,25.0,750.0,6109.74,,2026-06-14 08:00:00,system,2026-06-14 08:00:00,system
1736,367,1,369,6,14.0,16.8,282.81,,2026-05-02 08:00:00,system,2026-05-02 08:00:00,system
1737,367,2,302,6,4.0,840.0,48177.3,,2026-05-02 08:00:00,system,2026-05-02 08:00:00,system
1738,367,3,508,6,24.0,120.0,1020.39,,2026-05-02 08:00:00,system,2026-05-02 08:00:00,system
1739,367,4,884,6,24.0,720.0,6740.76,,2026-05-02 08:00:00,system,2026-05-02 08:00:00,system
1740,367,5,277,6,24.0,360.0,3720.56,,2026-05-02 08:00:00,system,2026-05-02 08:00:00,system
1741,367,6,368,6,26.0,26.0,240.84,,2026-05-02 08:00:00,system,2026-05-02 08:00:00,system
1742,367,7,1,6,80.0,96.0,320.56,,2026-05-02 08:00:00,system,2026-05-02 08:00:00,system
1743,367,8,745,6,2.0,420.0,39864.11,,2026-05-02 08:00:00,system,2026-05-02 08:00:00,system
1744,367,9,104,6,24.0,480.0,5045.04,,2026-05-02 08:00:00,system,2026-05-02 08:00:00,system
1745,367,10,787,6,39.0,117.0,695.86,,2026-05-02 08:00:00,system,2026-05-02 08:00:00,system
1746,368,1,1417,6,4.0,840.0,47336.57,,2026-06-11 08:00:00,system,2026-06-11 08:00:00,system
1747,368,2,102,6,35.0,350.0,2644.57,,2026-06-11 08:00:00,system,2026-06-11 08:00:00,system
1748,368,3,725,6,35.0,700.0,4094.23,,2026-06-11 08:00:00,system,2026-06-11 08:00:00,system
1749,369,1,619,1,1.0,1000.0,172.05,,2026-02-27 08:00:00,system,2026-02-27 08:00:00,system
1750,369,2,274,6,20.0,60.0,752.68,,2026-02-27 08:00:00,system,2026-02-27 08:00:00,system
1751,369,3,228,6,6.0,300.0,12256.92,,2026-02-27 08:00:00,system,2026-02-27 08:00:00,system
1752,369,4,912,6,14.0,350.0,5172.36,,2026-02-27 08:00:00,system,2026-02-27 08:00:00,system
1753,369,5,755,6,1.0,210.0,42165.24,,2026-02-27 08:00:00,system,2026-02-27 08:00:00,system
1754,370,1,1250,6,2.0,420.0,31786.47,,2026-04-04 08:00:00,system,2026-04-04 08:00:00,system
1755,370,2,931,6,16.0,48.0,693.63,,2026-04-04 08:00:00,system,2026-04-04 08:00:00,system
1756,370,3,620,1,6.0,12000.0,186.14,,2026-04-04 08:00:00,system,2026-04-04 08:00:00,system
1757,370,4,611,6,35.0,700.0,4217.72,,2026-04-04 08:00:00,system,2026-04-04 08:00:00,system
1758,370,5,224,6,30.0,450.0,3837.7,,2026-04-04 08:00:00,system,2026-04-04 08:00:00,system
1759,371,1,708,1,2.0,1000.0,196.97,,2026-04-22 08:00:00,system,2026-04-22 08:00:00,system
1760,372,1,794,6,2.0,100.0,10549.6,,2026-06-24 08:00:00,system,2026-06-24 08:00:00,system
1761,372,2,1481,6,7.0,175.0,5206.09,,2026-06-24 08:00:00,system,2026-06-24 08:00:00,system
1762,372,3,704,6,6.0,300.0,9704.74,,2026-06-24 08:00:00,system,2026-06-24 08:00:00,system
1763,372,4,757,1,6.0,6000.0,190.71,,2026-06-24 08:00:00,system,2026-06-24 08:00:00,system
1764,372,5,1116,6,26.0,10.4,150.22,,2026-06-24 08:00:00,system,2026-06-24 08:00:00,system
1765,372,6,427,6,25.0,500.0,4603.03,,2026-06-24 08:00:00,system,2026-06-24 08:00:00,system
1766,373,1,1382,6,12.0,180.0,3086.72,,2026-05-10 08:00:00,system,2026-05-10 08:00:00,system
1767,373,2,34,6,21.0,210.0,2428.66,,2026-05-10 08:00:00,system,2026-05-10 08:00:00,system
1768,373,3,587,6,10.0,1800.0,31327.78,,2026-05-10 08:00:00,system,2026-05-10 08:00:00,system
1769,373,4,233,6,52.0,41.6,194.23,,2026-05-10 08:00:00,system,2026-05-10 08:00:00,system
1770,373,5,886,6,4.0,220.0,12031.11,,2026-05-10 08:00:00,system,2026-05-10 08:00:00,system
1771,373,6,895,6,35.0,350.0,1984.08,,2026-05-10 08:00:00,system,2026-05-10 08:00:00,system
1772,373,7,1168,6,10.0,100.0,1410.05,,2026-05-10 08:00:00,system,2026-05-10 08:00:00,system
1773,373,8,697,6,22.0,66.0,552.02,,2026-05-10 08:00:00,system,2026-05-10 08:00:00,system
1774,373,9,854,6,25.0,500.0,4212.29,,2026-05-10 08:00:00,system,2026-05-10 08:00:00,system
1775,373,10,960,6,6.0,30.0,1092.43,,2026-05-10 08:00:00,system,2026-05-10 08:00:00,system
1776,373,11,382,6,39.0,31.2,183.66,,2026-05-10 08:00:00,system,2026-05-10 08:00:00,system
1777,374,1,1387,6,6.0,330.0,12403.48,,2026-04-18 08:00:00,system,2026-04-18 08:00:00,system
1778,374,2,1471,6,28.0,560.0,4658.41,,2026-04-18 08:00:00,system,2026-04-18 08:00:00,system
1779,374,3,157,6,12.0,2160.0,44989.51,,2026-04-18 08:00:00,system,2026-04-18 08:00:00,system
1780,374,4,1383,6,8.0,160.0,4381.54,,2026-04-18 08:00:00,system,2026-04-18 08:00:00,system
1781,374,5,844,6,10.0,1800.0,40347.03,,2026-04-18 08:00:00,system,2026-04-18 08:00:00,system
1782,374,6,1462,6,8.0,1440.0,38876.63,,2026-04-18 08:00:00,system,2026-04-18 08:00:00,system
1783,374,7,1169,6,7.0,140.0,3005.13,,2026-04-18 08:00:00,system,2026-04-18 08:00:00,system
1784,374,8,865,6,24.0,120.0,1192.14,,2026-04-18 08:00:00,system,2026-04-18 08:00:00,system
1785,374,9,221,6,45.0,135.0,781.92,,2026-04-18 08:00:00,system,2026-04-18 08:00:00,system
1786,375,1,1476,6,56.0,168.0,649.4,,2026-05-23 08:00:00,system,2026-05-23 08:00:00,system
1787,375,2,419,1,2.0,2000.0,199.21,,2026-05-23 08:00:00,system,2026-05-23 08:00:00,system
1788,375,3,1183,6,1.0,210.0,29027.69,,2026-05-23 08:00:00,system,2026-05-23 08:00:00,system
1789,376,1,1058,6,42.0,84.0,689.83,,2026-06-03 08:00:00,system,2026-06-03 08:00:00,system
1790,376,2,36,6,14.0,280.0,4683.33,,2026-06-03 08:00:00,system,2026-06-03 08:00:00,system
1791,376,3,586,6,8.0,440.0,10882.64,,2026-06-03 08:00:00,system,2026-06-03 08:00:00,system
1792,376,4,432,6,21.0,105.0,1083.64,,2026-06-03 08:00:00,system,2026-06-03 08:00:00,system
1793,376,5,477,6,30.0,30.0,211.97,,2026-06-03 08:00:00,system,2026-06-03 08:00:00,system
1794,376,6,850,6,60.0,180.0,652.88,,2026-06-03 08:00:00,system,2026-06-03 08:00:00,system
1795,376,7,1324,1,4.0,4000.0,291.61,,2026-06-03 08:00:00,system,2026-06-03 08:00:00,system
1796,376,8,125,6,1.0,210.0,49623.03,,2026-06-03 08:00:00,system,2026-06-03 08:00:00,system
1797,376,9,1305,6,4.0,840.0,63328.24,,2026-06-03 08:00:00,system,2026-06-03 08:00:00,system
1798,376,10,314,6,10.0,500.0,11481.69,,2026-06-03 08:00:00,system,2026-06-03 08:00:00,system
1799,376,11,1210,6,10.0,550.0,7314.73,,2026-06-03 08:00:00,system,2026-06-03 08:00:00,system
1800,376,12,172,6,6.0,1080.0,40489.41,,2026-06-03 08:00:00,system,2026-06-03 08:00:00,system
1801,376,13,1002,6,36.0,36.0,352.54,,2026-06-03 08:00:00,system,2026-06-03 08:00:00,system
1802,377,1,614,6,8.0,400.0,9273.77,,2026-04-04 08:00:00,system,2026-04-04 08:00:00,system
1803,377,2,1278,6,14.0,70.0,1521.15,,2026-04-04 08:00:00,system,2026-04-04 08:00:00,system
1804,377,3,1189,6,6.0,120.0,2901.08,,2026-04-04 08:00:00,system,2026-04-04 08:00:00,system
1805,377,4,1047,6,12.0,6.0,169.21,,2026-04-04 08:00:00,system,2026-04-04 08:00:00,system
1806,377,5,572,6,6.0,330.0,10819.1,,2026-04-04 08:00:00,system,2026-04-04 08:00:00,system
1807,377,6,378,6,4.0,220.0,11648.21,,2026-04-04 08:00:00,system,2026-04-04 08:00:00,system
1808,378,1,1173,6,7.0,140.0,2903.97,,2026-01-12 08:00:00,system,2026-01-12 08:00:00,system
1809,378,2,109,6,4.0,720.0,40131.24,,2026-01-12 08:00:00,system,2026-01-12 08:00:00,system
1810,378,3,4,6,25.0,250.0,2378.41,,2026-01-12 08:00:00,system,2026-01-12 08:00:00,system
1811,378,4,862,1,1.0,1000.0,195.85,,2026-01-12 08:00:00,system,2026-01-12 08:00:00,system
1812,378,5,229,6,8.0,440.0,13773.45,,2026-01-12 08:00:00,system,2026-01-12 08:00:00,system
1813,378,6,350,6,36.0,36.0,221.68,,2026-01-12 08:00:00,system,2026-01-12 08:00:00,system
1814,378,7,469,6,35.0,875.0,5369.25,,2026-01-12 08:00:00,system,2026-01-12 08:00:00,system
1815,379,1,54,6,4.0,200.0,13576.26,,2026-06-08 08:00:00,system,2026-06-08 08:00:00,system
1816,379,2,1127,6,16.0,16.0,391.74,,2026-06-08 08:00:00,system,2026-06-08 08:00:00,system
1817,380,1,674,6,6.0,150.0,4977.51,,2026-06-01 08:00:00,system,2026-06-01 08:00:00,system
1818,381,1,587,6,4.0,720.0,31327.78,,2026-03-27 08:00:00,system,2026-03-27 08:00:00,system
1819,381,2,154,6,18.0,540.0,7057.04,,2026-03-27 08:00:00,system,2026-03-27 08:00:00,system
1820,381,3,1254,6,35.0,350.0,1379.42,,2026-03-27 08:00:00,system,2026-03-27 08:00:00,system
1821,382,1,309,6,30.0,300.0,2490.19,,2026-01-31 08:00:00,system,2026-01-31 08:00:00,system
1822,382,2,232,1,3.0,3000.0,236.5,,2026-01-31 08:00:00,system,2026-01-31 08:00:00,system
1823,382,3,991,6,75.0,37.5,200.55,,2026-01-31 08:00:00,system,2026-01-31 08:00:00,system
1824,382,4,288,6,56.0,67.2,309.8,,2026-01-31 08:00:00,system,2026-01-31 08:00:00,system
1825,382,5,266,6,8.0,400.0,12883.07,,2026-01-31 08:00:00,system,2026-01-31 08:00:00,system
1826,382,6,164,6,14.0,70.0,1231.97,,2026-01-31 08:00:00,system,2026-01-31 08:00:00,system
1827,382,7,569,6,32.0,800.0,5195.19,,2026-01-31 08:00:00,system,2026-01-31 08:00:00,system
1828,382,8,516,6,2.0,360.0,36701.97,,2026-01-31 08:00:00,system,2026-01-31 08:00:00,system
1829,383,1,1190,6,6.0,330.0,7905.86,,2026-06-04 08:00:00,system,2026-06-04 08:00:00,system
1830,383,2,896,6,18.0,270.0,2993.78,,2026-06-04 08:00:00,system,2026-06-04 08:00:00,system
1831,383,3,836,6,35.0,175.0,1033.86,,2026-06-04 08:00:00,system,2026-06-04 08:00:00,system
1832,383,4,1184,1,1.0,1000.0,125.94,,2026-06-04 08:00:00,system,2026-06-04 08:00:00,system
1833,383,5,820,1,2.0,4000.0,197.17,,2026-06-04 08:00:00,system,2026-06-04 08:00:00,system
1834,383,6,228,6,6.0,300.0,12038.96,,2026-06-04 08:00:00,system,2026-06-04 08:00:00,system
1835,383,7,817,6,3.0,630.0,39770.18,,2026-06-04 08:00:00,system,2026-06-04 08:00:00,system
1836,384,1,1214,6,32.0,96.0,467.71,,2026-01-14 08:00:00,system,2026-01-14 08:00:00,system
1837,384,2,644,1,6.0,12000.0,190.57,,2026-01-14 08:00:00,system,2026-01-14 08:00:00,system
1838,385,1,1191,6,4.0,840.0,32918.39,,2026-03-04 08:00:00,system,2026-03-04 08:00:00,system
1839,385,2,687,6,16.0,320.0,4420.46,,2026-03-04 08:00:00,system,2026-03-04 08:00:00,system
1840,386,1,49,6,12.0,120.0,2319.49,,2026-01-15 08:00:00,system,2026-01-15 08:00:00,system
1841,386,2,1425,6,18.0,360.0,4339.21,,2026-01-15 08:00:00,system,2026-01-15 08:00:00,system
1842,386,3,151,6,15.0,225.0,3760.49,,2026-01-15 08:00:00,system,2026-01-15 08:00:00,system
1843,386,4,912,6,35.0,875.0,5172.36,,2026-01-15 08:00:00,system,2026-01-15 08:00:00,system
1844,386,5,896,6,7.0,105.0,3185.4,,2026-01-15 08:00:00,system,2026-01-15 08:00:00,system
1845,387,1,142,6,10.0,1800.0,40130.41,,2026-04-03 08:00:00,system,2026-04-03 08:00:00,system
1846,387,2,949,6,24.0,480.0,3969.39,,2026-04-03 08:00:00,system,2026-04-03 08:00:00,system
1847,387,3,1312,6,6.0,1080.0,53936.38,,2026-04-03 08:00:00,system,2026-04-03 08:00:00,system
1848,387,4,117,6,20.0,200.0,2383.08,,2026-04-03 08:00:00,system,2026-04-03 08:00:00,system
1849,387,5,1360,1,2.0,2000.0,275.53,,2026-04-03 08:00:00,system,2026-04-03 08:00:00,system
1850,388,1,1154,6,10.0,550.0,7367.47,,2026-04-12 08:00:00,system,2026-04-12 08:00:00,system
1851,388,2,233,6,28.0,22.4,193.77,,2026-04-12 08:00:00,system,2026-04-12 08:00:00,system
1852,388,3,195,6,21.0,210.0,2330.35,,2026-04-12 08:00:00,system,2026-04-12 08:00:00,system
1853,388,4,532,1,4.0,2000.0,177.53,,2026-04-12 08:00:00,system,2026-04-12 08:00:00,system
1854,388,5,1359,6,1.0,210.0,65685.34,,2026-04-12 08:00:00,system,2026-04-12 08:00:00,system
1855,389,1,1115,6,42.0,210.0,1811.57,,2026-05-13 08:00:00,system,2026-05-13 08:00:00,system
1856,389,2,1305,6,2.0,420.0,66113.37,,2026-05-13 08:00:00,system,2026-05-13 08:00:00,system
1857,389,3,1249,6,2.0,110.0,7819.37,,2026-05-13 08:00:00,system,2026-05-13 08:00:00,system
1858,389,4,119,6,7.0,140.0,4860.34,,2026-05-13 08:00:00,system,2026-05-13 08:00:00,system
1859,389,5,237,6,6.0,30.0,1253.2,,2026-05-13 08:00:00,system,2026-05-13 08:00:00,system
1860,389,6,13,1,1.0,1000.0,216.74,,2026-05-13 08:00:00,system,2026-05-13 08:00:00,system
1861,389,7,244,6,8.0,440.0,12557.41,,2026-05-13 08:00:00,system,2026-05-13 08:00:00,system
1862,389,8,133,6,18.0,270.0,3553.91,,2026-05-13 08:00:00,system,2026-05-13 08:00:00,system
1863,389,9,1093,6,96.0,38.4,145.58,,2026-05-13 08:00:00,system,2026-05-13 08:00:00,system
1864,389,10,803,6,1.0,210.0,43420.85,,2026-05-13 08:00:00,system,2026-05-13 08:00:00,system
1865,389,11,1308,6,42.0,42.0,308.01,,2026-05-13 08:00:00,system,2026-05-13 08:00:00,system
1866,390,1,58,1,2.0,2000.0,235.58,,2026-06-30 08:00:00,system,2026-06-30 08:00:00,system
1867,390,2,1118,6,13.0,13.0,386.38,,2026-06-30 08:00:00,system,2026-06-30 08:00:00,system
1868,390,3,1420,1,3.0,6000.0,216.34,,2026-06-30 08:00:00,system,2026-06-30 08:00:00,system
1869,390,4,1426,6,2.0,420.0,43978.97,,2026-06-30 08:00:00,system,2026-06-30 08:00:00,system
1870,391,1,1134,6,32.0,12.8,148.17,,2026-04-11 08:00:00,system,2026-04-11 08:00:00,system
1871,392,1,73,6,28.0,420.0,3514.19,,2026-03-05 08:00:00,system,2026-03-05 08:00:00,system
1872,393,1,1334,6,70.0,70.0,323.44,,2026-05-11 08:00:00,system,2026-05-11 08:00:00,system
1873,393,2,829,6,4.0,220.0,11067.83,,2026-05-11 08:00:00,system,2026-05-11 08:00:00,system
1874,393,3,343,6,30.0,900.0,6319.23,,2026-05-11 08:00:00,system,2026-05-11 08:00:00,system
1875,393,4,500,6,15.0,450.0,6490.44,,2026-05-11 08:00:00,system,2026-05-11 08:00:00,system
1876,393,5,109,6,8.0,1440.0,40131.24,,2026-05-11 08:00:00,system,2026-05-11 08:00:00,system
1877,393,6,1367,6,1.0,210.0,66938.27,,2026-05-11 08:00:00,system,2026-05-11 08:00:00,system
1878,394,1,557,6,2.0,100.0,9323.2,,2026-01-17 08:00:00,system,2026-01-17 08:00:00,system
1879,395,1,1445,6,7.0,35.0,1100.03,,2026-05-06 08:00:00,system,2026-05-06 08:00:00,system
1880,395,2,319,6,52.0,41.6,187.54,,2026-05-06 08:00:00,system,2026-05-06 08:00:00,system
1881,395,3,783,6,2.0,420.0,43660.45,,2026-05-06 08:00:00,system,2026-05-06 08:00:00,system
1882,396,1,785,1,8.0,8000.0,207.69,,2026-06-10 08:00:00,system,2026-06-10 08:00:00,system
1883,396,2,688,6,40.0,1000.0,5351.75,,2026-06-10 08:00:00,system,2026-06-10 08:00:00,system
1884,396,3,1150,6,90.0,270.0,466.33,,2026-06-10 08:00:00,system,2026-06-10 08:00:00,system
1885,396,4,1426,6,2.0,420.0,45117.38,,2026-06-10 08:00:00,system,2026-06-10 08:00:00,system
1886,396,5,355,6,48.0,144.0,749.24,,2026-06-10 08:00:00,system,2026-06-10 08:00:00,system
1887,396,6,901,6,10.0,550.0,12143.85,,2026-06-10 08:00:00,system,2026-06-10 08:00:00,system
1888,396,7,689,6,9.0,270.0,6389.69,,2026-06-10 08:00:00,system,2026-06-10 08:00:00,system
1889,396,8,1123,6,6.0,300.0,19397.86,,2026-06-10 08:00:00,system,2026-06-10 08:00:00,system
1890,396,9,1097,6,54.0,270.0,1974.76,,2026-06-10 08:00:00,system,2026-06-10 08:00:00,system
1891,397,1,735,6,36.0,108.0,645.95,,2026-02-15 08:00:00,system,2026-02-15 08:00:00,system
1892,397,2,518,1,2.0,1000.0,178.3,,2026-02-15 08:00:00,system,2026-02-15 08:00:00,system
1893,397,3,597,6,28.0,560.0,4296.59,,2026-02-15 08:00:00,system,2026-02-15 08:00:00,system
1894,397,4,314,6,3.0,150.0,12270.65,,2026-02-15 08:00:00,system,2026-02-15 08:00:00,system
1895,397,5,428,6,6.0,150.0,6124.5,,2026-02-15 08:00:00,system,2026-02-15 08:00:00,system
1896,398,1,421,6,36.0,36.0,242.45,,2026-06-21 08:00:00,system,2026-06-21 08:00:00,system
1897,398,2,744,6,2.0,360.0,35874.06,,2026-06-21 08:00:00,system,2026-06-21 08:00:00,system
1898,398,3,90,6,32.0,800.0,6530.37,,2026-06-21 08:00:00,system,2026-06-21 08:00:00,system
1899,398,4,513,6,7.0,210.0,6104.42,,2026-06-21 08:00:00,system,2026-06-21 08:00:00,system
1900,398,5,871,6,12.0,600.0,11956.89,,2026-06-21 08:00:00,system,2026-06-21 08:00:00,system
1901,398,6,164,6,35.0,175.0,1231.97,,2026-06-21 08:00:00,system,2026-06-21 08:00:00,system
1902,398,7,750,6,7.0,35.0,999.48,,2026-06-21 08:00:00,system,2026-06-21 08:00:00,system
1903,398,8,778,6,28.0,700.0,5647.33,,2026-06-21 08:00:00,system,2026-06-21 08:00:00,system
1904,398,9,1383,6,32.0,640.0,4381.54,,2026-06-21 08:00:00,system,2026-06-21 08:00:00,system
1905,398,10,410,6,24.0,240.0,2441.13,,2026-06-21 08:00:00,system,2026-06-21 08:00:00,system
1906,399,1,265,6,6.0,180.0,7543.45,,2026-06-09 08:00:00,system,2026-06-09 08:00:00,system
1907,399,2,371,6,18.0,90.0,1182.94,,2026-06-09 08:00:00,system,2026-06-09 08:00:00,system
1908,399,3,829,6,2.0,110.0,12001.26,,2026-06-09 08:00:00,system,2026-06-09 08:00:00,system
1909,399,4,464,6,28.0,420.0,3161.71,,2026-06-09 08:00:00,system,2026-06-09 08:00:00,system
1910,400,1,245,6,4.0,720.0,41018.18,,2026-01-28 08:00:00,system,2026-01-28 08:00:00,system
1911,401,1,805,1,1.0,1000.0,200.04,,2026-03-28 08:00:00,system,2026-03-28 08:00:00,system
1912,401,2,1291,1,1.0,1000.0,278.46,,2026-03-28 08:00:00,system,2026-03-28 08:00:00,system
1913,401,3,1342,1,1.0,1000.0,281.5,,2026-03-28 08:00:00,system,2026-03-28 08:00:00,system
1914,401,4,48,6,24.0,120.0,1147.63,,2026-03-28 08:00:00,system,2026-03-28 08:00:00,system
1915,401,5,894,6,30.0,150.0,1051.4,,2026-03-28 08:00:00,system,2026-03-28 08:00:00,system
1916,401,6,1377,1,8.0,8000.0,197.89,,2026-03-28 08:00:00,system,2026-03-28 08:00:00,system
1917,402,1,1079,6,5.0,50.0,3758.42,,2026-01-24 08:00:00,system,2026-01-24 08:00:00,system
1918,402,2,1054,6,10.0,1800.0,63388.92,,2026-01-24 08:00:00,system,2026-01-24 08:00:00,system
1919,403,1,169,6,25.0,750.0,7537.77,,2026-03-02 08:00:00,system,2026-03-02 08:00:00,system
1920,404,1,481,6,12.0,120.0,2181.43,,2026-03-15 08:00:00,system,2026-03-15 08:00:00,system
1921,404,2,1214,6,40.0,120.0,401.97,,2026-03-15 08:00:00,system,2026-03-15 08:00:00,system
1922,404,3,769,6,2.0,420.0,42446.46,,2026-03-15 08:00:00,system,2026-03-15 08:00:00,system
1923,404,4,1201,6,14.0,280.0,2698.33,,2026-03-15 08:00:00,system,2026-03-15 08:00:00,system
1924,404,5,1317,1,4.0,8000.0,299.1,,2026-03-15 08:00:00,system,2026-03-15 08:00:00,system
1925,404,6,676,6,8.0,400.0,9329.26,,2026-03-15 08:00:00,system,2026-03-15 08:00:00,system
1926,404,7,997,6,2.0,100.0,16928.61,,2026-03-15 08:00:00,system,2026-03-15 08:00:00,system
1927,404,8,464,6,20.0,300.0,3218.4,,2026-03-15 08:00:00,system,2026-03-15 08:00:00,system
1928,404,9,1022,6,28.0,140.0,1699.66,,2026-03-15 08:00:00,system,2026-03-15 08:00:00,system
1929,404,10,1338,6,21.0,420.0,6483.49,,2026-03-15 08:00:00,system,2026-03-15 08:00:00,system
1930,404,11,1154,6,8.0,440.0,7517.62,,2026-03-15 08:00:00,system,2026-03-15 08:00:00,system
1931,405,1,175,6,24.0,19.2,196.23,,2026-06-19 08:00:00,system,2026-06-19 08:00:00,system
1932,406,1,218,6,65.0,52.0,216.19,,2026-06-05 08:00:00,system,2026-06-05 08:00:00,system
1933,406,2,1385,6,18.0,540.0,6629.19,,2026-06-05 08:00:00,system,2026-06-05 08:00:00,system
1934,406,3,83,6,80.0,80.0,252.85,,2026-06-05 08:00:00,system,2026-06-05 08:00:00,system
1935,406,4,694,1,2.0,1000.0,188.11,,2026-06-05 08:00:00,system,2026-06-05 08:00:00,system
1936,406,5,1052,6,18.0,324.0,7412.09,,2026-06-05 08:00:00,system,2026-06-05 08:00:00,system
1937,406,6,1059,6,54.0,270.0,1924.46,,2026-06-05 08:00:00,system,2026-06-05 08:00:00,system
1938,407,1,1432,6,24.0,240.0,2118.29,,2026-05-05 08:00:00,system,2026-05-05 08:00:00,system
1939,407,2,239,6,7.0,105.0,3598.5,,2026-05-05 08:00:00,system,2026-05-05 08:00:00,system
1940,407,3,1410,6,18.0,270.0,3213.01,,2026-05-05 08:00:00,system,2026-05-05 08:00:00,system
1941,407,4,315,6,8.0,440.0,12333.5,,2026-05-05 08:00:00,system,2026-05-05 08:00:00,system
1942,407,5,290,6,24.0,120.0,1173.29,,2026-05-05 08:00:00,system,2026-05-05 08:00:00,system
1943,407,6,1159,6,10.0,50.0,672.85,,2026-05-05 08:00:00,system,2026-05-05 08:00:00,system
1944,408,1,1239,6,30.0,300.0,1401.55,,2026-01-13 08:00:00,system,2026-01-13 08:00:00,system
1945,408,2,507,6,26.0,78.0,542.68,,2026-01-13 08:00:00,system,2026-01-13 08:00:00,system
1946,408,3,472,6,4.0,220.0,11446.49,,2026-01-13 08:00:00,system,2026-01-13 08:00:00,system
1947,408,4,119,6,28.0,560.0,4860.34,,2026-01-13 08:00:00,system,2026-01-13 08:00:00,system
1948,408,5,742,6,6.0,300.0,9531.61,,2026-01-13 08:00:00,system,2026-01-13 08:00:00,system
1949,408,6,1002,6,28.0,28.0,361.29,,2026-01-13 08:00:00,system,2026-01-13 08:00:00,system
1950,409,1,1026,6,6.0,1080.0,61608.95,,2026-05-14 08:00:00,system,2026-05-14 08:00:00,system
1951,409,2,1267,6,14.0,14.0,136.3,,2026-05-14 08:00:00,system,2026-05-14 08:00:00,system
1952,409,3,1239,6,6.0,60.0,1390.74,,2026-05-14 08:00:00,system,2026-05-14 08:00:00,system
1953,409,4,727,6,12.0,360.0,5557.91,,2026-05-14 08:00:00,system,2026-05-14 08:00:00,system
1954,409,5,1222,6,24.0,72.0,424.01,,2026-05-14 08:00:00,system,2026-05-14 08:00:00,system
1955,409,6,1374,6,10.0,1800.0,37250.84,,2026-05-14 08:00:00,system,2026-05-14 08:00:00,system
1956,409,7,1029,6,11.0,11.0,364.86,,2026-05-14 08:00:00,system,2026-05-14 08:00:00,system
1957,409,8,495,6,24.0,120.0,1144.5,,2026-05-14 08:00:00,system,2026-05-14 08:00:00,system
1958,410,1,553,6,8.0,120.0,3061.06,,2026-01-01 08:00:00,system,2026-01-01 08:00:00,system
1959,410,2,953,6,4.0,220.0,12383.45,,2026-01-01 08:00:00,system,2026-01-01 08:00:00,system
1960,410,3,1169,6,8.0,160.0,2859.97,,2026-01-01 08:00:00,system,2026-01-01 08:00:00,system
1961,410,4,1090,6,6.0,300.0,20344.32,,2026-01-01 08:00:00,system,2026-01-01 08:00:00,system
1962,410,5,1015,6,20.0,360.0,6649.81,,2026-01-01 08:00:00,system,2026-01-01 08:00:00,system
1963,411,1,963,6,28.0,560.0,4111.32,,2026-01-27 08:00:00,system,2026-01-27 08:00:00,system
1964,411,2,1096,6,44.0,88.0,754.33,,2026-01-27 08:00:00,system,2026-01-27 08:00:00,system
1965,411,3,718,1,4.0,2000.0,166.43,,2026-01-27 08:00:00,system,2026-01-27 08:00:00,system
1966,411,4,910,6,14.0,210.0,3006.01,,2026-01-27 08:00:00,system,2026-01-27 08:00:00,system
1967,411,5,1477,6,18.0,90.0,1001.28,,2026-01-27 08:00:00,system,2026-01-27 08:00:00,system
1968,411,6,1018,6,58.0,23.2,150.42,,2026-01-27 08:00:00,system,2026-01-27 08:00:00,system
1969,411,7,166,6,12.0,180.0,3491.43,,2026-01-27 08:00:00,system,2026-01-27 08:00:00,system
1970,411,8,1489,1,2.0,4000.0,180.67,,2026-01-27 08:00:00,system,2026-01-27 08:00:00,system
1971,411,9,1287,6,15.0,300.0,6490.34,,2026-01-27 08:00:00,system,2026-01-27 08:00:00,system
1972,411,10,361,6,30.0,900.0,7108.35,,2026-01-27 08:00:00,system,2026-01-27 08:00:00,system
1973,412,1,128,6,55.0,55.0,241.68,,2026-02-17 08:00:00,system,2026-02-17 08:00:00,system
1974,413,1,361,6,24.0,720.0,7108.35,,2026-03-21 08:00:00,system,2026-03-21 08:00:00,system
1975,413,2,73,6,6.0,90.0,3712.22,,2026-03-21 08:00:00,system,2026-03-21 08:00:00,system
1976,413,3,646,6,30.0,150.0,909.17,,2026-03-21 08:00:00,system,2026-03-21 08:00:00,system
1977,413,4,440,6,2.0,360.0,38915.01,,2026-03-21 08:00:00,system,2026-03-21 08:00:00,system
1978,413,5,143,6,1.0,210.0,46493.07,,2026-03-21 08:00:00,system,2026-03-21 08:00:00,system
1979,414,1,274,6,36.0,108.0,745.17,,2026-05-04 08:00:00,system,2026-05-04 08:00:00,system
1980,414,2,732,1,2.0,1000.0,182.92,,2026-05-04 08:00:00,system,2026-05-04 08:00:00,system
1981,414,3,130,6,45.0,135.0,752.41,,2026-05-04 08:00:00,system,2026-05-04 08:00:00,system
1982,414,4,1026,6,4.0,720.0,63122.96,,2026-05-04 08:00:00,system,2026-05-04 08:00:00,system
1983,414,5,698,6,40.0,200.0,969.21,,2026-05-04 08:00:00,system,2026-05-04 08:00:00,system
1984,414,6,42,6,2.0,420.0,50704.5,,2026-05-04 08:00:00,system,2026-05-04 08:00:00,system
1985,415,1,957,1,8.0,8000.0,195.98,,2026-03-03 08:00:00,system,2026-03-03 08:00:00,system
1986,415,2,772,1,4.0,8000.0,182.84,,2026-03-03 08:00:00,system,2026-03-03 08:00:00,system
1987,415,3,1169,6,6.0,120.0,2914.78,,2026-03-03 08:00:00,system,2026-03-03 08:00:00,system
1988,415,4,1463,6,2.0,420.0,40801.48,,2026-03-03 08:00:00,system,2026-03-03 08:00:00,system
1989,416,1,651,6,24.0,720.0,5892.68,,2026-05-28 08:00:00,system,2026-05-28 08:00:00,system
1990,416,2,999,6,90.0,36.0,153.86,,2026-05-28 08:00:00,system,2026-05-28 08:00:00,system
1991,417,1,272,6,26.0,26.0,272.54,,2026-04-05 08:00:00,system,2026-04-05 08:00:00,system
1992,417,2,340,6,7.0,105.0,3390.86,,2026-04-05 08:00:00,system,2026-04-05 08:00:00,system
1993,417,3,324,6,7.0,70.0,2402.71,,2026-04-05 08:00:00,system,2026-04-05 08:00:00,system
1994,417,4,170,6,6.0,300.0,12322.61,,2026-04-05 08:00:00,system,2026-04-05 08:00:00,system
1995,417,5,224,6,21.0,315.0,3900.28,,2026-04-05 08:00:00,system,2026-04-05 08:00:00,system
1996,417,6,214,6,15.0,825.0,14540.65,,2026-04-05 08:00:00,system,2026-04-05 08:00:00,system
1997,417,7,167,6,14.0,280.0,5137.32,,2026-04-05 08:00:00,system,2026-04-05 08:00:00,system
1998,417,8,262,6,7.0,105.0,3817.83,,2026-04-05 08:00:00,system,2026-04-05 08:00:00,system
1999,417,9,16,6,12.0,14.4,315.35,,2026-04-05 08:00:00,system,2026-04-05 08:00:00,system
2000,417,10,238,6,21.0,210.0,2493.71,,2026-04-05 08:00:00,system,2026-04-05 08:00:00,system
2001,417,11,603,6,2.0,420.0,39194.58,,2026-04-05 08:00:00,system,2026-04-05 08:00:00,system
2002,417,12,845,6,3.0,630.0,44768.92,,2026-04-05 08:00:00,system,2026-04-05 08:00:00,system
2003,417,13,394,6,28.0,140.0,1239.36,,2026-04-05 08:00:00,system,2026-04-05 08:00:00,system
2004,418,1,188,6,1.0,210.0,55828.09,,2026-03-08 08:00:00,system,2026-03-08 08:00:00,system
2005,418,2,1147,6,2.0,420.0,32019.92,,2026-03-08 08:00:00,system,2026-03-08 08:00:00,system
2006,418,3,407,6,26.0,31.2,300.22,,2026-03-08 08:00:00,system,2026-03-08 08:00:00,system
2007,418,4,1052,6,18.0,324.0,7412.09,,2026-03-08 08:00:00,system,2026-03-08 08:00:00,system
2008,418,5,1027,6,31.0,12.4,168.6,,2026-03-08 08:00:00,system,2026-03-08 08:00:00,system
2009,418,6,1007,6,12.0,600.0,19090.54,,2026-03-08 08:00:00,system,2026-03-08 08:00:00,system
2010,418,7,158,6,5.0,1050.0,54679.76,,2026-03-08 08:00:00,system,2026-03-08 08:00:00,system
2011,418,8,661,6,40.0,400.0,2013.82,,2026-03-08 08:00:00,system,2026-03-08 08:00:00,system
2012,418,9,1488,1,2.0,2000.0,213.31,,2026-03-08 08:00:00,system,2026-03-08 08:00:00,system
2013,418,10,830,6,15.0,2700.0,38009.77,,2026-03-08 08:00:00,system,2026-03-08 08:00:00,system
2014,418,11,855,6,32.0,800.0,5940.89,,2026-03-08 08:00:00,system,2026-03-08 08:00:00,system
2015,418,12,738,6,35.0,525.0,3001.98,,2026-03-08 08:00:00,system,2026-03-08 08:00:00,system
2016,418,13,341,6,32.0,640.0,4985.94,,2026-03-08 08:00:00,system,2026-03-08 08:00:00,system
2017,418,14,1398,6,7.0,175.0,6141.3,,2026-03-08 08:00:00,system,2026-03-08 08:00:00,system
2018,418,15,996,6,20.0,360.0,7497.61,,2026-03-08 08:00:00,system,2026-03-08 08:00:00,system
2019,419,1,1111,6,42.0,16.8,137.03,,2026-05-14 08:00:00,system,2026-05-14 08:00:00,system
2020,419,2,1046,6,88.0,35.2,147.58,,2026-05-14 08:00:00,system,2026-05-14 08:00:00,system
2021,419,3,1476,6,12.0,36.0,623.6,,2026-05-14 08:00:00,system,2026-05-14 08:00:00,system
2022,420,1,149,6,18.0,90.0,1248.91,,2026-05-18 08:00:00,system,2026-05-18 08:00:00,system
2023,421,1,461,6,14.0,42.0,628.47,,2026-01-21 08:00:00,system,2026-01-21 08:00:00,system
2024,422,1,1037,6,105.0,42.0,149.43,,2026-03-29 08:00:00,system,2026-03-29 08:00:00,system
2025,423,1,656,1,2.0,1000.0,171.74,,2026-03-08 08:00:00,system,2026-03-08 08:00:00,system
2026,424,1,225,6,35.0,700.0,5008.09,,2026-04-19 08:00:00,system,2026-04-19 08:00:00,system
2027,424,2,233,6,20.0,16.0,184.64,,2026-04-19 08:00:00,system,2026-04-19 08:00:00,system
2028,424,3,1149,6,44.0,44.0,138.86,,2026-04-19 08:00:00,system,2026-04-19 08:00:00,system
2029,424,4,521,6,55.0,165.0,615.21,,2026-04-19 08:00:00,system,2026-04-19 08:00:00,system
2030,424,5,820,1,3.0,6000.0,197.17,,2026-04-19 08:00:00,system,2026-04-19 08:00:00,system
2031,425,1,1361,1,2.0,4000.0,286.91,,2026-05-16 08:00:00,system,2026-05-16 08:00:00,system
2032,425,2,1376,1,2.0,1000.0,199.26,,2026-05-16 08:00:00,system,2026-05-16 08:00:00,system
2033,425,3,881,6,21.0,315.0,3032.48,,2026-05-16 08:00:00,system,2026-05-16 08:00:00,system
2034,425,4,639,6,2.0,110.0,10839.12,,2026-05-16 08:00:00,system,2026-05-16 08:00:00,system
2035,425,5,449,6,28.0,420.0,3268.92,,2026-05-16 08:00:00,system,2026-05-16 08:00:00,system
2036,425,6,1286,6,50.0,250.0,1513.73,,2026-05-16 08:00:00,system,2026-05-16 08:00:00,system
2037,426,1,912,6,7.0,175.0,5172.36,,2026-03-06 08:00:00,system,2026-03-06 08:00:00,system
2038,427,1,292,6,40.0,600.0,3763.28,,2026-02-06 08:00:00,system,2026-02-06 08:00:00,system
2039,427,2,702,6,18.0,450.0,5006.75,,2026-02-06 08:00:00,system,2026-02-06 08:00:00,system
2040,428,1,120,6,30.0,750.0,5825.51,,2026-06-03 08:00:00,system,2026-06-03 08:00:00,system
2041,429,1,845,6,2.0,420.0,45128.17,,2026-04-06 08:00:00,system,2026-04-06 08:00:00,system
2042,430,1,961,6,14.0,140.0,2325.92,,2026-01-12 08:00:00,system,2026-01-12 08:00:00,system
2043,430,2,656,1,6.0,3000.0,198.48,,2026-01-12 08:00:00,system,2026-01-12 08:00:00,system
2044,430,3,393,6,70.0,210.0,702.04,,2026-01-12 08:00:00,system,2026-01-12 08:00:00,system
2045,430,4,1490,6,54.0,162.0,714.46,,2026-01-12 08:00:00,system,2026-01-12 08:00:00,system
2046,430,5,1186,6,70.0,210.0,463.83,,2026-01-12 08:00:00,system,2026-01-12 08:00:00,system
2047,430,6,153,6,7.0,175.0,6771.75,,2026-01-12 08:00:00,system,2026-01-12 08:00:00,system
2048,430,7,9,6,2.0,100.0,13005.58,,2026-01-12 08:00:00,system,2026-01-12 08:00:00,system
2049,431,1,152,6,6.0,120.0,4894.98,,2026-06-09 08:00:00,system,2026-06-09 08:00:00,system
2050,431,2,1134,6,25.0,10.0,139.29,,2026-06-09 08:00:00,system,2026-06-09 08:00:00,system
2051,431,3,48,6,24.0,120.0,1197.3,,2026-06-09 08:00:00,system,2026-06-09 08:00:00,system
2052,431,4,717,6,1.0,210.0,37558.86,,2026-06-09 08:00:00,system,2026-06-09 08:00:00,system
2053,431,5,962,6,12.0,180.0,3035.01,,2026-06-09 08:00:00,system,2026-06-09 08:00:00,system
2054,431,6,766,6,8.0,400.0,10602.53,,2026-06-09 08:00:00,system,2026-06-09 08:00:00,system
2055,432,1,1066,6,24.0,12.0,191.92,,2026-02-21 08:00:00,system,2026-02-21 08:00:00,system
2056,433,1,1003,6,56.0,112.0,735.11,,2026-01-23 08:00:00,system,2026-01-23 08:00:00,system
2057,434,1,403,6,3.0,630.0,41785.62,,2026-04-01 08:00:00,system,2026-04-01 08:00:00,system
2058,434,2,339,6,24.0,240.0,2200.57,,2026-04-01 08:00:00,system,2026-04-01 08:00:00,system
2059,434,3,1158,6,14.0,42.0,433.65,,2026-04-01 08:00:00,system,2026-04-01 08:00:00,system
2060,435,1,435,6,7.0,140.0,4276.86,,2026-05-16 08:00:00,system,2026-05-16 08:00:00,system
2061,436,1,417,6,2.0,360.0,36763.79,,2026-02-28 08:00:00,system,2026-02-28 08:00:00,system
2062,436,2,1377,1,8.0,8000.0,197.89,,2026-02-28 08:00:00,system,2026-02-28 08:00:00,system
2063,436,3,806,1,8.0,16000.0,188.33,,2026-02-28 08:00:00,system,2026-02-28 08:00:00,system
2064,436,4,1260,6,44.0,132.0,416.99,,2026-02-28 08:00:00,system,2026-02-28 08:00:00,system
2065,436,5,470,6,5.0,150.0,6591.27,,2026-02-28 08:00:00,system,2026-02-28 08:00:00,system
2066,436,6,940,6,2.0,360.0,35898.26,,2026-02-28 08:00:00,system,2026-02-28 08:00:00,system
2067,436,7,116,6,20.0,100.0,1221.49,,2026-02-28 08:00:00,system,2026-02-28 08:00:00,system
2068,437,1,707,6,5.0,1050.0,38992.58,,2026-04-07 08:00:00,system,2026-04-07 08:00:00,system
2069,438,1,1460,6,10.0,500.0,10714.45,,2026-06-21 08:00:00,system,2026-06-21 08:00:00,system
2070,438,2,283,6,8.0,1440.0,39496.36,,2026-06-21 08:00:00,system,2026-06-21 08:00:00,system
2071,438,3,236,6,70.0,210.0,698.28,,2026-06-21 08:00:00,system,2026-06-21 08:00:00,system
2072,438,4,743,6,4.0,220.0,10879.65,,2026-06-21 08:00:00,system,2026-06-21 08:00:00,system
2073,438,5,650,6,6.0,150.0,4825.32,,2026-06-21 08:00:00,system,2026-06-21 08:00:00,system
2074,438,6,1116,6,78.0,31.2,150.22,,2026-06-21 08:00:00,system,2026-06-21 08:00:00,system
2075,439,1,826,6,28.0,700.0,5724.47,,2026-02-10 08:00:00,system,2026-02-10 08:00:00,system
2076,439,2,986,6,16.0,160.0,3783.69,,2026-02-10 08:00:00,system,2026-02-10 08:00:00,system
2077,439,3,623,6,8.0,80.0,2036.98,,2026-02-10 08:00:00,system,2026-02-10 08:00:00,system
2078,439,4,430,6,6.0,300.0,12284.72,,2026-02-10 08:00:00,system,2026-02-10 08:00:00,system
2079,439,5,466,6,35.0,350.0,2285.08,,2026-02-10 08:00:00,system,2026-02-10 08:00:00,system
2080,439,6,166,6,28.0,420.0,3963.12,,2026-02-10 08:00:00,system,2026-02-10 08:00:00,system
2081,439,7,1010,6,48.0,24.0,193.96,,2026-02-10 08:00:00,system,2026-02-10 08:00:00,system
2082,439,8,271,6,26.0,20.8,214.54,,2026-02-10 08:00:00,system,2026-02-10 08:00:00,system
2083,439,9,336,6,48.0,57.6,274.38,,2026-02-10 08:00:00,system,2026-02-10 08:00:00,system
2084,439,10,1231,6,8.0,80.0,1493.71,,2026-02-10 08:00:00,system,2026-02-10 08:00:00,system
2085,439,11,951,6,7.0,210.0,6781.72,,2026-02-10 08:00:00,system,2026-02-10 08:00:00,system
2086,439,12,568,6,40.0,800.0,3897.17,,2026-02-10 08:00:00,system,2026-02-10 08:00:00,system
2087,439,13,1489,1,4.0,8000.0,214.55,,2026-02-10 08:00:00,system,2026-02-10 08:00:00,system
2088,439,14,410,6,16.0,160.0,2442.34,,2026-02-10 08:00:00,system,2026-02-10 08:00:00,system
2089,440,1,687,6,30.0,600.0,3911.69,,2026-06-16 08:00:00,system,2026-06-16 08:00:00,system
2090,440,2,119,6,12.0,240.0,4733.42,,2026-06-16 08:00:00,system,2026-06-16 08:00:00,system
2091,440,3,1474,6,6.0,300.0,10247.11,,2026-06-16 08:00:00,system,2026-06-16 08:00:00,system
2092,440,4,840,6,5.0,125.0,5038.61,,2026-06-16 08:00:00,system,2026-06-16 08:00:00,system
2093,441,1,1078,6,12.0,60.0,1986.9,,2026-04-06 08:00:00,system,2026-04-06 08:00:00,system
2094,441,2,296,6,10.0,500.0,13313.86,,2026-04-06 08:00:00,system,2026-04-06 08:00:00,system
2095,441,3,225,6,21.0,420.0,5351.29,,2026-04-06 08:00:00,system,2026-04-06 08:00:00,system
2096,441,4,428,6,30.0,750.0,6124.5,,2026-04-06 08:00:00,system,2026-04-06 08:00:00,system
2097,441,5,614,6,2.0,100.0,10110.96,,2026-04-06 08:00:00,system,2026-04-06 08:00:00,system
2098,441,6,1072,6,6.0,300.0,19509.48,,2026-04-06 08:00:00,system,2026-04-06 08:00:00,system
2099,441,7,316,6,12.0,2160.0,41493.28,,2026-04-06 08:00:00,system,2026-04-06 08:00:00,system
2100,442,1,1321,6,4.0,220.0,16570.83,,2026-03-08 08:00:00,system,2026-03-08 08:00:00,system
2101,442,2,1151,6,12.0,60.0,688.95,,2026-03-08 08:00:00,system,2026-03-08 08:00:00,system
2102,442,3,311,6,15.0,300.0,4582.83,,2026-03-08 08:00:00,system,2026-03-08 08:00:00,system
2103,442,4,416,6,4.0,220.0,12492.73,,2026-03-08 08:00:00,system,2026-03-08 08:00:00,system
2104,442,5,861,1,4.0,2000.0,192.21,,2026-03-08 08:00:00,system,2026-03-08 08:00:00,system
2105,442,6,365,6,1.0,210.0,44637.21,,2026-03-08 08:00:00,system,2026-03-08 08:00:00,system
2106,442,7,756,1,6.0,3000.0,180.45,,2026-03-08 08:00:00,system,2026-03-08 08:00:00,system
2107,442,8,288,6,65.0,78.0,281.97,,2026-03-08 08:00:00,system,2026-03-08 08:00:00,system
2108,442,9,428,6,30.0,750.0,5641.78,,2026-03-08 08:00:00,system,2026-03-08 08:00:00,system
2109,443,1,166,6,24.0,360.0,3491.43,,2026-06-07 08:00:00,system,2026-06-07 08:00:00,system
2110,443,2,1135,6,24.0,12.0,179.92,,2026-06-07 08:00:00,system,2026-06-07 08:00:00,system
2111,443,3,1381,6,14.0,140.0,2158.43,,2026-06-07 08:00:00,system,2026-06-07 08:00:00,system
2112,443,4,835,6,13.0,39.0,660.01,,2026-06-07 08:00:00,system,2026-06-07 08:00:00,system
2113,443,5,1402,6,8.0,1440.0,35738.98,,2026-06-07 08:00:00,system,2026-06-07 08:00:00,system
2114,444,1,1439,6,10.0,1800.0,34454.51,,2026-05-05 08:00:00,system,2026-05-05 08:00:00,system
2115,444,2,225,6,28.0,560.0,5008.09,,2026-05-05 08:00:00,system,2026-05-05 08:00:00,system
2116,444,3,1149,6,44.0,44.0,138.86,,2026-05-05 08:00:00,system,2026-05-05 08:00:00,system
2117,444,4,896,6,24.0,360.0,2993.78,,2026-05-05 08:00:00,system,2026-05-05 08:00:00,system
2118,444,5,820,1,1.0,2000.0,197.17,,2026-05-05 08:00:00,system,2026-05-05 08:00:00,system
2119,444,6,1291,1,1.0,1000.0,278.46,,2026-05-05 08:00:00,system,2026-05-05 08:00:00,system
2120,445,1,785,1,1.0,1000.0,188.17,,2026-01-27 08:00:00,system,2026-01-27 08:00:00,system
2121,445,2,1376,1,4.0,2000.0,199.26,,2026-01-27 08:00:00,system,2026-01-27 08:00:00,system
2122,445,3,850,6,24.0,72.0,652.88,,2026-01-27 08:00:00,system,2026-01-27 08:00:00,system
2123,445,4,175,6,14.0,11.2,191.02,,2026-01-27 08:00:00,system,2026-01-27 08:00:00,system
2124,445,5,1197,6,20.0,400.0,2655.95,,2026-01-27 08:00:00,system,2026-01-27 08:00:00,system
2125,445,6,324,6,35.0,350.0,2141.02,,2026-01-27 08:00:00,system,2026-01-27 08:00:00,system
2126,445,7,1099,6,25.0,450.0,6628.85,,2026-01-27 08:00:00,system,2026-01-27 08:00:00,system
2127,445,8,106,6,24.0,720.0,6973.29,,2026-01-27 08:00:00,system,2026-01-27 08:00:00,system
2128,446,1,964,6,7.0,175.0,5924.21,,2026-04-15 08:00:00,system,2026-04-15 08:00:00,system
2129,446,2,1375,6,5.0,1050.0,47449.06,,2026-04-15 08:00:00,system,2026-04-15 08:00:00,system
2130,446,3,125,6,1.0,210.0,49133.76,,2026-04-15 08:00:00,system,2026-04-15 08:00:00,system
2131,446,4,15,6,60.0,60.0,266.53,,2026-04-15 08:00:00,system,2026-04-15 08:00:00,system
2132,447,1,780,6,6.0,300.0,11151.09,,2026-05-20 08:00:00,system,2026-05-20 08:00:00,system
2133,447,2,1240,6,6.0,120.0,2980.24,,2026-05-20 08:00:00,system,2026-05-20 08:00:00,system
2134,447,3,175,6,36.0,28.8,196.23,,2026-05-20 08:00:00,system,2026-05-20 08:00:00,system
2135,447,4,1127,6,56.0,56.0,397.8,,2026-05-20 08:00:00,system,2026-05-20 08:00:00,system
2136,447,5,723,6,6.0,60.0,1958.45,,2026-05-20 08:00:00,system,2026-05-20 08:00:00,system
2137,447,6,1169,6,16.0,320.0,2859.97,,2026-05-20 08:00:00,system,2026-05-20 08:00:00,system
2138,448,1,913,6,10.0,300.0,6462.71,,2026-04-06 08:00:00,system,2026-04-06 08:00:00,system
2139,449,1,235,6,48.0,57.6,289.46,,2026-05-14 08:00:00,system,2026-05-14 08:00:00,system
2140,449,2,629,6,2.0,110.0,10800.36,,2026-05-14 08:00:00,system,2026-05-14 08:00:00,system
2141,450,1,395,6,21.0,210.0,2301.76,,2026-01-30 08:00:00,system,2026-01-30 08:00:00,system
2142,450,2,882,6,24.0,480.0,4016.08,,2026-01-30 08:00:00,system,2026-01-30 08:00:00,system
2143,450,3,1445,6,25.0,125.0,1051.52,,2026-01-30 08:00:00,system,2026-01-30 08:00:00,system
2144,450,4,190,6,42.0,33.6,192.24,,2026-01-30 08:00:00,system,2026-01-30 08:00:00,system
2145,450,5,167,6,30.0,600.0,4963.62,,2026-01-30 08:00:00,system,2026-01-30 08:00:00,system
2146,450,6,1207,6,11.0,55.0,709.15,,2026-01-30 08:00:00,system,2026-01-30 08:00:00,system
2147,450,7,1270,6,25.0,250.0,1368.56,,2026-01-30 08:00:00,system,2026-01-30 08:00:00,system
2148,450,8,1054,6,2.0,360.0,63388.92,,2026-01-30 08:00:00,system,2026-01-30 08:00:00,system
2149,450,9,57,6,2.0,420.0,45872.26,,2026-01-30 08:00:00,system,2026-01-30 08:00:00,system
2150,450,10,359,6,24.0,480.0,4490.08,,2026-01-30 08:00:00,system,2026-01-30 08:00:00,system
2151,451,1,349,6,42.0,33.6,178.3,,2026-02-08 08:00:00,system,2026-02-08 08:00:00,system
2152,451,2,977,6,4.0,40.0,3565.11,,2026-02-08 08:00:00,system,2026-02-08 08:00:00,system
2153,451,3,203,6,56.0,44.8,188.51,,2026-02-08 08:00:00,system,2026-02-08 08:00:00,system
2154,451,4,1330,6,4.0,720.0,51801.14,,2026-02-08 08:00:00,system,2026-02-08 08:00:00,system
2155,451,5,183,6,30.0,750.0,5992.52,,2026-02-08 08:00:00,system,2026-02-08 08:00:00,system
2156,452,1,1022,6,14.0,70.0,1699.66,,2026-06-05 08:00:00,system,2026-06-05 08:00:00,system
2157,452,2,500,6,14.0,420.0,6542.21,,2026-06-05 08:00:00,system,2026-06-05 08:00:00,system
2158,452,3,1344,6,13.0,13.0,320.69,,2026-06-05 08:00:00,system,2026-06-05 08:00:00,system
2159,452,4,367,6,14.0,11.2,183.4,,2026-06-05 08:00:00,system,2026-06-05 08:00:00,system
2160,452,5,1368,1,4.0,4000.0,294.73,,2026-06-05 08:00:00,system,2026-06-05 08:00:00,system
2161,452,6,509,6,6.0,60.0,1909.58,,2026-06-05 08:00:00,system,2026-06-05 08:00:00,system
2162,452,7,1133,6,8.0,1440.0,58303.42,,2026-06-05 08:00:00,system,2026-06-05 08:00:00,system
2163,452,8,1367,6,5.0,1050.0,64264.39,,2026-06-05 08:00:00,system,2026-06-05 08:00:00,system
2164,452,9,1295,6,12.0,240.0,6017.28,,2026-06-05 08:00:00,system,2026-06-05 08:00:00,system
2165,453,1,832,1,3.0,1500.0,207.26,,2026-03-14 08:00:00,system,2026-03-14 08:00:00,system
2166,453,2,675,6,10.0,300.0,6550.52,,2026-03-14 08:00:00,system,2026-03-14 08:00:00,system
2167,453,3,1258,1,4.0,4000.0,141.96,,2026-03-14 08:00:00,system,2026-03-14 08:00:00,system
2168,454,1,235,6,60.0,72.0,289.46,,2026-03-03 08:00:00,system,2026-03-03 08:00:00,system
2169,454,2,1297,6,4.0,840.0,65319.27,,2026-03-03 08:00:00,system,2026-03-03 08:00:00,system
2170,454,3,1303,6,8.0,440.0,18445.57,,2026-03-03 08:00:00,system,2026-03-03 08:00:00,system
2171,454,4,346,6,10.0,1800.0,38526.22,,2026-03-03 08:00:00,system,2026-03-03 08:00:00,system
2172,454,5,275,6,15.0,75.0,1247.3,,2026-03-03 08:00:00,system,2026-03-03 08:00:00,system
2173,454,6,721,6,44.0,132.0,588.52,,2026-03-03 08:00:00,system,2026-03-03 08:00:00,system
2174,454,7,267,6,8.0,440.0,12774.08,,2026-03-03 08:00:00,system,2026-03-03 08:00:00,system
2175,454,8,1143,6,52.0,260.0,689.64,,2026-03-03 08:00:00,system,2026-03-03 08:00:00,system
2176,454,9,863,1,8.0,16000.0,185.43,,2026-03-03 08:00:00,system,2026-03-03 08:00:00,system
2177,454,10,1114,6,28.0,56.0,704.28,,2026-03-03 08:00:00,system,2026-03-03 08:00:00,system
2178,455,1,1460,6,6.0,300.0,10392.16,,2026-01-04 08:00:00,system,2026-01-04 08:00:00,system
2179,456,1,1387,6,4.0,220.0,10933.81,,2026-04-19 08:00:00,system,2026-04-19 08:00:00,system
2180,457,1,711,6,25.0,500.0,3600.87,,2026-02-26 08:00:00,system,2026-02-26 08:00:00,system
2181,457,2,1195,6,50.0,250.0,732.58,,2026-02-26 08:00:00,system,2026-02-26 08:00:00,system
2182,457,3,1366,6,8.0,1440.0,53081.61,,2026-02-26 08:00:00,system,2026-02-26 08:00:00,system
2183,457,4,132,6,14.0,140.0,2446.91,,2026-02-26 08:00:00,system,2026-02-26 08:00:00,system
2184,457,5,1361,1,2.0,4000.0,295.59,,2026-02-26 08:00:00,system,2026-02-26 08:00:00,system
2185,457,6,1146,6,4.0,220.0,7622.07,,2026-02-26 08:00:00,system,2026-02-26 08:00:00,system
2186,457,7,149,6,30.0,150.0,1138.81,,2026-02-26 08:00:00,system,2026-02-26 08:00:00,system
2187,457,8,842,6,10.0,500.0,10506.77,,2026-02-26 08:00:00,system,2026-02-26 08:00:00,system
2188,457,9,954,6,2.0,360.0,36620.81,,2026-02-26 08:00:00,system,2026-02-26 08:00:00,system
2189,458,1,548,1,4.0,4000.0,201.89,,2026-05-05 08:00:00,system,2026-05-05 08:00:00,system
2190,458,2,798,1,8.0,4000.0,210.15,,2026-05-05 08:00:00,system,2026-05-05 08:00:00,system
2191,459,1,68,6,18.0,540.0,7378.62,,2026-01-14 08:00:00,system,2026-01-14 08:00:00,system
2192,459,2,584,6,10.0,300.0,5521.17,,2026-01-14 08:00:00,system,2026-01-14 08:00:00,system
2193,459,3,1289,6,10.0,1800.0,56636.44,,2026-01-14 08:00:00,system,2026-01-14 08:00:00,system
2194,459,4,192,6,22.0,26.4,288.02,,2026-01-14 08:00:00,system,2026-01-14 08:00:00,system
2195,459,5,1310,6,18.0,360.0,6534.78,,2026-01-14 08:00:00,system,2026-01-14 08:00:00,system
2196,459,6,860,6,3.0,630.0,41028.43,,2026-01-14 08:00:00,system,2026-01-14 08:00:00,system
2197,459,7,1476,6,42.0,126.0,649.4,,2026-01-14 08:00:00,system,2026-01-14 08:00:00,system
2198,459,8,1045,6,2.0,360.0,59895.94,,2026-01-14 08:00:00,system,2026-01-14 08:00:00,system
2199,459,9,479,6,48.0,144.0,682.72,,2026-01-14 08:00:00,system,2026-01-14 08:00:00,system
2200,459,10,275,6,6.0,30.0,1158.13,,2026-01-14 08:00:00,system,2026-01-14 08:00:00,system
2201,459,11,29,6,52.0,41.6,194.58,,2026-01-14 08:00:00,system,2026-01-14 08:00:00,system
2202,459,12,72,6,25.0,250.0,2265.89,,2026-01-14 08:00:00,system,2026-01-14 08:00:00,system
2203,459,13,1170,6,8.0,440.0,7312.96,,2026-01-14 08:00:00,system,2026-01-14 08:00:00,system
2204,459,14,1403,6,2.0,420.0,39449.65,,2026-01-14 08:00:00,system,2026-01-14 08:00:00,system
2205,460,1,109,6,8.0,1440.0,39718.46,,2026-01-24 08:00:00,system,2026-01-24 08:00:00,system
2206,460,2,996,6,4.0,72.0,6168.52,,2026-01-24 08:00:00,system,2026-01-24 08:00:00,system
2207,460,3,303,1,1.0,1000.0,199.38,,2026-01-24 08:00:00,system,2026-01-24 08:00:00,system
2208,460,4,1018,6,25.0,10.0,136.25,,2026-01-24 08:00:00,system,2026-01-24 08:00:00,system
2209,460,5,1157,6,60.0,60.0,143.72,,2026-01-24 08:00:00,system,2026-01-24 08:00:00,system
2210,460,6,1128,6,42.0,84.0,740.28,,2026-01-24 08:00:00,system,2026-01-24 08:00:00,system
2211,460,7,923,6,21.0,210.0,2181.79,,2026-01-24 08:00:00,system,2026-01-24 08:00:00,system
2212,460,8,1274,6,3.0,630.0,61368.06,,2026-01-24 08:00:00,system,2026-01-24 08:00:00,system
2213,460,9,1377,1,2.0,2000.0,197.89,,2026-01-24 08:00:00,system,2026-01-24 08:00:00,system
2214,460,10,72,6,12.0,120.0,2392.2,,2026-01-24 08:00:00,system,2026-01-24 08:00:00,system
2215,460,11,805,1,2.0,2000.0,200.04,,2026-01-24 08:00:00,system,2026-01-24 08:00:00,system
2216,460,12,351,1,4.0,4000.0,196.87,,2026-01-24 08:00:00,system,2026-01-24 08:00:00,system
2217,460,13,882,6,35.0,700.0,4023.56,,2026-01-24 08:00:00,system,2026-01-24 08:00:00,system
2218,460,14,1153,6,12.0,240.0,2654.07,,2026-01-24 08:00:00,system,2026-01-24 08:00:00,system
2219,461,1,639,6,6.0,330.0,10280.5,,2026-05-19 08:00:00,system,2026-05-19 08:00:00,system
2220,461,2,1056,6,28.0,14.0,172.08,,2026-05-19 08:00:00,system,2026-05-19 08:00:00,system
2221,461,3,77,6,2.0,100.0,12415.64,,2026-05-19 08:00:00,system,2026-05-19 08:00:00,system
2222,462,1,242,6,24.0,720.0,7270.59,,2026-03-14 08:00:00,system,2026-03-14 08:00:00,system
2223,462,2,1215,6,26.0,130.0,731.86,,2026-03-14 08:00:00,system,2026-03-14 08:00:00,system
2224,462,3,831,6,3.0,630.0,41451.49,,2026-03-14 08:00:00,system,2026-03-14 08:00:00,system
2225,462,4,719,1,6.0,6000.0,176.92,,2026-03-14 08:00:00,system,2026-03-14 08:00:00,system
2226,462,5,145,6,44.0,35.2,197.88,,2026-03-14 08:00:00,system,2026-03-14 08:00:00,system
2227,462,6,838,6,18.0,270.0,3142.74,,2026-03-14 08:00:00,system,2026-03-14 08:00:00,system
2228,462,7,318,1,3.0,3000.0,206.21,,2026-03-14 08:00:00,system,2026-03-14 08:00:00,system
2229,463,1,1410,6,6.0,90.0,3213.01,,2026-05-20 08:00:00,system,2026-05-20 08:00:00,system
2230,464,1,319,6,13.0,10.4,187.54,,2026-04-16 08:00:00,system,2026-04-16 08:00:00,system
2231,464,2,263,6,24.0,480.0,5045.77,,2026-04-16 08:00:00,system,2026-04-16 08:00:00,system
2232,464,3,80,6,2.0,420.0,48891.95,,2026-04-16 08:00:00,system,2026-04-16 08:00:00,system
2233,464,4,1459,6,21.0,630.0,7069.64,,2026-04-16 08:00:00,system,2026-04-16 08:00:00,system
2234,464,5,84,6,65.0,78.0,305.68,,2026-04-16 08:00:00,system,2026-04-16 08:00:00,system
2235,464,6,742,6,2.0,100.0,10256.39,,2026-04-16 08:00:00,system,2026-04-16 08:00:00,system
2236,465,1,82,6,16.0,12.8,210.95,,2026-02-25 08:00:00,system,2026-02-25 08:00:00,system
2237,465,2,494,6,39.0,117.0,754.24,,2026-02-25 08:00:00,system,2026-02-25 08:00:00,system
2238,466,1,233,6,39.0,31.2,194.23,,2026-02-23 08:00:00,system,2026-02-23 08:00:00,system
2239,466,2,1312,6,4.0,720.0,56028.66,,2026-02-23 08:00:00,system,2026-02-23 08:00:00,system
2240,466,3,560,6,2.0,420.0,36897.37,,2026-02-23 08:00:00,system,2026-02-23 08:00:00,system
2241,466,4,1079,6,4.0,40.0,3609.82,,2026-02-23 08:00:00,system,2026-02-23 08:00:00,system
2242,466,5,1362,6,13.0,13.0,334.57,,2026-02-23 08:00:00,system,2026-02-23 08:00:00,system
2243,466,6,1142,6,39.0,117.0,409.88,,2026-02-23 08:00:00,system,2026-02-23 08:00:00,system
2244,466,7,561,1,2.0,1000.0,171.97,,2026-02-23 08:00:00,system,2026-02-23 08:00:00,system
2245,467,1,540,6,6.0,150.0,4555.79,,2026-05-07 08:00:00,system,2026-05-07 08:00:00,system
2246,467,2,44,6,28.0,22.4,184.68,,2026-05-07 08:00:00,system,2026-05-07 08:00:00,system
2247,467,3,1268,6,14.0,42.0,423.4,,2026-05-07 08:00:00,system,2026-05-07 08:00:00,system
2248,467,4,1438,6,8.0,440.0,11249.55,,2026-05-07 08:00:00,system,2026-05-07 08:00:00,system
2249,468,1,991,6,70.0,35.0,172.97,,2026-01-03 08:00:00,system,2026-01-03 08:00:00,system
2250,468,2,1428,1,3.0,3000.0,181.89,,2026-01-03 08:00:00,system,2026-01-03 08:00:00,system
2251,469,1,984,6,11.0,22.0,725.7,,2026-04-25 08:00:00,system,2026-04-25 08:00:00,system
2252,470,1,790,6,30.0,450.0,3129.51,,2026-03-29 08:00:00,system,2026-03-29 08:00:00,system
2253,470,2,784,1,1.0,500.0,190.98,,2026-03-29 08:00:00,system,2026-03-29 08:00:00,system
2254,470,3,1488,1,1.0,1000.0,180.02,,2026-03-29 08:00:00,system,2026-03-29 08:00:00,system
2255,471,1,945,6,56.0,168.0,630.57,,2026-06-05 08:00:00,system,2026-06-05 08:00:00,system
2256,472,1,1289,6,4.0,720.0,56636.44,,2026-05-10 08:00:00,system,2026-05-10 08:00:00,system
2257,472,2,1193,6,55.0,55.0,134.0,,2026-05-10 08:00:00,system,2026-05-10 08:00:00,system
2258,472,3,1283,1,2.0,2000.0,275.54,,2026-05-10 08:00:00,system,2026-05-10 08:00:00,system
2259,473,1,324,6,14.0,140.0,2402.71,,2026-01-14 08:00:00,system,2026-01-14 08:00:00,system
2260,474,1,1147,6,5.0,1050.0,32019.92,,2026-03-02 08:00:00,system,2026-03-02 08:00:00,system
2261,474,2,560,6,2.0,420.0,43542.37,,2026-03-02 08:00:00,system,2026-03-02 08:00:00,system
2262,475,1,523,6,6.0,60.0,1901.33,,2026-06-02 08:00:00,system,2026-06-02 08:00:00,system
2263,475,2,53,6,18.0,540.0,6949.65,,2026-06-02 08:00:00,system,2026-06-02 08:00:00,system
2264,475,3,838,6,18.0,270.0,3142.74,,2026-06-02 08:00:00,system,2026-06-02 08:00:00,system
2265,476,1,170,6,8.0,400.0,12288.05,,2026-02-26 08:00:00,system,2026-02-26 08:00:00,system
2266,476,2,288,6,26.0,31.2,281.97,,2026-02-26 08:00:00,system,2026-02-26 08:00:00,system
2267,477,1,401,6,2.0,110.0,12781.31,,2026-03-18 08:00:00,system,2026-03-18 08:00:00,system
2268,477,2,1409,6,40.0,400.0,2393.02,,2026-03-18 08:00:00,system,2026-03-18 08:00:00,system
2269,477,3,1390,1,4.0,2000.0,196.62,,2026-03-18 08:00:00,system,2026-03-18 08:00:00,system
2270,478,1,1185,6,28.0,28.0,156.84,,2026-05-03 08:00:00,system,2026-05-03 08:00:00,system
2271,478,2,1457,6,7.0,140.0,4678.21,,2026-05-03 08:00:00,system,2026-05-03 08:00:00,system
2272,478,3,732,1,4.0,2000.0,197.19,,2026-05-03 08:00:00,system,2026-05-03 08:00:00,system
2273,478,4,1421,6,36.0,108.0,677.75,,2026-05-03 08:00:00,system,2026-05-03 08:00:00,system
2274,479,1,869,6,12.0,300.0,5982.81,,2026-04-06 08:00:00,system,2026-04-06 08:00:00,system
2275,479,2,685,6,8.0,80.0,2086.71,,2026-04-06 08:00:00,system,2026-04-06 08:00:00,system
2276,480,1,348,1,8.0,8000.0,209.84,,2026-06-12 08:00:00,system,2026-06-12 08:00:00,system
2277,480,2,430,6,4.0,200.0,12284.72,,2026-06-12 08:00:00,system,2026-06-12 08:00:00,system
2278,480,3,939,6,3.0,165.0,12826.67,,2026-06-12 08:00:00,system,2026-06-12 08:00:00,system
2279,480,4,296,6,8.0,400.0,13313.86,,2026-06-12 08:00:00,system,2026-06-12 08:00:00,system
2280,481,1,577,1,3.0,6000.0,168.39,,2026-04-15 08:00:00,system,2026-04-15 08:00:00,system
2281,481,2,1077,6,11.0,22.0,706.26,,2026-04-15 08:00:00,system,2026-04-15 08:00:00,system
2282,481,3,349,6,56.0,44.8,178.3,,2026-04-15 08:00:00,system,2026-04-15 08:00:00,system
2283,482,1,273,6,65.0,78.0,293.61,,2026-03-10 08:00:00,system,2026-03-10 08:00:00,system
2284,482,2,533,1,3.0,3000.0,182.67,,2026-03-10 08:00:00,system,2026-03-10 08:00:00,system
2285,482,3,1093,6,96.0,38.4,145.58,,2026-03-10 08:00:00,system,2026-03-10 08:00:00,system
2286,483,1,484,6,6.0,150.0,6421.95,,2026-04-18 08:00:00,system,2026-04-18 08:00:00,system
2287,483,2,807,6,60.0,180.0,745.47,,2026-04-18 08:00:00,system,2026-04-18 08:00:00,system
2288,483,3,1198,6,10.0,550.0,8767.17,,2026-04-18 08:00:00,system,2026-04-18 08:00:00,system
2289,484,1,1183,6,5.0,1050.0,29027.69,,2026-03-29 08:00:00,system,2026-03-29 08:00:00,system
2290,484,2,684,6,5.0,25.0,912.36,,2026-03-29 08:00:00,system,2026-03-29 08:00:00,system
2291,484,3,654,6,10.0,1800.0,33310.93,,2026-03-29 08:00:00,system,2026-03-29 08:00:00,system
2292,485,1,655,6,1.0,210.0,37674.75,,2026-06-02 08:00:00,system,2026-06-02 08:00:00,system
2293,485,2,1094,6,60.0,30.0,172.98,,2026-06-02 08:00:00,system,2026-06-02 08:00:00,system
2294,486,1,1446,6,10.0,100.0,2158.77,,2026-01-12 08:00:00,system,2026-01-12 08:00:00,system
2295,486,2,314,6,2.0,100.0,11481.69,,2026-01-12 08:00:00,system,2026-01-12 08:00:00,system
2296,486,3,20,6,35.0,525.0,3515.39,,2026-01-12 08:00:00,system,2026-01-12 08:00:00,system
2297,486,4,1071,6,16.0,288.0,6373.55,,2026-01-12 08:00:00,system,2026-01-12 08:00:00,system
2298,486,5,1075,6,10.0,5.0,177.18,,2026-01-12 08:00:00,system,2026-01-12 08:00:00,system
2299,486,6,1041,6,28.0,140.0,1786.09,,2026-01-12 08:00:00,system,2026-01-12 08:00:00,system
2300,486,7,106,6,18.0,540.0,6973.29,,2026-01-12 08:00:00,system,2026-01-12 08:00:00,system
2301,486,8,477,6,20.0,20.0,211.97,,2026-01-12 08:00:00,system,2026-01-12 08:00:00,system
2302,486,9,620,1,6.0,12000.0,179.55,,2026-01-12 08:00:00,system,2026-01-12 08:00:00,system
2303,486,10,838,6,6.0,90.0,3142.74,,2026-01-12 08:00:00,system,2026-01-12 08:00:00,system
2304,487,1,1273,6,6.0,1080.0,55684.38,,2026-03-10 08:00:00,system,2026-03-10 08:00:00,system
2305,487,2,811,6,30.0,600.0,4039.88,,2026-03-10 08:00:00,system,2026-03-10 08:00:00,system
2306,487,3,960,6,24.0,120.0,1060.61,,2026-03-10 08:00:00,system,2026-03-10 08:00:00,system
2307,487,4,658,1,1.0,2000.0,164.14,,2026-03-10 08:00:00,system,2026-03-10 08:00:00,system
2308,488,1,1343,1,6.0,12000.0,293.39,,2026-06-08 08:00:00,system,2026-06-08 08:00:00,system
2309,488,2,712,6,28.0,700.0,4635.21,,2026-06-08 08:00:00,system,2026-06-08 08:00:00,system
2310,488,3,1076,6,30.0,30.0,365.03,,2026-06-08 08:00:00,system,2026-06-08 08:00:00,system
2311,488,4,224,6,10.0,150.0,3660.58,,2026-06-08 08:00:00,system,2026-06-08 08:00:00,system
2312,489,1,39,6,6.0,300.0,11418.26,,2026-04-18 08:00:00,system,2026-04-18 08:00:00,system
2313,490,1,427,6,40.0,800.0,4865.55,,2026-05-29 08:00:00,system,2026-05-29 08:00:00,system
2314,491,1,279,6,40.0,1000.0,6663.6,,2026-06-17 08:00:00,system,2026-06-17 08:00:00,system
2315,491,2,219,6,42.0,42.0,271.33,,2026-06-17 08:00:00,system,2026-06-17 08:00:00,system
2316,491,3,1375,6,5.0,1050.0,47449.06,,2026-06-17 08:00:00,system,2026-06-17 08:00:00,system
2317,492,1,1445,6,5.0,25.0,1051.52,,2026-05-27 08:00:00,system,2026-05-27 08:00:00,system
2318,492,2,707,6,3.0,630.0,38992.58,,2026-05-27 08:00:00,system,2026-05-27 08:00:00,system
2319,492,3,1341,6,5.0,1050.0,62158.25,,2026-05-27 08:00:00,system,2026-05-27 08:00:00,system
2320,492,4,1333,1,1.0,2000.0,288.39,,2026-05-27 08:00:00,system,2026-05-27 08:00:00,system
2321,492,5,455,6,10.0,1800.0,37184.7,,2026-05-27 08:00:00,system,2026-05-27 08:00:00,system
2322,492,6,101,6,20.0,100.0,1186.25,,2026-05-27 08:00:00,system,2026-05-27 08:00:00,system
2323,493,1,891,1,4.0,4000.0,180.73,,2026-05-22 08:00:00,system,2026-05-22 08:00:00,system
2324,493,2,659,6,10.0,30.0,577.27,,2026-05-22 08:00:00,system,2026-05-22 08:00:00,system
2325,493,3,877,1,4.0,8000.0,196.31,,2026-05-22 08:00:00,system,2026-05-22 08:00:00,system
2326,494,1,428,6,24.0,600.0,5641.78,,2026-03-20 08:00:00,system,2026-03-20 08:00:00,system
2327,494,2,586,6,6.0,330.0,10288.82,,2026-03-20 08:00:00,system,2026-03-20 08:00:00,system
2328,494,3,590,1,3.0,3000.0,169.95,,2026-03-20 08:00:00,system,2026-03-20 08:00:00,system
2329,494,4,440,6,2.0,360.0,38915.01,,2026-03-20 08:00:00,system,2026-03-20 08:00:00,system
2330,494,5,829,6,10.0,550.0,11067.83,,2026-03-20 08:00:00,system,2026-03-20 08:00:00,system
2331,494,6,1286,6,55.0,275.0,1678.0,,2026-03-20 08:00:00,system,2026-03-20 08:00:00,system
2332,494,7,1124,6,10.0,1800.0,61098.79,,2026-03-20 08:00:00,system,2026-03-20 08:00:00,system
2333,494,8,204,6,56.0,56.0,245.85,,2026-03-20 08:00:00,system,2026-03-20 08:00:00,system
2334,495,1,755,6,4.0,840.0,42165.24,,2026-01-04 08:00:00,system,2026-01-04 08:00:00,system
2335,495,2,194,6,12.0,60.0,1147.63,,2026-01-04 08:00:00,system,2026-01-04 08:00:00,system
2336,495,3,493,6,42.0,50.4,270.96,,2026-01-04 08:00:00,system,2026-01-04 08:00:00,system
2337,496,1,284,6,5.0,1050.0,49607.16,,2026-01-10 08:00:00,system,2026-01-10 08:00:00,system
2338,496,2,381,1,8.0,8000.0,204.86,,2026-01-10 08:00:00,system,2026-01-10 08:00:00,system
2339,496,3,789,6,35.0,350.0,2203.41,,2026-01-10 08:00:00,system,2026-01-10 08:00:00,system
2340,497,1,596,6,6.0,90.0,2999.22,,2026-03-05 08:00:00,system,2026-03-05 08:00:00,system
2341,497,2,1179,6,80.0,400.0,769.88,,2026-03-05 08:00:00,system,2026-03-05 08:00:00,system
2342,497,3,1375,6,5.0,1050.0,47449.06,,2026-03-05 08:00:00,system,2026-03-05 08:00:00,system
2343,497,4,1177,6,60.0,60.0,148.78,,2026-03-05 08:00:00,system,2026-03-05 08:00:00,system
2344,497,5,1219,6,2.0,420.0,29011.9,,2026-03-05 08:00:00,system,2026-03-05 08:00:00,system
2345,497,6,908,6,16.0,80.0,1086.97,,2026-03-05 08:00:00,system,2026-03-05 08:00:00,system
2346,497,7,316,6,9.0,1620.0,41493.28,,2026-03-05 08:00:00,system,2026-03-05 08:00:00,system
2347,497,8,668,6,9.0,1620.0,36349.31,,2026-03-05 08:00:00,system,2026-03-05 08:00:00,system
2348,497,9,717,6,5.0,1050.0,39506.58,,2026-03-05 08:00:00,system,2026-03-05 08:00:00,system
2349,497,10,623,6,16.0,160.0,2036.98,,2026-03-05 08:00:00,system,2026-03-05 08:00:00,system
2350,497,11,927,6,7.0,210.0,6789.26,,2026-03-05 08:00:00,system,2026-03-05 08:00:00,system
2351,498,1,1336,6,14.0,14.0,319.9,,2026-01-27 08:00:00,system,2026-01-27 08:00:00,system
2352,498,2,779,6,10.0,300.0,6326.51,,2026-01-27 08:00:00,system,2026-01-27 08:00:00,system
2353,499,1,490,1,4.0,4000.0,210.66,,2026-06-29 08:00:00,system,2026-06-29 08:00:00,system
2354,499,2,213,6,9.0,450.0,12335.31,,2026-06-29 08:00:00,system,2026-06-29 08:00:00,system
2355,499,3,447,6,8.0,40.0,1171.38,,2026-06-29 08:00:00,system,2026-06-29 08:00:00,system
2356,499,4,1178,6,36.0,108.0,468.24,,2026-06-29 08:00:00,system,2026-06-29 08:00:00,system
2357,499,5,124,6,6.0,1080.0,42574.23,,2026-06-29 08:00:00,system,2026-06-29 08:00:00,system
2358,499,6,845,6,1.0,210.0,44789.19,,2026-06-29 08:00:00,system,2026-06-29 08:00:00,system
2359,500,1,11,6,4.0,720.0,48261.27,,2026-04-14 08:00:00,system,2026-04-14 08:00:00,system
2360,500,2,1153,6,24.0,480.0,3223.15,,2026-04-14 08:00:00,system,2026-04-14 08:00:00,system
2361,500,3,339,6,27.0,270.0,2330.66,,2026-04-14 08:00:00,system,2026-04-14 08:00:00,system
2362,501,1,1203,6,2.0,420.0,27478.84,,2026-04-15 08:00:00,system,2026-04-15 08:00:00,system
2363,501,2,1388,6,2.0,360.0,36317.06,,2026-04-15 08:00:00,system,2026-04-15 08:00:00,system
2364,501,3,104,6,12.0,240.0,4983.98,,2026-04-15 08:00:00,system,2026-04-15 08:00:00,system
2365,501,4,571,6,8.0,400.0,9375.45,,2026-04-15 08:00:00,system,2026-04-15 08:00:00,system
2366,501,5,1344,6,55.0,55.0,326.13,,2026-04-15 08:00:00,system,2026-04-15 08:00:00,system
2367,502,1,46,6,14.0,16.8,299.23,,2026-06-07 08:00:00,system,2026-06-07 08:00:00,system
2368,502,2,371,6,24.0,120.0,1182.94,,2026-06-07 08:00:00,system,2026-06-07 08:00:00,system
2369,502,3,822,6,18.0,90.0,1090.74,,2026-06-07 08:00:00,system,2026-06-07 08:00:00,system
2370,502,4,886,6,8.0,440.0,11859.79,,2026-06-07 08:00:00,system,2026-06-07 08:00:00,system
2371,502,5,432,6,28.0,140.0,1063.85,,2026-06-07 08:00:00,system,2026-06-07 08:00:00,system
2372,502,6,490,1,2.0,2000.0,197.34,,2026-06-07 08:00:00,system,2026-06-07 08:00:00,system
2373,503,1,1320,6,7.0,140.0,6534.97,,2026-05-12 08:00:00,system,2026-05-12 08:00:00,system
2374,503,2,1306,1,6.0,6000.0,303.71,,2026-05-12 08:00:00,system,2026-05-12 08:00:00,system
2375,504,1,185,6,15.0,750.0,12664.75,,2026-04-09 08:00:00,system,2026-04-09 08:00:00,system
2376,504,2,481,6,7.0,70.0,2316.82,,2026-04-09 08:00:00,system,2026-04-09 08:00:00,system
2377,504,3,1415,6,6.0,330.0,11977.74,,2026-04-09 08:00:00,system,2026-04-09 08:00:00,system
2378,504,4,1484,6,8.0,440.0,12046.83,,2026-04-09 08:00:00,system,2026-04-09 08:00:00,system
2379,504,5,775,6,14.0,140.0,2384.67,,2026-04-09 08:00:00,system,2026-04-09 08:00:00,system
2380,504,6,1082,6,9.0,1620.0,69026.62,,2026-04-09 08:00:00,system,2026-04-09 08:00:00,system
2381,504,7,616,6,2.0,360.0,34859.62,,2026-04-09 08:00:00,system,2026-04-09 08:00:00,system
2382,504,8,962,6,16.0,240.0,3404.86,,2026-04-09 08:00:00,system,2026-04-09 08:00:00,system
2383,505,1,447,6,30.0,150.0,1047.32,,2026-03-21 08:00:00,system,2026-03-21 08:00:00,system
2384,505,2,1213,6,52.0,52.0,133.69,,2026-03-21 08:00:00,system,2026-03-21 08:00:00,system
2385,505,3,1239,6,24.0,240.0,1401.55,,2026-03-21 08:00:00,system,2026-03-21 08:00:00,system
2386,506,1,983,6,48.0,48.0,367.02,,2026-03-25 08:00:00,system,2026-03-25 08:00:00,system
2387,506,2,477,6,11.0,11.0,219.58,,2026-03-25 08:00:00,system,2026-03-25 08:00:00,system
2388,506,3,165,6,24.0,240.0,2297.04,,2026-03-25 08:00:00,system,2026-03-25 08:00:00,system
2389,507,1,300,1,8.0,8000.0,226.64,,2026-06-15 08:00:00,system,2026-06-15 08:00:00,system
2390,507,2,1072,6,8.0,400.0,18428.57,,2026-06-15 08:00:00,system,2026-06-15 08:00:00,system
2391,508,1,473,6,4.0,720.0,42264.25,,2026-06-22 08:00:00,system,2026-06-22 08:00:00,system
2392,509,1,1366,6,10.0,1800.0,56482.92,,2026-01-04 08:00:00,system,2026-01-04 08:00:00,system
2393,509,2,1267,6,52.0,52.0,138.69,,2026-01-04 08:00:00,system,2026-01-04 08:00:00,system
2394,509,3,199,6,8.0,440.0,12750.78,,2026-01-04 08:00:00,system,2026-01-04 08:00:00,system
2395,510,1,503,6,5.0,1050.0,40202.87,,2026-06-27 08:00:00,system,2026-06-27 08:00:00,system
2396,510,2,378,6,9.0,495.0,12716.86,,2026-06-27 08:00:00,system,2026-06-27 08:00:00,system
2397,510,3,1464,1,6.0,3000.0,220.6,,2026-06-27 08:00:00,system,2026-06-27 08:00:00,system
2398,510,4,882,6,35.0,700.0,4774.17,,2026-06-27 08:00:00,system,2026-06-27 08:00:00,system
2399,511,1,285,1,4.0,4000.0,217.73,,2026-03-31 08:00:00,system,2026-03-31 08:00:00,system
2400,511,2,654,6,10.0,1800.0,33310.93,,2026-03-31 08:00:00,system,2026-03-31 08:00:00,system
2401,511,3,13,1,2.0,2000.0,216.74,,2026-03-31 08:00:00,system,2026-03-31 08:00:00,system
2402,511,4,994,6,24.0,120.0,1862.99,,2026-03-31 08:00:00,system,2026-03-31 08:00:00,system
2403,511,5,1116,6,130.0,52.0,136.2,,2026-03-31 08:00:00,system,2026-03-31 08:00:00,system
2404,511,6,617,6,5.0,1050.0,37677.9,,2026-03-31 08:00:00,system,2026-03-31 08:00:00,system
2405,511,7,458,6,22.0,17.6,170.62,,2026-03-31 08:00:00,system,2026-03-31 08:00:00,system
2406,511,8,532,1,8.0,4000.0,177.53,,2026-03-31 08:00:00,system,2026-03-31 08:00:00,system
2407,511,9,120,6,12.0,300.0,5825.51,,2026-03-31 08:00:00,system,2026-03-31 08:00:00,system
2408,511,10,1001,6,42.0,21.0,170.33,,2026-03-31 08:00:00,system,2026-03-31 08:00:00,system
2409,511,11,1140,6,8.0,144.0,6392.88,,2026-03-31 08:00:00,system,2026-03-31 08:00:00,system
2410,511,12,524,6,35.0,525.0,3098.11,,2026-03-31 08:00:00,system,2026-03-31 08:00:00,system
2411,511,13,340,6,14.0,210.0,3283.79,,2026-03-31 08:00:00,system,2026-03-31 08:00:00,system
2412,512,1,85,6,55.0,165.0,739.19,,2026-04-03 08:00:00,system,2026-04-03 08:00:00,system
2413,512,2,577,1,8.0,16000.0,167.06,,2026-04-03 08:00:00,system,2026-04-03 08:00:00,system
2414,512,3,265,6,21.0,630.0,7230.93,,2026-04-03 08:00:00,system,2026-04-03 08:00:00,system
2415,513,1,1500,6,4.0,840.0,47281.01,,2026-02-11 08:00:00,system,2026-02-11 08:00:00,system
2416,513,2,733,1,8.0,8000.0,189.13,,2026-02-11 08:00:00,system,2026-02-11 08:00:00,system
2417,513,3,1230,6,80.0,400.0,745.7,,2026-02-11 08:00:00,system,2026-02-11 08:00:00,system
2418,513,4,153,6,7.0,175.0,6771.75,,2026-02-11 08:00:00,system,2026-02-11 08:00:00,system
2419,513,5,393,6,42.0,126.0,702.04,,2026-02-11 08:00:00,system,2026-02-11 08:00:00,system
2420,513,6,169,6,24.0,720.0,8232.15,,2026-02-11 08:00:00,system,2026-02-11 08:00:00,system
2421,514,1,191,6,30.0,30.0,263.19,,2026-06-30 08:00:00,system,2026-06-30 08:00:00,system
2422,514,2,1484,6,4.0,220.0,12934.42,,2026-06-30 08:00:00,system,2026-06-30 08:00:00,system
2423,515,1,697,6,11.0,33.0,588.17,,2026-03-08 08:00:00,system,2026-03-08 08:00:00,system
2424,515,2,1159,6,33.0,165.0,665.48,,2026-03-08 08:00:00,system,2026-03-08 08:00:00,system
2425,515,3,857,6,6.0,300.0,11009.53,,2026-03-08 08:00:00,system,2026-03-08 08:00:00,system
2426,515,4,442,1,1.0,1000.0,192.33,,2026-03-08 08:00:00,system,2026-03-08 08:00:00,system
2427,516,1,324,6,14.0,140.0,2402.71,,2026-02-27 08:00:00,system,2026-02-27 08:00:00,system
2428,516,2,1048,6,68.0,68.0,386.56,,2026-02-27 08:00:00,system,2026-02-27 08:00:00,system
2429,516,3,619,1,8.0,8000.0,194.06,,2026-02-27 08:00:00,system,2026-02-27 08:00:00,system
2430,516,4,1020,6,28.0,28.0,397.78,,2026-02-27 08:00:00,system,2026-02-27 08:00:00,system
2431,516,5,761,6,8.0,80.0,2190.15,,2026-02-27 08:00:00,system,2026-02-27 08:00:00,system
2432,517,1,977,6,8.0,80.0,3607.15,,2026-05-15 08:00:00,system,2026-05-15 08:00:00,system
2433,517,2,573,6,10.0,1800.0,31919.78,,2026-05-15 08:00:00,system,2026-05-15 08:00:00,system
2434,518,1,741,6,21.0,630.0,5971.87,,2026-03-17 08:00:00,system,2026-03-17 08:00:00,system
2435,519,1,1498,6,10.0,550.0,11923.0,,2026-02-17 08:00:00,system,2026-02-17 08:00:00,system
2436,519,2,731,6,3.0,630.0,37761.05,,2026-02-17 08:00:00,system,2026-02-17 08:00:00,system
2437,519,3,1212,1,2.0,2000.0,123.81,,2026-02-17 08:00:00,system,2026-02-17 08:00:00,system
2438,520,1,1307,1,3.0,6000.0,280.65,,2026-02-02 08:00:00,system,2026-02-02 08:00:00,system
2439,520,2,915,6,6.0,330.0,10990.14,,2026-02-02 08:00:00,system,2026-02-02 08:00:00,system
2440,521,1,172,6,8.0,1440.0,40489.41,,2026-03-20 08:00:00,system,2026-03-20 08:00:00,system
2441,521,2,1317,1,8.0,16000.0,276.69,,2026-03-20 08:00:00,system,2026-03-20 08:00:00,system
2442,521,3,125,6,5.0,1050.0,49623.03,,2026-03-20 08:00:00,system,2026-03-20 08:00:00,system
2443,521,4,369,6,33.0,39.6,257.51,,2026-03-20 08:00:00,system,2026-03-20 08:00:00,system
2444,522,1,417,6,8.0,1440.0,41925.46,,2026-03-24 08:00:00,system,2026-03-24 08:00:00,system
2445,522,2,104,6,32.0,640.0,5045.04,,2026-03-24 08:00:00,system,2026-03-24 08:00:00,system
2446,522,3,1252,6,26.0,78.0,462.32,,2026-03-24 08:00:00,system,2026-03-24 08:00:00,system
2447,522,4,232,1,4.0,4000.0,224.63,,2026-03-24 08:00:00,system,2026-03-24 08:00:00,system
2448,522,5,211,6,16.0,400.0,6739.4,,2026-03-24 08:00:00,system,2026-03-24 08:00:00,system
2449,522,6,675,6,7.0,210.0,6230.08,,2026-03-24 08:00:00,system,2026-03-24 08:00:00,system
2450,523,1,165,6,18.0,180.0,2297.04,,2026-04-02 08:00:00,system,2026-04-02 08:00:00,system
2451,524,1,275,6,10.0,50.0,1247.3,,2026-03-07 08:00:00,system,2026-03-07 08:00:00,system
2452,524,2,639,6,10.0,550.0,10286.07,,2026-03-07 08:00:00,system,2026-03-07 08:00:00,system
2453,524,3,414,6,14.0,420.0,6271.93,,2026-03-07 08:00:00,system,2026-03-07 08:00:00,system
2454,524,4,1439,6,8.0,1440.0,34454.51,,2026-03-07 08:00:00,system,2026-03-07 08:00:00,system
2455,524,5,575,1,3.0,1500.0,162.58,,2026-03-07 08:00:00,system,2026-03-07 08:00:00,system
2456,524,6,759,6,33.0,99.0,603.19,,2026-03-07 08:00:00,system,2026-03-07 08:00:00,system
2457,524,7,118,6,5.0,75.0,3695.69,,2026-03-07 08:00:00,system,2026-03-07 08:00:00,system
2458,525,1,951,6,21.0,630.0,6781.72,,2026-01-25 08:00:00,system,2026-01-25 08:00:00,system
2459,525,2,430,6,6.0,300.0,12284.72,,2026-01-25 08:00:00,system,2026-01-25 08:00:00,system
2460,525,3,1390,1,6.0,3000.0,212.83,,2026-01-25 08:00:00,system,2026-01-25 08:00:00,system
2461,526,1,793,6,14.0,420.0,6452.36,,2026-04-18 08:00:00,system,2026-04-18 08:00:00,system
2462,527,1,24,6,2.0,100.0,12404.19,,2026-03-04 08:00:00,system,2026-03-04 08:00:00,system
2463,527,2,1073,6,6.0,1080.0,65489.54,,2026-03-04 08:00:00,system,2026-03-04 08:00:00,system
2464,527,3,625,6,14.0,280.0,4172.36,,2026-03-04 08:00:00,system,2026-03-04 08:00:00,system
2465,527,4,875,1,6.0,3000.0,217.78,,2026-03-04 08:00:00,system,2026-03-04 08:00:00,system
2466,527,5,1177,6,60.0,60.0,148.78,,2026-03-04 08:00:00,system,2026-03-04 08:00:00,system
2467,527,6,1431,6,12.0,60.0,1158.25,,2026-03-04 08:00:00,system,2026-03-04 08:00:00,system
2468,528,1,111,1,8.0,8000.0,228.34,,2026-02-24 08:00:00,system,2026-02-24 08:00:00,system
2469,528,2,1453,6,39.0,117.0,712.27,,2026-02-24 08:00:00,system,2026-02-24 08:00:00,system
2470,528,3,979,6,3.0,150.0,19590.33,,2026-02-24 08:00:00,system,2026-02-24 08:00:00,system
2471,528,4,608,6,8.0,40.0,1032.38,,2026-02-24 08:00:00,system,2026-02-24 08:00:00,system
2472,528,5,67,6,8.0,200.0,6243.23,,2026-02-24 08:00:00,system,2026-02-24 08:00:00,system
2473,528,6,1098,6,8.0,80.0,3951.64,,2026-02-24 08:00:00,system,2026-02-24 08:00:00,system
2474,529,1,625,6,24.0,480.0,3900.96,,2026-04-17 08:00:00,system,2026-04-17 08:00:00,system
2475,529,2,1079,6,20.0,200.0,3758.42,,2026-04-17 08:00:00,system,2026-04-17 08:00:00,system
2476,529,3,1388,6,6.0,1080.0,35694.49,,2026-04-17 08:00:00,system,2026-04-17 08:00:00,system
2477,530,1,1224,6,12.0,120.0,1348.7,,2026-01-31 08:00:00,system,2026-01-31 08:00:00,system
2478,530,2,545,6,2.0,420.0,40299.67,,2026-01-31 08:00:00,system,2026-01-31 08:00:00,system
2479,531,1,639,6,8.0,440.0,9901.57,,2026-02-05 08:00:00,system,2026-02-05 08:00:00,system
2480,532,1,648,6,24.0,360.0,2853.58,,2026-05-12 08:00:00,system,2026-05-12 08:00:00,system
2481,532,2,910,6,7.0,105.0,3006.01,,2026-05-12 08:00:00,system,2026-05-12 08:00:00,system
2482,532,3,523,6,24.0,240.0,2086.25,,2026-05-12 08:00:00,system,2026-05-12 08:00:00,system
2483,532,4,525,6,20.0,400.0,3937.18,,2026-05-12 08:00:00,system,2026-05-12 08:00:00,system
2484,532,5,901,6,8.0,440.0,11038.17,,2026-05-12 08:00:00,system,2026-05-12 08:00:00,system
2485,533,1,361,6,6.0,180.0,7108.35,,2026-04-10 08:00:00,system,2026-04-10 08:00:00,system
2486,533,2,1328,6,7.0,140.0,6642.5,,2026-04-10 08:00:00,system,2026-04-10 08:00:00,system
2487,533,3,901,6,10.0,550.0,11038.17,,2026-04-10 08:00:00,system,2026-04-10 08:00:00,system
2488,533,4,1064,6,8.0,1440.0,62067.21,,2026-04-10 08:00:00,system,2026-04-10 08:00:00,system
2489,534,1,1159,6,33.0,165.0,665.48,,2026-02-03 08:00:00,system,2026-02-03 08:00:00,system
2490,535,1,1274,6,3.0,630.0,62422.65,,2026-02-19 08:00:00,system,2026-02-19 08:00:00,system
2491,536,1,717,6,1.0,210.0,37558.86,,2026-03-24 08:00:00,system,2026-03-24 08:00:00,system
2492,536,2,1014,6,4.0,40.0,3541.45,,2026-03-24 08:00:00,system,2026-03-24 08:00:00,system
2493,537,1,248,6,60.0,48.0,197.5,,2026-02-22 08:00:00,system,2026-02-22 08:00:00,system
2494,537,2,1361,1,6.0,12000.0,286.91,,2026-02-22 08:00:00,system,2026-02-22 08:00:00,system
2495,537,3,1376,1,4.0,2000.0,199.26,,2026-02-22 08:00:00,system,2026-02-22 08:00:00,system
2496,537,4,672,6,21.0,315.0,2861.83,,2026-02-22 08:00:00,system,2026-02-22 08:00:00,system
2497,537,5,850,6,36.0,108.0,652.88,,2026-02-22 08:00:00,system,2026-02-22 08:00:00,system
2498,537,6,318,1,4.0,4000.0,206.21,,2026-02-22 08:00:00,system,2026-02-22 08:00:00,system
2499,537,7,1413,6,14.0,420.0,6201.39,,2026-02-22 08:00:00,system,2026-02-22 08:00:00,system
2500,537,8,260,6,28.0,140.0,1172.65,,2026-02-22 08:00:00,system,2026-02-22 08:00:00,system
2501,538,1,545,6,2.0,420.0,46286.55,,2026-02-19 08:00:00,system,2026-02-19 08:00:00,system
2502,539,1,803,6,4.0,840.0,46988.75,,2026-01-23 08:00:00,system,2026-01-23 08:00:00,system
2503,539,2,112,6,45.0,36.0,201.66,,2026-01-23 08:00:00,system,2026-01-23 08:00:00,system
2504,539,3,1218,6,12.0,660.0,8731.36,,2026-01-23 08:00:00,system,2026-01-23 08:00:00,system
2505,539,4,948,6,24.0,360.0,3521.95,,2026-01-23 08:00:00,system,2026-01-23 08:00:00,system
2506,539,5,1455,6,16.0,160.0,2364.79,,2026-01-23 08:00:00,system,2026-01-23 08:00:00,system
2507,539,6,1180,6,21.0,210.0,1573.19,,2026-01-23 08:00:00,system,2026-01-23 08:00:00,system
2508,540,1,1338,6,10.0,200.0,7212.01,,2026-06-27 08:00:00,system,2026-06-27 08:00:00,system
2509,540,2,378,6,8.0,440.0,14641.99,,2026-06-27 08:00:00,system,2026-06-27 08:00:00,system
2510,540,3,749,6,30.0,90.0,665.64,,2026-06-27 08:00:00,system,2026-06-27 08:00:00,system
2511,540,4,576,1,3.0,3000.0,205.1,,2026-06-27 08:00:00,system,2026-06-27 08:00:00,system
2512,540,5,1146,6,6.0,330.0,8720.86,,2026-06-27 08:00:00,system,2026-06-27 08:00:00,system
2513,540,6,437,6,15.0,450.0,7759.51,,2026-06-27 08:00:00,system,2026-06-27 08:00:00,system
2514,540,7,635,6,5.0,100.0,4184.88,,2026-06-27 08:00:00,system,2026-06-27 08:00:00,system
2515,541,1,695,1,8.0,8000.0,168.6,,2026-04-21 08:00:00,system,2026-04-21 08:00:00,system
2516,541,2,181,6,18.0,270.0,3615.38,,2026-04-21 08:00:00,system,2026-04-21 08:00:00,system
2517,541,3,1284,1,6.0,12000.0,280.45,,2026-04-21 08:00:00,system,2026-04-21 08:00:00,system
2518,541,4,991,6,56.0,28.0,172.97,,2026-04-21 08:00:00,system,2026-04-21 08:00:00,system
2519,542,1,1274,6,5.0,1050.0,62422.65,,2026-05-06 08:00:00,system,2026-05-06 08:00:00,system
2520,543,1,979,6,4.0,200.0,18357.8,,2026-02-20 08:00:00,system,2026-02-20 08:00:00,system
2521,544,1,188,6,5.0,1050.0,47372.68,,2026-01-17 08:00:00,system,2026-01-17 08:00:00,system
2522,544,2,49,6,21.0,210.0,2440.13,,2026-01-17 08:00:00,system,2026-01-17 08:00:00,system
2523,544,3,1264,6,8.0,440.0,7737.47,,2026-01-17 08:00:00,system,2026-01-17 08:00:00,system
2524,544,4,979,6,6.0,300.0,18357.8,,2026-01-17 08:00:00,system,2026-01-17 08:00:00,system
2525,544,5,464,6,25.0,375.0,3218.4,,2026-01-17 08:00:00,system,2026-01-17 08:00:00,system
2526,545,1,408,6,48.0,144.0,632.15,,2026-04-28 08:00:00,system,2026-04-28 08:00:00,system
2527,545,2,1158,6,42.0,126.0,433.65,,2026-04-28 08:00:00,system,2026-04-28 08:00:00,system
2528,545,3,1073,6,4.0,720.0,58112.76,,2026-04-28 08:00:00,system,2026-04-28 08:00:00,system
2529,545,4,938,6,8.0,400.0,10294.2,,2026-04-28 08:00:00,system,2026-04-28 08:00:00,system
2530,545,5,23,6,28.0,840.0,7021.65,,2026-04-28 08:00:00,system,2026-04-28 08:00:00,system
2531,545,6,923,6,28.0,280.0,2181.79,,2026-04-28 08:00:00,system,2026-04-28 08:00:00,system
2532,546,1,1497,6,8.0,400.0,10049.83,,2026-04-16 08:00:00,system,2026-04-16 08:00:00,system
2533,546,2,422,6,11.0,13.2,272.78,,2026-04-16 08:00:00,system,2026-04-16 08:00:00,system
2534,547,1,181,6,7.0,105.0,3464.74,,2026-01-23 08:00:00,system,2026-01-23 08:00:00,system
2535,548,1,343,6,40.0,1200.0,7278.43,,2026-01-06 08:00:00,system,2026-01-06 08:00:00,system
2536,548,2,506,1,2.0,4000.0,180.92,,2026-01-06 08:00:00,system,2026-01-06 08:00:00,system
2537,548,3,897,6,7.0,140.0,4645.58,,2026-01-06 08:00:00,system,2026-01-06 08:00:00,system
2538,549,1,148,6,52.0,156.0,709.71,,2026-03-16 08:00:00,system,2026-03-16 08:00:00,system
2539,550,1,457,1,2.0,2000.0,208.7,,2026-04-07 08:00:00,system,2026-04-07 08:00:00,system
2540,550,2,1005,6,15.0,150.0,3564.44,,2026-04-07 08:00:00,system,2026-04-07 08:00:00,system
2541,550,3,1317,1,8.0,16000.0,285.5,,2026-04-07 08:00:00,system,2026-04-07 08:00:00,system
2542,550,4,1382,6,18.0,270.0,3086.72,,2026-04-07 08:00:00,system,2026-04-07 08:00:00,system
2543,550,5,239,6,35.0,525.0,3598.5,,2026-04-07 08:00:00,system,2026-04-07 08:00:00,system
2544,550,6,264,6,14.0,350.0,5897.4,,2026-04-07 08:00:00,system,2026-04-07 08:00:00,system
2545,550,7,304,6,36.0,28.8,173.15,,2026-04-07 08:00:00,system,2026-04-07 08:00:00,system
2546,551,1,1404,1,3.0,1500.0,202.33,,2026-03-07 08:00:00,system,2026-03-07 08:00:00,system
2547,552,1,424,6,35.0,175.0,1178.23,,2026-01-31 08:00:00,system,2026-01-31 08:00:00,system
2548,552,2,125,6,3.0,630.0,55948.23,,2026-01-31 08:00:00,system,2026-01-31 08:00:00,system
2549,552,3,615,6,12.0,660.0,12040.59,,2026-01-31 08:00:00,system,2026-01-31 08:00:00,system
2550,552,4,59,6,70.0,56.0,224.48,,2026-01-31 08:00:00,system,2026-01-31 08:00:00,system
2551,552,5,952,6,3.0,150.0,11634.49,,2026-01-31 08:00:00,system,2026-01-31 08:00:00,system
2552,553,1,1055,6,28.0,11.2,152.41,,2026-03-22 08:00:00,system,2026-03-22 08:00:00,system
2553,553,2,61,6,45.0,54.0,305.89,,2026-03-22 08:00:00,system,2026-03-22 08:00:00,system
2554,554,1,1354,6,30.0,600.0,6187.38,,2026-04-16 08:00:00,system,2026-04-16 08:00:00,system
2555,555,1,1155,6,5.0,1050.0,28351.0,,2026-04-09 08:00:00,system,2026-04-09 08:00:00,system
2556,555,2,696,1,1.0,2000.0,171.94,,2026-04-09 08:00:00,system,2026-04-09 08:00:00,system
2557,556,1,694,1,8.0,4000.0,187.99,,2026-03-12 08:00:00,system,2026-03-12 08:00:00,system
2558,556,2,107,6,9.0,450.0,13277.23,,2026-03-12 08:00:00,system,2026-03-12 08:00:00,system
2559,557,1,403,6,5.0,1050.0,42730.83,,2026-01-06 08:00:00,system,2026-01-06 08:00:00,system
2560,557,2,315,6,10.0,550.0,12333.5,,2026-01-06 08:00:00,system,2026-01-06 08:00:00,system
2561,557,3,1048,6,33.0,33.0,365.01,,2026-01-06 08:00:00,system,2026-01-06 08:00:00,system
2562,558,1,1049,6,24.0,48.0,683.07,,2026-06-02 08:00:00,system,2026-06-02 08:00:00,system
2563,558,2,1064,6,2.0,360.0,62067.21,,2026-06-02 08:00:00,system,2026-06-02 08:00:00,system
2564,558,3,4,6,25.0,250.0,2378.41,,2026-06-02 08:00:00,system,2026-06-02 08:00:00,system
2565,558,4,679,6,5.0,1050.0,39643.17,,2026-06-02 08:00:00,system,2026-06-02 08:00:00,system
2566,558,5,1221,6,65.0,65.0,138.56,,2026-06-02 08:00:00,system,2026-06-02 08:00:00,system
2567,558,6,582,6,24.0,480.0,3876.6,,2026-06-02 08:00:00,system,2026-06-02 08:00:00,system
2568,558,7,907,6,55.0,165.0,603.29,,2026-06-02 08:00:00,system,2026-06-02 08:00:00,system
2569,558,8,995,6,5.0,50.0,3472.62,,2026-06-02 08:00:00,system,2026-06-02 08:00:00,system
2570,558,9,508,6,21.0,105.0,935.2,,2026-06-02 08:00:00,system,2026-06-02 08:00:00,system
2571,558,10,1151,6,24.0,120.0,688.95,,2026-06-02 08:00:00,system,2026-06-02 08:00:00,system
2572,558,11,146,6,10.0,10.0,236.72,,2026-06-02 08:00:00,system,2026-06-02 08:00:00,system
2573,558,12,171,6,10.0,550.0,13660.15,,2026-06-02 08:00:00,system,2026-06-02 08:00:00,system
2574,559,1,897,6,14.0,280.0,4645.58,,2026-04-10 08:00:00,system,2026-04-10 08:00:00,system
2575,559,2,900,6,12.0,600.0,11464.93,,2026-04-10 08:00:00,system,2026-04-10 08:00:00,system
2576,560,1,1415,6,6.0,330.0,12493.83,,2026-01-22 08:00:00,system,2026-01-22 08:00:00,system
2577,560,2,513,6,21.0,630.0,6104.42,,2026-01-22 08:00:00,system,2026-01-22 08:00:00,system
2578,560,3,381,1,4.0,4000.0,204.86,,2026-01-22 08:00:00,system,2026-01-22 08:00:00,system
2579,560,4,56,6,6.0,1080.0,42941.18,,2026-01-22 08:00:00,system,2026-01-22 08:00:00,system
2580,560,5,317,6,5.0,1050.0,45595.92,,2026-01-22 08:00:00,system,2026-01-22 08:00:00,system
2581,561,1,1263,6,14.0,280.0,3106.61,,2026-04-04 08:00:00,system,2026-04-04 08:00:00,system
2582,562,1,949,6,15.0,300.0,4046.82,,2026-02-23 08:00:00,system,2026-02-23 08:00:00,system
2583,562,2,838,6,18.0,270.0,3142.74,,2026-02-23 08:00:00,system,2026-02-23 08:00:00,system
2584,562,3,831,6,2.0,420.0,41451.49,,2026-02-23 08:00:00,system,2026-02-23 08:00:00,system
2585,562,4,692,6,4.0,720.0,30608.26,,2026-02-23 08:00:00,system,2026-02-23 08:00:00,system
2586,562,5,523,6,24.0,240.0,1901.33,,2026-02-23 08:00:00,system,2026-02-23 08:00:00,system
2587,562,6,277,6,18.0,270.0,3543.23,,2026-02-23 08:00:00,system,2026-02-23 08:00:00,system
2588,562,7,1041,6,70.0,350.0,1786.09,,2026-02-23 08:00:00,system,2026-02-23 08:00:00,system
2589,562,8,528,6,10.0,500.0,9724.07,,2026-02-23 08:00:00,system,2026-02-23 08:00:00,system
2590,563,1,937,6,18.0,540.0,6303.28,,2026-05-23 08:00:00,system,2026-05-23 08:00:00,system
2591,563,2,1304,6,6.0,1080.0,52688.63,,2026-05-23 08:00:00,system,2026-05-23 08:00:00,system
2592,563,3,492,6,33.0,33.0,222.76,,2026-05-23 08:00:00,system,2026-05-23 08:00:00,system
2593,563,4,1051,6,16.0,160.0,3777.12,,2026-05-23 08:00:00,system,2026-05-23 08:00:00,system
2594,563,5,1403,6,1.0,210.0,39449.65,,2026-05-23 08:00:00,system,2026-05-23 08:00:00,system
2595,563,6,49,6,35.0,350.0,2324.4,,2026-05-23 08:00:00,system,2026-05-23 08:00:00,system
2596,563,7,645,6,44.0,132.0,536.93,,2026-05-23 08:00:00,system,2026-05-23 08:00:00,system
2597,563,8,87,6,6.0,60.0,2484.55,,2026-05-23 08:00:00,system,2026-05-23 08:00:00,system
2598,563,9,1289,6,4.0,720.0,56636.44,,2026-05-23 08:00:00,system,2026-05-23 08:00:00,system
2599,563,10,1140,6,12.0,216.0,6392.88,,2026-05-23 08:00:00,system,2026-05-23 08:00:00,system
2600,563,11,31,6,50.0,60.0,292.66,,2026-05-23 08:00:00,system,2026-05-23 08:00:00,system
2601,563,12,1476,6,56.0,168.0,649.4,,2026-05-23 08:00:00,system,2026-05-23 08:00:00,system
2602,564,1,1250,6,2.0,420.0,31786.47,,2026-01-11 08:00:00,system,2026-01-11 08:00:00,system
2603,564,2,1025,6,12.0,600.0,20199.07,,2026-01-11 08:00:00,system,2026-01-11 08:00:00,system
2604,565,1,725,6,28.0,560.0,4094.23,,2026-02-12 08:00:00,system,2026-02-12 08:00:00,system
2605,566,1,1303,6,2.0,110.0,17640.92,,2026-04-20 08:00:00,system,2026-04-20 08:00:00,system
2606,566,2,519,1,2.0,2000.0,174.15,,2026-04-20 08:00:00,system,2026-04-20 08:00:00,system
2607,566,3,861,1,2.0,1000.0,198.76,,2026-04-20 08:00:00,system,2026-04-20 08:00:00,system
2608,566,4,1465,1,2.0,2000.0,199.6,,2026-04-20 08:00:00,system,2026-04-20 08:00:00,system
2609,566,5,1394,6,6.0,30.0,1050.85,,2026-04-20 08:00:00,system,2026-04-20 08:00:00,system
2610,566,6,432,6,15.0,75.0,1145.08,,2026-04-20 08:00:00,system,2026-04-20 08:00:00,system
2611,566,7,107,6,10.0,500.0,11333.94,,2026-04-20 08:00:00,system,2026-04-20 08:00:00,system
2612,566,8,1369,1,2.0,4000.0,300.19,,2026-04-20 08:00:00,system,2026-04-20 08:00:00,system
2613,566,9,567,6,30.0,450.0,2813.56,,2026-04-20 08:00:00,system,2026-04-20 08:00:00,system
2614,566,10,854,6,10.0,200.0,4212.29,,2026-04-20 08:00:00,system,2026-04-20 08:00:00,system
2615,566,11,150,6,25.0,250.0,2264.92,,2026-04-20 08:00:00,system,2026-04-20 08:00:00,system
2616,567,1,381,1,8.0,8000.0,210.48,,2026-05-05 08:00:00,system,2026-05-05 08:00:00,system
2617,568,1,677,6,8.0,440.0,10447.59,,2026-06-18 08:00:00,system,2026-06-18 08:00:00,system
2618,568,2,60,6,56.0,56.0,240.21,,2026-06-18 08:00:00,system,2026-06-18 08:00:00,system
2619,568,3,781,6,10.0,550.0,11350.32,,2026-06-18 08:00:00,system,2026-06-18 08:00:00,system
2620,569,1,133,6,6.0,90.0,3553.91,,2026-06-27 08:00:00,system,2026-06-27 08:00:00,system
2621,570,1,318,1,4.0,4000.0,201.29,,2026-03-29 08:00:00,system,2026-03-29 08:00:00,system
2622,570,2,995,6,10.0,100.0,3472.62,,2026-03-29 08:00:00,system,2026-03-29 08:00:00,system
2623,570,3,421,6,39.0,39.0,212.3,,2026-03-29 08:00:00,system,2026-03-29 08:00:00,system
2624,570,4,1419,1,6.0,6000.0,182.35,,2026-03-29 08:00:00,system,2026-03-29 08:00:00,system
2625,571,1,70,6,10.0,550.0,13752.03,,2026-02-03 08:00:00,system,2026-02-03 08:00:00,system
2626,571,2,6,6,7.0,140.0,4990.06,,2026-02-03 08:00:00,system,2026-02-03 08:00:00,system
2627,572,1,1416,6,4.0,720.0,33911.14,,2026-05-17 08:00:00,system,2026-05-17 08:00:00,system
2628,572,2,1154,6,6.0,330.0,7517.62,,2026-05-17 08:00:00,system,2026-05-17 08:00:00,system
2629,572,3,134,6,6.0,120.0,4658.17,,2026-05-17 08:00:00,system,2026-05-17 08:00:00,system
2630,572,4,1077,6,33.0,66.0,706.26,,2026-05-17 08:00:00,system,2026-05-17 08:00:00,system
2631,572,5,1022,6,56.0,280.0,1699.66,,2026-05-17 08:00:00,system,2026-05-17 08:00:00,system
2632,572,6,1290,6,2.0,420.0,61510.76,,2026-05-17 08:00:00,system,2026-05-17 08:00:00,system
2633,573,1,1190,6,8.0,440.0,7782.42,,2026-05-21 08:00:00,system,2026-05-21 08:00:00,system
2634,573,2,464,6,5.0,75.0,3218.4,,2026-05-21 08:00:00,system,2026-05-21 08:00:00,system
2635,574,1,822,6,18.0,90.0,1090.74,,2026-03-07 08:00:00,system,2026-03-07 08:00:00,system
2636,574,2,447,6,18.0,90.0,1114.3,,2026-03-07 08:00:00,system,2026-03-07 08:00:00,system
2637,575,1,440,6,10.0,1800.0,41450.32,,2026-01-29 08:00:00,system,2026-01-29 08:00:00,system
2638,575,2,330,6,3.0,165.0,13471.76,,2026-01-29 08:00:00,system,2026-01-29 08:00:00,system
2639,575,3,196,6,21.0,525.0,6663.76,,2026-01-29 08:00:00,system,2026-01-29 08:00:00,system
2640,575,4,952,6,9.0,450.0,11634.49,,2026-01-29 08:00:00,system,2026-01-29 08:00:00,system
2641,575,5,493,6,32.0,38.4,289.39,,2026-01-29 08:00:00,system,2026-01-29 08:00:00,system
2642,576,1,387,6,30.0,300.0,2295.75,,2026-06-30 08:00:00,system,2026-06-30 08:00:00,system
2643,576,2,1083,6,63.0,25.2,138.42,,2026-06-30 08:00:00,system,2026-06-30 08:00:00,system
2644,576,3,31,6,40.0,48.0,292.66,,2026-06-30 08:00:00,system,2026-06-30 08:00:00,system
2645,576,4,1159,6,13.0,65.0,709.63,,2026-06-30 08:00:00,system,2026-06-30 08:00:00,system
2646,577,1,823,6,28.0,280.0,2208.17,,2026-05-11 08:00:00,system,2026-05-11 08:00:00,system
2647,577,2,575,1,4.0,2000.0,188.3,,2026-05-11 08:00:00,system,2026-05-11 08:00:00,system
2648,577,3,107,6,12.0,600.0,13310.1,,2026-05-11 08:00:00,system,2026-05-11 08:00:00,system
2649,577,4,501,6,4.0,220.0,10935.89,,2026-05-11 08:00:00,system,2026-05-11 08:00:00,system
2650,577,5,262,6,35.0,525.0,3817.83,,2026-05-11 08:00:00,system,2026-05-11 08:00:00,system
2651,577,6,54,6,4.0,200.0,13576.26,,2026-05-11 08:00:00,system,2026-05-11 08:00:00,system
2652,577,7,1491,6,32.0,160.0,1093.16,,2026-05-11 08:00:00,system,2026-05-11 08:00:00,system
2653,577,8,1125,6,140.0,56.0,159.62,,2026-05-11 08:00:00,system,2026-05-11 08:00:00,system
2654,577,9,1204,1,2.0,2000.0,130.07,,2026-05-11 08:00:00,system,2026-05-11 08:00:00,system
2655,577,10,630,6,6.0,1080.0,35023.44,,2026-05-11 08:00:00,system,2026-05-11 08:00:00,system
2656,577,11,340,6,7.0,105.0,3390.86,,2026-05-11 08:00:00,system,2026-05-11 08:00:00,system
2657,577,12,290,6,35.0,175.0,1337.04,,2026-05-11 08:00:00,system,2026-05-11 08:00:00,system
2658,577,13,212,6,16.0,480.0,7367.25,,2026-05-11 08:00:00,system,2026-05-11 08:00:00,system
2659,577,14,781,6,6.0,330.0,13025.62,,2026-05-11 08:00:00,system,2026-05-11 08:00:00,system
2660,577,15,245,6,2.0,360.0,42511.96,,2026-05-11 08:00:00,system,2026-05-11 08:00:00,system
2661,578,1,339,6,30.0,300.0,2200.57,,2026-03-14 08:00:00,system,2026-03-14 08:00:00,system
2662,578,2,1470,6,21.0,315.0,3202.41,,2026-03-14 08:00:00,system,2026-03-14 08:00:00,system
2663,578,3,302,6,1.0,210.0,45377.47,,2026-03-14 08:00:00,system,2026-03-14 08:00:00,system
2664,578,4,824,6,15.0,225.0,3162.77,,2026-03-14 08:00:00,system,2026-03-14 08:00:00,system
2665,579,1,1160,6,5.0,50.0,1370.74,,2026-02-07 08:00:00,system,2026-02-07 08:00:00,system
2666,579,2,1061,6,3.0,30.0,3701.59,,2026-02-07 08:00:00,system,2026-02-07 08:00:00,system
2667,580,1,377,6,6.0,300.0,12216.52,,2026-01-12 08:00:00,system,2026-01-12 08:00:00,system
2668,580,2,51,6,36.0,720.0,5184.48,,2026-01-12 08:00:00,system,2026-01-12 08:00:00,system
2669,581,1,39,6,6.0,300.0,12442.28,,2026-02-28 08:00:00,system,2026-02-28 08:00:00,system
2670,581,2,90,6,15.0,375.0,5773.23,,2026-02-28 08:00:00,system,2026-02-28 08:00:00,system
2671,581,3,1390,1,8.0,4000.0,189.76,,2026-02-28 08:00:00,system,2026-02-28 08:00:00,system
2672,582,1,1381,6,30.0,300.0,2170.64,,2026-05-28 08:00:00,system,2026-05-28 08:00:00,system
2673,582,2,487,6,6.0,330.0,12157.62,,2026-05-28 08:00:00,system,2026-05-28 08:00:00,system
2674,582,3,314,6,8.0,400.0,11285.89,,2026-05-28 08:00:00,system,2026-05-28 08:00:00,system
2675,583,1,1316,1,8.0,8000.0,295.55,,2026-04-17 08:00:00,system,2026-04-17 08:00:00,system
2676,584,1,1206,6,40.0,120.0,403.27,,2026-04-14 08:00:00,system,2026-04-14 08:00:00,system
2677,585,1,69,6,8.0,400.0,11573.65,,2026-06-08 08:00:00,system,2026-06-08 08:00:00,system
2678,585,2,1059,6,24.0,120.0,1818.45,,2026-06-08 08:00:00,system,2026-06-08 08:00:00,system
2679,585,3,1129,6,22.0,110.0,1734.66,,2026-06-08 08:00:00,system,2026-06-08 08:00:00,system
2680,585,4,729,6,4.0,220.0,10862.03,,2026-06-08 08:00:00,system,2026-06-08 08:00:00,system
2681,585,5,476,6,60.0,48.0,178.0,,2026-06-08 08:00:00,system,2026-06-08 08:00:00,system
2682,585,6,1255,6,12.0,240.0,2923.58,,2026-06-08 08:00:00,system,2026-06-08 08:00:00,system
2683,585,7,1494,6,7.0,140.0,4192.72,,2026-06-08 08:00:00,system,2026-06-08 08:00:00,system
2684,585,8,1088,6,8.0,80.0,3562.42,,2026-06-08 08:00:00,system,2026-06-08 08:00:00,system
2685,585,9,1206,6,40.0,120.0,403.27,,2026-06-08 08:00:00,system,2026-06-08 08:00:00,system
2686,586,1,891,1,8.0,8000.0,191.38,,2026-05-20 08:00:00,system,2026-05-20 08:00:00,system
2687,586,2,1474,6,8.0,400.0,10247.11,,2026-05-20 08:00:00,system,2026-05-20 08:00:00,system
2688,587,1,1267,6,28.0,28.0,136.3,,2026-06-17 08:00:00,system,2026-06-17 08:00:00,system
2689,588,1,864,6,14.0,42.0,699.1,,2026-06-27 08:00:00,system,2026-06-27 08:00:00,system
2690,588,2,957,1,6.0,6000.0,214.2,,2026-06-27 08:00:00,system,2026-06-27 08:00:00,system
2691,589,1,1295,6,6.0,120.0,6017.28,,2026-01-04 08:00:00,system,2026-01-04 08:00:00,system
2692,589,2,1038,6,55.0,27.5,179.43,,2026-01-04 08:00:00,system,2026-01-04 08:00:00,system
2693,589,3,1201,6,14.0,280.0,2698.33,,2026-01-04 08:00:00,system,2026-01-04 08:00:00,system
2694,590,1,432,6,14.0,70.0,1083.64,,2026-01-08 08:00:00,system,2026-01-08 08:00:00,system
2695,591,1,661,6,14.0,140.0,1797.23,,2026-05-01 08:00:00,system,2026-05-01 08:00:00,system
2696,591,2,119,6,18.0,360.0,4733.42,,2026-05-01 08:00:00,system,2026-05-01 08:00:00,system
2697,591,3,199,6,6.0,330.0,13644.19,,2026-05-01 08:00:00,system,2026-05-01 08:00:00,system
2698,591,4,980,6,4.0,720.0,61528.9,,2026-05-01 08:00:00,system,2026-05-01 08:00:00,system
2699,591,5,1288,6,4.0,220.0,17564.39,,2026-05-01 08:00:00,system,2026-05-01 08:00:00,system
2700,591,6,1299,1,2.0,4000.0,280.14,,2026-05-01 08:00:00,system,2026-05-01 08:00:00,system
2701,592,1,224,6,25.0,375.0,3660.58,,2026-04-22 08:00:00,system,2026-04-22 08:00:00,system
2702,592,2,1254,6,18.0,180.0,1432.8,,2026-04-22 08:00:00,system,2026-04-22 08:00:00,system
2703,592,3,906,1,4.0,8000.0,184.92,,2026-04-22 08:00:00,system,2026-04-22 08:00:00,system
2704,592,4,1482,6,30.0,900.0,6569.11,,2026-04-22 08:00:00,system,2026-04-22 08:00:00,system
2705,592,5,352,6,26.0,20.8,183.6,,2026-04-22 08:00:00,system,2026-04-22 08:00:00,system
2706,592,6,45,6,70.0,70.0,250.39,,2026-04-22 08:00:00,system,2026-04-22 08:00:00,system
2707,593,1,519,1,4.0,4000.0,174.15,,2026-03-31 08:00:00,system,2026-03-31 08:00:00,system
2708,593,2,742,6,10.0,500.0,9412.8,,2026-03-31 08:00:00,system,2026-03-31 08:00:00,system
2709,593,3,785,1,6.0,6000.0,194.02,,2026-03-31 08:00:00,system,2026-03-31 08:00:00,system
2710,594,1,558,6,8.0,440.0,11263.31,,2026-01-27 08:00:00,system,2026-01-27 08:00:00,system
2711,594,2,1115,6,85.0,425.0,1891.34,,2026-01-27 08:00:00,system,2026-01-27 08:00:00,system
2712,594,3,186,6,9.0,495.0,15015.42,,2026-01-27 08:00:00,system,2026-01-27 08:00:00,system
2713,594,4,864,6,56.0,168.0,699.1,,2026-01-27 08:00:00,system,2026-01-27 08:00:00,system
2714,594,5,81,1,4.0,4000.0,233.7,,2026-01-27 08:00:00,system,2026-01-27 08:00:00,system
2715,594,6,1032,6,39.0,195.0,2106.68,,2026-01-27 08:00:00,system,2026-01-27 08:00:00,system
2716,594,7,227,6,32.0,960.0,8118.02,,2026-01-27 08:00:00,system,2026-01-27 08:00:00,system
2717,594,8,430,6,6.0,300.0,11702.23,,2026-01-27 08:00:00,system,2026-01-27 08:00:00,system
2718,595,1,127,6,12.0,9.6,184.14,,2026-06-05 08:00:00,system,2026-06-05 08:00:00,system
2719,596,1,1126,6,65.0,32.5,186.98,,2026-01-19 08:00:00,system,2026-01-19 08:00:00,system
2720,596,2,707,6,2.0,420.0,38885.05,,2026-01-19 08:00:00,system,2026-01-19 08:00:00,system
2721,596,3,772,1,2.0,4000.0,182.84,,2026-01-19 08:00:00,system,2026-01-19 08:00:00,system
2722,597,1,523,6,6.0,60.0,2086.25,,2026-04-25 08:00:00,system,2026-04-25 08:00:00,system
2723,598,1,502,6,6.0,1080.0,31280.47,,2026-04-14 08:00:00,system,2026-04-14 08:00:00,system
2724,598,2,862,1,3.0,3000.0,195.85,,2026-04-14 08:00:00,system,2026-04-14 08:00:00,system
2725,599,1,713,6,18.0,540.0,5729.6,,2026-01-11 08:00:00,system,2026-01-11 08:00:00,system
2726,599,2,984,6,22.0,44.0,725.7,,2026-01-11 08:00:00,system,2026-01-11 08:00:00,system
2727,599,3,369,6,44.0,52.8,257.51,,2026-01-11 08:00:00,system,2026-01-11 08:00:00,system
2728,599,4,1127,6,55.0,55.0,346.67,,2026-01-11 08:00:00,system,2026-01-11 08:00:00,system
2729,599,5,314,6,4.0,200.0,11481.69,,2026-01-11 08:00:00,system,2026-01-11 08:00:00,system
2730,600,1,201,6,1.0,210.0,48461.51,,2026-01-14 08:00:00,system,2026-01-14 08:00:00,system
2731,600,2,1198,6,8.0,440.0,7432.59,,2026-01-14 08:00:00,system,2026-01-14 08:00:00,system
2732,600,3,255,1,1.0,1000.0,225.92,,2026-01-14 08:00:00,system,2026-01-14 08:00:00,system
2733,600,4,200,6,4.0,720.0,41262.01,,2026-01-14 08:00:00,system,2026-01-14 08:00:00,system
2734,600,5,978,6,8.0,144.0,6368.41,,2026-01-14 08:00:00,system,2026-01-14 08:00:00,system
2735,601,1,260,6,35.0,175.0,1172.65,,2026-02-26 08:00:00,system,2026-02-26 08:00:00,system
2736,601,2,1344,6,22.0,22.0,326.13,,2026-02-26 08:00:00,system,2026-02-26 08:00:00,system
2737,601,3,668,6,2.0,360.0,32373.6,,2026-02-26 08:00:00,system,2026-02-26 08:00:00,system
2738,601,4,172,6,10.0,1800.0,40489.41,,2026-02-26 08:00:00,system,2026-02-26 08:00:00,system
2739,601,5,1285,6,28.0,28.0,306.66,,2026-02-26 08:00:00,system,2026-02-26 08:00:00,system
2740,601,6,367,6,56.0,44.8,175.71,,2026-02-26 08:00:00,system,2026-02-26 08:00:00,system
2741,601,7,1210,6,6.0,330.0,7314.73,,2026-02-26 08:00:00,system,2026-02-26 08:00:00,system
2742,601,8,1156,1,2.0,2000.0,129.11,,2026-02-26 08:00:00,system,2026-02-26 08:00:00,system
2743,602,1,1489,1,4.0,8000.0,180.67,,2026-03-06 08:00:00,system,2026-03-06 08:00:00,system
2744,602,2,1124,6,8.0,1440.0,61098.79,,2026-03-06 08:00:00,system,2026-03-06 08:00:00,system
2745,602,3,160,6,48.0,38.4,191.91,,2026-03-06 08:00:00,system,2026-03-06 08:00:00,system
2746,603,1,838,6,12.0,180.0,3169.73,,2026-06-03 08:00:00,system,2026-06-03 08:00:00,system
2747,604,1,1410,6,14.0,210.0,3243.96,,2026-03-18 08:00:00,system,2026-03-18 08:00:00,system
2748,605,1,214,6,4.0,220.0,12742.31,,2026-03-23 08:00:00,system,2026-03-23 08:00:00,system
2749,605,2,1285,6,11.0,11.0,301.72,,2026-03-23 08:00:00,system,2026-03-23 08:00:00,system
2750,605,3,939,6,4.0,220.0,11806.11,,2026-03-23 08:00:00,system,2026-03-23 08:00:00,system
2751,606,1,644,1,8.0,16000.0,190.57,,2026-02-01 08:00:00,system,2026-02-01 08:00:00,system
2752,606,2,398,6,28.0,700.0,5987.66,,2026-02-01 08:00:00,system,2026-02-01 08:00:00,system
2753,606,3,564,6,26.0,78.0,634.73,,2026-02-01 08:00:00,system,2026-02-01 08:00:00,system
2754,606,4,1142,6,13.0,39.0,449.24,,2026-02-01 08:00:00,system,2026-02-01 08:00:00,system
2755,607,1,1488,1,3.0,3000.0,180.02,,2026-01-07 08:00:00,system,2026-01-07 08:00:00,system
2756,608,1,794,6,10.0,500.0,10524.89,,2026-06-14 08:00:00,system,2026-06-14 08:00:00,system
2757,608,2,1317,1,2.0,4000.0,276.69,,2026-06-14 08:00:00,system,2026-06-14 08:00:00,system
2758,608,3,802,6,10.0,1800.0,36530.96,,2026-06-14 08:00:00,system,2026-06-14 08:00:00,system
2759,608,4,127,6,36.0,28.8,184.14,,2026-06-14 08:00:00,system,2026-06-14 08:00:00,system
2760,608,5,1287,6,20.0,400.0,6360.18,,2026-06-14 08:00:00,system,2026-06-14 08:00:00,system
2761,608,6,1311,6,8.0,440.0,17087.06,,2026-06-14 08:00:00,system,2026-06-14 08:00:00,system
2762,608,7,1306,1,4.0,4000.0,282.34,,2026-06-14 08:00:00,system,2026-06-14 08:00:00,system
2763,608,8,368,6,11.0,11.0,208.77,,2026-06-14 08:00:00,system,2026-06-14 08:00:00,system
2764,608,9,165,6,20.0,200.0,2417.17,,2026-06-14 08:00:00,system,2026-06-14 08:00:00,system
2765,608,10,1409,6,6.0,60.0,2078.05,,2026-06-14 08:00:00,system,2026-06-14 08:00:00,system
2766,609,1,193,6,60.0,180.0,780.02,,2026-02-13 08:00:00,system,2026-02-13 08:00:00,system
2767,609,2,312,6,24.0,600.0,5627.94,,2026-02-13 08:00:00,system,2026-02-13 08:00:00,system
2768,609,3,1389,6,5.0,1050.0,44735.96,,2026-02-13 08:00:00,system,2026-02-13 08:00:00,system
2769,609,4,1485,6,9.0,1620.0,39858.56,,2026-02-13 08:00:00,system,2026-02-13 08:00:00,system
2770,609,5,457,1,4.0,4000.0,224.28,,2026-02-13 08:00:00,system,2026-02-13 08:00:00,system
2771,609,6,481,6,35.0,350.0,2316.82,,2026-02-13 08:00:00,system,2026-02-13 08:00:00,system
2772,609,7,1445,6,14.0,70.0,1100.03,,2026-02-13 08:00:00,system,2026-02-13 08:00:00,system
2773,610,1,663,6,12.0,240.0,3876.22,,2026-01-10 08:00:00,system,2026-01-10 08:00:00,system
2774,610,2,399,6,5.0,150.0,6398.55,,2026-01-10 08:00:00,system,2026-01-10 08:00:00,system
2775,610,3,1184,1,3.0,3000.0,127.25,,2026-01-10 08:00:00,system,2026-01-10 08:00:00,system
2776,610,4,343,6,24.0,720.0,6319.23,,2026-01-10 08:00:00,system,2026-01-10 08:00:00,system
2777,611,1,1049,6,70.0,140.0,750.67,,2026-05-21 08:00:00,system,2026-05-21 08:00:00,system
2778,611,2,1006,6,4.0,72.0,7181.24,,2026-05-21 08:00:00,system,2026-05-21 08:00:00,system
2779,611,3,636,6,14.0,350.0,5377.91,,2026-05-21 08:00:00,system,2026-05-21 08:00:00,system
2780,611,4,204,6,14.0,14.0,264.0,,2026-05-21 08:00:00,system,2026-05-21 08:00:00,system
2781,611,5,553,6,35.0,525.0,3064.64,,2026-05-21 08:00:00,system,2026-05-21 08:00:00,system
2782,611,6,1180,6,21.0,210.0,1578.66,,2026-05-21 08:00:00,system,2026-05-21 08:00:00,system
2783,611,7,425,6,6.0,60.0,2498.01,,2026-05-21 08:00:00,system,2026-05-21 08:00:00,system
2784,611,8,649,6,40.0,800.0,3907.26,,2026-05-21 08:00:00,system,2026-05-21 08:00:00,system
2785,611,9,495,6,12.0,60.0,1193.96,,2026-05-21 08:00:00,system,2026-05-21 08:00:00,system
2786,611,10,966,6,2.0,100.0,11863.13,,2026-05-21 08:00:00,system,2026-05-21 08:00:00,system
2787,611,11,1415,6,8.0,440.0,11977.74,,2026-05-21 08:00:00,system,2026-05-21 08:00:00,system
2788,612,1,512,6,35.0,875.0,5124.89,,2026-04-24 08:00:00,system,2026-04-24 08:00:00,system
2789,612,2,447,6,12.0,60.0,1047.32,,2026-04-24 08:00:00,system,2026-04-24 08:00:00,system
2790,612,3,254,6,2.0,420.0,48119.32,,2026-04-24 08:00:00,system,2026-04-24 08:00:00,system
2791,612,4,742,6,10.0,500.0,9531.61,,2026-04-24 08:00:00,system,2026-04-24 08:00:00,system
2792,612,5,324,6,18.0,180.0,2165.84,,2026-04-24 08:00:00,system,2026-04-24 08:00:00,system
2793,613,1,1115,6,70.0,350.0,1811.57,,2026-02-28 08:00:00,system,2026-02-28 08:00:00,system
2794,613,2,1116,6,78.0,31.2,136.2,,2026-02-28 08:00:00,system,2026-02-28 08:00:00,system
2795,613,3,1227,1,1.0,1000.0,132.97,,2026-02-28 08:00:00,system,2026-02-28 08:00:00,system
2796,613,4,872,6,2.0,110.0,11849.77,,2026-02-28 08:00:00,system,2026-02-28 08:00:00,system
2797,613,5,31,6,30.0,36.0,292.66,,2026-02-28 08:00:00,system,2026-02-28 08:00:00,system
2798,613,6,648,6,14.0,210.0,2789.32,,2026-02-28 08:00:00,system,2026-02-28 08:00:00,system
2799,613,7,397,6,25.0,500.0,4498.38,,2026-02-28 08:00:00,system,2026-02-28 08:00:00,system
2800,613,8,2,6,70.0,210.0,710.13,,2026-02-28 08:00:00,system,2026-02-28 08:00:00,system
2801,613,9,1373,6,2.0,110.0,11677.26,,2026-02-28 08:00:00,system,2026-02-28 08:00:00,system
2802,613,10,447,6,18.0,90.0,1047.32,,2026-02-28 08:00:00,system,2026-02-28 08:00:00,system
2803,614,1,793,6,35.0,1050.0,6509.67,,2026-05-20 08:00:00,system,2026-05-20 08:00:00,system
2804,615,1,1165,6,24.0,24.0,152.89,,2026-06-09 08:00:00,system,2026-06-09 08:00:00,system
2805,615,2,309,6,18.0,180.0,2490.19,,2026-06-09 08:00:00,system,2026-06-09 08:00:00,system
2806,615,3,103,6,24.0,360.0,3793.96,,2026-06-09 08:00:00,system,2026-06-09 08:00:00,system
2807,615,4,141,6,4.0,220.0,14707.15,,2026-06-09 08:00:00,system,2026-06-09 08:00:00,system
2808,615,5,694,1,8.0,4000.0,187.99,,2026-06-09 08:00:00,system,2026-06-09 08:00:00,system
2809,616,1,1216,6,14.0,140.0,1336.93,,2026-03-11 08:00:00,system,2026-03-11 08:00:00,system
2810,616,2,1304,6,8.0,1440.0,52688.63,,2026-03-11 08:00:00,system,2026-03-11 08:00:00,system
2811,616,3,96,1,4.0,4000.0,210.09,,2026-03-11 08:00:00,system,2026-03-11 08:00:00,system
2812,616,4,1159,6,52.0,260.0,709.63,,2026-03-11 08:00:00,system,2026-03-11 08:00:00,system
2813,616,5,206,6,26.0,78.0,700.19,,2026-03-11 08:00:00,system,2026-03-11 08:00:00,system
2814,616,6,997,6,8.0,400.0,18602.58,,2026-03-11 08:00:00,system,2026-03-11 08:00:00,system
2815,617,1,544,6,8.0,1440.0,31720.38,,2026-06-30 08:00:00,system,2026-06-30 08:00:00,system
2816,617,2,192,6,11.0,13.2,288.02,,2026-06-30 08:00:00,system,2026-06-30 08:00:00,system
2817,617,3,1213,6,39.0,39.0,133.69,,2026-06-30 08:00:00,system,2026-06-30 08:00:00,system
2818,617,4,59,6,14.0,11.2,186.99,,2026-06-30 08:00:00,system,2026-06-30 08:00:00,system
2819,618,1,370,6,75.0,225.0,708.48,,2026-06-09 08:00:00,system,2026-06-09 08:00:00,system
2820,618,2,185,6,9.0,450.0,12664.75,,2026-06-09 08:00:00,system,2026-06-09 08:00:00,system
2821,618,3,448,6,8.0,80.0,2372.26,,2026-06-09 08:00:00,system,2026-06-09 08:00:00,system
2822,618,4,644,1,8.0,16000.0,184.92,,2026-06-09 08:00:00,system,2026-06-09 08:00:00,system
2823,618,5,312,6,16.0,400.0,5627.94,,2026-06-09 08:00:00,system,2026-06-09 08:00:00,system
2824,618,6,1014,6,12.0,120.0,4062.92,,2026-06-09 08:00:00,system,2026-06-09 08:00:00,system
2825,618,7,1231,6,18.0,180.0,1583.64,,2026-06-09 08:00:00,system,2026-06-09 08:00:00,system
2826,619,1,762,6,8.0,120.0,3260.16,,2026-06-23 08:00:00,system,2026-06-23 08:00:00,system
2827,619,2,546,6,4.0,840.0,41236.8,,2026-06-23 08:00:00,system,2026-06-23 08:00:00,system
2828,619,3,358,6,21.0,315.0,3381.19,,2026-06-23 08:00:00,system,2026-06-23 08:00:00,system
2829,619,4,238,6,7.0,70.0,2493.71,,2026-06-23 08:00:00,system,2026-06-23 08:00:00,system
2830,619,5,823,6,7.0,70.0,2208.17,,2026-06-23 08:00:00,system,2026-06-23 08:00:00,system
2831,620,1,1068,6,12.0,24.0,698.31,,2026-03-09 08:00:00,system,2026-03-09 08:00:00,system
2832,621,1,50,6,6.0,90.0,3669.56,,2026-02-08 08:00:00,system,2026-02-08 08:00:00,system
2833,621,2,1383,6,7.0,140.0,4011.96,,2026-02-08 08:00:00,system,2026-02-08 08:00:00,system
2834,621,3,859,6,10.0,1800.0,33776.27,,2026-02-08 08:00:00,system,2026-02-08 08:00:00,system
2835,621,4,561,1,2.0,1000.0,171.77,,2026-02-08 08:00:00,system,2026-02-08 08:00:00,system
2836,621,5,1297,6,3.0,630.0,65319.27,,2026-02-08 08:00:00,system,2026-02-08 08:00:00,system
2837,621,6,88,6,12.0,180.0,3620.84,,2026-02-08 08:00:00,system,2026-02-08 08:00:00,system
2838,621,7,884,6,18.0,540.0,5984.04,,2026-02-08 08:00:00,system,2026-02-08 08:00:00,system
2839,621,8,674,6,30.0,750.0,4977.51,,2026-02-08 08:00:00,system,2026-02-08 08:00:00,system
2840,622,1,1145,6,24.0,480.0,3228.89,,2026-02-23 08:00:00,system,2026-02-23 08:00:00,system
2841,623,1,723,6,35.0,350.0,2228.33,,2026-05-09 08:00:00,system,2026-05-09 08:00:00,system
2842,623,2,356,6,7.0,35.0,1158.67,,2026-05-09 08:00:00,system,2026-05-09 08:00:00,system
2843,623,3,120,6,9.0,225.0,6310.22,,2026-05-09 08:00:00,system,2026-05-09 08:00:00,system
2844,623,4,1097,6,90.0,450.0,1974.76,,2026-05-09 08:00:00,system,2026-05-09 08:00:00,system
2845,623,5,673,6,32.0,640.0,4219.37,,2026-05-09 08:00:00,system,2026-05-09 08:00:00,system
2846,623,6,424,6,35.0,175.0,1178.23,,2026-05-09 08:00:00,system,2026-05-09 08:00:00,system
2847,623,7,257,6,51.0,51.0,274.21,,2026-05-09 08:00:00,system,2026-05-09 08:00:00,system
2848,623,8,855,6,32.0,800.0,5940.89,,2026-05-09 08:00:00,system,2026-05-09 08:00:00,system
2849,623,9,515,6,6.0,330.0,12058.33,,2026-05-09 08:00:00,system,2026-05-09 08:00:00,system
2850,623,10,330,6,6.0,330.0,13471.76,,2026-05-09 08:00:00,system,2026-05-09 08:00:00,system
2851,623,11,1123,6,2.0,100.0,19397.86,,2026-05-09 08:00:00,system,2026-05-09 08:00:00,system
2852,623,12,365,6,2.0,420.0,47216.18,,2026-05-09 08:00:00,system,2026-05-09 08:00:00,system
2853,623,13,738,6,35.0,525.0,3001.98,,2026-05-09 08:00:00,system,2026-05-09 08:00:00,system
2854,623,14,1191,6,1.0,210.0,32918.39,,2026-05-09 08:00:00,system,2026-05-09 08:00:00,system
2855,623,15,776,6,7.0,105.0,3634.74,,2026-05-09 08:00:00,system,2026-05-09 08:00:00,system
2856,624,1,194,6,32.0,160.0,1249.21,,2026-05-31 08:00:00,system,2026-05-31 08:00:00,system
2857,624,2,763,6,24.0,480.0,4629.71,,2026-05-31 08:00:00,system,2026-05-31 08:00:00,system
2858,624,3,1094,6,60.0,30.0,193.3,,2026-05-31 08:00:00,system,2026-05-31 08:00:00,system
2859,624,4,129,6,70.0,84.0,304.41,,2026-05-31 08:00:00,system,2026-05-31 08:00:00,system
2860,624,5,400,6,2.0,100.0,11704.61,,2026-05-31 08:00:00,system,2026-05-31 08:00:00,system
2861,624,6,1438,6,6.0,330.0,13041.97,,2026-05-31 08:00:00,system,2026-05-31 08:00:00,system
2862,624,7,884,6,8.0,240.0,6740.76,,2026-05-31 08:00:00,system,2026-05-31 08:00:00,system
2863,624,8,292,6,8.0,120.0,3763.28,,2026-05-31 08:00:00,system,2026-05-31 08:00:00,system
2864,624,9,711,6,40.0,800.0,4058.0,,2026-05-31 08:00:00,system,2026-05-31 08:00:00,system
2865,624,10,202,1,6.0,6000.0,235.04,,2026-05-31 08:00:00,system,2026-05-31 08:00:00,system
2866,625,1,418,6,4.0,840.0,46093.14,,2026-04-30 08:00:00,system,2026-04-30 08:00:00,system
2867,626,1,1195,6,10.0,50.0,732.58,,2026-05-20 08:00:00,system,2026-05-20 08:00:00,system
2868,626,2,1374,6,10.0,1800.0,37250.84,,2026-05-20 08:00:00,system,2026-05-20 08:00:00,system
2869,626,3,692,6,2.0,360.0,31463.43,,2026-05-20 08:00:00,system,2026-05-20 08:00:00,system
2870,626,4,1284,1,2.0,4000.0,280.45,,2026-05-20 08:00:00,system,2026-05-20 08:00:00,system
2871,626,5,699,6,21.0,210.0,1888.34,,2026-05-20 08:00:00,system,2026-05-20 08:00:00,system
2872,626,6,1203,6,4.0,840.0,29209.88,,2026-05-20 08:00:00,system,2026-05-20 08:00:00,system
2873,626,7,165,6,30.0,300.0,2297.04,,2026-05-20 08:00:00,system,2026-05-20 08:00:00,system
2874,627,1,1130,6,25.0,250.0,3724.55,,2026-06-15 08:00:00,system,2026-06-15 08:00:00,system
2875,627,2,325,6,35.0,525.0,3478.88,,2026-06-15 08:00:00,system,2026-06-15 08:00:00,system
2876,627,3,11,6,12.0,2160.0,43812.93,,2026-06-15 08:00:00,system,2026-06-15 08:00:00,system
2877,627,4,512,6,28.0,700.0,5286.12,,2026-06-15 08:00:00,system,2026-06-15 08:00:00,system
2878,627,5,1014,6,8.0,80.0,4062.92,,2026-06-15 08:00:00,system,2026-06-15 08:00:00,system
2879,627,6,847,1,6.0,3000.0,197.85,,2026-06-15 08:00:00,system,2026-06-15 08:00:00,system
2880,628,1,211,6,24.0,600.0,6766.78,,2026-05-08 08:00:00,system,2026-05-08 08:00:00,system
2881,628,2,1398,6,28.0,700.0,6141.3,,2026-05-08 08:00:00,system,2026-05-08 08:00:00,system
2882,628,3,1059,6,90.0,450.0,1924.46,,2026-05-08 08:00:00,system,2026-05-08 08:00:00,system
2883,628,4,1102,6,26.0,10.4,158.13,,2026-05-08 08:00:00,system,2026-05-08 08:00:00,system
2884,628,5,1097,6,18.0,90.0,1974.76,,2026-05-08 08:00:00,system,2026-05-08 08:00:00,system
2885,628,6,840,6,14.0,350.0,5840.64,,2026-05-08 08:00:00,system,2026-05-08 08:00:00,system
2886,628,7,729,6,6.0,330.0,11422.63,,2026-05-08 08:00:00,system,2026-05-08 08:00:00,system
2887,629,1,339,6,12.0,120.0,2200.57,,2026-05-09 08:00:00,system,2026-05-09 08:00:00,system
2888,629,2,267,6,8.0,440.0,12774.08,,2026-05-09 08:00:00,system,2026-05-09 08:00:00,system
2889,629,3,475,1,6.0,6000.0,190.41,,2026-05-09 08:00:00,system,2026-05-09 08:00:00,system
2890,630,1,1063,6,10.0,500.0,18605.95,,2026-01-21 08:00:00,system,2026-01-21 08:00:00,system
2891,630,2,466,6,7.0,70.0,2285.08,,2026-01-21 08:00:00,system,2026-01-21 08:00:00,system
2892,630,3,1375,6,1.0,210.0,47449.06,,2026-01-21 08:00:00,system,2026-01-21 08:00:00,system
2893,630,4,379,6,6.0,1080.0,40225.41,,2026-01-21 08:00:00,system,2026-01-21 08:00:00,system
2894,630,5,26,6,4.0,720.0,42746.97,,2026-01-21 08:00:00,system,2026-01-21 08:00:00,system
2895,630,6,1055,6,78.0,31.2,151.01,,2026-01-21 08:00:00,system,2026-01-21 08:00:00,system
2896,630,7,811,6,6.0,120.0,4657.59,,2026-01-21 08:00:00,system,2026-01-21 08:00:00,system
2897,630,8,1423,6,6.0,60.0,2223.33,,2026-01-21 08:00:00,system,2026-01-21 08:00:00,system
2898,630,9,1431,6,18.0,90.0,1158.25,,2026-01-21 08:00:00,system,2026-01-21 08:00:00,system
2899,630,10,759,6,64.0,192.0,645.73,,2026-01-21 08:00:00,system,2026-01-21 08:00:00,system
2900,631,1,1404,1,2.0,1000.0,202.33,,2026-04-17 08:00:00,system,2026-04-17 08:00:00,system
2901,631,2,1199,6,1.0,210.0,31155.4,,2026-04-17 08:00:00,system,2026-04-17 08:00:00,system
2902,631,3,638,6,6.0,300.0,10298.4,,2026-04-17 08:00:00,system,2026-04-17 08:00:00,system
2903,631,4,1003,6,14.0,28.0,795.83,,2026-04-17 08:00:00,system,2026-04-17 08:00:00,system
2904,632,1,792,6,12.0,300.0,6290.78,,2026-04-18 08:00:00,system,2026-04-18 08:00:00,system
2905,632,2,732,1,1.0,500.0,209.51,,2026-04-18 08:00:00,system,2026-04-18 08:00:00,system
2906,632,3,1279,6,15.0,300.0,7446.62,,2026-04-18 08:00:00,system,2026-04-18 08:00:00,system
2907,632,4,1197,6,18.0,360.0,3153.3,,2026-04-18 08:00:00,system,2026-04-18 08:00:00,system
2908,633,1,1305,6,5.0,1050.0,60274.91,,2026-01-08 08:00:00,system,2026-01-08 08:00:00,system
2909,633,2,1357,6,2.0,110.0,16633.16,,2026-01-08 08:00:00,system,2026-01-08 08:00:00,system
2910,633,3,556,6,24.0,720.0,5648.7,,2026-01-08 08:00:00,system,2026-01-08 08:00:00,system
2911,633,4,382,6,55.0,44.0,166.16,,2026-01-08 08:00:00,system,2026-01-08 08:00:00,system
2912,633,5,127,6,56.0,44.8,197.34,,2026-01-08 08:00:00,system,2026-01-08 08:00:00,system
2913,633,6,532,1,4.0,2000.0,175.7,,2026-01-08 08:00:00,system,2026-01-08 08:00:00,system
2914,633,7,754,6,8.0,1440.0,35069.09,,2026-01-08 08:00:00,system,2026-01-08 08:00:00,system
2915,633,8,183,6,24.0,600.0,5990.08,,2026-01-08 08:00:00,system,2026-01-08 08:00:00,system
2916,633,9,646,6,30.0,150.0,909.17,,2026-01-08 08:00:00,system,2026-01-08 08:00:00,system
2917,634,1,483,6,20.0,400.0,4431.62,,2026-05-30 08:00:00,system,2026-05-30 08:00:00,system
2918,634,2,1477,6,30.0,150.0,1001.28,,2026-05-30 08:00:00,system,2026-05-30 08:00:00,system
2919,635,1,580,6,16.0,160.0,2062.67,,2026-03-29 08:00:00,system,2026-03-29 08:00:00,system
2920,635,2,284,6,3.0,630.0,49607.16,,2026-03-29 08:00:00,system,2026-03-29 08:00:00,system
2921,635,3,862,1,3.0,3000.0,200.16,,2026-03-29 08:00:00,system,2026-03-29 08:00:00,system
2922,636,1,476,6,36.0,28.8,178.0,,2026-05-27 08:00:00,system,2026-05-27 08:00:00,system
2923,636,2,165,6,18.0,180.0,2319.12,,2026-05-27 08:00:00,system,2026-05-27 08:00:00,system
2924,636,3,390,6,30.0,750.0,5229.21,,2026-05-27 08:00:00,system,2026-05-27 08:00:00,system
2925,636,4,1080,6,20.0,360.0,6262.41,,2026-05-27 08:00:00,system,2026-05-27 08:00:00,system
2926,637,1,1484,6,4.0,220.0,12934.42,,2026-01-12 08:00:00,system,2026-01-12 08:00:00,system
2927,637,2,620,1,2.0,4000.0,186.14,,2026-01-12 08:00:00,system,2026-01-12 08:00:00,system
2928,637,3,249,6,30.0,30.0,257.43,,2026-01-12 08:00:00,system,2026-01-12 08:00:00,system
2929,638,1,1475,6,4.0,220.0,11700.37,,2026-03-24 08:00:00,system,2026-03-24 08:00:00,system
2930,638,2,1036,6,2.0,360.0,61216.36,,2026-03-24 08:00:00,system,2026-03-24 08:00:00,system
2931,638,3,244,6,6.0,330.0,13747.11,,2026-03-24 08:00:00,system,2026-03-24 08:00:00,system
2932,639,1,771,1,4.0,4000.0,194.42,,2026-02-10 08:00:00,system,2026-02-10 08:00:00,system
2933,639,2,542,6,4.0,200.0,9158.1,,2026-02-10 08:00:00,system,2026-02-10 08:00:00,system
2934,639,3,655,6,3.0,630.0,37674.75,,2026-02-10 08:00:00,system,2026-02-10 08:00:00,system
2935,640,1,220,6,48.0,57.6,324.93,,2026-05-23 08:00:00,system,2026-05-23 08:00:00,system
2936,640,2,70,6,12.0,660.0,14342.1,,2026-05-23 08:00:00,system,2026-05-23 08:00:00,system
2937,640,3,770,1,2.0,1000.0,196.51,,2026-05-23 08:00:00,system,2026-05-23 08:00:00,system
2938,640,4,547,1,8.0,4000.0,187.99,,2026-05-23 08:00:00,system,2026-05-23 08:00:00,system
2939,640,5,503,6,3.0,630.0,41856.12,,2026-05-23 08:00:00,system,2026-05-23 08:00:00,system
2940,640,6,224,6,35.0,525.0,3900.28,,2026-05-23 08:00:00,system,2026-05-23 08:00:00,system
2941,640,7,1465,1,4.0,4000.0,217.52,,2026-05-23 08:00:00,system,2026-05-23 08:00:00,system
2942,640,8,546,6,3.0,630.0,41236.8,,2026-05-23 08:00:00,system,2026-05-23 08:00:00,system
2943,640,9,252,6,6.0,330.0,14186.44,,2026-05-23 08:00:00,system,2026-05-23 08:00:00,system
2944,641,1,424,6,7.0,35.0,1178.23,,2026-03-22 08:00:00,system,2026-03-22 08:00:00,system
2945,641,2,516,6,12.0,2160.0,35193.78,,2026-03-22 08:00:00,system,2026-03-22 08:00:00,system
2946,641,3,347,6,3.0,630.0,50236.41,,2026-03-22 08:00:00,system,2026-03-22 08:00:00,system
2947,641,4,830,6,6.0,1080.0,38009.77,,2026-03-22 08:00:00,system,2026-03-22 08:00:00,system
2948,641,5,1381,6,27.0,270.0,2259.5,,2026-03-22 08:00:00,system,2026-03-22 08:00:00,system
2949,641,6,687,6,16.0,320.0,4420.46,,2026-03-22 08:00:00,system,2026-03-22 08:00:00,system
2950,641,7,554,6,18.0,360.0,4328.66,,2026-03-22 08:00:00,system,2026-03-22 08:00:00,system
2951,641,8,1027,6,62.0,24.8,168.6,,2026-03-22 08:00:00,system,2026-03-22 08:00:00,system
2952,642,1,447,6,24.0,120.0,1171.38,,2026-04-03 08:00:00,system,2026-04-03 08:00:00,system
2953,642,2,497,6,30.0,450.0,3663.87,,2026-04-03 08:00:00,system,2026-04-03 08:00:00,system
2954,642,3,897,6,18.0,360.0,4419.94,,2026-04-03 08:00:00,system,2026-04-03 08:00:00,system
2955,642,4,1025,6,15.0,750.0,19985.37,,2026-04-03 08:00:00,system,2026-04-03 08:00:00,system
2956,642,5,905,1,4.0,4000.0,203.98,,2026-04-03 08:00:00,system,2026-04-03 08:00:00,system
2957,642,6,129,6,42.0,50.4,304.41,,2026-04-03 08:00:00,system,2026-04-03 08:00:00,system
2958,642,7,19,6,28.0,280.0,2561.19,,2026-04-03 08:00:00,system,2026-04-03 08:00:00,system
2959,643,1,713,6,36.0,1080.0,6241.89,,2026-03-19 08:00:00,system,2026-03-19 08:00:00,system
2960,643,2,895,6,21.0,210.0,2355.71,,2026-03-19 08:00:00,system,2026-03-19 08:00:00,system
2961,643,3,905,1,4.0,4000.0,211.22,,2026-03-19 08:00:00,system,2026-03-19 08:00:00,system
2962,643,4,443,6,72.0,57.6,190.09,,2026-03-19 08:00:00,system,2026-03-19 08:00:00,system
2963,643,5,179,6,16.0,80.0,1262.85,,2026-03-19 08:00:00,system,2026-03-19 08:00:00,system
2964,643,6,1076,6,80.0,80.0,414.88,,2026-03-19 08:00:00,system,2026-03-19 08:00:00,system
2965,643,7,126,1,4.0,4000.0,254.84,,2026-03-19 08:00:00,system,2026-03-19 08:00:00,system
2966,643,8,453,6,4.0,200.0,12743.26,,2026-03-19 08:00:00,system,2026-03-19 08:00:00,system
2967,643,9,336,6,75.0,90.0,296.71,,2026-03-19 08:00:00,system,2026-03-19 08:00:00,system
2968,644,1,263,6,12.0,240.0,5045.77,,2026-03-02 08:00:00,system,2026-03-02 08:00:00,system
2969,644,2,1231,6,6.0,60.0,1583.64,,2026-03-02 08:00:00,system,2026-03-02 08:00:00,system
2970,644,3,1130,6,10.0,100.0,3724.55,,2026-03-02 08:00:00,system,2026-03-02 08:00:00,system
2971,644,4,741,6,8.0,240.0,6313.75,,2026-03-02 08:00:00,system,2026-03-02 08:00:00,system
2972,644,5,340,6,14.0,210.0,3603.75,,2026-03-02 08:00:00,system,2026-03-02 08:00:00,system
2973,644,6,742,6,6.0,300.0,10256.39,,2026-03-02 08:00:00,system,2026-03-02 08:00:00,system
2974,644,7,534,1,8.0,16000.0,194.58,,2026-03-02 08:00:00,system,2026-03-02 08:00:00,system
2975,644,8,477,6,36.0,36.0,245.61,,2026-03-02 08:00:00,system,2026-03-02 08:00:00,system
2976,644,9,104,6,24.0,480.0,5304.0,,2026-03-02 08:00:00,system,2026-03-02 08:00:00,system
2977,644,10,751,6,28.0,840.0,6731.5,,2026-03-02 08:00:00,system,2026-03-02 08:00:00,system
2978,645,1,1345,6,28.0,140.0,1559.45,,2026-04-01 08:00:00,system,2026-04-01 08:00:00,system
2979,645,2,697,6,65.0,195.0,562.8,,2026-04-01 08:00:00,system,2026-04-01 08:00:00,system
2980,645,3,639,6,4.0,220.0,10286.07,,2026-04-01 08:00:00,system,2026-04-01 08:00:00,system
2981,645,4,884,6,18.0,540.0,5984.04,,2026-04-01 08:00:00,system,2026-04-01 08:00:00,system
2982,645,5,1470,6,7.0,105.0,3202.41,,2026-04-01 08:00:00,system,2026-04-01 08:00:00,system
2983,645,6,303,1,4.0,4000.0,199.38,,2026-04-01 08:00:00,system,2026-04-01 08:00:00,system
2984,645,7,99,6,22.0,26.4,288.3,,2026-04-01 08:00:00,system,2026-04-01 08:00:00,system
2985,646,1,646,6,24.0,120.0,909.17,,2026-05-24 08:00:00,system,2026-05-24 08:00:00,system
2986,646,2,582,6,6.0,120.0,3876.6,,2026-05-24 08:00:00,system,2026-05-24 08:00:00,system
2987,646,3,1094,6,48.0,24.0,172.98,,2026-05-24 08:00:00,system,2026-05-24 08:00:00,system
2988,646,4,1283,1,1.0,1000.0,300.43,,2026-05-24 08:00:00,system,2026-05-24 08:00:00,system
2989,646,5,474,6,3.0,630.0,45693.71,,2026-05-24 08:00:00,system,2026-05-24 08:00:00,system
2990,646,6,1433,6,10.0,150.0,3181.14,,2026-05-24 08:00:00,system,2026-05-24 08:00:00,system
2991,646,7,1332,1,1.0,1000.0,288.43,,2026-05-24 08:00:00,system,2026-05-24 08:00:00,system
2992,646,8,776,6,18.0,270.0,3109.55,,2026-05-24 08:00:00,system,2026-05-24 08:00:00,system
2993,646,9,272,6,11.0,11.0,245.67,,2026-05-24 08:00:00,system,2026-05-24 08:00:00,system
2994,646,10,1477,6,18.0,90.0,1001.28,,2026-05-24 08:00:00,system,2026-05-24 08:00:00,system
2995,647,1,490,1,2.0,2000.0,197.34,,2026-01-07 08:00:00,system,2026-01-07 08:00:00,system
2996,648,1,1259,6,60.0,60.0,143.73,,2026-03-08 08:00:00,system,2026-03-08 08:00:00,system
2997,648,2,783,6,5.0,1050.0,43660.45,,2026-03-08 08:00:00,system,2026-03-08 08:00:00,system
2998,648,3,594,6,35.0,175.0,1028.64,,2026-03-08 08:00:00,system,2026-03-08 08:00:00,system
2999,648,4,307,6,36.0,108.0,701.53,,2026-03-08 08:00:00,system,2026-03-08 08:00:00,system
3000,648,5,190,6,24.0,19.2,205.98,,2026-03-08 08:00:00,system,2026-03-08 08:00:00,system
3001,648,6,1148,1,4.0,4000.0,144.15,,2026-03-08 08:00:00,system,2026-03-08 08:00:00,system
3002,648,7,449,6,8.0,120.0,3686.36,,2026-03-08 08:00:00,system,2026-03-08 08:00:00,system
3003,648,8,748,1,2.0,4000.0,180.25,,2026-03-08 08:00:00,system,2026-03-08 08:00:00,system
3004,648,9,429,6,40.0,1200.0,7003.88,,2026-03-08 08:00:00,system,2026-03-08 08:00:00,system
3005,648,10,862,1,8.0,8000.0,205.38,,2026-03-08 08:00:00,system,2026-03-08 08:00:00,system
3006,649,1,1325,1,2.0,4000.0,288.4,,2026-05-28 08:00:00,system,2026-05-28 08:00:00,system
3007,650,1,582,6,21.0,420.0,4218.92,,2026-01-01 08:00:00,system,2026-01-01 08:00:00,system
3008,650,2,249,6,15.0,15.0,257.43,,2026-01-01 08:00:00,system,2026-01-01 08:00:00,system
3009,650,3,499,6,21.0,525.0,6079.98,,2026-01-01 08:00:00,system,2026-01-01 08:00:00,system
3010,651,1,488,6,6.0,1080.0,42861.63,,2026-06-20 08:00:00,system,2026-06-20 08:00:00,system
3011,652,1,464,6,21.0,315.0,3161.71,,2026-03-17 08:00:00,system,2026-03-17 08:00:00,system
3012,652,2,731,6,3.0,630.0,37761.05,,2026-03-17 08:00:00,system,2026-03-17 08:00:00,system
3013,652,3,149,6,24.0,120.0,1138.81,,2026-03-17 08:00:00,system,2026-03-17 08:00:00,system
3014,652,4,1349,6,2.0,420.0,65330.89,,2026-03-17 08:00:00,system,2026-03-17 08:00:00,system
3015,653,1,900,6,15.0,750.0,11464.93,,2026-03-30 08:00:00,system,2026-03-30 08:00:00,system
3016,654,1,366,1,8.0,8000.0,202.55,,2026-01-18 08:00:00,system,2026-01-18 08:00:00,system
3017,654,2,93,6,8.0,440.0,13417.18,,2026-01-18 08:00:00,system,2026-01-18 08:00:00,system
3018,654,3,1345,6,60.0,300.0,1581.39,,2026-01-18 08:00:00,system,2026-01-18 08:00:00,system
3019,654,4,459,6,70.0,70.0,222.39,,2026-01-18 08:00:00,system,2026-01-18 08:00:00,system
3020,654,5,558,6,6.0,330.0,9832.3,,2026-01-18 08:00:00,system,2026-01-18 08:00:00,system
3021,655,1,435,6,18.0,360.0,4513.95,,2026-01-14 08:00:00,system,2026-01-14 08:00:00,system
3022,655,2,277,6,14.0,210.0,3760.89,,2026-01-14 08:00:00,system,2026-01-14 08:00:00,system
3023,655,3,86,6,24.0,120.0,1136.98,,2026-01-14 08:00:00,system,2026-01-14 08:00:00,system
3024,655,4,536,6,30.0,150.0,984.21,,2026-01-14 08:00:00,system,2026-01-14 08:00:00,system
3025,656,1,629,6,10.0,550.0,10233.62,,2026-01-01 08:00:00,system,2026-01-01 08:00:00,system
3026,656,2,1312,6,8.0,1440.0,53936.38,,2026-01-01 08:00:00,system,2026-01-01 08:00:00,system
3027,656,3,168,6,14.0,350.0,5868.55,,2026-01-01 08:00:00,system,2026-01-01 08:00:00,system
3028,656,4,1403,6,3.0,630.0,39449.65,,2026-01-01 08:00:00,system,2026-01-01 08:00:00,system
3029,656,5,1423,6,18.0,180.0,2101.08,,2026-01-01 08:00:00,system,2026-01-01 08:00:00,system
3030,656,6,280,6,24.0,720.0,7104.36,,2026-01-01 08:00:00,system,2026-01-01 08:00:00,system
3031,656,7,1221,6,11.0,11.0,137.77,,2026-01-01 08:00:00,system,2026-01-01 08:00:00,system
3032,656,8,232,1,1.0,1000.0,209.91,,2026-01-01 08:00:00,system,2026-01-01 08:00:00,system
3033,656,9,472,6,6.0,330.0,11446.49,,2026-01-01 08:00:00,system,2026-01-01 08:00:00,system
3034,657,1,421,6,24.0,24.0,242.45,,2026-02-18 08:00:00,system,2026-02-18 08:00:00,system
3035,657,2,156,6,2.0,110.0,13922.5,,2026-02-18 08:00:00,system,2026-02-18 08:00:00,system
3036,657,3,580,6,24.0,240.0,2062.67,,2026-02-18 08:00:00,system,2026-02-18 08:00:00,system
3037,657,4,1499,6,2.0,360.0,40751.46,,2026-02-18 08:00:00,system,2026-02-18 08:00:00,system
3038,657,5,593,6,80.0,240.0,631.73,,2026-02-18 08:00:00,system,2026-02-18 08:00:00,system
3039,657,6,1415,6,2.0,110.0,12493.83,,2026-02-18 08:00:00,system,2026-02-18 08:00:00,system
3040,658,1,1432,6,10.0,100.0,2125.43,,2026-06-16 08:00:00,system,2026-06-16 08:00:00,system
3041,658,2,493,6,70.0,84.0,270.96,,2026-06-16 08:00:00,system,2026-06-16 08:00:00,system
3042,658,3,980,6,8.0,1440.0,60549.19,,2026-06-16 08:00:00,system,2026-06-16 08:00:00,system
3043,658,4,1159,6,11.0,55.0,665.48,,2026-06-16 08:00:00,system,2026-06-16 08:00:00,system
3044,658,5,896,6,35.0,525.0,3185.4,,2026-06-16 08:00:00,system,2026-06-16 08:00:00,system
3045,659,1,343,6,18.0,540.0,6319.23,,2026-02-25 08:00:00,system,2026-02-25 08:00:00,system
3046,660,1,629,6,4.0,220.0,10800.36,,2026-04-02 08:00:00,system,2026-04-02 08:00:00,system
3047,660,2,659,6,48.0,144.0,558.09,,2026-04-02 08:00:00,system,2026-04-02 08:00:00,system
3048,660,3,1359,6,3.0,630.0,62566.46,,2026-04-02 08:00:00,system,2026-04-02 08:00:00,system
3049,661,1,902,6,10.0,1800.0,36898.82,,2026-06-17 08:00:00,system,2026-06-17 08:00:00,system
3050,662,1,350,6,60.0,60.0,221.68,,2026-04-10 08:00:00,system,2026-04-10 08:00:00,system
3051,663,1,365,6,1.0,210.0,44637.21,,2026-06-25 08:00:00,system,2026-06-25 08:00:00,system
3052,663,2,1347,6,2.0,110.0,17213.27,,2026-06-25 08:00:00,system,2026-06-25 08:00:00,system
3053,663,3,47,6,44.0,132.0,736.04,,2026-06-25 08:00:00,system,2026-06-25 08:00:00,system
3054,663,4,1228,6,28.0,28.0,135.35,,2026-06-25 08:00:00,system,2026-06-25 08:00:00,system
3055,663,5,861,1,2.0,1000.0,192.21,,2026-06-25 08:00:00,system,2026-06-25 08:00:00,system
3056,664,1,1421,6,65.0,195.0,681.05,,2026-06-04 08:00:00,system,2026-06-04 08:00:00,system
3057,665,1,548,1,8.0,8000.0,179.35,,2026-06-15 08:00:00,system,2026-06-15 08:00:00,system
3058,665,2,1426,6,4.0,840.0,43978.97,,2026-06-15 08:00:00,system,2026-06-15 08:00:00,system
3059,665,3,231,6,2.0,420.0,54441.95,,2026-06-15 08:00:00,system,2026-06-15 08:00:00,system
3060,666,1,505,1,3.0,3000.0,196.5,,2026-01-05 08:00:00,system,2026-01-05 08:00:00,system
3061,666,2,516,6,10.0,1800.0,36701.97,,2026-01-05 08:00:00,system,2026-01-05 08:00:00,system
3062,666,3,1375,6,1.0,210.0,45965.94,,2026-01-05 08:00:00,system,2026-01-05 08:00:00,system
3063,666,4,1165,6,48.0,48.0,152.89,,2026-01-05 08:00:00,system,2026-01-05 08:00:00,system
3064,666,5,789,6,7.0,70.0,2203.41,,2026-01-05 08:00:00,system,2026-01-05 08:00:00,system
3065,667,1,1475,6,8.0,440.0,13077.78,,2026-04-06 08:00:00,system,2026-04-06 08:00:00,system
3066,667,2,407,6,26.0,31.2,300.22,,2026-04-06 08:00:00,system,2026-04-06 08:00:00,system
3067,667,3,583,6,8.0,200.0,5581.03,,2026-04-06 08:00:00,system,2026-04-06 08:00:00,system
3068,667,4,680,1,8.0,4000.0,190.27,,2026-04-06 08:00:00,system,2026-04-06 08:00:00,system
3069,667,5,687,6,40.0,800.0,4420.46,,2026-04-06 08:00:00,system,2026-04-06 08:00:00,system
3070,667,6,873,6,6.0,1080.0,40669.33,,2026-04-06 08:00:00,system,2026-04-06 08:00:00,system
3071,667,7,1102,6,26.0,10.4,158.13,,2026-04-06 08:00:00,system,2026-04-06 08:00:00,system
3072,667,8,985,6,30.0,150.0,2051.88,,2026-04-06 08:00:00,system,2026-04-06 08:00:00,system
3073,667,9,380,6,3.0,630.0,51136.48,,2026-04-06 08:00:00,system,2026-04-06 08:00:00,system
3074,668,1,533,1,2.0,2000.0,182.67,,2026-01-02 08:00:00,system,2026-01-02 08:00:00,system
3075,669,1,160,6,60.0,48.0,191.91,,2026-04-21 08:00:00,system,2026-04-21 08:00:00,system
3076,669,2,1103,6,11.0,5.5,179.76,,2026-04-21 08:00:00,system,2026-04-21 08:00:00,system
3077,669,3,14,6,56.0,44.8,187.66,,2026-04-21 08:00:00,system,2026-04-21 08:00:00,system
3078,669,4,835,6,13.0,39.0,660.01,,2026-04-21 08:00:00,system,2026-04-21 08:00:00,system
3079,669,5,1347,6,6.0,330.0,17213.27,,2026-04-21 08:00:00,system,2026-04-21 08:00:00,system
3080,669,6,1356,6,14.0,280.0,6425.81,,2026-04-21 08:00:00,system,2026-04-21 08:00:00,system
3081,669,7,1125,6,24.0,9.6,150.62,,2026-04-21 08:00:00,system,2026-04-21 08:00:00,system
3082,669,8,350,6,36.0,36.0,221.68,,2026-04-21 08:00:00,system,2026-04-21 08:00:00,system
3083,669,9,421,6,65.0,65.0,212.3,,2026-04-21 08:00:00,system,2026-04-21 08:00:00,system
3084,669,10,1367,6,1.0,210.0,66938.27,,2026-04-21 08:00:00,system,2026-04-21 08:00:00,system
3085,670,1,269,6,2.0,420.0,47752.01,,2026-03-11 08:00:00,system,2026-03-11 08:00:00,system
3086,670,2,1488,1,4.0,4000.0,197.93,,2026-03-11 08:00:00,system,2026-03-11 08:00:00,system
3087,671,1,1011,6,42.0,42.0,363.01,,2026-03-09 08:00:00,system,2026-03-09 08:00:00,system
3088,672,1,58,1,4.0,4000.0,227.01,,2026-03-18 08:00:00,system,2026-03-18 08:00:00,system
3089,672,2,48,6,24.0,120.0,1197.3,,2026-03-18 08:00:00,system,2026-03-18 08:00:00,system
3090,672,3,639,6,6.0,330.0,9901.57,,2026-03-18 08:00:00,system,2026-03-18 08:00:00,system
3091,673,1,1190,6,2.0,110.0,7782.42,,2026-01-08 08:00:00,system,2026-01-08 08:00:00,system
3092,673,2,775,6,12.0,120.0,2140.85,,2026-01-08 08:00:00,system,2026-01-08 08:00:00,system
3093,674,1,443,6,70.0,56.0,173.66,,2026-06-20 08:00:00,system,2026-06-20 08:00:00,system
3094,674,2,34,6,28.0,280.0,2396.35,,2026-06-20 08:00:00,system,2026-06-20 08:00:00,system
3095,675,1,1316,1,4.0,4000.0,305.61,,2026-04-02 08:00:00,system,2026-04-02 08:00:00,system
3096,675,2,50,6,18.0,270.0,3669.56,,2026-04-02 08:00:00,system,2026-04-02 08:00:00,system
3097,675,3,70,6,2.0,110.0,13752.03,,2026-04-02 08:00:00,system,2026-04-02 08:00:00,system
3098,675,4,279,6,28.0,700.0,5692.58,,2026-04-02 08:00:00,system,2026-04-02 08:00:00,system
3099,675,5,806,1,8.0,16000.0,188.33,,2026-04-02 08:00:00,system,2026-04-02 08:00:00,system
3100,675,6,90,6,7.0,175.0,6012.07,,2026-04-02 08:00:00,system,2026-04-02 08:00:00,system
3101,676,1,1401,6,8.0,440.0,11375.05,,2026-05-03 08:00:00,system,2026-05-03 08:00:00,system
3102,676,2,9,6,4.0,200.0,11568.43,,2026-05-03 08:00:00,system,2026-05-03 08:00:00,system
3103,676,3,65,6,24.0,360.0,3763.95,,2026-05-03 08:00:00,system,2026-05-03 08:00:00,system
3104,676,4,374,6,12.0,240.0,4866.98,,2026-05-03 08:00:00,system,2026-05-03 08:00:00,system
3105,677,1,882,6,14.0,280.0,4345.83,,2026-04-15 08:00:00,system,2026-04-15 08:00:00,system
3106,677,2,1132,6,8.0,400.0,18364.55,,2026-04-15 08:00:00,system,2026-04-15 08:00:00,system
3107,677,3,135,6,28.0,700.0,6322.72,,2026-04-15 08:00:00,system,2026-04-15 08:00:00,system
3108,677,4,272,6,13.0,13.0,272.54,,2026-04-15 08:00:00,system,2026-04-15 08:00:00,system
3109,677,5,150,6,6.0,60.0,2546.22,,2026-04-15 08:00:00,system,2026-04-15 08:00:00,system
3110,677,6,1048,6,17.0,17.0,386.56,,2026-04-15 08:00:00,system,2026-04-15 08:00:00,system
3111,677,7,898,6,6.0,150.0,5744.85,,2026-04-15 08:00:00,system,2026-04-15 08:00:00,system
3112,677,8,220,6,24.0,28.8,324.93,,2026-04-15 08:00:00,system,2026-04-15 08:00:00,system
3113,677,9,311,6,14.0,280.0,4916.88,,2026-04-15 08:00:00,system,2026-04-15 08:00:00,system
3114,677,10,975,6,36.0,72.0,789.52,,2026-04-15 08:00:00,system,2026-04-15 08:00:00,system
3115,677,11,170,6,4.0,200.0,12322.61,,2026-04-15 08:00:00,system,2026-04-15 08:00:00,system
3116,677,12,618,1,2.0,1000.0,176.57,,2026-04-15 08:00:00,system,2026-04-15 08:00:00,system
3117,677,13,1117,6,64.0,32.0,196.32,,2026-04-15 08:00:00,system,2026-04-15 08:00:00,system
3118,678,1,1049,6,28.0,56.0,750.67,,2026-01-28 08:00:00,system,2026-01-28 08:00:00,system
3119,678,2,660,6,21.0,105.0,969.05,,2026-01-28 08:00:00,system,2026-01-28 08:00:00,system
3120,678,3,190,6,48.0,38.4,205.98,,2026-01-28 08:00:00,system,2026-01-28 08:00:00,system
3121,678,4,512,6,14.0,350.0,5286.12,,2026-01-28 08:00:00,system,2026-01-28 08:00:00,system
3122,678,5,1487,1,1.0,500.0,214.74,,2026-01-28 08:00:00,system,2026-01-28 08:00:00,system
3123,678,6,1172,6,35.0,350.0,1513.25,,2026-01-28 08:00:00,system,2026-01-28 08:00:00,system
3124,678,7,553,6,7.0,105.0,3064.64,,2026-01-28 08:00:00,system,2026-01-28 08:00:00,system
3125,679,1,1342,1,4.0,4000.0,281.5,,2026-06-07 08:00:00,system,2026-06-07 08:00:00,system
3126,680,1,533,1,1.0,1000.0,185.93,,2026-02-16 08:00:00,system,2026-02-16 08:00:00,system
3127,680,2,940,6,4.0,720.0,35898.26,,2026-02-16 08:00:00,system,2026-02-16 08:00:00,system
3128,681,1,1273,6,6.0,1080.0,54760.88,,2026-06-18 08:00:00,system,2026-06-18 08:00:00,system
3129,681,2,1158,6,70.0,210.0,433.65,,2026-06-18 08:00:00,system,2026-06-18 08:00:00,system
3130,682,1,609,6,14.0,140.0,2058.08,,2026-03-03 08:00:00,system,2026-03-03 08:00:00,system
3131,683,1,1013,6,85.0,425.0,2013.18,,2026-06-04 08:00:00,system,2026-06-04 08:00:00,system
3132,683,2,727,6,28.0,840.0,6275.04,,2026-06-04 08:00:00,system,2026-06-04 08:00:00,system
3133,683,3,1481,6,35.0,875.0,5884.73,,2026-06-04 08:00:00,system,2026-06-04 08:00:00,system
3134,683,4,1402,6,12.0,2160.0,38981.7,,2026-06-04 08:00:00,system,2026-06-04 08:00:00,system
3135,683,5,542,6,3.0,150.0,10002.7,,2026-06-04 08:00:00,system,2026-06-04 08:00:00,system
3136,684,1,420,6,65.0,52.0,168.39,,2026-01-08 08:00:00,system,2026-01-08 08:00:00,system
3137,685,1,26,6,6.0,1080.0,41972.19,,2026-05-12 08:00:00,system,2026-05-12 08:00:00,system
3138,685,2,659,6,28.0,84.0,551.81,,2026-05-12 08:00:00,system,2026-05-12 08:00:00,system
3139,685,3,1238,6,24.0,120.0,669.55,,2026-05-12 08:00:00,system,2026-05-12 08:00:00,system
3140,685,4,1271,6,18.0,360.0,6420.54,,2026-05-12 08:00:00,system,2026-05-12 08:00:00,system
3141,686,1,166,6,6.0,90.0,3491.43,,2026-03-31 08:00:00,system,2026-03-31 08:00:00,system
3142,686,2,101,6,10.0,50.0,1186.25,,2026-03-31 08:00:00,system,2026-03-31 08:00:00,system
3143,686,3,1445,6,20.0,100.0,1051.52,,2026-03-31 08:00:00,system,2026-03-31 08:00:00,system
3144,686,4,934,6,14.0,210.0,3185.94,,2026-03-31 08:00:00,system,2026-03-31 08:00:00,system
3145,686,5,183,6,12.0,300.0,5990.08,,2026-03-31 08:00:00,system,2026-03-31 08:00:00,system
3146,687,1,772,1,2.0,4000.0,182.84,,2026-02-08 08:00:00,system,2026-02-08 08:00:00,system
3147,688,1,421,6,45.0,45.0,245.41,,2026-01-09 08:00:00,system,2026-01-09 08:00:00,system
3148,689,1,913,6,10.0,300.0,6255.86,,2026-04-22 08:00:00,system,2026-04-22 08:00:00,system
3149,690,1,672,6,21.0,315.0,2861.83,,2026-05-04 08:00:00,system,2026-05-04 08:00:00,system
3150,690,2,1376,1,6.0,3000.0,199.26,,2026-05-04 08:00:00,system,2026-05-04 08:00:00,system
3151,691,1,1268,6,65.0,195.0,412.83,,2026-01-14 08:00:00,system,2026-01-14 08:00:00,system
3152,692,1,1079,6,4.0,40.0,3451.32,,2026-01-23 08:00:00,system,2026-01-23 08:00:00,system
3153,692,2,1338,6,28.0,560.0,6483.49,,2026-01-23 08:00:00,system,2026-01-23 08:00:00,system
3154,692,3,1435,6,24.0,600.0,5357.01,,2026-01-23 08:00:00,system,2026-01-23 08:00:00,system
3155,692,4,445,6,42.0,50.4,263.13,,2026-01-23 08:00:00,system,2026-01-23 08:00:00,system
3156,693,1,1349,6,2.0,420.0,61649.18,,2026-01-04 08:00:00,system,2026-01-04 08:00:00,system
3157,693,2,1367,6,2.0,420.0,64264.39,,2026-01-04 08:00:00,system,2026-01-04 08:00:00,system
3158,693,3,545,6,1.0,210.0,40299.67,,2026-01-04 08:00:00,system,2026-01-04 08:00:00,system
3159,693,4,1154,6,8.0,440.0,7517.62,,2026-01-04 08:00:00,system,2026-01-04 08:00:00,system
3160,694,1,1320,6,28.0,560.0,6534.97,,2026-01-16 08:00:00,system,2026-01-16 08:00:00,system
3161,694,2,817,6,4.0,840.0,40457.19,,2026-01-16 08:00:00,system,2026-01-16 08:00:00,system
3162,694,3,523,6,30.0,300.0,1947.64,,2026-01-16 08:00:00,system,2026-01-16 08:00:00,system
3163,695,1,884,6,12.0,360.0,5984.04,,2026-01-24 08:00:00,system,2026-01-24 08:00:00,system
3164,695,2,951,6,20.0,600.0,6234.07,,2026-01-24 08:00:00,system,2026-01-24 08:00:00,system
3165,695,3,539,6,35.0,700.0,3813.16,,2026-01-24 08:00:00,system,2026-01-24 08:00:00,system
3166,695,4,1432,6,14.0,140.0,2172.57,,2026-01-24 08:00:00,system,2026-01-24 08:00:00,system
3167,695,5,490,1,2.0,2000.0,203.33,,2026-01-24 08:00:00,system,2026-01-24 08:00:00,system
3168,695,6,1073,6,8.0,1440.0,58112.76,,2026-01-24 08:00:00,system,2026-01-24 08:00:00,system
3169,696,1,409,6,12.0,60.0,1173.64,,2026-05-13 08:00:00,system,2026-05-13 08:00:00,system
3170,696,2,341,6,32.0,640.0,4985.94,,2026-05-13 08:00:00,system,2026-05-13 08:00:00,system
3171,696,3,355,6,80.0,240.0,749.24,,2026-05-13 08:00:00,system,2026-05-13 08:00:00,system
3172,697,1,780,6,8.0,400.0,11151.09,,2026-01-05 08:00:00,system,2026-01-05 08:00:00,system
3173,697,2,708,1,1.0,500.0,183.85,,2026-01-05 08:00:00,system,2026-01-05 08:00:00,system
3174,697,3,934,6,35.0,525.0,3440.66,,2026-01-05 08:00:00,system,2026-01-05 08:00:00,system
3175,697,4,300,1,8.0,8000.0,229.63,,2026-01-05 08:00:00,system,2026-01-05 08:00:00,system
3176,697,5,1207,6,32.0,160.0,717.29,,2026-01-05 08:00:00,system,2026-01-05 08:00:00,system
3177,697,6,1146,6,8.0,440.0,7942.58,,2026-01-05 08:00:00,system,2026-01-05 08:00:00,system
3178,698,1,237,6,25.0,125.0,1252.06,,2026-03-17 08:00:00,system,2026-03-17 08:00:00,system
3179,698,2,778,6,6.0,150.0,5141.43,,2026-03-17 08:00:00,system,2026-03-17 08:00:00,system
3180,698,3,432,6,7.0,35.0,1063.85,,2026-03-17 08:00:00,system,2026-03-17 08:00:00,system
3181,698,4,982,6,13.0,6.5,181.09,,2026-03-17 08:00:00,system,2026-03-17 08:00:00,system
3182,698,5,598,6,35.0,875.0,4583.68,,2026-03-17 08:00:00,system,2026-03-17 08:00:00,system
3183,699,1,1142,6,65.0,195.0,409.88,,2026-04-16 08:00:00,system,2026-04-16 08:00:00,system
3184,700,1,316,6,2.0,360.0,35428.13,,2026-01-31 08:00:00,system,2026-01-31 08:00:00,system
3185,700,2,524,6,15.0,225.0,3099.57,,2026-01-31 08:00:00,system,2026-01-31 08:00:00,system
3186,701,1,29,6,26.0,20.8,194.58,,2026-05-14 08:00:00,system,2026-05-14 08:00:00,system
3187,701,2,1112,6,42.0,21.0,180.13,,2026-05-14 08:00:00,system,2026-05-14 08:00:00,system
3188,702,1,492,6,44.0,44.0,222.76,,2026-02-20 08:00:00,system,2026-02-20 08:00:00,system
3189,702,2,702,6,30.0,750.0,4917.39,,2026-02-20 08:00:00,system,2026-02-20 08:00:00,system
3190,702,3,1093,6,120.0,48.0,145.58,,2026-02-20 08:00:00,system,2026-02-20 08:00:00,system
3191,703,1,1494,6,35.0,700.0,4192.72,,2026-02-02 08:00:00,system,2026-02-02 08:00:00,system
3192,703,2,902,6,2.0,360.0,33878.47,,2026-02-02 08:00:00,system,2026-02-02 08:00:00,system
3193,703,3,319,6,11.0,8.8,176.8,,2026-02-02 08:00:00,system,2026-02-02 08:00:00,system
3194,704,1,637,6,21.0,630.0,5991.99,,2026-05-06 08:00:00,system,2026-05-06 08:00:00,system
3195,704,2,400,6,8.0,400.0,11704.61,,2026-05-06 08:00:00,system,2026-05-06 08:00:00,system
3196,704,3,1423,6,14.0,140.0,2147.84,,2026-05-06 08:00:00,system,2026-05-06 08:00:00,system
3197,704,4,362,6,3.0,150.0,12760.69,,2026-05-06 08:00:00,system,2026-05-06 08:00:00,system
3198,705,1,764,6,18.0,450.0,4951.91,,2026-04-06 08:00:00,system,2026-04-06 08:00:00,system
3199,705,2,705,6,2.0,110.0,10936.44,,2026-04-06 08:00:00,system,2026-04-06 08:00:00,system
3200,705,3,319,6,11.0,8.8,176.8,,2026-04-06 08:00:00,system,2026-04-06 08:00:00,system
3201,705,4,887,6,4.0,720.0,36906.19,,2026-04-06 08:00:00,system,2026-04-06 08:00:00,system
3202,705,5,1218,6,10.0,550.0,7496.63,,2026-04-06 08:00:00,system,2026-04-06 08:00:00,system
3203,706,1,860,6,3.0,630.0,41028.43,,2026-05-13 08:00:00,system,2026-05-13 08:00:00,system
3204,706,2,455,6,2.0,360.0,39058.4,,2026-05-13 08:00:00,system,2026-05-13 08:00:00,system
3205,706,3,532,1,8.0,4000.0,177.53,,2026-05-13 08:00:00,system,2026-05-13 08:00:00,system
3206,706,4,1353,6,13.0,65.0,1592.0,,2026-05-13 08:00:00,system,2026-05-13 08:00:00,system
3207,707,1,1084,6,48.0,24.0,193.95,,2026-01-09 08:00:00,system,2026-01-09 08:00:00,system
3208,707,2,70,6,15.0,825.0,14908.75,,2026-01-09 08:00:00,system,2026-01-09 08:00:00,system
3209,707,3,1146,6,4.0,220.0,7942.58,,2026-01-09 08:00:00,system,2026-01-09 08:00:00,system
3210,707,4,690,6,4.0,200.0,10118.72,,2026-01-09 08:00:00,system,2026-01-09 08:00:00,system
3211,707,5,747,1,4.0,4000.0,187.23,,2026-01-09 08:00:00,system,2026-01-09 08:00:00,system
3212,707,6,226,6,16.0,400.0,6243.64,,2026-01-09 08:00:00,system,2026-01-09 08:00:00,system
3213,707,7,1015,6,16.0,288.0,6649.81,,2026-01-09 08:00:00,system,2026-01-09 08:00:00,system
3214,707,8,440,6,2.0,360.0,39496.29,,2026-01-09 08:00:00,system,2026-01-09 08:00:00,system
3215,707,9,1066,6,12.0,6.0,191.92,,2026-01-09 08:00:00,system,2026-01-09 08:00:00,system
3216,707,10,693,6,4.0,840.0,42376.91,,2026-01-09 08:00:00,system,2026-01-09 08:00:00,system
3217,707,11,1188,6,18.0,180.0,1490.3,,2026-01-09 08:00:00,system,2026-01-09 08:00:00,system
3218,708,1,1265,6,5.0,1050.0,27783.88,,2026-04-23 08:00:00,system,2026-04-23 08:00:00,system
3219,709,1,590,1,1.0,1000.0,169.95,,2026-04-03 08:00:00,system,2026-04-03 08:00:00,system
3220,709,2,502,6,10.0,1800.0,31280.47,,2026-04-03 08:00:00,system,2026-04-03 08:00:00,system
3221,709,3,718,1,6.0,3000.0,166.43,,2026-04-03 08:00:00,system,2026-04-03 08:00:00,system
3222,709,4,886,6,2.0,110.0,11805.16,,2026-04-03 08:00:00,system,2026-04-03 08:00:00,system
3223,709,5,501,6,8.0,440.0,10203.36,,2026-04-03 08:00:00,system,2026-04-03 08:00:00,system
3224,709,6,1118,6,50.0,50.0,363.68,,2026-04-03 08:00:00,system,2026-04-03 08:00:00,system
3225,709,7,566,6,12.0,120.0,1963.23,,2026-04-03 08:00:00,system,2026-04-03 08:00:00,system
3226,710,1,1481,6,28.0,700.0,5206.09,,2026-01-16 08:00:00,system,2026-01-16 08:00:00,system
3227,711,1,14,6,70.0,56.0,187.66,,2026-02-19 08:00:00,system,2026-02-19 08:00:00,system
3228,711,2,229,6,8.0,440.0,13773.45,,2026-02-19 08:00:00,system,2026-02-19 08:00:00,system
3229,711,3,1419,1,6.0,6000.0,182.35,,2026-02-19 08:00:00,system,2026-02-19 08:00:00,system
3230,712,1,389,6,14.0,280.0,4550.38,,2026-04-20 08:00:00,system,2026-04-20 08:00:00,system
3231,713,1,1088,6,4.0,40.0,3595.77,,2026-04-18 08:00:00,system,2026-04-18 08:00:00,system
3232,713,2,1210,6,2.0,110.0,7314.73,,2026-04-18 08:00:00,system,2026-04-18 08:00:00,system
3233,714,1,974,6,64.0,64.0,396.1,,2026-06-05 08:00:00,system,2026-06-05 08:00:00,system
3234,715,1,478,6,65.0,78.0,274.07,,2026-01-01 08:00:00,system,2026-01-01 08:00:00,system
3235,715,2,489,6,5.0,1050.0,45855.04,,2026-01-01 08:00:00,system,2026-01-01 08:00:00,system
3236,715,3,929,6,2.0,110.0,12836.83,,2026-01-01 08:00:00,system,2026-01-01 08:00:00,system
3237,715,4,793,6,35.0,1050.0,6509.67,,2026-01-01 08:00:00,system,2026-01-01 08:00:00,system
3238,716,1,557,6,10.0,500.0,9323.2,,2026-04-30 08:00:00,system,2026-04-30 08:00:00,system
3239,716,2,269,6,3.0,630.0,47752.01,,2026-04-30 08:00:00,system,2026-04-30 08:00:00,system
3240,717,1,1204,1,4.0,4000.0,130.07,,2026-04-07 08:00:00,system,2026-04-07 08:00:00,system
3241,717,2,821,6,65.0,195.0,690.16,,2026-04-07 08:00:00,system,2026-04-07 08:00:00,system
3242,717,3,450,6,7.0,140.0,4821.24,,2026-04-07 08:00:00,system,2026-04-07 08:00:00,system
3243,718,1,1259,6,12.0,12.0,143.73,,2026-02-09 08:00:00,system,2026-02-09 08:00:00,system
3244,719,1,590,1,2.0,2000.0,169.95,,2026-05-28 08:00:00,system,2026-05-28 08:00:00,system
3245,719,2,170,6,2.0,100.0,12288.05,,2026-05-28 08:00:00,system,2026-05-28 08:00:00,system
3246,720,1,109,6,8.0,1440.0,41651.5,,2026-04-24 08:00:00,system,2026-04-24 08:00:00,system
3247,720,2,1296,6,6.0,1080.0,55970.72,,2026-04-24 08:00:00,system,2026-04-24 08:00:00,system
3248,720,3,524,6,35.0,525.0,3098.11,,2026-04-24 08:00:00,system,2026-04-24 08:00:00,system
3249,720,4,9,6,8.0,400.0,11803.89,,2026-04-24 08:00:00,system,2026-04-24 08:00:00,system
3250,721,1,440,6,4.0,720.0,41450.32,,2026-01-20 08:00:00,system,2026-01-20 08:00:00,system
3251,721,2,985,6,15.0,75.0,2051.88,,2026-01-20 08:00:00,system,2026-01-20 08:00:00,system
3252,721,3,1256,6,8.0,440.0,8473.24,,2026-01-20 08:00:00,system,2026-01-20 08:00:00,system
3253,721,4,254,6,5.0,1050.0,51242.56,,2026-01-20 08:00:00,system,2026-01-20 08:00:00,system
3254,721,5,102,6,9.0,90.0,2644.24,,2026-01-20 08:00:00,system,2026-01-20 08:00:00,system
3255,722,1,644,1,4.0,8000.0,184.92,,2026-06-21 08:00:00,system,2026-06-21 08:00:00,system
3256,722,2,862,1,8.0,8000.0,205.38,,2026-06-21 08:00:00,system,2026-06-21 08:00:00,system
3257,722,3,974,6,64.0,64.0,396.1,,2026-06-21 08:00:00,system,2026-06-21 08:00:00,system
3258,722,4,1400,6,3.0,150.0,11847.52,,2026-06-21 08:00:00,system,2026-06-21 08:00:00,system
3259,723,1,600,6,6.0,300.0,9762.1,,2026-01-06 08:00:00,system,2026-01-06 08:00:00,system
3260,723,2,1073,6,2.0,360.0,58112.76,,2026-01-06 08:00:00,system,2026-01-06 08:00:00,system
3261,723,3,1342,1,3.0,3000.0,281.5,,2026-01-06 08:00:00,system,2026-01-06 08:00:00,system
3262,723,4,1026,6,10.0,1800.0,62228.57,,2026-01-06 08:00:00,system,2026-01-06 08:00:00,system
3263,723,5,1280,6,6.0,330.0,17430.54,,2026-01-06 08:00:00,system,2026-01-06 08:00:00,system
3264,724,1,1328,6,21.0,420.0,6190.81,,2026-06-22 08:00:00,system,2026-06-22 08:00:00,system
3265,724,2,881,6,24.0,360.0,3175.83,,2026-06-22 08:00:00,system,2026-06-22 08:00:00,system
3266,724,3,1444,6,48.0,144.0,605.05,,2026-06-22 08:00:00,system,2026-06-22 08:00:00,system
3267,724,4,639,6,10.0,550.0,9901.57,,2026-06-22 08:00:00,system,2026-06-22 08:00:00,system
3268,724,5,1428,1,6.0,6000.0,181.51,,2026-06-22 08:00:00,system,2026-06-22 08:00:00,system
3269,724,6,476,6,12.0,9.6,178.0,,2026-06-22 08:00:00,system,2026-06-22 08:00:00,system
3270,724,7,1476,6,24.0,72.0,623.6,,2026-06-22 08:00:00,system,2026-06-22 08:00:00,system
3271,724,8,606,1,8.0,16000.0,177.59,,2026-06-22 08:00:00,system,2026-06-22 08:00:00,system
3272,724,9,896,6,6.0,90.0,3049.31,,2026-06-22 08:00:00,system,2026-06-22 08:00:00,system
3273,724,10,1299,1,2.0,4000.0,280.14,,2026-06-22 08:00:00,system,2026-06-22 08:00:00,system
3274,725,1,1201,6,6.0,120.0,2866.34,,2026-01-22 08:00:00,system,2026-01-22 08:00:00,system
3275,725,2,579,6,12.0,60.0,936.89,,2026-01-22 08:00:00,system,2026-01-22 08:00:00,system
3276,726,1,690,6,4.0,200.0,9921.34,,2026-06-11 08:00:00,system,2026-06-11 08:00:00,system
3277,726,2,25,6,10.0,550.0,13426.83,,2026-06-11 08:00:00,system,2026-06-11 08:00:00,system
3278,727,1,830,6,4.0,720.0,36783.43,,2026-01-16 08:00:00,system,2026-01-16 08:00:00,system
3279,727,2,1053,6,8.0,400.0,18594.58,,2026-01-16 08:00:00,system,2026-01-16 08:00:00,system
3280,728,1,614,6,2.0,100.0,9273.77,,2026-01-09 08:00:00,system,2026-01-09 08:00:00,system
3281,728,2,515,6,2.0,110.0,10285.78,,2026-01-09 08:00:00,system,2026-01-09 08:00:00,system
3282,728,3,1329,6,2.0,110.0,17754.52,,2026-01-09 08:00:00,system,2026-01-09 08:00:00,system
3283,728,4,1286,6,39.0,195.0,1507.89,,2026-01-09 08:00:00,system,2026-01-09 08:00:00,system
3284,728,5,1171,6,26.0,130.0,695.64,,2026-01-09 08:00:00,system,2026-01-09 08:00:00,system
3285,729,1,1022,6,42.0,210.0,1786.75,,2026-03-28 08:00:00,system,2026-03-28 08:00:00,system
3286,729,2,96,1,4.0,4000.0,210.09,,2026-03-28 08:00:00,system,2026-03-28 08:00:00,system
3287,729,3,29,6,39.0,31.2,194.58,,2026-03-28 08:00:00,system,2026-03-28 08:00:00,system
3288,729,4,1081,6,10.0,500.0,17415.36,,2026-03-28 08:00:00,system,2026-03-28 08:00:00,system
3289,729,5,195,6,35.0,350.0,2330.35,,2026-03-28 08:00:00,system,2026-03-28 08:00:00,system
3290,730,1,525,6,5.0,100.0,3937.18,,2026-02-07 08:00:00,system,2026-02-07 08:00:00,system
3291,730,2,1333,1,3.0,6000.0,288.39,,2026-02-07 08:00:00,system,2026-02-07 08:00:00,system
3292,730,3,350,6,12.0,12.0,221.68,,2026-02-07 08:00:00,system,2026-02-07 08:00:00,system
3293,730,4,272,6,33.0,33.0,245.67,,2026-02-07 08:00:00,system,2026-02-07 08:00:00,system
3294,730,5,204,6,14.0,14.0,245.85,,2026-02-07 08:00:00,system,2026-02-07 08:00:00,system
3295,730,6,648,6,24.0,360.0,2853.58,,2026-02-07 08:00:00,system,2026-02-07 08:00:00,system
3296,730,7,1207,6,55.0,275.0,709.15,,2026-02-07 08:00:00,system,2026-02-07 08:00:00,system
3297,730,8,1018,6,58.0,23.2,150.42,,2026-02-07 08:00:00,system,2026-02-07 08:00:00,system
3298,730,9,1292,1,8.0,16000.0,286.31,,2026-02-07 08:00:00,system,2026-02-07 08:00:00,system
3299,731,1,776,6,30.0,450.0,3109.55,,2026-05-03 08:00:00,system,2026-05-03 08:00:00,system
3300,731,2,1341,6,2.0,420.0,62158.25,,2026-05-03 08:00:00,system,2026-05-03 08:00:00,system
3301,731,3,373,6,14.0,210.0,3567.04,,2026-05-03 08:00:00,system,2026-05-03 08:00:00,system
3302,732,1,1039,6,22.0,22.0,371.4,,2026-05-03 08:00:00,system,2026-05-03 08:00:00,system
3303,732,2,1368,1,4.0,4000.0,284.99,,2026-05-03 08:00:00,system,2026-05-03 08:00:00,system
3304,733,1,61,6,36.0,43.2,333.8,,2026-05-20 08:00:00,system,2026-05-20 08:00:00,system
3305,734,1,793,6,7.0,210.0,6452.36,,2026-06-12 08:00:00,system,2026-06-12 08:00:00,system
3306,735,1,1421,6,54.0,162.0,677.75,,2026-05-31 08:00:00,system,2026-05-31 08:00:00,system
3307,735,2,732,1,8.0,4000.0,197.19,,2026-05-31 08:00:00,system,2026-05-31 08:00:00,system
3308,735,3,939,6,9.0,495.0,12955.33,,2026-05-31 08:00:00,system,2026-05-31 08:00:00,system
3309,735,4,997,6,2.0,100.0,19901.57,,2026-05-31 08:00:00,system,2026-05-31 08:00:00,system
3310,735,5,153,6,28.0,700.0,6771.75,,2026-05-31 08:00:00,system,2026-05-31 08:00:00,system
3311,735,6,54,6,9.0,450.0,13249.41,,2026-05-31 08:00:00,system,2026-05-31 08:00:00,system
3312,735,7,151,6,24.0,360.0,4237.66,,2026-05-31 08:00:00,system,2026-05-31 08:00:00,system
3313,735,8,179,6,24.0,120.0,1262.85,,2026-05-31 08:00:00,system,2026-05-31 08:00:00,system
3314,736,1,1127,6,11.0,11.0,346.67,,2026-06-03 08:00:00,system,2026-06-03 08:00:00,system
3315,736,2,1388,6,6.0,1080.0,36317.06,,2026-06-03 08:00:00,system,2026-06-03 08:00:00,system
3316,736,3,1215,6,13.0,65.0,731.86,,2026-06-03 08:00:00,system,2026-06-03 08:00:00,system
3317,736,4,838,6,6.0,90.0,3142.74,,2026-06-03 08:00:00,system,2026-06-03 08:00:00,system
3318,737,1,473,6,2.0,360.0,42264.25,,2026-04-25 08:00:00,system,2026-04-25 08:00:00,system
3319,737,2,1417,6,2.0,420.0,49212.78,,2026-04-25 08:00:00,system,2026-04-25 08:00:00,system
3320,738,1,571,6,4.0,200.0,9375.45,,2026-04-17 08:00:00,system,2026-04-17 08:00:00,system
3321,738,2,1465,1,2.0,2000.0,179.64,,2026-04-17 08:00:00,system,2026-04-17 08:00:00,system
3322,738,3,1020,6,44.0,44.0,374.16,,2026-04-17 08:00:00,system,2026-04-17 08:00:00,system
3323,738,4,314,6,4.0,200.0,11481.69,,2026-04-17 08:00:00,system,2026-04-17 08:00:00,system
3324,739,1,54,6,8.0,400.0,12265.83,,2026-03-02 08:00:00,system,2026-03-02 08:00:00,system
3325,739,2,610,6,21.0,315.0,2909.28,,2026-03-02 08:00:00,system,2026-03-02 08:00:00,system
3326,739,3,496,6,30.0,300.0,2171.95,,2026-03-02 08:00:00,system,2026-03-02 08:00:00,system
3327,739,4,324,6,14.0,140.0,2141.02,,2026-03-02 08:00:00,system,2026-03-02 08:00:00,system
3328,739,5,508,6,24.0,120.0,925.7,,2026-03-02 08:00:00,system,2026-03-02 08:00:00,system
3329,739,6,1446,6,15.0,150.0,2158.77,,2026-03-02 08:00:00,system,2026-03-02 08:00:00,system
3330,740,1,1424,6,15.0,225.0,3131.52,,2026-01-22 08:00:00,system,2026-01-22 08:00:00,system
3331,740,2,307,6,55.0,165.0,663.45,,2026-01-22 08:00:00,system,2026-01-22 08:00:00,system
3332,740,3,1314,1,4.0,4000.0,292.24,,2026-01-22 08:00:00,system,2026-01-22 08:00:00,system
3333,740,4,779,6,7.0,210.0,5962.36,,2026-01-22 08:00:00,system,2026-01-22 08:00:00,system
3334,740,5,477,6,30.0,30.0,211.97,,2026-01-22 08:00:00,system,2026-01-22 08:00:00,system
3335,740,6,850,6,60.0,180.0,652.88,,2026-01-22 08:00:00,system,2026-01-22 08:00:00,system
3336,741,1,1494,6,21.0,420.0,4060.25,,2026-05-25 08:00:00,system,2026-05-25 08:00:00,system
3337,742,1,877,1,2.0,4000.0,213.9,,2026-02-12 08:00:00,system,2026-02-12 08:00:00,system
3338,742,2,1035,6,6.0,300.0,19793.81,,2026-02-12 08:00:00,system,2026-02-12 08:00:00,system
3339,743,1,1471,6,7.0,140.0,4658.41,,2026-02-24 08:00:00,system,2026-02-24 08:00:00,system
3340,743,2,539,6,32.0,640.0,3960.37,,2026-02-24 08:00:00,system,2026-02-24 08:00:00,system
3341,743,3,1008,6,8.0,1440.0,69006.84,,2026-02-24 08:00:00,system,2026-02-24 08:00:00,system
3342,744,1,916,6,6.0,1080.0,40440.27,,2026-02-15 08:00:00,system,2026-02-15 08:00:00,system
3343,744,2,765,6,12.0,360.0,6964.86,,2026-02-15 08:00:00,system,2026-02-15 08:00:00,system
3344,744,3,272,6,65.0,65.0,272.54,,2026-02-15 08:00:00,system,2026-02-15 08:00:00,system
3345,745,1,1460,6,4.0,200.0,10714.45,,2026-04-06 08:00:00,system,2026-04-06 08:00:00,system
3346,745,2,650,6,6.0,150.0,4825.32,,2026-04-06 08:00:00,system,2026-04-06 08:00:00,system
3347,745,3,1331,6,2.0,420.0,60374.33,,2026-04-06 08:00:00,system,2026-04-06 08:00:00,system
3348,745,4,233,6,26.0,20.8,194.23,,2026-04-06 08:00:00,system,2026-04-06 08:00:00,system
3349,745,5,321,6,24.0,28.8,262.69,,2026-04-06 08:00:00,system,2026-04-06 08:00:00,system
3350,745,6,794,6,10.0,500.0,10549.6,,2026-04-06 08:00:00,system,2026-04-06 08:00:00,system
3351,745,7,293,6,12.0,240.0,4935.11,,2026-04-06 08:00:00,system,2026-04-06 08:00:00,system
3352,746,1,1098,6,12.0,120.0,3405.71,,2026-04-07 08:00:00,system,2026-04-07 08:00:00,system
3353,746,2,624,6,7.0,105.0,2798.14,,2026-04-07 08:00:00,system,2026-04-07 08:00:00,system
3354,746,3,166,6,15.0,225.0,3756.62,,2026-04-07 08:00:00,system,2026-04-07 08:00:00,system
3355,747,1,1411,6,28.0,560.0,4470.54,,2026-04-06 08:00:00,system,2026-04-06 08:00:00,system
3356,747,2,952,6,12.0,600.0,11795.73,,2026-04-06 08:00:00,system,2026-04-06 08:00:00,system
3357,747,3,664,6,8.0,200.0,5553.39,,2026-04-06 08:00:00,system,2026-04-06 08:00:00,system
3358,747,4,1453,6,32.0,96.0,718.38,,2026-04-06 08:00:00,system,2026-04-06 08:00:00,system
3359,747,5,1490,6,32.0,96.0,736.26,,2026-04-06 08:00:00,system,2026-04-06 08:00:00,system
3360,747,6,233,6,45.0,36.0,219.61,,2026-04-06 08:00:00,system,2026-04-06 08:00:00,system
3361,747,7,864,6,14.0,42.0,699.1,,2026-04-06 08:00:00,system,2026-04-06 08:00:00,system
3362,748,1,238,6,35.0,350.0,2353.43,,2026-06-19 08:00:00,system,2026-06-19 08:00:00,system
3363,748,2,72,6,24.0,240.0,2392.2,,2026-06-19 08:00:00,system,2026-06-19 08:00:00,system
3364,749,1,1073,6,3.0,540.0,65007.12,,2026-06-12 08:00:00,system,2026-06-12 08:00:00,system
3365,749,2,981,6,56.0,22.4,154.4,,2026-06-12 08:00:00,system,2026-06-12 08:00:00,system
3366,750,1,538,6,28.0,420.0,2736.32,,2026-05-08 08:00:00,system,2026-05-08 08:00:00,system
3367,750,2,1366,6,2.0,360.0,53081.61,,2026-05-08 08:00:00,system,2026-05-08 08:00:00,system
3368,750,3,993,6,56.0,112.0,679.86,,2026-05-08 08:00:00,system,2026-05-08 08:00:00,system
3369,750,4,983,6,24.0,24.0,367.02,,2026-05-08 08:00:00,system,2026-05-08 08:00:00,system
3370,750,5,9,6,8.0,400.0,11568.43,,2026-05-08 08:00:00,system,2026-05-08 08:00:00,system
3371,750,6,1085,6,60.0,60.0,372.45,,2026-05-08 08:00:00,system,2026-05-08 08:00:00,system
3372,750,7,354,6,26.0,31.2,254.33,,2026-05-08 08:00:00,system,2026-05-08 08:00:00,system
3373,750,8,1480,6,30.0,600.0,4044.0,,2026-05-08 08:00:00,system,2026-05-08 08:00:00,system
3374,750,9,210,6,20.0,400.0,4849.33,,2026-05-08 08:00:00,system,2026-05-08 08:00:00,system
3375,750,10,863,1,2.0,4000.0,187.94,,2026-05-08 08:00:00,system,2026-05-08 08:00:00,system
3376,751,1,1132,6,2.0,100.0,19346.16,,2026-06-17 08:00:00,system,2026-06-17 08:00:00,system
3377,751,2,191,6,45.0,45.0,263.19,,2026-06-17 08:00:00,system,2026-06-17 08:00:00,system
3378,751,3,929,6,8.0,440.0,12836.83,,2026-06-17 08:00:00,system,2026-06-17 08:00:00,system
3379,751,4,226,6,16.0,400.0,6243.64,,2026-06-17 08:00:00,system,2026-06-17 08:00:00,system
3380,751,5,48,6,7.0,35.0,1227.71,,2026-06-17 08:00:00,system,2026-06-17 08:00:00,system
3381,751,6,478,6,65.0,78.0,274.07,,2026-06-17 08:00:00,system,2026-06-17 08:00:00,system
3382,752,1,629,6,4.0,220.0,10167.66,,2026-01-05 08:00:00,system,2026-01-05 08:00:00,system
3383,753,1,1375,6,1.0,210.0,47449.06,,2026-04-25 08:00:00,system,2026-04-25 08:00:00,system
3384,753,2,20,6,32.0,480.0,3848.59,,2026-04-25 08:00:00,system,2026-04-25 08:00:00,system
3385,754,1,272,6,44.0,44.0,245.67,,2026-05-13 08:00:00,system,2026-05-13 08:00:00,system
3386,755,1,830,6,6.0,1080.0,38009.77,,2026-04-11 08:00:00,system,2026-04-11 08:00:00,system
3387,755,2,125,6,2.0,420.0,55948.23,,2026-04-11 08:00:00,system,2026-04-11 08:00:00,system
3388,755,3,392,6,80.0,96.0,288.66,,2026-04-11 08:00:00,system,2026-04-11 08:00:00,system
3389,755,4,976,6,90.0,450.0,2065.64,,2026-04-11 08:00:00,system,2026-04-11 08:00:00,system
3390,755,5,347,6,1.0,210.0,50236.41,,2026-04-11 08:00:00,system,2026-04-11 08:00:00,system
3391,756,1,1414,6,2.0,100.0,10940.54,,2026-01-20 08:00:00,system,2026-01-20 08:00:00,system
3392,756,2,350,6,12.0,12.0,221.68,,2026-01-20 08:00:00,system,2026-01-20 08:00:00,system
3393,756,3,1018,6,116.0,46.4,150.42,,2026-01-20 08:00:00,system,2026-01-20 08:00:00,system
3394,756,4,999,6,66.0,26.4,136.78,,2026-01-20 08:00:00,system,2026-01-20 08:00:00,system
3395,757,1,1277,6,12.0,12.0,319.48,,2026-06-11 08:00:00,system,2026-06-11 08:00:00,system
3396,757,2,598,6,35.0,875.0,4583.68,,2026-06-11 08:00:00,system,2026-06-11 08:00:00,system
3397,758,1,823,6,24.0,240.0,2073.41,,2026-03-14 08:00:00,system,2026-03-14 08:00:00,system
3398,758,2,1111,6,21.0,8.4,137.03,,2026-03-14 08:00:00,system,2026-03-14 08:00:00,system
3399,758,3,1046,6,88.0,35.2,147.58,,2026-03-14 08:00:00,system,2026-03-14 08:00:00,system
3400,758,4,1428,1,8.0,8000.0,181.51,,2026-03-14 08:00:00,system,2026-03-14 08:00:00,system
3401,758,5,1081,6,8.0,400.0,17602.84,,2026-03-14 08:00:00,system,2026-03-14 08:00:00,system
3402,759,1,1409,6,24.0,240.0,2078.05,,2026-03-01 08:00:00,system,2026-03-01 08:00:00,system
3403,759,2,20,6,21.0,315.0,3515.39,,2026-03-01 08:00:00,system,2026-03-01 08:00:00,system
3404,759,3,1286,6,40.0,200.0,1513.73,,2026-03-01 08:00:00,system,2026-03-01 08:00:00,system
3405,759,4,165,6,25.0,250.0,2417.17,,2026-03-01 08:00:00,system,2026-03-01 08:00:00,system
3406,759,5,714,6,4.0,200.0,9412.21,,2026-03-01 08:00:00,system,2026-03-01 08:00:00,system
3407,760,1,1017,6,15.0,2700.0,69820.26,,2026-05-11 08:00:00,system,2026-05-11 08:00:00,system
3408,760,2,268,6,15.0,2700.0,42570.21,,2026-05-11 08:00:00,system,2026-05-11 08:00:00,system
3409,760,3,221,6,42.0,126.0,761.59,,2026-05-11 08:00:00,system,2026-05-11 08:00:00,system
3410,760,4,598,6,28.0,700.0,4970.0,,2026-05-11 08:00:00,system,2026-05-11 08:00:00,system
3411,761,1,210,6,6.0,120.0,4665.32,,2026-02-05 08:00:00,system,2026-02-05 08:00:00,system
3412,761,2,880,6,24.0,240.0,2159.45,,2026-02-05 08:00:00,system,2026-02-05 08:00:00,system
3413,762,1,1321,6,6.0,330.0,17333.04,,2026-03-13 08:00:00,system,2026-03-13 08:00:00,system
3414,763,1,601,6,10.0,550.0,10408.64,,2026-05-13 08:00:00,system,2026-05-13 08:00:00,system
3415,763,2,222,6,18.0,90.0,1181.1,,2026-05-13 08:00:00,system,2026-05-13 08:00:00,system
3416,763,3,356,6,28.0,140.0,1131.0,,2026-05-13 08:00:00,system,2026-05-13 08:00:00,system
3417,763,4,1047,6,48.0,24.0,169.21,,2026-05-13 08:00:00,system,2026-05-13 08:00:00,system
3418,763,5,34,6,28.0,280.0,2428.66,,2026-05-13 08:00:00,system,2026-05-13 08:00:00,system
3419,763,6,1317,1,8.0,16000.0,285.5,,2026-05-13 08:00:00,system,2026-05-13 08:00:00,system
3420,763,7,1302,6,5.0,100.0,6102.27,,2026-05-13 08:00:00,system,2026-05-13 08:00:00,system
3421,763,8,492,6,10.0,10.0,224.12,,2026-05-13 08:00:00,system,2026-05-13 08:00:00,system
3422,764,1,272,6,55.0,55.0,245.67,,2026-04-14 08:00:00,system,2026-04-14 08:00:00,system
3423,764,2,1488,1,8.0,8000.0,197.93,,2026-04-14 08:00:00,system,2026-04-14 08:00:00,system
3424,764,3,1041,6,26.0,130.0,1880.79,,2026-04-14 08:00:00,system,2026-04-14 08:00:00,system
3425,764,4,359,6,6.0,120.0,4490.08,,2026-04-14 08:00:00,system,2026-04-14 08:00:00,system
3426,765,1,434,6,6.0,90.0,3222.34,,2026-05-13 08:00:00,system,2026-05-13 08:00:00,system
3427,765,2,210,6,12.0,240.0,4665.32,,2026-05-13 08:00:00,system,2026-05-13 08:00:00,system
3428,765,3,164,6,25.0,125.0,1170.69,,2026-05-13 08:00:00,system,2026-05-13 08:00:00,system
3429,765,4,606,1,2.0,4000.0,177.59,,2026-05-13 08:00:00,system,2026-05-13 08:00:00,system
3430,765,5,276,6,14.0,140.0,2462.36,,2026-05-13 08:00:00,system,2026-05-13 08:00:00,system
3431,765,6,73,6,35.0,525.0,3514.19,,2026-05-13 08:00:00,system,2026-05-13 08:00:00,system
3432,765,7,1281,6,4.0,720.0,54045.75,,2026-05-13 08:00:00,system,2026-05-13 08:00:00,system
3433,765,8,762,6,10.0,150.0,3154.23,,2026-05-13 08:00:00,system,2026-05-13 08:00:00,system
3434,765,9,1268,6,56.0,168.0,423.4,,2026-05-13 08:00:00,system,2026-05-13 08:00:00,system
3435,765,10,1218,6,10.0,550.0,7496.63,,2026-05-13 08:00:00,system,2026-05-13 08:00:00,system
3436,765,11,201,6,4.0,840.0,48461.51,,2026-05-13 08:00:00,system,2026-05-13 08:00:00,system
3437,766,1,824,6,14.0,210.0,3236.55,,2026-06-19 08:00:00,system,2026-06-19 08:00:00,system
3438,766,2,175,6,48.0,38.4,196.23,,2026-06-19 08:00:00,system,2026-06-19 08:00:00,system
3439,766,3,1211,6,1.0,210.0,29211.85,,2026-06-19 08:00:00,system,2026-06-19 08:00:00,system
3440,766,4,1458,6,32.0,800.0,5972.2,,2026-06-19 08:00:00,system,2026-06-19 08:00:00,system
3441,766,5,1017,6,4.0,720.0,65199.93,,2026-06-19 08:00:00,system,2026-06-19 08:00:00,system
3442,767,1,895,6,14.0,140.0,1984.08,,2026-02-23 08:00:00,system,2026-02-23 08:00:00,system
3443,767,2,1446,6,24.0,240.0,2022.98,,2026-02-23 08:00:00,system,2026-02-23 08:00:00,system
3444,767,3,904,1,6.0,3000.0,188.48,,2026-02-23 08:00:00,system,2026-02-23 08:00:00,system
3445,767,4,356,6,21.0,105.0,1131.0,,2026-02-23 08:00:00,system,2026-02-23 08:00:00,system
3446,767,5,280,6,25.0,750.0,7037.7,,2026-02-23 08:00:00,system,2026-02-23 08:00:00,system
3447,767,6,785,1,2.0,2000.0,194.02,,2026-02-23 08:00:00,system,2026-02-23 08:00:00,system
3448,767,7,1314,1,4.0,4000.0,276.45,,2026-02-23 08:00:00,system,2026-02-23 08:00:00,system
3449,767,8,1362,6,52.0,52.0,334.57,,2026-02-23 08:00:00,system,2026-02-23 08:00:00,system
3450,767,9,1381,6,12.0,120.0,2170.64,,2026-02-23 08:00:00,system,2026-02-23 08:00:00,system
3451,767,10,515,6,6.0,330.0,10285.78,,2026-02-23 08:00:00,system,2026-02-23 08:00:00,system
3452,768,1,302,6,3.0,630.0,48177.3,,2026-06-14 08:00:00,system,2026-06-14 08:00:00,system
3453,768,2,380,6,4.0,840.0,47898.97,,2026-06-14 08:00:00,system,2026-06-14 08:00:00,system
3454,768,3,361,6,14.0,420.0,8049.99,,2026-06-14 08:00:00,system,2026-06-14 08:00:00,system
3455,768,4,1163,6,1.0,210.0,28656.87,,2026-06-14 08:00:00,system,2026-06-14 08:00:00,system
3456,769,1,1431,6,30.0,150.0,1158.25,,2026-02-01 08:00:00,system,2026-02-01 08:00:00,system
3457,769,2,936,6,24.0,600.0,5570.87,,2026-02-01 08:00:00,system,2026-02-01 08:00:00,system
3458,769,3,1088,6,20.0,200.0,3934.94,,2026-02-01 08:00:00,system,2026-02-01 08:00:00,system
3459,769,4,466,6,14.0,140.0,2285.08,,2026-02-01 08:00:00,system,2026-02-01 08:00:00,system
3460,769,5,98,6,32.0,32.0,270.55,,2026-02-01 08:00:00,system,2026-02-01 08:00:00,system
3461,770,1,495,6,14.0,70.0,1060.05,,2026-05-31 08:00:00,system,2026-05-31 08:00:00,system
3462,770,2,1402,6,6.0,1080.0,37529.57,,2026-05-31 08:00:00,system,2026-05-31 08:00:00,system
3463,770,3,315,6,4.0,220.0,12333.5,,2026-05-31 08:00:00,system,2026-05-31 08:00:00,system
3464,770,4,392,6,55.0,66.0,271.61,,2026-05-31 08:00:00,system,2026-05-31 08:00:00,system
3465,771,1,4,6,28.0,280.0,2646.36,,2026-04-17 08:00:00,system,2026-04-17 08:00:00,system
3466,771,2,577,1,6.0,12000.0,195.76,,2026-04-17 08:00:00,system,2026-04-17 08:00:00,system
3467,771,3,869,6,9.0,225.0,5959.34,,2026-04-17 08:00:00,system,2026-04-17 08:00:00,system
3468,771,4,502,6,4.0,720.0,35949.4,,2026-04-17 08:00:00,system,2026-04-17 08:00:00,system
3469,771,5,1146,6,9.0,495.0,8996.18,,2026-04-17 08:00:00,system,2026-04-17 08:00:00,system
3470,772,1,502,6,6.0,1080.0,31280.47,,2026-03-19 08:00:00,system,2026-03-19 08:00:00,system
3471,773,1,1222,6,24.0,72.0,424.01,,2026-04-22 08:00:00,system,2026-04-22 08:00:00,system
3472,773,2,108,6,8.0,440.0,13751.29,,2026-04-22 08:00:00,system,2026-04-22 08:00:00,system
3473,773,3,178,6,30.0,90.0,691.71,,2026-04-22 08:00:00,system,2026-04-22 08:00:00,system
3474,774,1,731,6,4.0,840.0,39898.08,,2026-06-08 08:00:00,system,2026-06-08 08:00:00,system
3475,775,1,217,1,8.0,8000.0,256.89,,2026-01-28 08:00:00,system,2026-01-28 08:00:00,system
3476,775,2,1105,6,18.0,36.0,834.73,,2026-01-28 08:00:00,system,2026-01-28 08:00:00,system
3477,775,3,1373,6,15.0,825.0,12952.79,,2026-01-28 08:00:00,system,2026-01-28 08:00:00,system
3478,776,1,564,6,28.0,84.0,550.99,,2026-03-19 08:00:00,system,2026-03-19 08:00:00,system
3479,777,1,1345,6,48.0,240.0,1581.39,,2026-02-22 08:00:00,system,2026-02-22 08:00:00,system
3480,777,2,663,6,24.0,480.0,3668.24,,2026-02-22 08:00:00,system,2026-02-22 08:00:00,system
3481,777,3,764,6,18.0,450.0,4951.91,,2026-02-22 08:00:00,system,2026-02-22 08:00:00,system
3482,777,4,959,6,14.0,42.0,601.97,,2026-02-22 08:00:00,system,2026-02-22 08:00:00,system
3483,777,5,622,6,24.0,120.0,956.63,,2026-02-22 08:00:00,system,2026-02-22 08:00:00,system
3484,777,6,945,6,28.0,84.0,630.57,,2026-02-22 08:00:00,system,2026-02-22 08:00:00,system
3485,778,1,523,6,24.0,240.0,1901.33,,2026-02-08 08:00:00,system,2026-02-08 08:00:00,system
3486,778,2,367,6,56.0,44.8,175.71,,2026-02-08 08:00:00,system,2026-02-08 08:00:00,system
3487,779,1,156,6,8.0,440.0,13322.14,,2026-01-13 08:00:00,system,2026-01-13 08:00:00,system
3488,779,2,1388,6,4.0,720.0,36317.06,,2026-01-13 08:00:00,system,2026-01-13 08:00:00,system
3489,779,3,1215,6,13.0,65.0,731.86,,2026-01-13 08:00:00,system,2026-01-13 08:00:00,system
3490,780,1,100,6,42.0,126.0,739.62,,2026-02-15 08:00:00,system,2026-02-15 08:00:00,system
3491,780,2,111,1,4.0,4000.0,228.34,,2026-02-15 08:00:00,system,2026-02-15 08:00:00,system
3492,781,1,824,6,7.0,105.0,3384.19,,2026-05-16 08:00:00,system,2026-05-16 08:00:00,system
3493,781,2,1261,6,34.0,170.0,765.77,,2026-05-16 08:00:00,system,2026-05-16 08:00:00,system
3494,781,3,214,6,12.0,660.0,14596.78,,2026-05-16 08:00:00,system,2026-05-16 08:00:00,system
3495,782,1,216,6,4.0,840.0,49321.11,,2026-01-27 08:00:00,system,2026-01-27 08:00:00,system
3496,782,2,713,6,24.0,720.0,5729.6,,2026-01-27 08:00:00,system,2026-01-27 08:00:00,system
3497,783,1,750,6,6.0,30.0,953.04,,2026-06-19 08:00:00,system,2026-06-19 08:00:00,system
3498,783,2,720,1,4.0,8000.0,173.65,,2026-06-19 08:00:00,system,2026-06-19 08:00:00,system
3499,783,3,519,1,8.0,8000.0,174.32,,2026-06-19 08:00:00,system,2026-06-19 08:00:00,system
3500,784,1,1096,6,55.0,110.0,754.33,,2026-05-28 08:00:00,system,2026-05-28 08:00:00,system
3501,784,2,109,6,2.0,360.0,40131.24,,2026-05-28 08:00:00,system,2026-05-28 08:00:00,system
3502,784,3,373,6,7.0,105.0,3567.04,,2026-05-28 08:00:00,system,2026-05-28 08:00:00,system
3503,784,4,1328,6,14.0,280.0,6642.5,,2026-05-28 08:00:00,system,2026-05-28 08:00:00,system
3504,784,5,1489,1,1.0,2000.0,180.67,,2026-05-28 08:00:00,system,2026-05-28 08:00:00,system
3505,785,1,270,1,6.0,6000.0,249.43,,2026-01-10 08:00:00,system,2026-01-10 08:00:00,system
3506,785,2,798,1,6.0,3000.0,210.15,,2026-01-10 08:00:00,system,2026-01-10 08:00:00,system
3507,786,1,1017,6,6.0,1080.0,68371.24,,2026-02-16 08:00:00,system,2026-02-16 08:00:00,system
3508,786,2,1230,6,64.0,320.0,812.99,,2026-02-16 08:00:00,system,2026-02-16 08:00:00,system
3509,786,3,542,6,15.0,750.0,10002.7,,2026-02-16 08:00:00,system,2026-02-16 08:00:00,system
3510,786,4,615,6,3.0,165.0,11036.79,,2026-02-16 08:00:00,system,2026-02-16 08:00:00,system
3511,787,1,765,6,7.0,210.0,6205.04,,2026-05-11 08:00:00,system,2026-05-11 08:00:00,system
3512,787,2,1425,6,18.0,360.0,4223.72,,2026-05-11 08:00:00,system,2026-05-11 08:00:00,system
3513,788,1,91,6,18.0,540.0,7180.32,,2026-06-27 08:00:00,system,2026-06-27 08:00:00,system
3514,788,2,585,6,2.0,100.0,9119.62,,2026-06-27 08:00:00,system,2026-06-27 08:00:00,system
3515,788,3,258,6,26.0,31.2,293.81,,2026-06-27 08:00:00,system,2026-06-27 08:00:00,system
3516,788,4,857,6,4.0,200.0,11009.53,,2026-06-27 08:00:00,system,2026-06-27 08:00:00,system
3517,788,5,1078,6,39.0,195.0,1821.6,,2026-06-27 08:00:00,system,2026-06-27 08:00:00,system
3518,788,6,711,6,15.0,300.0,3600.87,,2026-06-27 08:00:00,system,2026-06-27 08:00:00,system
3519,789,1,367,6,30.0,24.0,203.79,,2026-04-16 08:00:00,system,2026-04-16 08:00:00,system
3520,789,2,1017,6,2.0,360.0,68371.24,,2026-04-16 08:00:00,system,2026-04-16 08:00:00,system
3521,789,3,1195,6,39.0,195.0,774.56,,2026-04-16 08:00:00,system,2026-04-16 08:00:00,system
3522,789,4,1148,1,2.0,2000.0,133.86,,2026-04-16 08:00:00,system,2026-04-16 08:00:00,system
3523,790,1,1432,6,12.0,120.0,2118.29,,2026-02-18 08:00:00,system,2026-02-18 08:00:00,system
3524,790,2,1068,6,36.0,72.0,698.31,,2026-02-18 08:00:00,system,2026-02-18 08:00:00,system
3525,790,3,1303,6,6.0,330.0,17640.92,,2026-02-18 08:00:00,system,2026-02-18 08:00:00,system
3526,790,4,1138,6,55.0,275.0,1730.69,,2026-02-18 08:00:00,system,2026-02-18 08:00:00,system
3527,790,5,1185,6,14.0,14.0,134.55,,2026-02-18 08:00:00,system,2026-02-18 08:00:00,system
3528,791,1,13,1,2.0,2000.0,216.74,,2026-03-12 08:00:00,system,2026-03-12 08:00:00,system
3529,792,1,620,1,2.0,4000.0,179.55,,2026-06-24 08:00:00,system,2026-06-24 08:00:00,system
3530,792,2,25,6,6.0,330.0,13511.6,,2026-06-24 08:00:00,system,2026-06-24 08:00:00,system
3531,792,3,79,6,2.0,360.0,41766.74,,2026-06-24 08:00:00,system,2026-06-24 08:00:00,system
3532,792,4,613,6,6.0,180.0,5907.92,,2026-06-24 08:00:00,system,2026-06-24 08:00:00,system
3533,792,5,1208,6,21.0,210.0,1346.98,,2026-06-24 08:00:00,system,2026-06-24 08:00:00,system
3534,792,6,785,1,1.0,1000.0,188.17,,2026-06-24 08:00:00,system,2026-06-24 08:00:00,system
3535,792,7,1466,1,8.0,16000.0,189.02,,2026-06-24 08:00:00,system,2026-06-24 08:00:00,system
3536,792,8,1041,6,14.0,70.0,1786.09,,2026-06-24 08:00:00,system,2026-06-24 08:00:00,system
3537,792,9,1067,6,48.0,48.0,341.99,,2026-06-24 08:00:00,system,2026-06-24 08:00:00,system
3538,792,10,314,6,4.0,200.0,11481.69,,2026-06-24 08:00:00,system,2026-06-24 08:00:00,system
3539,793,1,672,6,35.0,525.0,2861.83,,2026-03-14 08:00:00,system,2026-03-14 08:00:00,system
3540,794,1,825,6,18.0,360.0,4603.71,,2026-04-27 08:00:00,system,2026-04-27 08:00:00,system
3541,794,2,991,6,15.0,7.5,200.55,,2026-04-27 08:00:00,system,2026-04-27 08:00:00,system
3542,794,3,1471,6,21.0,420.0,4658.41,,2026-04-27 08:00:00,system,2026-04-27 08:00:00,system
3543,795,1,325,6,21.0,315.0,3411.5,,2026-05-16 08:00:00,system,2026-05-16 08:00:00,system
3544,795,2,438,6,6.0,300.0,12164.9,,2026-05-16 08:00:00,system,2026-05-16 08:00:00,system
3545,795,3,141,6,10.0,550.0,14987.42,,2026-05-16 08:00:00,system,2026-05-16 08:00:00,system
3546,795,4,26,6,10.0,1800.0,42746.97,,2026-05-16 08:00:00,system,2026-05-16 08:00:00,system
3547,795,5,597,6,35.0,700.0,4296.59,,2026-05-16 08:00:00,system,2026-05-16 08:00:00,system
3548,795,6,1028,6,70.0,35.0,183.83,,2026-05-16 08:00:00,system,2026-05-16 08:00:00,system
3549,795,7,1023,6,20.0,200.0,3858.78,,2026-05-16 08:00:00,system,2026-05-16 08:00:00,system
3550,796,1,151,6,25.0,375.0,3760.49,,2026-04-08 08:00:00,system,2026-04-08 08:00:00,system
3551,797,1,324,6,30.0,300.0,2165.84,,2026-03-06 08:00:00,system,2026-03-06 08:00:00,system
3552,798,1,53,6,30.0,900.0,6949.65,,2026-01-05 08:00:00,system,2026-01-05 08:00:00,system
3553,799,1,640,6,8.0,1440.0,33194.41,,2026-05-28 08:00:00,system,2026-05-28 08:00:00,system
3554,799,2,890,1,2.0,2000.0,216.8,,2026-05-28 08:00:00,system,2026-05-28 08:00:00,system
3555,799,3,111,1,6.0,6000.0,224.82,,2026-05-28 08:00:00,system,2026-05-28 08:00:00,system
3556,800,1,1168,6,25.0,250.0,1410.05,,2026-03-19 08:00:00,system,2026-03-19 08:00:00,system
3557,800,2,1314,1,2.0,2000.0,276.45,,2026-03-19 08:00:00,system,2026-03-19 08:00:00,system
3558,800,3,312,6,20.0,500.0,5542.75,,2026-03-19 08:00:00,system,2026-03-19 08:00:00,system
3559,800,4,427,6,20.0,400.0,4603.03,,2026-03-19 08:00:00,system,2026-03-19 08:00:00,system
3560,800,5,752,6,6.0,300.0,10424.64,,2026-03-19 08:00:00,system,2026-03-19 08:00:00,system
3561,801,1,73,6,30.0,450.0,3559.06,,2026-06-04 08:00:00,system,2026-06-04 08:00:00,system
3562,801,2,1333,1,2.0,4000.0,301.45,,2026-06-04 08:00:00,system,2026-06-04 08:00:00,system
3563,801,3,697,6,44.0,132.0,552.02,,2026-06-04 08:00:00,system,2026-06-04 08:00:00,system
3564,801,4,115,6,36.0,108.0,715.01,,2026-06-04 08:00:00,system,2026-06-04 08:00:00,system
3565,801,5,991,6,40.0,20.0,179.95,,2026-06-04 08:00:00,system,2026-06-04 08:00:00,system
3566,801,6,639,6,6.0,330.0,10280.5,,2026-06-04 08:00:00,system,2026-06-04 08:00:00,system
3567,802,1,1013,6,34.0,170.0,2013.18,,2026-03-12 08:00:00,system,2026-03-12 08:00:00,system
3568,803,1,587,6,8.0,1440.0,31327.78,,2026-05-17 08:00:00,system,2026-05-17 08:00:00,system
3569,803,2,1370,6,42.0,42.0,309.92,,2026-05-17 08:00:00,system,2026-05-17 08:00:00,system
3570,803,3,403,6,3.0,630.0,42730.83,,2026-05-17 08:00:00,system,2026-05-17 08:00:00,system
3571,803,4,264,6,21.0,525.0,5897.4,,2026-05-17 08:00:00,system,2026-05-17 08:00:00,system
3572,803,5,511,6,24.0,480.0,3945.3,,2026-05-17 08:00:00,system,2026-05-17 08:00:00,system
3573,803,6,378,6,2.0,110.0,11648.21,,2026-05-17 08:00:00,system,2026-05-17 08:00:00,system
3574,803,7,1356,6,35.0,700.0,6629.4,,2026-05-17 08:00:00,system,2026-05-17 08:00:00,system
3575,803,8,280,6,5.0,150.0,7037.7,,2026-05-17 08:00:00,system,2026-05-17 08:00:00,system
3576,803,9,1267,6,26.0,26.0,138.69,,2026-05-17 08:00:00,system,2026-05-17 08:00:00,system
3577,803,10,1346,6,14.0,280.0,6326.52,,2026-05-17 08:00:00,system,2026-05-17 08:00:00,system
3578,803,11,1313,6,5.0,1050.0,65824.58,,2026-05-17 08:00:00,system,2026-05-17 08:00:00,system
3579,803,12,1048,6,11.0,11.0,365.01,,2026-05-17 08:00:00,system,2026-05-17 08:00:00,system
3580,803,13,741,6,28.0,840.0,5971.87,,2026-05-17 08:00:00,system,2026-05-17 08:00:00,system
3581,803,14,205,6,42.0,50.4,285.14,,2026-05-17 08:00:00,system,2026-05-17 08:00:00,system
3582,803,15,1394,6,6.0,30.0,1050.85,,2026-05-17 08:00:00,system,2026-05-17 08:00:00,system
3583,804,1,152,6,24.0,480.0,5012.14,,2026-01-20 08:00:00,system,2026-01-20 08:00:00,system
3584,805,1,1095,6,55.0,55.0,340.45,,2026-02-01 08:00:00,system,2026-02-01 08:00:00,system
3585,806,1,1313,6,4.0,840.0,65824.58,,2026-05-10 08:00:00,system,2026-05-10 08:00:00,system
3586,806,2,741,6,14.0,420.0,5971.87,,2026-05-10 08:00:00,system,2026-05-10 08:00:00,system
3587,806,3,1157,6,36.0,36.0,135.14,,2026-05-10 08:00:00,system,2026-05-10 08:00:00,system
3588,806,4,504,1,4.0,2000.0,166.59,,2026-05-10 08:00:00,system,2026-05-10 08:00:00,system
3589,806,5,1356,6,14.0,280.0,6629.4,,2026-05-10 08:00:00,system,2026-05-10 08:00:00,system
3590,807,1,455,6,4.0,720.0,39058.4,,2026-02-07 08:00:00,system,2026-02-07 08:00:00,system
3591,807,2,1437,6,8.0,400.0,10340.14,,2026-02-07 08:00:00,system,2026-02-07 08:00:00,system
3592,807,3,1221,6,33.0,33.0,137.77,,2026-02-07 08:00:00,system,2026-02-07 08:00:00,system
3593,807,4,87,6,12.0,120.0,2484.55,,2026-02-07 08:00:00,system,2026-02-07 08:00:00,system
3594,807,5,109,6,6.0,1080.0,41651.5,,2026-02-07 08:00:00,system,2026-02-07 08:00:00,system
3595,807,6,31,6,10.0,12.0,292.66,,2026-02-07 08:00:00,system,2026-02-07 08:00:00,system
3596,807,7,479,6,24.0,72.0,682.72,,2026-02-07 08:00:00,system,2026-02-07 08:00:00,system
3597,807,8,1277,6,13.0,13.0,307.61,,2026-02-07 08:00:00,system,2026-02-07 08:00:00,system
3598,807,9,961,6,21.0,210.0,2112.7,,2026-02-07 08:00:00,system,2026-02-07 08:00:00,system
3599,807,10,237,6,30.0,150.0,1253.2,,2026-02-07 08:00:00,system,2026-02-07 08:00:00,system
3600,808,1,488,6,6.0,1080.0,40587.26,,2026-06-22 08:00:00,system,2026-06-22 08:00:00,system
3601,809,1,1114,6,70.0,140.0,704.28,,2026-04-30 08:00:00,system,2026-04-30 08:00:00,system
3602,809,2,23,6,21.0,630.0,7021.65,,2026-04-30 08:00:00,system,2026-04-30 08:00:00,system
3603,809,3,1383,6,7.0,140.0,4011.96,,2026-04-30 08:00:00,system,2026-04-30 08:00:00,system
3604,809,4,1273,6,6.0,1080.0,54760.88,,2026-04-30 08:00:00,system,2026-04-30 08:00:00,system
3605,809,5,417,6,6.0,1080.0,36763.79,,2026-04-30 08:00:00,system,2026-04-30 08:00:00,system
3606,809,6,721,6,11.0,33.0,588.52,,2026-04-30 08:00:00,system,2026-04-30 08:00:00,system
3607,810,1,1328,6,25.0,500.0,7643.93,,2026-02-06 08:00:00,system,2026-02-06 08:00:00,system
3608,810,2,1233,6,4.0,220.0,9099.36,,2026-02-06 08:00:00,system,2026-02-06 08:00:00,system
3609,810,3,351,1,2.0,2000.0,226.35,,2026-02-06 08:00:00,system,2026-02-06 08:00:00,system
3610,810,4,390,6,18.0,450.0,6523.65,,2026-02-06 08:00:00,system,2026-02-06 08:00:00,system
3611,810,5,576,1,2.0,2000.0,205.1,,2026-02-06 08:00:00,system,2026-02-06 08:00:00,system
3612,810,6,685,6,25.0,250.0,2229.95,,2026-02-06 08:00:00,system,2026-02-06 08:00:00,system
3613,810,7,602,6,8.0,1440.0,37255.94,,2026-02-06 08:00:00,system,2026-02-06 08:00:00,system
3614,810,8,591,1,3.0,3000.0,192.11,,2026-02-06 08:00:00,system,2026-02-06 08:00:00,system
3615,811,1,1387,6,6.0,330.0,11092.55,,2026-05-26 08:00:00,system,2026-05-26 08:00:00,system
3616,811,2,1354,6,6.0,120.0,6187.38,,2026-05-26 08:00:00,system,2026-05-26 08:00:00,system
3617,811,3,13,1,2.0,2000.0,216.74,,2026-05-26 08:00:00,system,2026-05-26 08:00:00,system
3618,811,4,1296,6,6.0,1080.0,55970.72,,2026-05-26 08:00:00,system,2026-05-26 08:00:00,system
3619,811,5,1305,6,4.0,840.0,66113.37,,2026-05-26 08:00:00,system,2026-05-26 08:00:00,system
3620,811,6,244,6,4.0,220.0,12557.41,,2026-05-26 08:00:00,system,2026-05-26 08:00:00,system
3621,811,7,1317,1,2.0,4000.0,293.34,,2026-05-26 08:00:00,system,2026-05-26 08:00:00,system
3622,811,8,455,6,10.0,1800.0,39058.4,,2026-05-26 08:00:00,system,2026-05-26 08:00:00,system
3623,811,9,1068,6,50.0,100.0,723.69,,2026-05-26 08:00:00,system,2026-05-26 08:00:00,system
3624,812,1,945,6,28.0,84.0,630.57,,2026-05-26 08:00:00,system,2026-05-26 08:00:00,system
3625,812,2,278,6,24.0,480.0,4742.94,,2026-05-26 08:00:00,system,2026-05-26 08:00:00,system
3626,812,3,1093,6,23.0,9.2,141.64,,2026-05-26 08:00:00,system,2026-05-26 08:00:00,system
3627,812,4,269,6,5.0,1050.0,45618.96,,2026-05-26 08:00:00,system,2026-05-26 08:00:00,system
3628,812,5,679,6,3.0,630.0,39584.93,,2026-05-26 08:00:00,system,2026-05-26 08:00:00,system
3629,812,6,1383,6,14.0,280.0,4391.67,,2026-05-26 08:00:00,system,2026-05-26 08:00:00,system
3630,813,1,242,6,18.0,540.0,7444.82,,2026-01-05 08:00:00,system,2026-01-05 08:00:00,system
3631,813,2,884,6,6.0,180.0,6163.13,,2026-01-05 08:00:00,system,2026-01-05 08:00:00,system
3632,813,3,81,1,8.0,8000.0,207.39,,2026-01-05 08:00:00,system,2026-01-05 08:00:00,system
3633,813,4,1156,1,2.0,2000.0,128.76,,2026-01-05 08:00:00,system,2026-01-05 08:00:00,system
3634,814,1,884,6,32.0,960.0,6740.76,,2026-01-20 08:00:00,system,2026-01-20 08:00:00,system
3635,814,2,1428,1,8.0,8000.0,200.06,,2026-01-20 08:00:00,system,2026-01-20 08:00:00,system
3636,814,3,736,6,12.0,60.0,1065.66,,2026-01-20 08:00:00,system,2026-01-20 08:00:00,system
3637,814,4,1087,6,48.0,240.0,2000.24,,2026-01-20 08:00:00,system,2026-01-20 08:00:00,system
3638,814,5,1095,6,36.0,36.0,384.01,,2026-01-20 08:00:00,system,2026-01-20 08:00:00,system
3639,814,6,801,6,6.0,330.0,12707.27,,2026-01-20 08:00:00,system,2026-01-20 08:00:00,system
3640,814,7,506,1,2.0,4000.0,194.65,,2026-01-20 08:00:00,system,2026-01-20 08:00:00,system
3641,814,8,845,6,2.0,420.0,44789.19,,2026-01-20 08:00:00,system,2026-01-20 08:00:00,system
3642,815,1,23,6,28.0,840.0,7107.52,,2026-04-05 08:00:00,system,2026-04-05 08:00:00,system
3643,815,2,1363,6,48.0,240.0,1669.58,,2026-04-05 08:00:00,system,2026-04-05 08:00:00,system
3644,815,3,41,6,8.0,1440.0,41273.75,,2026-04-05 08:00:00,system,2026-04-05 08:00:00,system
3645,815,4,1227,1,3.0,3000.0,132.97,,2026-04-05 08:00:00,system,2026-04-05 08:00:00,system
3646,815,5,1134,6,130.0,52.0,146.83,,2026-04-05 08:00:00,system,2026-04-05 08:00:00,system
3647,816,1,1243,1,2.0,2000.0,131.24,,2026-05-17 08:00:00,system,2026-05-17 08:00:00,system
3648,816,2,117,6,5.0,50.0,2383.08,,2026-05-17 08:00:00,system,2026-05-17 08:00:00,system
3649,816,3,373,6,35.0,525.0,3417.02,,2026-05-17 08:00:00,system,2026-05-17 08:00:00,system
3650,816,4,617,6,1.0,210.0,37677.9,,2026-05-17 08:00:00,system,2026-05-17 08:00:00,system
3651,816,5,1403,6,4.0,840.0,39449.65,,2026-05-17 08:00:00,system,2026-05-17 08:00:00,system
3652,816,6,1272,6,2.0,110.0,18078.19,,2026-05-17 08:00:00,system,2026-05-17 08:00:00,system
3653,816,7,620,1,2.0,4000.0,181.17,,2026-05-17 08:00:00,system,2026-05-17 08:00:00,system
3654,816,8,979,6,8.0,400.0,16952.04,,2026-05-17 08:00:00,system,2026-05-17 08:00:00,system
3655,816,9,1373,6,10.0,550.0,11677.26,,2026-05-17 08:00:00,system,2026-05-17 08:00:00,system
3656,816,10,175,6,12.0,9.6,192.71,,2026-05-17 08:00:00,system,2026-05-17 08:00:00,system
3657,816,11,87,6,18.0,180.0,2484.55,,2026-05-17 08:00:00,system,2026-05-17 08:00:00,system
3658,816,12,557,6,6.0,300.0,9859.82,,2026-05-17 08:00:00,system,2026-05-17 08:00:00,system
3659,816,13,1155,6,5.0,1050.0,28351.0,,2026-05-17 08:00:00,system,2026-05-17 08:00:00,system
3660,817,1,870,6,25.0,750.0,6109.74,,2026-02-22 08:00:00,system,2026-02-22 08:00:00,system
3661,817,2,1036,6,10.0,1800.0,60197.01,,2026-02-22 08:00:00,system,2026-02-22 08:00:00,system
3662,817,3,883,6,18.0,450.0,5272.56,,2026-02-22 08:00:00,system,2026-02-22 08:00:00,system
3663,817,4,279,6,18.0,450.0,6062.79,,2026-02-22 08:00:00,system,2026-02-22 08:00:00,system
3664,817,5,367,6,42.0,33.6,175.71,,2026-02-22 08:00:00,system,2026-02-22 08:00:00,system
3665,817,6,1474,6,2.0,100.0,10638.26,,2026-02-22 08:00:00,system,2026-02-22 08:00:00,system
3666,818,1,1270,6,24.0,240.0,1477.57,,2026-03-21 08:00:00,system,2026-03-21 08:00:00,system
3667,819,1,843,6,10.0,550.0,13051.72,,2026-03-20 08:00:00,system,2026-03-20 08:00:00,system
3668,819,2,234,6,75.0,75.0,273.14,,2026-03-20 08:00:00,system,2026-03-20 08:00:00,system
3669,819,3,1040,6,75.0,150.0,757.48,,2026-03-20 08:00:00,system,2026-03-20 08:00:00,system
3670,819,4,548,1,2.0,2000.0,179.35,,2026-03-20 08:00:00,system,2026-03-20 08:00:00,system
3671,819,5,744,6,6.0,1080.0,35874.06,,2026-03-20 08:00:00,system,2026-03-20 08:00:00,system
3672,820,1,436,6,6.0,150.0,6074.92,,2026-05-08 08:00:00,system,2026-05-08 08:00:00,system
3673,820,2,1151,6,80.0,400.0,726.22,,2026-05-08 08:00:00,system,2026-05-08 08:00:00,system
3674,820,3,1008,6,8.0,1440.0,66858.27,,2026-05-08 08:00:00,system,2026-05-08 08:00:00,system
3675,821,1,580,6,24.0,240.0,2062.67,,2026-05-13 08:00:00,system,2026-05-13 08:00:00,system
3676,821,2,748,1,8.0,16000.0,194.35,,2026-05-13 08:00:00,system,2026-05-13 08:00:00,system
3677,821,3,1008,6,8.0,1440.0,69006.84,,2026-05-13 08:00:00,system,2026-05-13 08:00:00,system
3678,821,4,147,6,56.0,67.2,294.94,,2026-05-13 08:00:00,system,2026-05-13 08:00:00,system
3679,821,5,221,6,30.0,90.0,781.92,,2026-05-13 08:00:00,system,2026-05-13 08:00:00,system
3680,821,6,112,6,15.0,12.0,214.29,,2026-05-13 08:00:00,system,2026-05-13 08:00:00,system
3681,821,7,375,6,30.0,750.0,5996.57,,2026-05-13 08:00:00,system,2026-05-13 08:00:00,system
3682,821,8,62,6,48.0,144.0,734.83,,2026-05-13 08:00:00,system,2026-05-13 08:00:00,system
3683,821,9,1169,6,28.0,560.0,3005.13,,2026-05-13 08:00:00,system,2026-05-13 08:00:00,system
3684,822,1,515,6,4.0,220.0,10285.78,,2026-02-04 08:00:00,system,2026-02-04 08:00:00,system
3685,822,2,587,6,2.0,360.0,31327.78,,2026-02-04 08:00:00,system,2026-02-04 08:00:00,system
3686,822,3,242,6,35.0,1050.0,7357.61,,2026-02-04 08:00:00,system,2026-02-04 08:00:00,system
3687,822,4,66,6,18.0,360.0,4590.38,,2026-02-04 08:00:00,system,2026-02-04 08:00:00,system
3688,822,5,511,6,30.0,600.0,3945.3,,2026-02-04 08:00:00,system,2026-02-04 08:00:00,system
3689,822,6,1438,6,10.0,550.0,11903.36,,2026-02-04 08:00:00,system,2026-02-04 08:00:00,system
3690,822,7,1459,6,12.0,360.0,6064.01,,2026-02-04 08:00:00,system,2026-02-04 08:00:00,system
3691,822,8,1098,6,20.0,200.0,3608.55,,2026-02-04 08:00:00,system,2026-02-04 08:00:00,system
3692,823,1,1438,6,6.0,330.0,11249.55,,2026-06-15 08:00:00,system,2026-06-15 08:00:00,system
3693,824,1,662,6,24.0,360.0,3069.39,,2026-04-07 08:00:00,system,2026-04-07 08:00:00,system
3694,824,2,1231,6,24.0,240.0,1493.71,,2026-04-07 08:00:00,system,2026-04-07 08:00:00,system
3695,824,3,24,6,8.0,400.0,12404.19,,2026-04-07 08:00:00,system,2026-04-07 08:00:00,system
3696,824,4,638,6,15.0,750.0,10298.4,,2026-04-07 08:00:00,system,2026-04-07 08:00:00,system
3697,824,5,1148,1,2.0,2000.0,141.24,,2026-04-07 08:00:00,system,2026-04-07 08:00:00,system
3698,824,6,770,1,8.0,4000.0,212.47,,2026-04-07 08:00:00,system,2026-04-07 08:00:00,system
3699,824,7,759,6,80.0,240.0,645.73,,2026-04-07 08:00:00,system,2026-04-07 08:00:00,system
3700,824,8,555,6,8.0,200.0,4891.32,,2026-04-07 08:00:00,system,2026-04-07 08:00:00,system
3701,824,9,875,1,2.0,1000.0,217.78,,2026-04-07 08:00:00,system,2026-04-07 08:00:00,system
3702,824,10,219,6,70.0,70.0,271.33,,2026-04-07 08:00:00,system,2026-04-07 08:00:00,system
3703,825,1,99,6,33.0,39.6,288.3,,2026-05-11 08:00:00,system,2026-05-11 08:00:00,system
3704,826,1,489,6,1.0,210.0,45075.76,,2026-06-05 08:00:00,system,2026-06-05 08:00:00,system
3705,826,2,939,6,2.0,110.0,11806.11,,2026-06-05 08:00:00,system,2026-06-05 08:00:00,system
3706,826,3,1368,1,2.0,2000.0,294.73,,2026-06-05 08:00:00,system,2026-06-05 08:00:00,system
3707,826,4,245,6,10.0,1800.0,41018.18,,2026-06-05 08:00:00,system,2026-06-05 08:00:00,system
3708,826,5,1290,6,4.0,840.0,61510.76,,2026-06-05 08:00:00,system,2026-06-05 08:00:00,system
3709,826,6,1338,6,7.0,140.0,6483.49,,2026-06-05 08:00:00,system,2026-06-05 08:00:00,system
3710,826,7,1327,6,56.0,280.0,1648.74,,2026-06-05 08:00:00,system,2026-06-05 08:00:00,system
3711,827,1,606,1,2.0,4000.0,177.59,,2026-05-18 08:00:00,system,2026-05-18 08:00:00,system
3712,827,2,1329,6,6.0,330.0,17892.07,,2026-05-18 08:00:00,system,2026-05-18 08:00:00,system
3713,828,1,819,1,3.0,3000.0,202.69,,2026-01-25 08:00:00,system,2026-01-25 08:00:00,system
3714,829,1,1424,6,30.0,450.0,3262.12,,2026-02-10 08:00:00,system,2026-02-10 08:00:00,system
3715,829,2,996,6,15.0,270.0,6734.8,,2026-02-10 08:00:00,system,2026-02-10 08:00:00,system
3716,829,3,1023,6,10.0,100.0,3858.78,,2026-02-10 08:00:00,system,2026-02-10 08:00:00,system
3717,829,4,438,6,8.0,400.0,12164.9,,2026-02-10 08:00:00,system,2026-02-10 08:00:00,system
3718,829,5,1099,6,16.0,288.0,7156.74,,2026-02-10 08:00:00,system,2026-02-10 08:00:00,system
3719,830,1,886,6,4.0,220.0,12031.11,,2026-04-01 08:00:00,system,2026-04-01 08:00:00,system
3720,830,2,1342,1,6.0,6000.0,297.75,,2026-04-01 08:00:00,system,2026-04-01 08:00:00,system
3721,830,3,609,6,24.0,240.0,1817.93,,2026-04-01 08:00:00,system,2026-04-01 08:00:00,system
3722,830,4,85,6,22.0,66.0,739.19,,2026-04-01 08:00:00,system,2026-04-01 08:00:00,system
3723,830,5,651,6,12.0,360.0,5938.36,,2026-04-01 08:00:00,system,2026-04-01 08:00:00,system
3724,830,6,473,6,8.0,1440.0,36075.89,,2026-04-01 08:00:00,system,2026-04-01 08:00:00,system
3725,830,7,244,6,8.0,440.0,13747.11,,2026-04-01 08:00:00,system,2026-04-01 08:00:00,system
3726,830,8,140,6,10.0,500.0,12514.04,,2026-04-01 08:00:00,system,2026-04-01 08:00:00,system
3727,830,9,917,6,5.0,1050.0,40551.25,,2026-04-01 08:00:00,system,2026-04-01 08:00:00,system
3728,831,1,943,1,6.0,6000.0,187.13,,2026-01-07 08:00:00,system,2026-01-07 08:00:00,system
3729,831,2,1491,6,5.0,25.0,1075.38,,2026-01-07 08:00:00,system,2026-01-07 08:00:00,system
3730,831,3,1221,6,52.0,52.0,138.56,,2026-01-07 08:00:00,system,2026-01-07 08:00:00,system
3731,832,1,45,6,70.0,70.0,250.39,,2026-01-11 08:00:00,system,2026-01-11 08:00:00,system
3732,833,1,884,6,15.0,450.0,6138.71,,2026-05-06 08:00:00,system,2026-05-06 08:00:00,system
3733,833,2,1480,6,35.0,700.0,4262.07,,2026-05-06 08:00:00,system,2026-05-06 08:00:00,system
3734,833,3,518,1,4.0,2000.0,179.38,,2026-05-06 08:00:00,system,2026-05-06 08:00:00,system
3735,834,1,916,6,6.0,1080.0,35998.88,,2026-04-18 08:00:00,system,2026-04-18 08:00:00,system
3736,834,2,439,6,6.0,330.0,12540.04,,2026-04-18 08:00:00,system,2026-04-18 08:00:00,system
3737,834,3,72,6,24.0,240.0,2392.2,,2026-04-18 08:00:00,system,2026-04-18 08:00:00,system
3738,834,4,238,6,14.0,140.0,2353.43,,2026-04-18 08:00:00,system,2026-04-18 08:00:00,system
3739,834,5,575,1,3.0,1500.0,162.58,,2026-04-18 08:00:00,system,2026-04-18 08:00:00,system
3740,834,6,697,6,52.0,156.0,562.8,,2026-04-18 08:00:00,system,2026-04-18 08:00:00,system
3741,835,1,204,6,70.0,70.0,247.62,,2026-01-19 08:00:00,system,2026-01-19 08:00:00,system
3742,835,2,1147,6,2.0,420.0,29088.03,,2026-01-19 08:00:00,system,2026-01-19 08:00:00,system
3743,836,1,1146,6,3.0,165.0,8996.18,,2026-01-15 08:00:00,system,2026-01-15 08:00:00,system
3744,837,1,904,1,3.0,1500.0,189.12,,2026-04-18 08:00:00,system,2026-04-18 08:00:00,system
3745,838,1,260,6,35.0,175.0,1172.65,,2026-03-02 08:00:00,system,2026-03-02 08:00:00,system
3746,838,2,12,6,4.0,840.0,50262.91,,2026-03-02 08:00:00,system,2026-03-02 08:00:00,system
3747,838,3,1299,1,2.0,4000.0,292.03,,2026-03-02 08:00:00,system,2026-03-02 08:00:00,system
3748,839,1,1148,1,8.0,8000.0,144.15,,2026-02-06 08:00:00,system,2026-02-06 08:00:00,system
3749,840,1,740,6,28.0,700.0,5105.49,,2026-06-12 08:00:00,system,2026-06-12 08:00:00,system
3750,840,2,191,6,45.0,45.0,263.19,,2026-06-12 08:00:00,system,2026-06-12 08:00:00,system
3751,840,3,474,6,2.0,420.0,47873.5,,2026-06-12 08:00:00,system,2026-06-12 08:00:00,system
3752,840,4,1268,6,42.0,126.0,473.15,,2026-06-12 08:00:00,system,2026-06-12 08:00:00,system
3753,841,1,981,6,30.0,12.0,154.94,,2026-05-26 08:00:00,system,2026-05-26 08:00:00,system
3754,841,2,944,1,4.0,8000.0,201.28,,2026-05-26 08:00:00,system,2026-05-26 08:00:00,system
3755,841,3,1040,6,48.0,96.0,813.71,,2026-05-26 08:00:00,system,2026-05-26 08:00:00,system
3756,842,1,343,6,18.0,540.0,6319.23,,2026-01-20 08:00:00,system,2026-01-20 08:00:00,system
3757,843,1,778,6,30.0,750.0,5141.43,,2026-03-14 08:00:00,system,2026-03-14 08:00:00,system
3758,843,2,34,6,6.0,60.0,2325.07,,2026-03-14 08:00:00,system,2026-03-14 08:00:00,system
3759,844,1,1153,6,16.0,320.0,3223.15,,2026-03-24 08:00:00,system,2026-03-24 08:00:00,system
3760,844,2,1266,1,4.0,4000.0,134.61,,2026-03-24 08:00:00,system,2026-03-24 08:00:00,system
3761,844,3,1105,6,36.0,72.0,834.73,,2026-03-24 08:00:00,system,2026-03-24 08:00:00,system
3762,844,4,1197,6,28.0,560.0,3273.16,,2026-03-24 08:00:00,system,2026-03-24 08:00:00,system
3763,844,5,371,6,40.0,200.0,1393.53,,2026-03-24 08:00:00,system,2026-03-24 08:00:00,system
3764,845,1,273,6,65.0,78.0,293.61,,2026-06-09 08:00:00,system,2026-06-09 08:00:00,system
3765,845,2,453,6,8.0,400.0,11154.87,,2026-06-09 08:00:00,system,2026-06-09 08:00:00,system
3766,846,1,994,6,55.0,275.0,1872.25,,2026-03-07 08:00:00,system,2026-03-07 08:00:00,system
3767,846,2,315,6,2.0,110.0,12333.5,,2026-03-07 08:00:00,system,2026-03-07 08:00:00,system
3768,846,3,1171,6,13.0,65.0,695.64,,2026-03-07 08:00:00,system,2026-03-07 08:00:00,system
3769,847,1,325,6,28.0,420.0,3478.88,,2026-05-16 08:00:00,system,2026-05-16 08:00:00,system
3770,848,1,917,6,5.0,1050.0,40551.25,,2026-05-23 08:00:00,system,2026-05-23 08:00:00,system
3771,848,2,704,6,4.0,200.0,9704.74,,2026-05-23 08:00:00,system,2026-05-23 08:00:00,system
3772,848,3,427,6,10.0,200.0,4603.03,,2026-05-23 08:00:00,system,2026-05-23 08:00:00,system
3773,849,1,280,6,18.0,540.0,7104.36,,2026-06-03 08:00:00,system,2026-06-03 08:00:00,system
3774,849,2,860,6,3.0,630.0,41028.43,,2026-06-03 08:00:00,system,2026-06-03 08:00:00,system
3775,849,3,284,6,4.0,840.0,46154.17,,2026-06-03 08:00:00,system,2026-06-03 08:00:00,system
3776,849,4,1312,6,2.0,360.0,53936.38,,2026-06-03 08:00:00,system,2026-06-03 08:00:00,system
3777,850,1,606,1,3.0,6000.0,192.49,,2026-06-28 08:00:00,system,2026-06-28 08:00:00,system
3778,851,1,368,6,39.0,39.0,240.84,,2026-06-29 08:00:00,system,2026-06-29 08:00:00,system
3779,852,1,1408,6,24.0,120.0,1128.3,,2026-05-05 08:00:00,system,2026-05-05 08:00:00,system
3780,852,2,862,1,2.0,2000.0,200.16,,2026-05-05 08:00:00,system,2026-05-05 08:00:00,system
3781,852,3,1040,6,30.0,60.0,757.48,,2026-05-05 08:00:00,system,2026-05-05 08:00:00,system
3782,853,1,655,6,3.0,630.0,39192.59,,2026-06-23 08:00:00,system,2026-06-23 08:00:00,system
3783,853,2,932,6,14.0,70.0,990.67,,2026-06-23 08:00:00,system,2026-06-23 08:00:00,system
3784,853,3,411,6,14.0,210.0,3150.48,,2026-06-23 08:00:00,system,2026-06-23 08:00:00,system
3785,853,4,567,6,35.0,525.0,2681.15,,2026-06-23 08:00:00,system,2026-06-23 08:00:00,system
3786,853,5,155,6,10.0,500.0,12213.77,,2026-06-23 08:00:00,system,2026-06-23 08:00:00,system
3787,853,6,696,1,4.0,8000.0,163.67,,2026-06-23 08:00:00,system,2026-06-23 08:00:00,system
3788,853,7,1360,1,2.0,2000.0,293.23,,2026-06-23 08:00:00,system,2026-06-23 08:00:00,system
3789,853,8,1327,6,36.0,180.0,1570.17,,2026-06-23 08:00:00,system,2026-06-23 08:00:00,system
3790,853,9,99,6,55.0,66.0,288.3,,2026-06-23 08:00:00,system,2026-06-23 08:00:00,system
3791,853,10,327,6,5.0,125.0,5646.68,,2026-06-23 08:00:00,system,2026-06-23 08:00:00,system
3792,854,1,869,6,6.0,150.0,5982.81,,2026-01-28 08:00:00,system,2026-01-28 08:00:00,system
3793,854,2,1001,6,36.0,18.0,193.29,,2026-01-28 08:00:00,system,2026-01-28 08:00:00,system
3794,855,1,153,6,12.0,300.0,6175.3,,2026-06-13 08:00:00,system,2026-06-13 08:00:00,system
3795,855,2,1112,6,14.0,7.0,180.13,,2026-06-13 08:00:00,system,2026-06-13 08:00:00,system
3796,855,3,564,6,14.0,42.0,550.99,,2026-06-13 08:00:00,system,2026-06-13 08:00:00,system
3797,855,4,1037,6,42.0,16.8,149.43,,2026-06-13 08:00:00,system,2026-06-13 08:00:00,system
3798,855,5,65,6,12.0,180.0,3709.27,,2026-06-13 08:00:00,system,2026-06-13 08:00:00,system
3799,855,6,1476,6,28.0,84.0,649.4,,2026-06-13 08:00:00,system,2026-06-13 08:00:00,system
3800,855,7,560,6,4.0,840.0,38252.9,,2026-06-13 08:00:00,system,2026-06-13 08:00:00,system
3801,855,8,945,6,39.0,117.0,647.19,,2026-06-13 08:00:00,system,2026-06-13 08:00:00,system
3802,856,1,1213,6,60.0,60.0,140.13,,2026-05-08 08:00:00,system,2026-05-08 08:00:00,system
3803,856,2,997,6,10.0,500.0,16928.61,,2026-05-08 08:00:00,system,2026-05-08 08:00:00,system
3804,856,3,984,6,39.0,78.0,713.59,,2026-05-08 08:00:00,system,2026-05-08 08:00:00,system
3805,856,4,49,6,28.0,280.0,2440.13,,2026-05-08 08:00:00,system,2026-05-08 08:00:00,system
3806,856,5,1290,6,5.0,1050.0,61510.76,,2026-05-08 08:00:00,system,2026-05-08 08:00:00,system
3807,856,6,867,6,18.0,270.0,3095.26,,2026-05-08 08:00:00,system,2026-05-08 08:00:00,system
3808,857,1,508,6,28.0,140.0,935.2,,2026-03-16 08:00:00,system,2026-03-16 08:00:00,system
3809,858,1,100,6,70.0,210.0,739.62,,2026-01-14 08:00:00,system,2026-01-14 08:00:00,system
3810,858,2,1447,6,24.0,360.0,3543.88,,2026-01-14 08:00:00,system,2026-01-14 08:00:00,system
3811,858,3,302,6,4.0,840.0,48177.3,,2026-01-14 08:00:00,system,2026-01-14 08:00:00,system
3812,858,4,611,6,8.0,160.0,4149.47,,2026-01-14 08:00:00,system,2026-01-14 08:00:00,system
3813,859,1,188,6,1.0,210.0,47294.43,,2026-05-08 08:00:00,system,2026-05-08 08:00:00,system
3814,859,2,1470,6,14.0,210.0,3202.41,,2026-05-08 08:00:00,system,2026-05-08 08:00:00,system
3815,859,3,1158,6,70.0,210.0,433.65,,2026-05-08 08:00:00,system,2026-05-08 08:00:00,system
3816,859,4,561,1,4.0,2000.0,171.77,,2026-05-08 08:00:00,system,2026-05-08 08:00:00,system
3817,859,5,335,6,48.0,48.0,225.56,,2026-05-08 08:00:00,system,2026-05-08 08:00:00,system
3818,859,6,956,1,1.0,500.0,195.57,,2026-05-08 08:00:00,system,2026-05-08 08:00:00,system
3819,860,1,1207,6,22.0,110.0,709.15,,2026-03-17 08:00:00,system,2026-03-17 08:00:00,system
3820,860,2,707,6,3.0,630.0,38992.58,,2026-03-17 08:00:00,system,2026-03-17 08:00:00,system
3821,860,3,1187,6,48.0,240.0,720.05,,2026-03-17 08:00:00,system,2026-03-17 08:00:00,system
3822,860,4,874,6,2.0,420.0,40198.7,,2026-03-17 08:00:00,system,2026-03-17 08:00:00,system
3823,860,5,1079,6,5.0,50.0,3758.42,,2026-03-17 08:00:00,system,2026-03-17 08:00:00,system
3824,860,6,1064,6,10.0,1800.0,62067.21,,2026-03-17 08:00:00,system,2026-03-17 08:00:00,system
3825,860,7,1491,6,20.0,100.0,1075.38,,2026-03-17 08:00:00,system,2026-03-17 08:00:00,system
3826,860,8,1417,6,5.0,1050.0,42326.35,,2026-03-17 08:00:00,system,2026-03-17 08:00:00,system
3827,860,9,189,1,4.0,4000.0,211.8,,2026-03-17 08:00:00,system,2026-03-17 08:00:00,system
3828,861,1,587,6,4.0,720.0,31327.78,,2026-02-07 08:00:00,system,2026-02-07 08:00:00,system
3829,861,2,21,6,30.0,600.0,4761.36,,2026-02-07 08:00:00,system,2026-02-07 08:00:00,system
3830,861,3,66,6,12.0,240.0,4590.38,,2026-02-07 08:00:00,system,2026-02-07 08:00:00,system
3831,861,4,991,6,20.0,10.0,179.95,,2026-02-07 08:00:00,system,2026-02-07 08:00:00,system
3832,861,5,319,6,56.0,44.8,166.65,,2026-02-07 08:00:00,system,2026-02-07 08:00:00,system
3833,861,6,656,1,8.0,4000.0,163.57,,2026-02-07 08:00:00,system,2026-02-07 08:00:00,system
3834,862,1,852,6,30.0,300.0,2013.89,,2026-03-13 08:00:00,system,2026-03-13 08:00:00,system
3835,862,2,663,6,12.0,240.0,3668.24,,2026-03-13 08:00:00,system,2026-03-13 08:00:00,system
3836,862,3,1130,6,20.0,200.0,3468.97,,2026-03-13 08:00:00,system,2026-03-13 08:00:00,system
3837,862,4,1474,6,4.0,200.0,10247.11,,2026-03-13 08:00:00,system,2026-03-13 08:00:00,system
3838,862,5,217,1,2.0,2000.0,217.04,,2026-03-13 08:00:00,system,2026-03-13 08:00:00,system
3839,862,6,799,1,3.0,3000.0,191.87,,2026-03-13 08:00:00,system,2026-03-13 08:00:00,system
3840,863,1,1146,6,2.0,110.0,7622.07,,2026-02-25 08:00:00,system,2026-02-25 08:00:00,system
3841,863,2,912,6,35.0,875.0,5172.36,,2026-02-25 08:00:00,system,2026-02-25 08:00:00,system
3842,863,3,265,6,18.0,540.0,7543.45,,2026-02-25 08:00:00,system,2026-02-25 08:00:00,system
3843,864,1,1344,6,11.0,11.0,326.13,,2026-05-25 08:00:00,system,2026-05-25 08:00:00,system
3844,864,2,1284,1,1.0,2000.0,292.69,,2026-05-25 08:00:00,system,2026-05-25 08:00:00,system
3845,864,3,125,6,2.0,420.0,49623.03,,2026-05-25 08:00:00,system,2026-05-25 08:00:00,system
3846,865,1,194,6,30.0,150.0,1159.34,,2026-05-08 08:00:00,system,2026-05-08 08:00:00,system
3847,865,2,779,6,7.0,210.0,5962.36,,2026-05-08 08:00:00,system,2026-05-08 08:00:00,system
3848,866,1,718,1,4.0,2000.0,194.04,,2026-02-03 08:00:00,system,2026-02-03 08:00:00,system
3849,866,2,606,1,4.0,8000.0,187.05,,2026-02-03 08:00:00,system,2026-02-03 08:00:00,system
3850,866,3,59,6,26.0,20.8,217.2,,2026-02-03 08:00:00,system,2026-02-03 08:00:00,system
3851,866,4,1455,6,8.0,80.0,2364.79,,2026-02-03 08:00:00,system,2026-02-03 08:00:00,system
3852,866,5,831,6,5.0,1050.0,44352.1,,2026-02-03 08:00:00,system,2026-02-03 08:00:00,system
3853,866,6,205,6,45.0,54.0,327.44,,2026-02-03 08:00:00,system,2026-02-03 08:00:00,system
3854,866,7,1177,6,28.0,28.0,159.58,,2026-02-03 08:00:00,system,2026-02-03 08:00:00,system
3855,866,8,793,6,14.0,420.0,6509.67,,2026-02-03 08:00:00,system,2026-02-03 08:00:00,system
3856,866,9,693,6,3.0,630.0,42376.91,,2026-02-03 08:00:00,system,2026-02-03 08:00:00,system
3857,866,10,92,6,15.0,750.0,12394.09,,2026-02-03 08:00:00,system,2026-02-03 08:00:00,system
3858,867,1,493,6,42.0,50.4,270.96,,2026-01-22 08:00:00,system,2026-01-22 08:00:00,system
3859,867,2,149,6,18.0,90.0,1138.81,,2026-01-22 08:00:00,system,2026-01-22 08:00:00,system
3860,867,3,886,6,6.0,330.0,11859.79,,2026-01-22 08:00:00,system,2026-01-22 08:00:00,system
3861,867,4,692,6,10.0,1800.0,31463.43,,2026-01-22 08:00:00,system,2026-01-22 08:00:00,system
3862,867,5,711,6,10.0,200.0,3600.87,,2026-01-22 08:00:00,system,2026-01-22 08:00:00,system
3863,867,6,1382,6,18.0,270.0,3156.06,,2026-01-22 08:00:00,system,2026-01-22 08:00:00,system
3864,868,1,526,6,14.0,350.0,4695.26,,2026-05-09 08:00:00,system,2026-05-09 08:00:00,system
3865,868,2,1071,6,8.0,144.0,6373.55,,2026-05-09 08:00:00,system,2026-05-09 08:00:00,system
3866,869,1,641,6,4.0,840.0,42658.06,,2026-01-24 08:00:00,system,2026-01-24 08:00:00,system
3867,869,2,640,6,9.0,1620.0,36620.38,,2026-01-24 08:00:00,system,2026-01-24 08:00:00,system
3868,869,3,157,6,8.0,1440.0,46585.32,,2026-01-24 08:00:00,system,2026-01-24 08:00:00,system
3869,869,4,160,6,12.0,9.6,205.38,,2026-01-24 08:00:00,system,2026-01-24 08:00:00,system
3870,869,5,1484,6,10.0,550.0,12934.42,,2026-01-24 08:00:00,system,2026-01-24 08:00:00,system
3871,870,1,1151,6,32.0,160.0,726.22,,2026-06-14 08:00:00,system,2026-06-14 08:00:00,system
3872,870,2,1453,6,26.0,78.0,712.27,,2026-06-14 08:00:00,system,2026-06-14 08:00:00,system
3873,870,3,1189,6,16.0,320.0,2932.95,,2026-06-14 08:00:00,system,2026-06-14 08:00:00,system
3874,871,1,1387,6,4.0,220.0,12740.42,,2026-03-25 08:00:00,system,2026-03-25 08:00:00,system
3875,871,2,610,6,28.0,420.0,3135.46,,2026-03-25 08:00:00,system,2026-03-25 08:00:00,system
3876,871,3,974,6,64.0,64.0,396.1,,2026-03-25 08:00:00,system,2026-03-25 08:00:00,system
3877,872,1,1061,6,9.0,90.0,3701.59,,2026-05-10 08:00:00,system,2026-05-10 08:00:00,system
3878,873,1,1117,6,80.0,40.0,196.32,,2026-03-13 08:00:00,system,2026-03-13 08:00:00,system
3879,873,2,394,6,14.0,70.0,1239.36,,2026-03-13 08:00:00,system,2026-03-13 08:00:00,system
3880,874,1,39,6,10.0,500.0,12442.28,,2026-05-10 08:00:00,system,2026-05-10 08:00:00,system
3881,874,2,523,6,18.0,180.0,1901.33,,2026-05-10 08:00:00,system,2026-05-10 08:00:00,system
3882,874,3,639,6,6.0,330.0,10839.12,,2026-05-10 08:00:00,system,2026-05-10 08:00:00,system
3883,874,4,1495,6,6.0,150.0,5185.61,,2026-05-10 08:00:00,system,2026-05-10 08:00:00,system
3884,875,1,609,6,24.0,240.0,1925.13,,2026-02-28 08:00:00,system,2026-02-28 08:00:00,system
3885,876,1,398,6,21.0,525.0,5987.66,,2026-03-19 08:00:00,system,2026-03-19 08:00:00,system
3886,876,2,1147,6,5.0,1050.0,32019.92,,2026-03-19 08:00:00,system,2026-03-19 08:00:00,system
3887,877,1,1420,1,2.0,4000.0,190.41,,2026-01-28 08:00:00,system,2026-01-28 08:00:00,system
3888,877,2,652,6,4.0,200.0,8987.63,,2026-01-28 08:00:00,system,2026-01-28 08:00:00,system
3889,877,3,1112,6,70.0,35.0,180.13,,2026-01-28 08:00:00,system,2026-01-28 08:00:00,system
3890,878,1,325,6,14.0,210.0,3411.5,,2026-04-10 08:00:00,system,2026-04-10 08:00:00,system
3891,879,1,224,6,10.0,150.0,3660.58,,2026-06-08 08:00:00,system,2026-06-08 08:00:00,system
3892,879,2,268,6,4.0,720.0,39022.25,,2026-06-08 08:00:00,system,2026-06-08 08:00:00,system
3893,879,3,712,6,28.0,700.0,4635.21,,2026-06-08 08:00:00,system,2026-06-08 08:00:00,system
3894,880,1,255,1,4.0,4000.0,242.76,,2026-06-21 08:00:00,system,2026-06-21 08:00:00,system
3895,880,2,852,6,28.0,280.0,2269.18,,2026-06-21 08:00:00,system,2026-06-21 08:00:00,system
3896,880,3,869,6,18.0,450.0,5982.81,,2026-06-21 08:00:00,system,2026-06-21 08:00:00,system
3897,880,4,765,6,18.0,540.0,6964.86,,2026-06-21 08:00:00,system,2026-06-21 08:00:00,system
3898,880,5,413,6,28.0,700.0,5854.5,,2026-06-21 08:00:00,system,2026-06-21 08:00:00,system
3899,880,6,821,6,13.0,39.0,690.16,,2026-06-21 08:00:00,system,2026-06-21 08:00:00,system
3900,881,1,399,6,24.0,720.0,7386.09,,2026-03-18 08:00:00,system,2026-03-18 08:00:00,system
3901,882,1,1425,6,24.0,480.0,4223.72,,2026-04-25 08:00:00,system,2026-04-25 08:00:00,system
3902,882,2,765,6,21.0,630.0,6205.04,,2026-04-25 08:00:00,system,2026-04-25 08:00:00,system
3903,882,3,1394,6,30.0,150.0,1050.85,,2026-04-25 08:00:00,system,2026-04-25 08:00:00,system
3904,882,4,861,1,8.0,4000.0,198.76,,2026-04-25 08:00:00,system,2026-04-25 08:00:00,system
3905,882,5,587,6,4.0,720.0,31327.78,,2026-04-25 08:00:00,system,2026-04-25 08:00:00,system
3906,882,6,118,6,6.0,90.0,3620.9,,2026-04-25 08:00:00,system,2026-04-25 08:00:00,system
3907,883,1,1426,6,3.0,630.0,43978.97,,2026-03-04 08:00:00,system,2026-03-04 08:00:00,system
3908,883,2,615,6,2.0,110.0,11282.42,,2026-03-04 08:00:00,system,2026-03-04 08:00:00,system
3909,883,3,1261,6,75.0,375.0,716.44,,2026-03-04 08:00:00,system,2026-03-04 08:00:00,system
3910,883,4,1212,1,2.0,2000.0,143.79,,2026-03-04 08:00:00,system,2026-03-04 08:00:00,system
3911,883,5,608,6,32.0,160.0,1022.88,,2026-03-04 08:00:00,system,2026-03-04 08:00:00,system
3912,884,1,303,1,1.0,1000.0,190.72,,2026-01-07 08:00:00,system,2026-01-07 08:00:00,system
3913,884,2,1445,6,25.0,125.0,1051.52,,2026-01-07 08:00:00,system,2026-01-07 08:00:00,system
3914,884,3,284,6,5.0,1050.0,46946.12,,2026-01-07 08:00:00,system,2026-01-07 08:00:00,system
3915,884,4,586,6,6.0,330.0,10288.82,,2026-01-07 08:00:00,system,2026-01-07 08:00:00,system
3916,884,5,412,6,28.0,560.0,4244.02,,2026-01-07 08:00:00,system,2026-01-07 08:00:00,system
3917,884,6,395,6,14.0,140.0,2301.76,,2026-01-07 08:00:00,system,2026-01-07 08:00:00,system
3918,884,7,101,6,15.0,75.0,1186.25,,2026-01-07 08:00:00,system,2026-01-07 08:00:00,system
3919,884,8,403,6,4.0,840.0,42871.52,,2026-01-07 08:00:00,system,2026-01-07 08:00:00,system
3920,885,1,1316,1,4.0,4000.0,305.61,,2026-03-07 08:00:00,system,2026-03-07 08:00:00,system
3921,885,2,1400,6,8.0,400.0,10248.47,,2026-03-07 08:00:00,system,2026-03-07 08:00:00,system
3922,885,3,188,6,3.0,630.0,47294.43,,2026-03-07 08:00:00,system,2026-03-07 08:00:00,system
3923,885,4,85,6,55.0,165.0,677.06,,2026-03-07 08:00:00,system,2026-03-07 08:00:00,system
3924,885,5,924,6,30.0,450.0,3257.08,,2026-03-07 08:00:00,system,2026-03-07 08:00:00,system
3925,885,6,916,6,4.0,720.0,35998.88,,2026-03-07 08:00:00,system,2026-03-07 08:00:00,system
3926,885,7,291,6,7.0,70.0,2499.44,,2026-03-07 08:00:00,system,2026-03-07 08:00:00,system
3927,885,8,1298,1,6.0,6000.0,303.54,,2026-03-07 08:00:00,system,2026-03-07 08:00:00,system
3928,886,1,357,6,40.0,400.0,2280.52,,2026-03-27 08:00:00,system,2026-03-27 08:00:00,system
3929,886,2,213,6,15.0,750.0,12874.99,,2026-03-27 08:00:00,system,2026-03-27 08:00:00,system
3930,886,3,62,6,80.0,240.0,734.83,,2026-03-27 08:00:00,system,2026-03-27 08:00:00,system
3931,886,4,368,6,32.0,32.0,234.08,,2026-03-27 08:00:00,system,2026-03-27 08:00:00,system
3932,886,5,152,6,16.0,320.0,5012.14,,2026-03-27 08:00:00,system,2026-03-27 08:00:00,system
3933,886,6,1117,6,65.0,32.5,198.62,,2026-03-27 08:00:00,system,2026-03-27 08:00:00,system
3934,886,7,748,1,2.0,4000.0,194.35,,2026-03-27 08:00:00,system,2026-03-27 08:00:00,system
3935,886,8,107,6,6.0,300.0,13277.23,,2026-03-27 08:00:00,system,2026-03-27 08:00:00,system
3936,886,9,871,6,9.0,450.0,11956.89,,2026-03-27 08:00:00,system,2026-03-27 08:00:00,system
3937,886,10,1481,6,8.0,200.0,5860.94,,2026-03-27 08:00:00,system,2026-03-27 08:00:00,system
3938,887,1,1458,6,16.0,400.0,5972.2,,2026-04-24 08:00:00,system,2026-04-24 08:00:00,system
3939,887,2,708,1,2.0,1000.0,183.85,,2026-04-24 08:00:00,system,2026-04-24 08:00:00,system
3940,887,3,1204,1,8.0,8000.0,136.58,,2026-04-24 08:00:00,system,2026-04-24 08:00:00,system
3941,887,4,672,6,16.0,240.0,3204.89,,2026-04-24 08:00:00,system,2026-04-24 08:00:00,system
3942,888,1,1321,6,2.0,110.0,17898.03,,2026-05-03 08:00:00,system,2026-05-03 08:00:00,system
3943,888,2,1299,1,4.0,8000.0,280.14,,2026-05-03 08:00:00,system,2026-05-03 08:00:00,system
3944,889,1,1000,6,22.0,11.0,178.19,,2026-04-01 08:00:00,system,2026-04-01 08:00:00,system
3945,890,1,544,6,4.0,720.0,36377.5,,2026-01-21 08:00:00,system,2026-01-21 08:00:00,system
3946,890,2,1183,6,5.0,1050.0,30629.12,,2026-01-21 08:00:00,system,2026-01-21 08:00:00,system
3947,890,3,734,1,6.0,12000.0,212.44,,2026-01-21 08:00:00,system,2026-01-21 08:00:00,system
3948,890,4,730,6,6.0,1080.0,39275.33,,2026-01-21 08:00:00,system,2026-01-21 08:00:00,system
3949,890,5,540,6,12.0,300.0,5337.12,,2026-01-21 08:00:00,system,2026-01-21 08:00:00,system
3950,890,6,573,6,6.0,1080.0,39909.68,,2026-01-21 08:00:00,system,2026-01-21 08:00:00,system
3951,890,7,1330,6,2.0,360.0,60589.08,,2026-01-21 08:00:00,system,2026-01-21 08:00:00,system
3952,891,1,1420,1,1.0,2000.0,216.34,,2026-01-16 08:00:00,system,2026-01-16 08:00:00,system
3953,891,2,164,6,14.0,70.0,1231.97,,2026-01-16 08:00:00,system,2026-01-16 08:00:00,system
3954,891,3,778,6,14.0,350.0,5647.33,,2026-01-16 08:00:00,system,2026-01-16 08:00:00,system
3955,891,4,29,6,70.0,56.0,199.3,,2026-01-16 08:00:00,system,2026-01-16 08:00:00,system
3956,891,5,867,6,7.0,105.0,3546.25,,2026-01-16 08:00:00,system,2026-01-16 08:00:00,system
3957,891,6,434,6,7.0,105.0,3690.66,,2026-01-16 08:00:00,system,2026-01-16 08:00:00,system
3958,892,1,1275,1,2.0,2000.0,282.9,,2026-02-13 08:00:00,system,2026-02-13 08:00:00,system
3959,892,2,205,6,28.0,33.6,285.14,,2026-02-13 08:00:00,system,2026-02-13 08:00:00,system
3960,893,1,1037,6,96.0,38.4,136.55,,2026-06-02 08:00:00,system,2026-06-02 08:00:00,system
3961,893,2,3,6,18.0,90.0,1239.17,,2026-06-02 08:00:00,system,2026-06-02 08:00:00,system
3962,894,1,1017,6,4.0,720.0,65199.93,,2026-02-28 08:00:00,system,2026-02-28 08:00:00,system
3963,894,2,627,6,7.0,210.0,6157.24,,2026-02-28 08:00:00,system,2026-02-28 08:00:00,system
3964,894,3,499,6,7.0,175.0,6079.98,,2026-02-28 08:00:00,system,2026-02-28 08:00:00,system
3965,895,1,515,6,6.0,330.0,10716.46,,2026-02-14 08:00:00,system,2026-02-14 08:00:00,system
3966,895,2,202,1,4.0,4000.0,235.04,,2026-02-14 08:00:00,system,2026-02-14 08:00:00,system
3967,895,3,1,6,64.0,76.8,320.56,,2026-02-14 08:00:00,system,2026-02-14 08:00:00,system
3968,896,1,440,6,2.0,360.0,38915.01,,2026-02-18 08:00:00,system,2026-02-18 08:00:00,system
3969,896,2,343,6,18.0,540.0,6319.23,,2026-02-18 08:00:00,system,2026-02-18 08:00:00,system
3970,897,1,885,6,8.0,400.0,10342.68,,2026-05-07 08:00:00,system,2026-05-07 08:00:00,system
3971,898,1,508,6,30.0,150.0,925.7,,2026-01-09 08:00:00,system,2026-01-09 08:00:00,system
3972,898,2,1338,6,18.0,360.0,6292.19,,2026-01-09 08:00:00,system,2026-01-09 08:00:00,system
3973,898,3,1057,6,65.0,65.0,344.18,,2026-01-09 08:00:00,system,2026-01-09 08:00:00,system
3974,898,4,1322,6,8.0,1440.0,53469.59,,2026-01-09 08:00:00,system,2026-01-09 08:00:00,system
3975,898,5,242,6,24.0,720.0,7270.59,,2026-01-09 08:00:00,system,2026-01-09 08:00:00,system
3976,898,6,369,6,33.0,39.6,257.51,,2026-01-09 08:00:00,system,2026-01-09 08:00:00,system
3977,898,7,781,6,10.0,550.0,11540.9,,2026-01-09 08:00:00,system,2026-01-09 08:00:00,system
3978,899,1,1389,6,2.0,420.0,46245.39,,2026-06-06 08:00:00,system,2026-06-06 08:00:00,system
3979,899,2,336,6,45.0,54.0,296.71,,2026-06-06 08:00:00,system,2026-06-06 08:00:00,system
3980,899,3,973,6,28.0,14.0,195.92,,2026-06-06 08:00:00,system,2026-06-06 08:00:00,system
3981,900,1,1211,6,1.0,210.0,29211.85,,2026-06-03 08:00:00,system,2026-06-03 08:00:00,system
3982,900,2,690,6,2.0,100.0,10118.72,,2026-06-03 08:00:00,system,2026-06-03 08:00:00,system
3983,901,1,1032,6,52.0,260.0,2106.68,,2026-02-05 08:00:00,system,2026-02-05 08:00:00,system
3984,901,2,61,6,90.0,108.0,333.8,,2026-02-05 08:00:00,system,2026-02-05 08:00:00,system
3985,901,3,1148,1,6.0,6000.0,133.86,,2026-02-05 08:00:00,system,2026-02-05 08:00:00,system
3986,901,4,367,6,60.0,48.0,203.79,,2026-02-05 08:00:00,system,2026-02-05 08:00:00,system
3987,901,5,861,1,4.0,2000.0,212.03,,2026-02-05 08:00:00,system,2026-02-05 08:00:00,system
3988,902,1,245,6,6.0,1080.0,39032.09,,2026-04-05 08:00:00,system,2026-04-05 08:00:00,system
3989,902,2,1413,6,24.0,720.0,6231.17,,2026-04-05 08:00:00,system,2026-04-05 08:00:00,system
3990,902,3,1071,6,6.0,108.0,6495.0,,2026-04-05 08:00:00,system,2026-04-05 08:00:00,system
3991,902,4,108,6,10.0,550.0,12885.41,,2026-04-05 08:00:00,system,2026-04-05 08:00:00,system
3992,902,5,453,6,8.0,400.0,11351.68,,2026-04-05 08:00:00,system,2026-04-05 08:00:00,system
3993,902,6,980,6,10.0,1800.0,61528.9,,2026-04-05 08:00:00,system,2026-04-05 08:00:00,system
3994,903,1,11,6,12.0,2160.0,43812.93,,2026-04-24 08:00:00,system,2026-04-24 08:00:00,system
3995,903,2,425,6,6.0,60.0,2498.01,,2026-04-24 08:00:00,system,2026-04-24 08:00:00,system
3996,903,3,516,6,2.0,360.0,35782.14,,2026-04-24 08:00:00,system,2026-04-24 08:00:00,system
3997,903,4,610,6,21.0,315.0,3135.46,,2026-04-24 08:00:00,system,2026-04-24 08:00:00,system
3998,903,5,1231,6,30.0,300.0,1583.64,,2026-04-24 08:00:00,system,2026-04-24 08:00:00,system
3999,903,6,1180,6,14.0,140.0,1578.66,,2026-04-24 08:00:00,system,2026-04-24 08:00:00,system
4000,904,1,361,6,18.0,540.0,7108.35,,2026-06-02 08:00:00,system,2026-06-02 08:00:00,system
4001,904,2,1065,6,23.0,9.2,143.51,,2026-06-02 08:00:00,system,2026-06-02 08:00:00,system
4002,904,3,718,1,8.0,4000.0,166.43,,2026-06-02 08:00:00,system,2026-06-02 08:00:00,system
4003,904,4,359,6,6.0,120.0,4490.08,,2026-06-02 08:00:00,system,2026-06-02 08:00:00,system
4004,904,5,1280,6,4.0,220.0,17311.87,,2026-06-02 08:00:00,system,2026-06-02 08:00:00,system
4005,905,1,646,6,40.0,200.0,994.29,,2026-03-10 08:00:00,system,2026-03-10 08:00:00,system
4006,905,2,368,6,16.0,16.0,234.08,,2026-03-10 08:00:00,system,2026-03-10 08:00:00,system
4007,906,1,2,6,70.0,210.0,781.49,,2026-05-01 08:00:00,system,2026-05-01 08:00:00,system
4008,906,2,285,1,2.0,2000.0,223.1,,2026-05-01 08:00:00,system,2026-05-01 08:00:00,system
4009,906,3,501,6,2.0,110.0,10935.89,,2026-05-01 08:00:00,system,2026-05-01 08:00:00,system
4010,906,4,1182,6,4.0,220.0,8676.3,,2026-05-01 08:00:00,system,2026-05-01 08:00:00,system
4011,906,5,1449,6,32.0,800.0,5870.51,,2026-05-01 08:00:00,system,2026-05-01 08:00:00,system
4012,906,6,676,6,6.0,300.0,10543.16,,2026-05-01 08:00:00,system,2026-05-01 08:00:00,system
4013,906,7,18,6,21.0,105.0,1249.59,,2026-05-01 08:00:00,system,2026-05-01 08:00:00,system
4014,906,8,852,6,35.0,350.0,2269.18,,2026-05-01 08:00:00,system,2026-05-01 08:00:00,system
4015,906,9,496,6,14.0,140.0,2400.35,,2026-05-01 08:00:00,system,2026-05-01 08:00:00,system
4016,906,10,135,6,28.0,700.0,6322.72,,2026-05-01 08:00:00,system,2026-05-01 08:00:00,system
4017,906,11,358,6,21.0,315.0,3381.19,,2026-05-01 08:00:00,system,2026-05-01 08:00:00,system
4018,906,12,1398,6,14.0,350.0,5707.04,,2026-05-01 08:00:00,system,2026-05-01 08:00:00,system
4019,906,13,193,6,30.0,90.0,746.67,,2026-05-01 08:00:00,system,2026-05-01 08:00:00,system
4020,906,14,324,6,14.0,140.0,2402.71,,2026-05-01 08:00:00,system,2026-05-01 08:00:00,system
4021,906,15,268,6,9.0,1620.0,45316.19,,2026-05-01 08:00:00,system,2026-05-01 08:00:00,system
4022,907,1,801,6,15.0,825.0,12707.27,,2026-02-12 08:00:00,system,2026-02-12 08:00:00,system
4023,907,2,100,6,70.0,210.0,739.62,,2026-02-12 08:00:00,system,2026-02-12 08:00:00,system
4024,907,3,702,6,12.0,300.0,5006.75,,2026-02-12 08:00:00,system,2026-02-12 08:00:00,system
4025,907,4,845,6,4.0,840.0,44789.19,,2026-02-12 08:00:00,system,2026-02-12 08:00:00,system
4026,907,5,637,6,7.0,210.0,5991.99,,2026-02-12 08:00:00,system,2026-02-12 08:00:00,system
4027,908,1,754,6,6.0,1080.0,35069.09,,2026-06-26 08:00:00,system,2026-06-26 08:00:00,system
4028,909,1,492,6,50.0,50.0,224.12,,2026-05-05 08:00:00,system,2026-05-05 08:00:00,system
4029,910,1,392,6,22.0,26.4,271.61,,2026-05-03 08:00:00,system,2026-05-03 08:00:00,system
4030,910,2,1286,6,65.0,325.0,1507.89,,2026-05-03 08:00:00,system,2026-05-03 08:00:00,system
4031,910,3,1313,6,3.0,630.0,65824.58,,2026-05-03 08:00:00,system,2026-05-03 08:00:00,system
4032,910,4,1168,6,5.0,50.0,1410.05,,2026-05-03 08:00:00,system,2026-05-03 08:00:00,system
4033,910,5,991,6,20.0,10.0,179.95,,2026-05-03 08:00:00,system,2026-05-03 08:00:00,system
4034,910,6,492,6,20.0,20.0,224.12,,2026-05-03 08:00:00,system,2026-05-03 08:00:00,system
4035,910,7,1381,6,24.0,240.0,2170.64,,2026-05-03 08:00:00,system,2026-05-03 08:00:00,system
4036,911,1,118,6,24.0,360.0,3620.9,,2026-06-08 08:00:00,system,2026-06-08 08:00:00,system
4037,911,2,382,6,26.0,20.8,183.66,,2026-06-08 08:00:00,system,2026-06-08 08:00:00,system
4038,911,3,785,1,2.0,2000.0,194.02,,2026-06-08 08:00:00,system,2026-06-08 08:00:00,system
4039,911,4,156,6,8.0,440.0,13824.28,,2026-06-08 08:00:00,system,2026-06-08 08:00:00,system
4040,911,5,1139,6,8.0,80.0,3665.14,,2026-06-08 08:00:00,system,2026-06-08 08:00:00,system
4041,911,6,335,6,44.0,44.0,229.51,,2026-06-08 08:00:00,system,2026-06-08 08:00:00,system
4042,911,7,730,6,8.0,1440.0,30933.17,,2026-06-08 08:00:00,system,2026-06-08 08:00:00,system
4043,912,1,949,6,6.0,120.0,3969.39,,2026-03-01 08:00:00,system,2026-03-01 08:00:00,system
4044,913,1,769,6,5.0,1050.0,49055.67,,2026-02-08 08:00:00,system,2026-02-08 08:00:00,system
4045,913,2,350,6,60.0,60.0,241.05,,2026-02-08 08:00:00,system,2026-02-08 08:00:00,system
4046,913,3,459,6,70.0,70.0,257.95,,2026-02-08 08:00:00,system,2026-02-08 08:00:00,system
4047,913,4,46,6,14.0,16.8,319.49,,2026-02-08 08:00:00,system,2026-02-08 08:00:00,system
4048,914,1,601,6,10.0,550.0,10408.64,,2026-02-22 08:00:00,system,2026-02-22 08:00:00,system
4049,914,2,1339,6,2.0,110.0,16604.06,,2026-02-22 08:00:00,system,2026-02-22 08:00:00,system
4050,914,3,314,6,2.0,100.0,11285.89,,2026-02-22 08:00:00,system,2026-02-22 08:00:00,system
4051,914,4,994,6,55.0,275.0,1872.25,,2026-02-22 08:00:00,system,2026-02-22 08:00:00,system
4052,914,5,662,6,15.0,225.0,2894.54,,2026-02-22 08:00:00,system,2026-02-22 08:00:00,system
4053,914,6,73,6,18.0,270.0,3559.06,,2026-02-22 08:00:00,system,2026-02-22 08:00:00,system
4054,914,7,1048,6,44.0,44.0,365.01,,2026-02-22 08:00:00,system,2026-02-22 08:00:00,system
4055,915,1,1062,6,20.0,360.0,7232.16,,2026-03-02 08:00:00,system,2026-03-02 08:00:00,system
4056,915,2,256,6,64.0,51.2,212.1,,2026-03-02 08:00:00,system,2026-03-02 08:00:00,system
4057,915,3,847,1,6.0,3000.0,197.85,,2026-03-02 08:00:00,system,2026-03-02 08:00:00,system
4058,916,1,269,6,1.0,210.0,52473.61,,2026-06-27 08:00:00,system,2026-06-27 08:00:00,system
4059,916,2,369,6,56.0,67.2,282.81,,2026-06-27 08:00:00,system,2026-06-27 08:00:00,system
4060,916,3,1025,6,12.0,600.0,19985.37,,2026-06-27 08:00:00,system,2026-06-27 08:00:00,system
4061,916,4,1409,6,12.0,120.0,2298.36,,2026-06-27 08:00:00,system,2026-06-27 08:00:00,system
4062,916,5,268,6,3.0,540.0,42570.21,,2026-06-27 08:00:00,system,2026-06-27 08:00:00,system
4063,917,1,329,6,2.0,100.0,10873.84,,2026-06-16 08:00:00,system,2026-06-16 08:00:00,system
4064,917,2,1316,1,4.0,4000.0,305.61,,2026-06-16 08:00:00,system,2026-06-16 08:00:00,system
4065,917,3,1477,6,6.0,30.0,1057.27,,2026-06-16 08:00:00,system,2026-06-16 08:00:00,system
4066,917,4,960,6,24.0,120.0,1084.82,,2026-06-16 08:00:00,system,2026-06-16 08:00:00,system
4067,917,5,1439,6,8.0,1440.0,34454.51,,2026-06-16 08:00:00,system,2026-06-16 08:00:00,system
4068,917,6,1423,6,30.0,300.0,2204.13,,2026-06-16 08:00:00,system,2026-06-16 08:00:00,system
4069,917,7,1162,6,4.0,220.0,7584.8,,2026-06-16 08:00:00,system,2026-06-16 08:00:00,system
4070,917,8,1327,6,48.0,240.0,1570.17,,2026-06-16 08:00:00,system,2026-06-16 08:00:00,system
4071,918,1,425,6,12.0,120.0,2498.01,,2026-03-21 08:00:00,system,2026-03-21 08:00:00,system
4072,919,1,272,6,44.0,44.0,245.67,,2026-03-23 08:00:00,system,2026-03-23 08:00:00,system
4073,919,2,1417,6,2.0,420.0,42326.35,,2026-03-23 08:00:00,system,2026-03-23 08:00:00,system
4074,919,3,1400,6,4.0,200.0,10700.86,,2026-03-23 08:00:00,system,2026-03-23 08:00:00,system
4075,919,4,718,1,4.0,2000.0,166.43,,2026-03-23 08:00:00,system,2026-03-23 08:00:00,system
4076,920,1,659,6,40.0,120.0,577.27,,2026-05-27 08:00:00,system,2026-05-27 08:00:00,system
4077,920,2,240,6,30.0,600.0,4679.66,,2026-05-27 08:00:00,system,2026-05-27 08:00:00,system
4078,920,3,180,6,21.0,210.0,2307.09,,2026-05-27 08:00:00,system,2026-05-27 08:00:00,system
4079,920,4,1159,6,10.0,50.0,672.85,,2026-05-27 08:00:00,system,2026-05-27 08:00:00,system
4080,920,5,651,6,30.0,900.0,5938.36,,2026-05-27 08:00:00,system,2026-05-27 08:00:00,system
4081,920,6,877,1,2.0,4000.0,196.31,,2026-05-27 08:00:00,system,2026-05-27 08:00:00,system
4082,921,1,1392,1,8.0,16000.0,183.71,,2026-05-21 08:00:00,system,2026-05-21 08:00:00,system
4083,921,2,268,6,2.0,360.0,39022.25,,2026-05-21 08:00:00,system,2026-05-21 08:00:00,system
4084,921,3,665,6,20.0,600.0,5695.37,,2026-05-21 08:00:00,system,2026-05-21 08:00:00,system
4085,921,4,240,6,12.0,240.0,4670.54,,2026-05-21 08:00:00,system,2026-05-21 08:00:00,system
4086,922,1,655,6,1.0,210.0,37499.96,,2026-04-24 08:00:00,system,2026-04-24 08:00:00,system
4087,923,1,547,1,4.0,2000.0,202.11,,2026-01-06 08:00:00,system,2026-01-06 08:00:00,system
4088,923,2,714,6,6.0,300.0,10477.5,,2026-01-06 08:00:00,system,2026-01-06 08:00:00,system
4089,923,3,681,1,8.0,8000.0,187.92,,2026-01-06 08:00:00,system,2026-01-06 08:00:00,system
4090,924,1,1073,6,6.0,1080.0,58112.76,,2026-02-10 08:00:00,system,2026-02-10 08:00:00,system
4091,924,2,346,6,6.0,1080.0,38526.22,,2026-02-10 08:00:00,system,2026-02-10 08:00:00,system
4092,924,3,1170,6,8.0,440.0,7822.66,,2026-02-10 08:00:00,system,2026-02-10 08:00:00,system
4093,924,4,554,6,10.0,200.0,3633.19,,2026-02-10 08:00:00,system,2026-02-10 08:00:00,system
4094,925,1,1096,6,13.0,26.0,742.03,,2026-02-18 08:00:00,system,2026-02-18 08:00:00,system
4095,925,2,205,6,28.0,33.6,285.14,,2026-02-18 08:00:00,system,2026-02-18 08:00:00,system
4096,925,3,1159,6,20.0,100.0,672.85,,2026-02-18 08:00:00,system,2026-02-18 08:00:00,system
4097,926,1,997,6,2.0,100.0,16928.61,,2026-04-14 08:00:00,system,2026-04-14 08:00:00,system
4098,926,2,542,6,4.0,200.0,9083.41,,2026-04-14 08:00:00,system,2026-04-14 08:00:00,system
4099,926,3,1179,6,70.0,350.0,698.05,,2026-04-14 08:00:00,system,2026-04-14 08:00:00,system
4100,927,1,570,6,18.0,540.0,6494.22,,2026-03-20 08:00:00,system,2026-03-20 08:00:00,system
4101,927,2,339,6,18.0,180.0,2330.66,,2026-03-20 08:00:00,system,2026-03-20 08:00:00,system
4102,927,3,217,1,8.0,8000.0,256.89,,2026-03-20 08:00:00,system,2026-03-20 08:00:00,system
4103,927,4,1146,6,15.0,825.0,8996.18,,2026-03-20 08:00:00,system,2026-03-20 08:00:00,system
4104,927,5,294,6,27.0,675.0,6810.8,,2026-03-20 08:00:00,system,2026-03-20 08:00:00,system
4105,927,6,84,6,13.0,15.6,304.54,,2026-03-20 08:00:00,system,2026-03-20 08:00:00,system
4106,927,7,894,6,35.0,175.0,1194.96,,2026-03-20 08:00:00,system,2026-03-20 08:00:00,system
4107,927,8,24,6,6.0,300.0,12855.37,,2026-03-20 08:00:00,system,2026-03-20 08:00:00,system
4108,928,1,276,6,8.0,80.0,2640.19,,2026-03-31 08:00:00,system,2026-03-31 08:00:00,system
4109,928,2,1038,6,42.0,21.0,193.6,,2026-03-31 08:00:00,system,2026-03-31 08:00:00,system
4110,929,1,678,6,15.0,2700.0,34737.8,,2026-02-02 08:00:00,system,2026-02-02 08:00:00,system
4111,929,2,244,6,2.0,110.0,15324.83,,2026-02-02 08:00:00,system,2026-02-02 08:00:00,system
4112,929,3,769,6,1.0,210.0,49055.67,,2026-02-02 08:00:00,system,2026-02-02 08:00:00,system
4113,929,4,951,6,8.0,240.0,7255.29,,2026-02-02 08:00:00,system,2026-02-02 08:00:00,system
4114,929,5,268,6,9.0,1620.0,43267.47,,2026-02-02 08:00:00,system,2026-02-02 08:00:00,system
4115,929,6,1239,6,9.0,90.0,1479.82,,2026-02-02 08:00:00,system,2026-02-02 08:00:00,system
4116,930,1,350,6,60.0,60.0,221.68,,2026-06-11 08:00:00,system,2026-06-11 08:00:00,system
4117,931,1,1139,6,15.0,150.0,3726.07,,2026-06-25 08:00:00,system,2026-06-25 08:00:00,system
4118,931,2,939,6,3.0,165.0,12826.67,,2026-06-25 08:00:00,system,2026-06-25 08:00:00,system
4119,931,3,1231,6,40.0,400.0,1493.71,,2026-06-25 08:00:00,system,2026-06-25 08:00:00,system
4120,931,4,260,6,21.0,105.0,1349.81,,2026-06-25 08:00:00,system,2026-06-25 08:00:00,system
4121,931,5,623,6,40.0,400.0,2036.98,,2026-06-25 08:00:00,system,2026-06-25 08:00:00,system
4122,931,6,533,1,3.0,3000.0,191.21,,2026-06-25 08:00:00,system,2026-06-25 08:00:00,system
4123,931,7,1440,6,2.0,420.0,42934.48,,2026-06-25 08:00:00,system,2026-06-25 08:00:00,system
4124,931,8,403,6,2.0,420.0,46177.61,,2026-06-25 08:00:00,system,2026-06-25 08:00:00,system
4125,931,9,713,6,21.0,630.0,5879.42,,2026-06-25 08:00:00,system,2026-06-25 08:00:00,system
4126,931,10,1219,6,4.0,840.0,29011.9,,2026-06-25 08:00:00,system,2026-06-25 08:00:00,system
4127,931,11,1099,6,20.0,360.0,7156.74,,2026-06-25 08:00:00,system,2026-06-25 08:00:00,system
4128,931,12,1450,6,16.0,480.0,6710.08,,2026-06-25 08:00:00,system,2026-06-25 08:00:00,system
4129,931,13,624,6,40.0,600.0,3086.74,,2026-06-25 08:00:00,system,2026-06-25 08:00:00,system
4130,931,14,847,1,6.0,3000.0,210.8,,2026-06-25 08:00:00,system,2026-06-25 08:00:00,system
4131,932,1,962,6,12.0,180.0,3035.01,,2026-06-28 08:00:00,system,2026-06-28 08:00:00,system
4132,932,2,1321,6,6.0,330.0,17898.03,,2026-06-28 08:00:00,system,2026-06-28 08:00:00,system
4133,932,3,1328,6,14.0,280.0,6190.81,,2026-06-28 08:00:00,system,2026-06-28 08:00:00,system
4134,932,4,1497,6,6.0,300.0,10049.83,,2026-06-28 08:00:00,system,2026-06-28 08:00:00,system
4135,932,5,1302,6,21.0,420.0,6486.12,,2026-06-28 08:00:00,system,2026-06-28 08:00:00,system
4136,933,1,583,6,14.0,350.0,4927.44,,2026-01-22 08:00:00,system,2026-01-22 08:00:00,system
4137,934,1,191,6,56.0,56.0,263.53,,2026-01-08 08:00:00,system,2026-01-08 08:00:00,system
4138,934,2,713,6,28.0,840.0,6235.2,,2026-01-08 08:00:00,system,2026-01-08 08:00:00,system
4139,935,1,340,6,7.0,105.0,3390.86,,2026-04-28 08:00:00,system,2026-04-28 08:00:00,system
4140,935,2,1093,6,120.0,48.0,162.98,,2026-04-28 08:00:00,system,2026-04-28 08:00:00,system
4141,936,1,1405,1,4.0,4000.0,193.6,,2026-03-22 08:00:00,system,2026-03-22 08:00:00,system
4142,937,1,435,6,15.0,300.0,4427.91,,2026-03-05 08:00:00,system,2026-03-05 08:00:00,system
4143,938,1,696,1,4.0,8000.0,163.67,,2026-03-29 08:00:00,system,2026-03-29 08:00:00,system
4144,938,2,300,1,4.0,4000.0,226.64,,2026-03-29 08:00:00,system,2026-03-29 08:00:00,system
4145,938,3,235,6,24.0,28.8,289.46,,2026-03-29 08:00:00,system,2026-03-29 08:00:00,system
4146,938,4,655,6,5.0,1050.0,39192.59,,2026-03-29 08:00:00,system,2026-03-29 08:00:00,system
4147,938,5,1280,6,2.0,110.0,17430.54,,2026-03-29 08:00:00,system,2026-03-29 08:00:00,system
4148,939,1,245,6,2.0,360.0,42511.96,,2026-01-24 08:00:00,system,2026-01-24 08:00:00,system
4149,939,2,212,6,24.0,720.0,7367.25,,2026-01-24 08:00:00,system,2026-01-24 08:00:00,system
4150,939,3,680,1,4.0,2000.0,191.57,,2026-01-24 08:00:00,system,2026-01-24 08:00:00,system
4151,939,4,845,6,3.0,630.0,44768.92,,2026-01-24 08:00:00,system,2026-01-24 08:00:00,system
4152,939,5,214,6,12.0,660.0,14540.65,,2026-01-24 08:00:00,system,2026-01-24 08:00:00,system
4153,939,6,1496,6,24.0,720.0,7107.92,,2026-01-24 08:00:00,system,2026-01-24 08:00:00,system
4154,940,1,596,6,18.0,270.0,2999.22,,2026-02-13 08:00:00,system,2026-02-13 08:00:00,system
4155,940,2,689,6,7.0,210.0,5830.02,,2026-02-13 08:00:00,system,2026-02-13 08:00:00,system
4156,940,3,424,6,21.0,105.0,1222.88,,2026-02-13 08:00:00,system,2026-02-13 08:00:00,system
4157,940,4,1240,6,21.0,420.0,3156.85,,2026-02-13 08:00:00,system,2026-02-13 08:00:00,system
4158,941,1,645,6,33.0,99.0,536.93,,2026-03-17 08:00:00,system,2026-03-17 08:00:00,system
4159,941,2,544,6,6.0,1080.0,31720.38,,2026-03-17 08:00:00,system,2026-03-17 08:00:00,system
4160,941,3,237,6,12.0,60.0,1253.2,,2026-03-17 08:00:00,system,2026-03-17 08:00:00,system
4161,941,4,1183,6,1.0,210.0,29027.69,,2026-03-17 08:00:00,system,2026-03-17 08:00:00,system
4162,941,5,78,6,10.0,550.0,12433.3,,2026-03-17 08:00:00,system,2026-03-17 08:00:00,system
4163,941,6,1115,6,28.0,140.0,1811.57,,2026-03-17 08:00:00,system,2026-03-17 08:00:00,system
4164,941,7,872,6,4.0,220.0,11849.77,,2026-03-17 08:00:00,system,2026-03-17 08:00:00,system
4165,941,8,120,6,18.0,450.0,5825.51,,2026-03-17 08:00:00,system,2026-03-17 08:00:00,system
4166,941,9,59,6,42.0,33.6,186.99,,2026-03-17 08:00:00,system,2026-03-17 08:00:00,system
4167,941,10,1221,6,55.0,55.0,137.77,,2026-03-17 08:00:00,system,2026-03-17 08:00:00,system
4168,942,1,73,6,18.0,270.0,3559.06,,2026-04-05 08:00:00,system,2026-04-05 08:00:00,system
4169,942,2,199,6,2.0,110.0,12750.78,,2026-04-05 08:00:00,system,2026-04-05 08:00:00,system
4170,942,3,1438,6,4.0,220.0,11903.36,,2026-04-05 08:00:00,system,2026-04-05 08:00:00,system
4171,942,4,21,6,18.0,360.0,4761.36,,2026-04-05 08:00:00,system,2026-04-05 08:00:00,system
4172,942,5,1342,1,4.0,4000.0,297.75,,2026-04-05 08:00:00,system,2026-04-05 08:00:00,system
4173,943,1,894,6,14.0,70.0,1194.96,,2026-06-19 08:00:00,system,2026-06-19 08:00:00,system
4174,944,1,246,6,5.0,1050.0,52273.2,,2026-02-02 08:00:00,system,2026-02-02 08:00:00,system
4175,944,2,616,6,6.0,1080.0,34859.62,,2026-02-02 08:00:00,system,2026-02-02 08:00:00,system
4176,944,3,204,6,28.0,28.0,264.0,,2026-02-02 08:00:00,system,2026-02-02 08:00:00,system
4177,944,4,958,1,4.0,8000.0,206.71,,2026-02-02 08:00:00,system,2026-02-02 08:00:00,system
4178,945,1,1045,6,6.0,1080.0,59895.94,,2026-01-11 08:00:00,system,2026-01-11 08:00:00,system
4179,945,2,1112,6,70.0,35.0,180.13,,2026-01-11 08:00:00,system,2026-01-11 08:00:00,system
4180,945,3,324,6,30.0,300.0,2165.84,,2026-01-11 08:00:00,system,2026-01-11 08:00:00,system
4181,945,4,1154,6,4.0,220.0,7367.47,,2026-01-11 08:00:00,system,2026-01-11 08:00:00,system
4182,945,5,1437,6,8.0,400.0,10340.14,,2026-01-11 08:00:00,system,2026-01-11 08:00:00,system
4183,945,6,1039,6,11.0,11.0,371.4,,2026-01-11 08:00:00,system,2026-01-11 08:00:00,system
4184,945,7,629,6,10.0,550.0,10233.62,,2026-01-11 08:00:00,system,2026-01-11 08:00:00,system
4185,945,8,725,6,24.0,480.0,3737.2,,2026-01-11 08:00:00,system,2026-01-11 08:00:00,system
4186,946,1,1410,6,28.0,420.0,3243.96,,2026-06-25 08:00:00,system,2026-06-25 08:00:00,system
4187,946,2,1434,6,35.0,700.0,3967.01,,2026-06-25 08:00:00,system,2026-06-25 08:00:00,system
4188,946,3,1365,6,2.0,110.0,18437.17,,2026-06-25 08:00:00,system,2026-06-25 08:00:00,system
4189,947,1,649,6,40.0,800.0,4302.99,,2026-04-25 08:00:00,system,2026-04-25 08:00:00,system
4190,947,2,1428,1,2.0,2000.0,200.06,,2026-04-25 08:00:00,system,2026-04-25 08:00:00,system
4191,948,1,895,6,7.0,70.0,1984.08,,2026-06-27 08:00:00,system,2026-06-27 08:00:00,system
4192,949,1,546,6,2.0,420.0,42417.0,,2026-06-25 08:00:00,system,2026-06-25 08:00:00,system
4193,949,2,706,6,8.0,1440.0,36699.36,,2026-06-25 08:00:00,system,2026-06-25 08:00:00,system
4194,950,1,662,6,24.0,360.0,2698.29,,2026-06-15 08:00:00,system,2026-06-15 08:00:00,system
4195,951,1,754,6,6.0,1080.0,35356.49,,2026-06-10 08:00:00,system,2026-06-10 08:00:00,system
4196,951,2,265,6,18.0,540.0,7543.45,,2026-06-10 08:00:00,system,2026-06-10 08:00:00,system
4197,951,3,208,6,28.0,280.0,2508.18,,2026-06-10 08:00:00,system,2026-06-10 08:00:00,system
4198,952,1,371,6,6.0,30.0,1182.94,,2026-04-09 08:00:00,system,2026-04-09 08:00:00,system
4199,952,2,115,6,36.0,108.0,709.9,,2026-04-09 08:00:00,system,2026-04-09 08:00:00,system
4200,952,3,1089,6,4.0,72.0,6504.96,,2026-04-09 08:00:00,system,2026-04-09 08:00:00,system
4201,952,4,1015,6,4.0,72.0,6645.05,,2026-04-09 08:00:00,system,2026-04-09 08:00:00,system
4202,952,5,1432,6,25.0,250.0,2125.43,,2026-04-09 08:00:00,system,2026-04-09 08:00:00,system
4203,952,6,1425,6,6.0,120.0,4339.21,,2026-04-09 08:00:00,system,2026-04-09 08:00:00,system
4204,952,7,629,6,8.0,440.0,10167.66,,2026-04-09 08:00:00,system,2026-04-09 08:00:00,system
4205,952,8,1349,6,2.0,420.0,65330.89,,2026-04-09 08:00:00,system,2026-04-09 08:00:00,system
4206,952,9,501,6,10.0,550.0,10777.0,,2026-04-09 08:00:00,system,2026-04-09 08:00:00,system
4207,952,10,1203,6,5.0,1050.0,29209.88,,2026-04-09 08:00:00,system,2026-04-09 08:00:00,system
4208,953,1,38,6,21.0,630.0,7558.39,,2026-06-23 08:00:00,system,2026-06-23 08:00:00,system
4209,953,2,1425,6,35.0,700.0,4294.63,,2026-06-23 08:00:00,system,2026-06-23 08:00:00,system
4210,953,3,189,1,6.0,6000.0,231.21,,2026-06-23 08:00:00,system,2026-06-23 08:00:00,system
4211,953,4,421,6,24.0,24.0,242.45,,2026-06-23 08:00:00,system,2026-06-23 08:00:00,system
4212,954,1,246,6,5.0,1050.0,52273.2,,2026-05-14 08:00:00,system,2026-05-14 08:00:00,system
4213,954,2,325,6,28.0,420.0,3478.88,,2026-05-14 08:00:00,system,2026-05-14 08:00:00,system
4214,954,3,660,6,28.0,140.0,969.05,,2026-05-14 08:00:00,system,2026-05-14 08:00:00,system
4215,954,4,775,6,14.0,140.0,2384.67,,2026-05-14 08:00:00,system,2026-05-14 08:00:00,system
4216,954,5,1487,1,2.0,1000.0,214.74,,2026-05-14 08:00:00,system,2026-05-14 08:00:00,system
4217,954,6,421,6,60.0,60.0,245.41,,2026-05-14 08:00:00,system,2026-05-14 08:00:00,system
4218,954,7,461,6,56.0,168.0,692.84,,2026-05-14 08:00:00,system,2026-05-14 08:00:00,system
4219,954,8,1180,6,21.0,210.0,1578.66,,2026-05-14 08:00:00,system,2026-05-14 08:00:00,system
4220,954,9,578,6,75.0,225.0,619.22,,2026-05-14 08:00:00,system,2026-05-14 08:00:00,system
4221,954,10,534,1,6.0,12000.0,194.58,,2026-05-14 08:00:00,system,2026-05-14 08:00:00,system
4222,954,11,1445,6,35.0,175.0,1100.03,,2026-05-14 08:00:00,system,2026-05-14 08:00:00,system
4223,955,1,1336,6,60.0,60.0,313.02,,2026-01-21 08:00:00,system,2026-01-21 08:00:00,system
4224,955,2,169,6,21.0,630.0,7287.71,,2026-01-21 08:00:00,system,2026-01-21 08:00:00,system
4225,955,3,906,1,3.0,6000.0,184.92,,2026-01-21 08:00:00,system,2026-01-21 08:00:00,system
4226,955,4,102,6,10.0,100.0,2352.76,,2026-01-21 08:00:00,system,2026-01-21 08:00:00,system
4227,956,1,1193,6,33.0,33.0,134.0,,2026-04-16 08:00:00,system,2026-04-16 08:00:00,system
4228,957,1,722,6,24.0,120.0,1025.87,,2026-03-06 08:00:00,system,2026-03-06 08:00:00,system
4229,958,1,1240,6,30.0,600.0,2980.24,,2026-04-01 08:00:00,system,2026-04-01 08:00:00,system
4230,959,1,382,6,11.0,8.8,166.16,,2026-02-13 08:00:00,system,2026-02-13 08:00:00,system
4231,959,2,469,6,7.0,175.0,5369.25,,2026-02-13 08:00:00,system,2026-02-13 08:00:00,system
4232,959,3,679,6,3.0,630.0,39643.17,,2026-02-13 08:00:00,system,2026-02-13 08:00:00,system
4233,960,1,770,1,6.0,3000.0,212.47,,2026-05-25 08:00:00,system,2026-05-25 08:00:00,system
4234,960,2,466,6,21.0,210.0,2285.08,,2026-05-25 08:00:00,system,2026-05-25 08:00:00,system
4235,960,3,24,6,8.0,400.0,12404.19,,2026-05-25 08:00:00,system,2026-05-25 08:00:00,system
4236,960,4,662,6,24.0,360.0,3069.39,,2026-05-25 08:00:00,system,2026-05-25 08:00:00,system
4237,960,5,329,6,4.0,200.0,12535.66,,2026-05-25 08:00:00,system,2026-05-25 08:00:00,system
4238,960,6,698,6,8.0,40.0,969.21,,2026-05-25 08:00:00,system,2026-05-25 08:00:00,system
4239,960,7,94,6,9.0,1620.0,42403.66,,2026-05-25 08:00:00,system,2026-05-25 08:00:00,system
4240,961,1,1049,6,14.0,28.0,750.67,,2026-05-19 08:00:00,system,2026-05-19 08:00:00,system
4241,961,2,644,1,4.0,8000.0,184.92,,2026-05-19 08:00:00,system,2026-05-19 08:00:00,system
4242,962,1,1497,6,4.0,200.0,10049.83,,2026-03-15 08:00:00,system,2026-03-15 08:00:00,system
4243,962,2,200,6,2.0,360.0,41262.01,,2026-03-15 08:00:00,system,2026-03-15 08:00:00,system
4244,962,3,119,6,12.0,240.0,4733.42,,2026-03-15 08:00:00,system,2026-03-15 08:00:00,system
4245,963,1,232,1,6.0,6000.0,224.63,,2026-06-22 08:00:00,system,2026-06-22 08:00:00,system
4246,963,2,1463,6,4.0,840.0,44515.5,,2026-06-22 08:00:00,system,2026-06-22 08:00:00,system
4247,963,3,661,6,18.0,180.0,1991.85,,2026-06-22 08:00:00,system,2026-06-22 08:00:00,system
4248,964,1,676,6,10.0,500.0,9329.26,,2026-01-19 08:00:00,system,2026-01-19 08:00:00,system
4249,964,2,464,6,20.0,300.0,3218.4,,2026-01-19 08:00:00,system,2026-01-19 08:00:00,system
4250,964,3,1393,6,56.0,168.0,642.0,,2026-01-19 08:00:00,system,2026-01-19 08:00:00,system
4251,964,4,224,6,20.0,300.0,3660.58,,2026-01-19 08:00:00,system,2026-01-19 08:00:00,system
4252,964,5,1310,6,30.0,600.0,6069.09,,2026-01-19 08:00:00,system,2026-01-19 08:00:00,system
4253,964,6,216,6,5.0,1050.0,46629.74,,2026-01-19 08:00:00,system,2026-01-19 08:00:00,system
4254,964,7,209,6,35.0,525.0,3652.23,,2026-01-19 08:00:00,system,2026-01-19 08:00:00,system
4255,964,8,1392,1,4.0,8000.0,183.71,,2026-01-19 08:00:00,system,2026-01-19 08:00:00,system
4256,964,9,977,6,16.0,160.0,3565.11,,2026-01-19 08:00:00,system,2026-01-19 08:00:00,system
4257,964,10,944,1,1.0,2000.0,200.41,,2026-01-19 08:00:00,system,2026-01-19 08:00:00,system
4258,964,11,26,6,4.0,720.0,41972.19,,2026-01-19 08:00:00,system,2026-01-19 08:00:00,system
4259,964,12,816,6,8.0,1440.0,33883.06,,2026-01-19 08:00:00,system,2026-01-19 08:00:00,system
4260,964,13,1085,6,36.0,36.0,365.87,,2026-01-19 08:00:00,system,2026-01-19 08:00:00,system
4261,964,14,1335,6,11.0,55.0,1616.25,,2026-01-19 08:00:00,system,2026-01-19 08:00:00,system
4262,965,1,489,6,2.0,420.0,45855.04,,2026-02-16 08:00:00,system,2026-02-16 08:00:00,system
4263,965,2,300,1,2.0,2000.0,229.63,,2026-02-16 08:00:00,system,2026-02-16 08:00:00,system
4264,965,3,844,6,10.0,1800.0,39708.65,,2026-02-16 08:00:00,system,2026-02-16 08:00:00,system
4265,965,4,706,6,10.0,1800.0,36699.36,,2026-02-16 08:00:00,system,2026-02-16 08:00:00,system
4266,965,5,467,6,18.0,270.0,3650.85,,2026-02-16 08:00:00,system,2026-02-16 08:00:00,system
4267,965,6,112,6,60.0,48.0,201.66,,2026-02-16 08:00:00,system,2026-02-16 08:00:00,system
4268,965,7,1090,6,6.0,300.0,20344.32,,2026-02-16 08:00:00,system,2026-02-16 08:00:00,system
4269,965,8,812,6,21.0,525.0,5817.8,,2026-02-16 08:00:00,system,2026-02-16 08:00:00,system
4270,965,9,191,6,15.0,15.0,263.19,,2026-02-16 08:00:00,system,2026-02-16 08:00:00,system
4271,965,10,440,6,8.0,1440.0,39496.29,,2026-02-16 08:00:00,system,2026-02-16 08:00:00,system
4272,965,11,1109,6,4.0,200.0,20309.43,,2026-02-16 08:00:00,system,2026-02-16 08:00:00,system
4273,965,12,205,6,60.0,72.0,327.44,,2026-02-16 08:00:00,system,2026-02-16 08:00:00,system
4274,965,13,156,6,12.0,660.0,13580.91,,2026-02-16 08:00:00,system,2026-02-16 08:00:00,system
4275,965,14,723,6,30.0,300.0,1958.45,,2026-02-16 08:00:00,system,2026-02-16 08:00:00,system
4276,965,15,1211,6,2.0,420.0,29211.85,,2026-02-16 08:00:00,system,2026-02-16 08:00:00,system
4277,966,1,325,6,28.0,420.0,3411.5,,2026-02-20 08:00:00,system,2026-02-20 08:00:00,system
4278,966,2,568,6,32.0,640.0,3897.17,,2026-02-20 08:00:00,system,2026-02-20 08:00:00,system
4279,966,3,538,6,32.0,480.0,3038.97,,2026-02-20 08:00:00,system,2026-02-20 08:00:00,system
4280,966,4,1026,6,2.0,360.0,63122.96,,2026-02-20 08:00:00,system,2026-02-20 08:00:00,system
4281,966,5,826,6,21.0,525.0,5724.47,,2026-02-20 08:00:00,system,2026-02-20 08:00:00,system
4282,966,6,316,6,9.0,1620.0,41493.28,,2026-02-20 08:00:00,system,2026-02-20 08:00:00,system
4283,967,1,777,6,12.0,240.0,4175.07,,2026-06-02 08:00:00,system,2026-06-02 08:00:00,system
4284,968,1,872,6,10.0,550.0,11140.77,,2026-05-12 08:00:00,system,2026-05-12 08:00:00,system
4285,968,2,1197,6,12.0,240.0,2681.95,,2026-05-12 08:00:00,system,2026-05-12 08:00:00,system
4286,969,1,1231,6,28.0,280.0,1332.8,,2026-06-21 08:00:00,system,2026-06-21 08:00:00,system
4287,969,2,1293,6,14.0,14.0,323.76,,2026-06-21 08:00:00,system,2026-06-21 08:00:00,system
4288,969,3,709,1,6.0,6000.0,165.66,,2026-06-21 08:00:00,system,2026-06-21 08:00:00,system
4289,969,4,1086,6,55.0,110.0,707.94,,2026-06-21 08:00:00,system,2026-06-21 08:00:00,system
4290,969,5,1356,6,21.0,420.0,6093.03,,2026-06-21 08:00:00,system,2026-06-21 08:00:00,system
4291,969,6,1435,6,12.0,300.0,5357.01,,2026-06-21 08:00:00,system,2026-06-21 08:00:00,system
4292,970,1,1444,6,22.0,66.0,639.94,,2026-05-02 08:00:00,system,2026-05-02 08:00:00,system
4293,970,2,580,6,24.0,240.0,1941.95,,2026-05-02 08:00:00,system,2026-05-02 08:00:00,system
4294,970,3,1385,6,14.0,420.0,6489.64,,2026-05-02 08:00:00,system,2026-05-02 08:00:00,system
4295,970,4,435,6,35.0,700.0,4276.86,,2026-05-02 08:00:00,system,2026-05-02 08:00:00,system
4296,970,5,1195,6,30.0,150.0,732.58,,2026-05-02 08:00:00,system,2026-05-02 08:00:00,system
4297,970,6,1222,6,60.0,180.0,424.01,,2026-05-02 08:00:00,system,2026-05-02 08:00:00,system
4298,971,1,940,6,4.0,720.0,35898.26,,2026-04-21 08:00:00,system,2026-04-21 08:00:00,system
4299,971,2,984,6,24.0,48.0,682.54,,2026-04-21 08:00:00,system,2026-04-21 08:00:00,system
4300,971,3,303,1,1.0,1000.0,199.38,,2026-04-21 08:00:00,system,2026-04-21 08:00:00,system
4301,971,4,1432,6,14.0,140.0,2172.57,,2026-04-21 08:00:00,system,2026-04-21 08:00:00,system
4302,971,5,513,6,30.0,900.0,5572.8,,2026-04-21 08:00:00,system,2026-04-21 08:00:00,system
4303,971,6,289,6,44.0,132.0,730.57,,2026-04-21 08:00:00,system,2026-04-21 08:00:00,system
4304,971,7,655,6,3.0,630.0,39192.59,,2026-04-21 08:00:00,system,2026-04-21 08:00:00,system
4305,971,8,1190,6,6.0,330.0,7905.86,,2026-04-21 08:00:00,system,2026-04-21 08:00:00,system
4306,971,9,923,6,28.0,280.0,2181.79,,2026-04-21 08:00:00,system,2026-04-21 08:00:00,system
4307,971,10,838,6,30.0,450.0,3169.73,,2026-04-21 08:00:00,system,2026-04-21 08:00:00,system
4308,972,1,878,6,68.0,204.0,701.36,,2026-04-28 08:00:00,system,2026-04-28 08:00:00,system
4309,972,2,570,6,9.0,270.0,6494.22,,2026-04-28 08:00:00,system,2026-04-28 08:00:00,system
4310,972,3,577,1,8.0,16000.0,195.76,,2026-04-28 08:00:00,system,2026-04-28 08:00:00,system
4311,973,1,146,6,65.0,65.0,269.27,,2026-05-26 08:00:00,system,2026-05-26 08:00:00,system
4312,973,2,996,6,20.0,360.0,7497.61,,2026-05-26 08:00:00,system,2026-05-26 08:00:00,system
4313,974,1,493,6,32.0,38.4,289.39,,2026-06-25 08:00:00,system,2026-06-25 08:00:00,system
4314,974,2,729,6,12.0,660.0,11422.63,,2026-06-25 08:00:00,system,2026-06-25 08:00:00,system
4315,974,3,1263,6,32.0,640.0,2977.99,,2026-06-25 08:00:00,system,2026-06-25 08:00:00,system
4316,974,4,1488,1,8.0,8000.0,213.31,,2026-06-25 08:00:00,system,2026-06-25 08:00:00,system
4317,974,5,644,1,4.0,8000.0,190.57,,2026-06-25 08:00:00,system,2026-06-25 08:00:00,system
4318,974,6,563,1,4.0,8000.0,203.2,,2026-06-25 08:00:00,system,2026-06-25 08:00:00,system
4319,974,7,158,6,3.0,630.0,54679.76,,2026-06-25 08:00:00,system,2026-06-25 08:00:00,system
4320,974,8,1059,6,90.0,450.0,1924.46,,2026-06-25 08:00:00,system,2026-06-25 08:00:00,system
4321,974,9,921,6,14.0,42.0,705.37,,2026-06-25 08:00:00,system,2026-06-25 08:00:00,system
4322,974,10,1214,6,32.0,96.0,467.71,,2026-06-25 08:00:00,system,2026-06-25 08:00:00,system
4323,974,11,744,6,12.0,2160.0,34559.76,,2026-06-25 08:00:00,system,2026-06-25 08:00:00,system
4324,974,12,6,6,16.0,320.0,5365.23,,2026-06-25 08:00:00,system,2026-06-25 08:00:00,system
4325,975,1,769,6,3.0,630.0,43794.72,,2026-02-07 08:00:00,system,2026-02-07 08:00:00,system
4326,975,2,414,6,35.0,1050.0,6380.12,,2026-02-07 08:00:00,system,2026-02-07 08:00:00,system
4327,975,3,794,6,10.0,500.0,10549.6,,2026-02-07 08:00:00,system,2026-02-07 08:00:00,system
4328,976,1,343,6,32.0,960.0,7278.43,,2026-02-20 08:00:00,system,2026-02-20 08:00:00,system
4329,976,2,506,1,3.0,6000.0,180.92,,2026-02-20 08:00:00,system,2026-02-20 08:00:00,system
4330,976,3,553,6,40.0,600.0,3061.06,,2026-02-20 08:00:00,system,2026-02-20 08:00:00,system
4331,977,1,862,1,8.0,8000.0,205.38,,2026-06-05 08:00:00,system,2026-06-05 08:00:00,system
4332,977,2,652,6,6.0,300.0,10730.54,,2026-06-05 08:00:00,system,2026-06-05 08:00:00,system
4333,978,1,29,6,55.0,44.0,186.05,,2026-01-26 08:00:00,system,2026-01-26 08:00:00,system
4334,979,1,450,6,35.0,700.0,4596.2,,2026-02-14 08:00:00,system,2026-02-14 08:00:00,system
4335,979,2,154,6,30.0,900.0,7057.04,,2026-02-14 08:00:00,system,2026-02-14 08:00:00,system
4336,979,3,34,6,14.0,140.0,2428.66,,2026-02-14 08:00:00,system,2026-02-14 08:00:00,system
4337,979,4,861,1,4.0,2000.0,198.76,,2026-02-14 08:00:00,system,2026-02-14 08:00:00,system
4338,979,5,200,6,8.0,1440.0,40600.92,,2026-02-14 08:00:00,system,2026-02-14 08:00:00,system
4339,979,6,319,6,70.0,56.0,166.65,,2026-02-14 08:00:00,system,2026-02-14 08:00:00,system
4340,979,7,1460,6,6.0,300.0,10714.45,,2026-02-14 08:00:00,system,2026-02-14 08:00:00,system
4341,979,8,1121,6,8.0,80.0,3570.82,,2026-02-14 08:00:00,system,2026-02-14 08:00:00,system
4342,979,9,377,6,4.0,200.0,10979.23,,2026-02-14 08:00:00,system,2026-02-14 08:00:00,system
4343,980,1,1143,6,48.0,240.0,674.58,,2026-01-13 08:00:00,system,2026-01-13 08:00:00,system
4344,980,2,1003,6,42.0,84.0,735.11,,2026-01-13 08:00:00,system,2026-01-13 08:00:00,system
4345,980,3,422,6,22.0,26.4,272.78,,2026-01-13 08:00:00,system,2026-01-13 08:00:00,system
4346,980,4,1383,6,35.0,700.0,4391.67,,2026-01-13 08:00:00,system,2026-01-13 08:00:00,system
4347,980,5,1302,6,14.0,280.0,6486.12,,2026-01-13 08:00:00,system,2026-01-13 08:00:00,system
4348,980,6,366,1,4.0,4000.0,202.55,,2026-01-13 08:00:00,system,2026-01-13 08:00:00,system
4349,980,7,31,6,22.0,26.4,299.57,,2026-01-13 08:00:00,system,2026-01-13 08:00:00,system
4350,981,1,620,1,2.0,4000.0,180.27,,2026-06-28 08:00:00,system,2026-06-28 08:00:00,system
4351,981,2,478,6,40.0,48.0,252.28,,2026-06-28 08:00:00,system,2026-06-28 08:00:00,system
4352,981,3,304,6,60.0,48.0,173.15,,2026-06-28 08:00:00,system,2026-06-28 08:00:00,system
4353,982,1,765,6,18.0,540.0,6964.86,,2026-05-04 08:00:00,system,2026-05-04 08:00:00,system
4354,982,2,618,1,6.0,3000.0,176.57,,2026-05-04 08:00:00,system,2026-05-04 08:00:00,system
4355,982,3,255,1,8.0,8000.0,242.76,,2026-05-04 08:00:00,system,2026-05-04 08:00:00,system
4356,982,4,238,6,21.0,210.0,2493.71,,2026-05-04 08:00:00,system,2026-05-04 08:00:00,system
4357,982,5,958,1,8.0,16000.0,208.82,,2026-05-04 08:00:00,system,2026-05-04 08:00:00,system
4358,982,6,352,6,48.0,38.4,183.16,,2026-05-04 08:00:00,system,2026-05-04 08:00:00,system
4359,982,7,882,6,21.0,420.0,4345.83,,2026-05-04 08:00:00,system,2026-05-04 08:00:00,system
4360,982,8,680,1,4.0,2000.0,191.57,,2026-05-04 08:00:00,system,2026-05-04 08:00:00,system
4361,982,9,1056,6,15.0,7.5,191.95,,2026-05-04 08:00:00,system,2026-05-04 08:00:00,system
4362,982,10,1117,6,80.0,40.0,196.32,,2026-05-04 08:00:00,system,2026-05-04 08:00:00,system
4363,982,11,1175,6,5.0,1050.0,29262.51,,2026-05-04 08:00:00,system,2026-05-04 08:00:00,system
4364,982,12,503,6,4.0,840.0,41856.12,,2026-05-04 08:00:00,system,2026-05-04 08:00:00,system
4365,982,13,358,6,35.0,525.0,3381.19,,2026-05-04 08:00:00,system,2026-05-04 08:00:00,system
4366,982,14,526,6,8.0,200.0,4946.09,,2026-05-04 08:00:00,system,2026-05-04 08:00:00,system
4367,982,15,215,6,6.0,1080.0,42558.96,,2026-05-04 08:00:00,system,2026-05-04 08:00:00,system
4368,983,1,1347,6,2.0,110.0,17628.61,,2026-02-13 08:00:00,system,2026-02-13 08:00:00,system
4369,983,2,56,6,4.0,720.0,39458.64,,2026-02-13 08:00:00,system,2026-02-13 08:00:00,system
4370,983,3,1411,6,24.0,480.0,4018.95,,2026-02-13 08:00:00,system,2026-02-13 08:00:00,system
4371,983,4,1286,6,36.0,180.0,1663.88,,2026-02-13 08:00:00,system,2026-02-13 08:00:00,system
4372,983,5,533,1,8.0,8000.0,182.71,,2026-02-13 08:00:00,system,2026-02-13 08:00:00,system
4373,984,1,440,6,8.0,1440.0,38915.01,,2026-03-23 08:00:00,system,2026-03-23 08:00:00,system
4374,984,2,955,6,3.0,630.0,39655.9,,2026-03-23 08:00:00,system,2026-03-23 08:00:00,system
4375,984,3,1489,1,1.0,2000.0,180.67,,2026-03-23 08:00:00,system,2026-03-23 08:00:00,system
4376,985,1,313,6,28.0,840.0,6255.83,,2026-01-22 08:00:00,system,2026-01-22 08:00:00,system
4377,985,2,8,6,12.0,360.0,6935.04,,2026-01-22 08:00:00,system,2026-01-22 08:00:00,system
4378,985,3,1286,6,22.0,110.0,1678.0,,2026-01-22 08:00:00,system,2026-01-22 08:00:00,system
4379,986,1,232,1,6.0,6000.0,209.63,,2026-06-08 08:00:00,system,2026-06-08 08:00:00,system
4380,986,2,127,6,60.0,48.0,184.14,,2026-06-08 08:00:00,system,2026-06-08 08:00:00,system
4381,986,3,916,6,4.0,720.0,36561.65,,2026-06-08 08:00:00,system,2026-06-08 08:00:00,system
4382,986,4,843,6,2.0,110.0,11861.53,,2026-06-08 08:00:00,system,2026-06-08 08:00:00,system
4383,986,5,54,6,4.0,200.0,12265.83,,2026-06-08 08:00:00,system,2026-06-08 08:00:00,system
4384,986,6,1128,6,44.0,88.0,736.8,,2026-06-08 08:00:00,system,2026-06-08 08:00:00,system
4385,986,7,275,6,21.0,105.0,1208.12,,2026-06-08 08:00:00,system,2026-06-08 08:00:00,system
4386,987,1,1268,6,70.0,210.0,473.15,,2026-01-15 08:00:00,system,2026-01-15 08:00:00,system
4387,987,2,261,6,32.0,320.0,2553.42,,2026-01-15 08:00:00,system,2026-01-15 08:00:00,system
4388,987,3,300,1,8.0,8000.0,229.63,,2026-01-15 08:00:00,system,2026-01-15 08:00:00,system
4389,987,4,448,6,35.0,350.0,2413.29,,2026-01-15 08:00:00,system,2026-01-15 08:00:00,system
4390,987,5,191,6,75.0,75.0,263.19,,2026-01-15 08:00:00,system,2026-01-15 08:00:00,system
4391,988,1,1130,6,10.0,100.0,3724.55,,2026-03-03 08:00:00,system,2026-03-03 08:00:00,system
4392,988,2,307,6,36.0,108.0,701.53,,2026-03-03 08:00:00,system,2026-03-03 08:00:00,system
4393,988,3,553,6,35.0,525.0,3064.64,,2026-03-03 08:00:00,system,2026-03-03 08:00:00,system
4394,988,4,594,6,28.0,140.0,1028.64,,2026-03-03 08:00:00,system,2026-03-03 08:00:00,system
4395,988,5,1071,6,4.0,72.0,6804.31,,2026-03-03 08:00:00,system,2026-03-03 08:00:00,system
4396,988,6,152,6,28.0,560.0,5362.18,,2026-03-03 08:00:00,system,2026-03-03 08:00:00,system
4397,988,7,962,6,24.0,360.0,3404.86,,2026-03-03 08:00:00,system,2026-03-03 08:00:00,system
4398,988,8,1387,6,8.0,440.0,12740.42,,2026-03-03 08:00:00,system,2026-03-03 08:00:00,system
4399,989,1,180,6,10.0,100.0,2493.52,,2026-01-22 08:00:00,system,2026-01-22 08:00:00,system
4400,989,2,1205,6,65.0,65.0,146.1,,2026-01-22 08:00:00,system,2026-01-22 08:00:00,system
4401,989,3,1080,6,4.0,72.0,6262.41,,2026-01-22 08:00:00,system,2026-01-22 08:00:00,system
4402,990,1,544,6,2.0,360.0,34010.27,,2026-03-20 08:00:00,system,2026-03-20 08:00:00,system
4403,991,1,808,6,24.0,120.0,1163.99,,2026-05-16 08:00:00,system,2026-05-16 08:00:00,system
4404,991,2,836,6,40.0,200.0,1105.87,,2026-05-16 08:00:00,system,2026-05-16 08:00:00,system
4405,991,3,141,6,8.0,440.0,14707.15,,2026-05-16 08:00:00,system,2026-05-16 08:00:00,system
4406,991,4,1117,6,65.0,32.5,198.62,,2026-05-16 08:00:00,system,2026-05-16 08:00:00,system
4407,992,1,548,1,8.0,8000.0,163.37,,2026-03-26 08:00:00,system,2026-03-26 08:00:00,system
4408,992,2,180,6,20.0,200.0,2493.52,,2026-03-26 08:00:00,system,2026-03-26 08:00:00,system
4409,993,1,662,6,21.0,315.0,2783.27,,2026-03-13 08:00:00,system,2026-03-13 08:00:00,system
4410,993,2,229,6,6.0,330.0,13773.45,,2026-03-13 08:00:00,system,2026-03-13 08:00:00,system
4411,993,3,1473,6,35.0,1050.0,6085.64,,2026-03-13 08:00:00,system,2026-03-13 08:00:00,system
4412,994,1,173,6,5.0,1050.0,45891.06,,2026-04-17 08:00:00,system,2026-04-17 08:00:00,system
4413,994,2,434,6,18.0,270.0,3222.34,,2026-04-17 08:00:00,system,2026-04-17 08:00:00,system
4414,994,3,1206,6,50.0,150.0,403.27,,2026-04-17 08:00:00,system,2026-04-17 08:00:00,system
4415,995,1,977,6,12.0,120.0,3715.72,,2026-04-29 08:00:00,system,2026-04-29 08:00:00,system
4416,995,2,742,6,2.0,100.0,10256.39,,2026-04-29 08:00:00,system,2026-04-29 08:00:00,system
4417,995,3,1130,6,20.0,200.0,3724.55,,2026-04-29 08:00:00,system,2026-04-29 08:00:00,system
4418,995,4,1484,6,4.0,220.0,12046.83,,2026-04-29 08:00:00,system,2026-04-29 08:00:00,system
4419,995,5,15,6,75.0,75.0,256.19,,2026-04-29 08:00:00,system,2026-04-29 08:00:00,system
4420,995,6,429,6,16.0,480.0,7003.88,,2026-04-29 08:00:00,system,2026-04-29 08:00:00,system
4421,995,7,1415,6,10.0,550.0,11977.74,,2026-04-29 08:00:00,system,2026-04-29 08:00:00,system
4422,995,8,638,6,8.0,400.0,10328.93,,2026-04-29 08:00:00,system,2026-04-29 08:00:00,system
4423,995,9,1148,1,2.0,2000.0,144.15,,2026-04-29 08:00:00,system,2026-04-29 08:00:00,system
4424,996,1,1078,6,60.0,300.0,1986.9,,2026-05-13 08:00:00,system,2026-05-13 08:00:00,system
4425,996,2,638,6,12.0,600.0,10298.4,,2026-05-13 08:00:00,system,2026-05-13 08:00:00,system
4426,997,1,1070,6,4.0,40.0,3734.77,,2026-04-14 08:00:00,system,2026-04-14 08:00:00,system
4427,997,2,858,6,10.0,550.0,10899.04,,2026-04-14 08:00:00,system,2026-04-14 08:00:00,system
4428,997,3,639,6,4.0,220.0,9901.57,,2026-04-14 08:00:00,system,2026-04-14 08:00:00,system
4429,997,4,276,6,14.0,140.0,2462.36,,2026-04-14 08:00:00,system,2026-04-14 08:00:00,system
4430,997,5,124,6,2.0,360.0,43059.16,,2026-04-14 08:00:00,system,2026-04-14 08:00:00,system
4431,997,6,1466,1,6.0,12000.0,192.69,,2026-04-14 08:00:00,system,2026-04-14 08:00:00,system
4432,997,7,287,6,36.0,36.0,241.88,,2026-04-14 08:00:00,system,2026-04-14 08:00:00,system
4433,997,8,865,6,25.0,125.0,1037.13,,2026-04-14 08:00:00,system,2026-04-14 08:00:00,system
4434,998,1,1330,6,10.0,1800.0,51801.14,,2026-01-31 08:00:00,system,2026-01-31 08:00:00,system
4435,998,2,624,6,35.0,525.0,2798.14,,2026-01-31 08:00:00,system,2026-01-31 08:00:00,system
4436,998,3,349,6,42.0,33.6,178.3,,2026-01-31 08:00:00,system,2026-01-31 08:00:00,system
4437,998,4,1231,6,35.0,350.0,1332.8,,2026-01-31 08:00:00,system,2026-01-31 08:00:00,system
4438,999,1,711,6,40.0,800.0,4058.0,,2026-03-15 08:00:00,system,2026-03-15 08:00:00,system
4439,999,2,1448,6,14.0,280.0,4767.75,,2026-03-15 08:00:00,system,2026-03-15 08:00:00,system
4440,999,3,884,6,16.0,480.0,6740.76,,2026-03-15 08:00:00,system,2026-03-15 08:00:00,system
4441,999,4,1453,6,13.0,39.0,712.27,,2026-03-15 08:00:00,system,2026-03-15 08:00:00,system
4442,999,5,664,6,24.0,600.0,4985.51,,2026-03-15 08:00:00,system,2026-03-15 08:00:00,system
4443,999,6,1396,6,35.0,525.0,3572.9,,2026-03-15 08:00:00,system,2026-03-15 08:00:00,system
4444,999,7,1241,6,4.0,220.0,8539.29,,2026-03-15 08:00:00,system,2026-03-15 08:00:00,system
4445,999,8,1438,6,6.0,330.0,13041.97,,2026-03-15 08:00:00,system,2026-03-15 08:00:00,system
4446,999,9,702,6,12.0,300.0,5006.75,,2026-03-15 08:00:00,system,2026-03-15 08:00:00,system
4447,1000,1,606,1,8.0,16000.0,177.59,,2026-06-14 08:00:00,system,2026-06-14 08:00:00,system
4448,1000,2,1263,6,18.0,360.0,2720.57,,2026-06-14 08:00:00,system,2026-06-14 08:00:00,system
4449,1000,3,1211,6,3.0,630.0,26336.09,,2026-06-14 08:00:00,system,2026-06-14 08:00:00,system
4450,1000,4,616,6,4.0,720.0,33811.03,,2026-06-14 08:00:00,system,2026-06-14 08:00:00,system
4451,1001,1,490,1,2.0,2000.0,203.33,,2026-04-28 08:00:00,system,2026-04-28 08:00:00,system
4452,1001,2,408,6,48.0,144.0,632.15,,2026-04-28 08:00:00,system,2026-04-28 08:00:00,system
4453,1001,3,1313,6,2.0,420.0,63291.59,,2026-04-28 08:00:00,system,2026-04-28 08:00:00,system
4454,1001,4,896,6,18.0,270.0,2993.78,,2026-04-28 08:00:00,system,2026-04-28 08:00:00,system
4455,1002,1,1484,6,6.0,330.0,11126.28,,2026-06-10 08:00:00,system,2026-06-10 08:00:00,system
4456,1003,1,708,1,2.0,1000.0,196.97,,2026-01-06 08:00:00,system,2026-01-06 08:00:00,system
4457,1003,2,1485,6,15.0,2700.0,39858.56,,2026-01-06 08:00:00,system,2026-01-06 08:00:00,system
4458,1003,3,706,6,2.0,360.0,34944.67,,2026-01-06 08:00:00,system,2026-01-06 08:00:00,system
4459,1003,4,833,1,8.0,8000.0,212.41,,2026-01-06 08:00:00,system,2026-01-06 08:00:00,system
4460,1003,5,1150,6,65.0,195.0,473.51,,2026-01-06 08:00:00,system,2026-01-06 08:00:00,system
4461,1004,1,704,6,10.0,500.0,9704.74,,2026-03-22 08:00:00,system,2026-03-22 08:00:00,system
4462,1005,1,343,6,16.0,480.0,7278.43,,2026-05-12 08:00:00,system,2026-05-12 08:00:00,system
4463,1005,2,1084,6,12.0,6.0,193.95,,2026-05-12 08:00:00,system,2026-05-12 08:00:00,system
4464,1006,1,47,6,11.0,33.0,736.04,,2026-04-01 08:00:00,system,2026-04-01 08:00:00,system
4465,1006,2,536,6,18.0,90.0,990.59,,2026-04-01 08:00:00,system,2026-04-01 08:00:00,system
4466,1006,3,428,6,12.0,300.0,5641.78,,2026-04-01 08:00:00,system,2026-04-01 08:00:00,system
4467,1006,4,1333,1,1.0,2000.0,288.39,,2026-04-01 08:00:00,system,2026-04-01 08:00:00,system
4468,1006,5,1292,1,2.0,4000.0,286.31,,2026-04-01 08:00:00,system,2026-04-01 08:00:00,system
4469,1006,6,1417,6,4.0,840.0,42326.35,,2026-04-01 08:00:00,system,2026-04-01 08:00:00,system
4470,1007,1,318,1,3.0,3000.0,206.21,,2026-05-01 08:00:00,system,2026-05-01 08:00:00,system
4471,1007,2,1299,1,8.0,16000.0,292.03,,2026-05-01 08:00:00,system,2026-05-01 08:00:00,system
4472,1008,1,1363,6,26.0,130.0,1552.05,,2026-02-08 08:00:00,system,2026-02-08 08:00:00,system
4473,1008,2,48,6,24.0,120.0,1147.63,,2026-02-08 08:00:00,system,2026-02-08 08:00:00,system
4474,1008,3,759,6,22.0,66.0,603.19,,2026-02-08 08:00:00,system,2026-02-08 08:00:00,system
4475,1008,4,1383,6,28.0,560.0,4011.96,,2026-02-08 08:00:00,system,2026-02-08 08:00:00,system
4476,1008,5,561,1,2.0,1000.0,171.77,,2026-02-08 08:00:00,system,2026-02-08 08:00:00,system
4477,1008,6,923,6,7.0,70.0,2181.79,,2026-02-08 08:00:00,system,2026-02-08 08:00:00,system
4478,1008,7,2,6,13.0,39.0,719.24,,2026-02-08 08:00:00,system,2026-02-08 08:00:00,system
4479,1008,8,131,6,7.0,35.0,1149.52,,2026-02-08 08:00:00,system,2026-02-08 08:00:00,system
4480,1008,9,1470,6,35.0,525.0,3202.41,,2026-02-08 08:00:00,system,2026-02-08 08:00:00,system
4481,1008,10,1162,6,4.0,220.0,7584.8,,2026-02-08 08:00:00,system,2026-02-08 08:00:00,system
4482,1008,11,1450,6,24.0,720.0,6487.43,,2026-02-08 08:00:00,system,2026-02-08 08:00:00,system
4483,1008,12,1301,6,56.0,280.0,1611.34,,2026-02-08 08:00:00,system,2026-02-08 08:00:00,system
4484,1008,13,896,6,30.0,450.0,2993.78,,2026-02-08 08:00:00,system,2026-02-08 08:00:00,system
4485,1009,1,169,6,8.0,240.0,8232.15,,2026-01-06 08:00:00,system,2026-01-06 08:00:00,system
4486,1010,1,1,6,52.0,62.4,298.89,,2026-03-21 08:00:00,system,2026-03-21 08:00:00,system
4487,1010,2,600,6,8.0,400.0,9762.1,,2026-03-21 08:00:00,system,2026-03-21 08:00:00,system
4488,1010,3,1399,6,20.0,600.0,6310.37,,2026-03-21 08:00:00,system,2026-03-21 08:00:00,system
4489,1010,4,591,1,3.0,3000.0,179.16,,2026-03-21 08:00:00,system,2026-03-21 08:00:00,system
4490,1010,5,360,6,14.0,350.0,5777.33,,2026-03-21 08:00:00,system,2026-03-21 08:00:00,system
4491,1010,6,583,6,14.0,350.0,4927.44,,2026-03-21 08:00:00,system,2026-03-21 08:00:00,system
4492,1011,1,844,6,6.0,1080.0,40347.03,,2026-04-06 08:00:00,system,2026-04-06 08:00:00,system
4493,1011,2,1383,6,24.0,480.0,4381.54,,2026-04-06 08:00:00,system,2026-04-06 08:00:00,system
4494,1011,3,192,6,52.0,62.4,294.21,,2026-04-06 08:00:00,system,2026-04-06 08:00:00,system
4495,1011,4,466,6,28.0,280.0,2284.16,,2026-04-06 08:00:00,system,2026-04-06 08:00:00,system
4496,1011,5,826,6,8.0,200.0,5836.46,,2026-04-06 08:00:00,system,2026-04-06 08:00:00,system
4497,1011,6,280,6,28.0,840.0,7456.4,,2026-04-06 08:00:00,system,2026-04-06 08:00:00,system
4498,1012,1,601,6,6.0,330.0,12746.58,,2026-06-13 08:00:00,system,2026-06-13 08:00:00,system
4499,1012,2,908,6,10.0,50.0,1279.55,,2026-06-13 08:00:00,system,2026-06-13 08:00:00,system
4500,1012,3,655,6,1.0,210.0,42009.07,,2026-06-13 08:00:00,system,2026-06-13 08:00:00,system
4501,1012,4,539,6,24.0,480.0,4150.13,,2026-06-13 08:00:00,system,2026-06-13 08:00:00,system
4502,1012,5,893,6,33.0,99.0,711.91,,2026-06-13 08:00:00,system,2026-06-13 08:00:00,system
4503,1012,6,1238,6,9.0,45.0,817.14,,2026-06-13 08:00:00,system,2026-06-13 08:00:00,system
4504,1012,7,630,6,2.0,360.0,38868.56,,2026-06-13 08:00:00,system,2026-06-13 08:00:00,system
4505,1012,8,806,1,2.0,4000.0,219.82,,2026-06-13 08:00:00,system,2026-06-13 08:00:00,system
4506,1012,9,1279,6,10.0,200.0,7446.62,,2026-06-13 08:00:00,system,2026-06-13 08:00:00,system
4507,1012,10,465,6,10.0,200.0,5147.98,,2026-06-13 08:00:00,system,2026-06-13 08:00:00,system
4508,1012,11,308,6,18.0,90.0,1348.76,,2026-06-13 08:00:00,system,2026-06-13 08:00:00,system
4509,1012,12,1247,6,15.0,150.0,1601.21,,2026-06-13 08:00:00,system,2026-06-13 08:00:00,system
4510,1012,13,479,6,30.0,90.0,776.29,,2026-06-13 08:00:00,system,2026-06-13 08:00:00,system
4511,1013,1,495,6,7.0,35.0,1242.18,,2026-02-07 08:00:00,system,2026-02-07 08:00:00,system
4512,1013,2,505,1,1.0,1000.0,196.5,,2026-02-07 08:00:00,system,2026-02-07 08:00:00,system
4513,1013,3,665,6,14.0,420.0,6191.92,,2026-02-07 08:00:00,system,2026-02-07 08:00:00,system
4514,1014,1,417,6,2.0,360.0,36763.79,,2026-03-13 08:00:00,system,2026-03-13 08:00:00,system
4515,1014,2,1313,6,2.0,420.0,63291.59,,2026-03-13 08:00:00,system,2026-03-13 08:00:00,system
4516,1014,3,545,6,1.0,210.0,39497.8,,2026-03-13 08:00:00,system,2026-03-13 08:00:00,system
4517,1014,4,168,6,20.0,500.0,5765.5,,2026-03-13 08:00:00,system,2026-03-13 08:00:00,system
4518,1014,5,567,6,14.0,210.0,2681.15,,2026-03-13 08:00:00,system,2026-03-13 08:00:00,system
4519,1014,6,303,1,2.0,2000.0,199.38,,2026-03-13 08:00:00,system,2026-03-13 08:00:00,system
4520,1015,1,168,6,12.0,300.0,6202.63,,2026-03-23 08:00:00,system,2026-03-23 08:00:00,system
4521,1015,2,1349,6,3.0,630.0,61649.18,,2026-03-23 08:00:00,system,2026-03-23 08:00:00,system
4522,1016,1,875,1,6.0,3000.0,217.78,,2026-05-29 08:00:00,system,2026-05-29 08:00:00,system
4523,1016,2,438,6,2.0,100.0,12164.9,,2026-05-29 08:00:00,system,2026-05-29 08:00:00,system
4524,1016,3,485,6,24.0,720.0,7437.46,,2026-05-29 08:00:00,system,2026-05-29 08:00:00,system
4525,1016,4,1118,6,36.0,36.0,396.52,,2026-05-29 08:00:00,system,2026-05-29 08:00:00,system
4526,1016,5,1150,6,15.0,45.0,468.03,,2026-05-29 08:00:00,system,2026-05-29 08:00:00,system
4527,1017,1,330,6,2.0,110.0,12683.84,,2026-05-06 08:00:00,system,2026-05-06 08:00:00,system
4528,1017,2,1477,6,12.0,60.0,1001.28,,2026-05-06 08:00:00,system,2026-05-06 08:00:00,system
4529,1017,3,1094,6,60.0,30.0,172.98,,2026-05-06 08:00:00,system,2026-05-06 08:00:00,system
4530,1017,4,322,6,13.0,39.0,657.63,,2026-05-06 08:00:00,system,2026-05-06 08:00:00,system
4531,1017,5,1328,6,14.0,280.0,6642.5,,2026-05-06 08:00:00,system,2026-05-06 08:00:00,system
4532,1017,6,999,6,66.0,26.4,136.78,,2026-05-06 08:00:00,system,2026-05-06 08:00:00,system
4533,1017,7,311,6,5.0,100.0,4582.83,,2026-05-06 08:00:00,system,2026-05-06 08:00:00,system
4534,1017,8,966,6,8.0,400.0,10237.01,,2026-05-06 08:00:00,system,2026-05-06 08:00:00,system
4535,1017,9,1292,1,2.0,4000.0,286.31,,2026-05-06 08:00:00,system,2026-05-06 08:00:00,system
4536,1017,10,542,6,6.0,300.0,9158.1,,2026-05-06 08:00:00,system,2026-05-06 08:00:00,system
4537,1018,1,308,6,25.0,125.0,1069.25,,2026-02-21 08:00:00,system,2026-02-21 08:00:00,system
4538,1018,2,1305,6,2.0,420.0,63328.24,,2026-02-21 08:00:00,system,2026-02-21 08:00:00,system
4539,1018,3,573,6,2.0,360.0,31919.78,,2026-02-21 08:00:00,system,2026-02-21 08:00:00,system
4540,1018,4,981,6,84.0,33.6,145.58,,2026-02-21 08:00:00,system,2026-02-21 08:00:00,system
4541,1019,1,1040,6,75.0,150.0,757.48,,2026-06-06 08:00:00,system,2026-06-06 08:00:00,system
4542,1020,1,1411,6,12.0,240.0,4018.95,,2026-01-22 08:00:00,system,2026-01-22 08:00:00,system
4543,1020,2,162,6,56.0,67.2,279.49,,2026-01-22 08:00:00,system,2026-01-22 08:00:00,system
4544,1020,3,259,6,48.0,144.0,740.23,,2026-01-22 08:00:00,system,2026-01-22 08:00:00,system
4545,1020,4,676,6,8.0,400.0,9329.26,,2026-01-22 08:00:00,system,2026-01-22 08:00:00,system
4546,1020,5,1293,6,28.0,28.0,323.76,,2026-01-22 08:00:00,system,2026-01-22 08:00:00,system
4547,1021,1,659,6,40.0,120.0,577.27,,2026-04-03 08:00:00,system,2026-04-03 08:00:00,system
4548,1021,2,1047,6,12.0,6.0,169.21,,2026-04-03 08:00:00,system,2026-04-03 08:00:00,system
4549,1021,3,233,6,39.0,31.2,194.23,,2026-04-03 08:00:00,system,2026-04-03 08:00:00,system
4550,1021,4,528,6,4.0,200.0,9115.48,,2026-04-03 08:00:00,system,2026-04-03 08:00:00,system
4551,1021,5,315,6,10.0,550.0,12333.5,,2026-04-03 08:00:00,system,2026-04-03 08:00:00,system
4552,1021,6,1171,6,65.0,325.0,695.64,,2026-04-03 08:00:00,system,2026-04-03 08:00:00,system
4553,1021,7,1015,6,3.0,54.0,6704.45,,2026-04-03 08:00:00,system,2026-04-03 08:00:00,system
4554,1021,8,487,6,8.0,440.0,12157.62,,2026-04-03 08:00:00,system,2026-04-03 08:00:00,system
4555,1022,1,668,6,8.0,1440.0,32373.6,,2026-05-06 08:00:00,system,2026-05-06 08:00:00,system
4556,1022,2,1240,6,24.0,480.0,2893.5,,2026-05-06 08:00:00,system,2026-05-06 08:00:00,system
4557,1022,3,95,6,2.0,420.0,46236.31,,2026-05-06 08:00:00,system,2026-05-06 08:00:00,system
4558,1023,1,948,6,8.0,120.0,3521.95,,2026-02-06 08:00:00,system,2026-02-06 08:00:00,system
4559,1024,1,979,6,15.0,750.0,19590.33,,2026-06-30 08:00:00,system,2026-06-30 08:00:00,system
4560,1024,2,1163,6,4.0,840.0,28656.87,,2026-06-30 08:00:00,system,2026-06-30 08:00:00,system
4561,1024,3,513,6,14.0,420.0,6417.78,,2026-06-30 08:00:00,system,2026-06-30 08:00:00,system
4562,1024,4,269,6,3.0,630.0,52473.61,,2026-06-30 08:00:00,system,2026-06-30 08:00:00,system
4563,1024,5,870,6,7.0,210.0,6453.53,,2026-06-30 08:00:00,system,2026-06-30 08:00:00,system
4564,1024,6,396,6,14.0,210.0,3425.81,,2026-06-30 08:00:00,system,2026-06-30 08:00:00,system
4565,1024,7,1008,6,10.0,1800.0,66858.27,,2026-06-30 08:00:00,system,2026-06-30 08:00:00,system
4566,1025,1,13,1,1.0,1000.0,228.02,,2026-05-08 08:00:00,system,2026-05-08 08:00:00,system
4567,1025,2,1041,6,42.0,210.0,1786.09,,2026-05-08 08:00:00,system,2026-05-08 08:00:00,system
4568,1025,3,419,1,6.0,6000.0,190.3,,2026-05-08 08:00:00,system,2026-05-08 08:00:00,system
4569,1026,1,216,6,3.0,630.0,46629.74,,2026-01-16 08:00:00,system,2026-01-16 08:00:00,system
4570,1026,2,668,6,8.0,1440.0,31796.54,,2026-01-16 08:00:00,system,2026-01-16 08:00:00,system
4571,1026,3,509,6,6.0,60.0,1909.58,,2026-01-16 08:00:00,system,2026-01-16 08:00:00,system
4572,1026,4,485,6,18.0,540.0,6683.43,,2026-01-16 08:00:00,system,2026-01-16 08:00:00,system
4573,1027,1,629,6,10.0,550.0,10167.66,,2026-02-11 08:00:00,system,2026-02-11 08:00:00,system
4574,1027,2,903,6,1.0,210.0,40452.35,,2026-02-11 08:00:00,system,2026-02-11 08:00:00,system
4575,1027,3,371,6,30.0,150.0,1182.94,,2026-02-11 08:00:00,system,2026-02-11 08:00:00,system
4576,1028,1,56,6,2.0,360.0,39458.64,,2026-05-24 08:00:00,system,2026-05-24 08:00:00,system
4577,1028,2,989,6,2.0,360.0,60145.5,,2026-05-24 08:00:00,system,2026-05-24 08:00:00,system
4578,1028,3,1341,6,5.0,1050.0,61311.24,,2026-05-24 08:00:00,system,2026-05-24 08:00:00,system
4579,1028,4,968,6,2.0,360.0,34491.53,,2026-05-24 08:00:00,system,2026-05-24 08:00:00,system
4580,1028,5,1317,1,4.0,8000.0,299.1,,2026-05-24 08:00:00,system,2026-05-24 08:00:00,system
4581,1029,1,728,6,2.0,100.0,8974.66,,2026-06-01 08:00:00,system,2026-06-01 08:00:00,system
4582,1029,2,756,1,6.0,3000.0,180.45,,2026-06-01 08:00:00,system,2026-06-01 08:00:00,system
4583,1029,3,14,6,14.0,11.2,187.66,,2026-06-01 08:00:00,system,2026-06-01 08:00:00,system
4584,1029,4,582,6,24.0,480.0,3876.6,,2026-06-01 08:00:00,system,2026-06-01 08:00:00,system
4585,1029,5,534,1,4.0,8000.0,179.97,,2026-06-01 08:00:00,system,2026-06-01 08:00:00,system
4586,1030,1,1056,6,28.0,14.0,172.08,,2026-05-25 08:00:00,system,2026-05-25 08:00:00,system
4587,1030,2,95,6,1.0,210.0,46285.35,,2026-05-25 08:00:00,system,2026-05-25 08:00:00,system
4588,1030,3,1111,6,75.0,30.0,136.22,,2026-05-25 08:00:00,system,2026-05-25 08:00:00,system
4589,1031,1,505,1,4.0,4000.0,196.5,,2026-05-31 08:00:00,system,2026-05-31 08:00:00,system
4590,1031,2,865,6,16.0,80.0,1192.14,,2026-05-31 08:00:00,system,2026-05-31 08:00:00,system
4591,1032,1,111,1,2.0,2000.0,232.56,,2026-01-01 08:00:00,system,2026-01-01 08:00:00,system
4592,1032,2,673,6,35.0,700.0,4001.4,,2026-01-01 08:00:00,system,2026-01-01 08:00:00,system
4593,1032,3,516,6,4.0,720.0,35782.14,,2026-01-01 08:00:00,system,2026-01-01 08:00:00,system
4594,1032,4,1487,1,4.0,2000.0,214.74,,2026-01-01 08:00:00,system,2026-01-01 08:00:00,system
4595,1032,5,912,6,21.0,525.0,5479.72,,2026-01-01 08:00:00,system,2026-01-01 08:00:00,system
4596,1033,1,216,6,4.0,840.0,46629.74,,2026-03-08 08:00:00,system,2026-03-08 08:00:00,system
4597,1033,2,261,6,20.0,200.0,2365.09,,2026-03-08 08:00:00,system,2026-03-08 08:00:00,system
4598,1033,3,141,6,4.0,220.0,13730.67,,2026-03-08 08:00:00,system,2026-03-08 08:00:00,system
4599,1034,1,222,6,14.0,70.0,1179.33,,2026-06-03 08:00:00,system,2026-06-03 08:00:00,system
4600,1034,2,1444,6,12.0,36.0,605.05,,2026-06-03 08:00:00,system,2026-06-03 08:00:00,system
4601,1034,3,1071,6,12.0,216.0,6495.0,,2026-06-03 08:00:00,system,2026-06-03 08:00:00,system
4602,1034,4,1248,6,12.0,240.0,2738.11,,2026-06-03 08:00:00,system,2026-06-03 08:00:00,system
4603,1035,1,333,1,3.0,3000.0,207.32,,2026-01-21 08:00:00,system,2026-01-21 08:00:00,system
4604,1036,1,180,6,5.0,50.0,2493.52,,2026-02-13 08:00:00,system,2026-02-13 08:00:00,system
4605,1036,2,959,6,56.0,168.0,601.97,,2026-02-13 08:00:00,system,2026-02-13 08:00:00,system
4606,1037,1,2,6,39.0,117.0,719.24,,2026-02-13 08:00:00,system,2026-02-13 08:00:00,system
4607,1038,1,1096,6,52.0,104.0,742.03,,2026-03-01 08:00:00,system,2026-03-01 08:00:00,system
4608,1038,2,52,6,25.0,625.0,5722.84,,2026-03-01 08:00:00,system,2026-03-01 08:00:00,system
4609,1038,3,1410,6,12.0,180.0,3213.01,,2026-03-01 08:00:00,system,2026-03-01 08:00:00,system
4610,1038,4,403,6,3.0,630.0,42730.83,,2026-03-01 08:00:00,system,2026-03-01 08:00:00,system
4611,1039,1,155,6,2.0,100.0,12213.77,,2026-05-19 08:00:00,system,2026-05-19 08:00:00,system
4612,1039,2,1399,6,25.0,750.0,6310.37,,2026-05-19 08:00:00,system,2026-05-19 08:00:00,system
4613,1039,3,951,6,10.0,300.0,6234.07,,2026-05-19 08:00:00,system,2026-05-19 08:00:00,system
4614,1040,1,1152,6,30.0,300.0,1358.77,,2026-03-18 08:00:00,system,2026-03-18 08:00:00,system
4615,1040,2,280,6,20.0,600.0,7037.7,,2026-03-18 08:00:00,system,2026-03-18 08:00:00,system
4616,1040,3,686,6,21.0,315.0,2706.45,,2026-03-18 08:00:00,system,2026-03-18 08:00:00,system
4617,1040,4,620,1,6.0,12000.0,180.27,,2026-03-18 08:00:00,system,2026-03-18 08:00:00,system
4618,1041,1,419,1,2.0,2000.0,190.3,,2026-05-17 08:00:00,system,2026-05-17 08:00:00,system
4619,1041,2,1322,6,2.0,360.0,53469.59,,2026-05-17 08:00:00,system,2026-05-17 08:00:00,system
4620,1041,3,1466,1,2.0,4000.0,189.02,,2026-05-17 08:00:00,system,2026-05-17 08:00:00,system
4621,1042,1,104,6,24.0,480.0,4983.98,,2026-03-05 08:00:00,system,2026-03-05 08:00:00,system
4622,1042,2,1478,6,35.0,350.0,2179.34,,2026-03-05 08:00:00,system,2026-03-05 08:00:00,system
4623,1042,3,1332,1,1.0,1000.0,285.15,,2026-03-05 08:00:00,system,2026-03-05 08:00:00,system
4624,1043,1,1387,6,6.0,330.0,11092.55,,2026-01-17 08:00:00,system,2026-01-17 08:00:00,system
4625,1043,2,649,6,18.0,360.0,3921.26,,2026-01-17 08:00:00,system,2026-01-17 08:00:00,system
4626,1043,3,937,6,12.0,360.0,6303.28,,2026-01-17 08:00:00,system,2026-01-17 08:00:00,system
4627,1043,4,544,6,8.0,1440.0,31720.38,,2026-01-17 08:00:00,system,2026-01-17 08:00:00,system
4628,1043,5,1363,6,24.0,120.0,1669.58,,2026-01-17 08:00:00,system,2026-01-17 08:00:00,system
4629,1043,6,1093,6,24.0,9.6,145.58,,2026-01-17 08:00:00,system,2026-01-17 08:00:00,system
4630,1043,7,10,6,10.0,550.0,13219.87,,2026-01-17 08:00:00,system,2026-01-17 08:00:00,system
4631,1043,8,95,6,1.0,210.0,48295.13,,2026-01-17 08:00:00,system,2026-01-17 08:00:00,system
4632,1044,1,897,6,28.0,560.0,4645.58,,2026-03-21 08:00:00,system,2026-03-21 08:00:00,system
4633,1045,1,1068,6,13.0,26.0,748.72,,2026-03-08 08:00:00,system,2026-03-08 08:00:00,system
4634,1045,2,1085,6,24.0,24.0,365.87,,2026-03-08 08:00:00,system,2026-03-08 08:00:00,system
4635,1045,3,1026,6,2.0,360.0,62850.07,,2026-03-08 08:00:00,system,2026-03-08 08:00:00,system
4636,1046,1,852,6,12.0,120.0,2013.89,,2026-02-04 08:00:00,system,2026-02-04 08:00:00,system
4637,1046,2,162,6,70.0,84.0,291.52,,2026-02-04 08:00:00,system,2026-02-04 08:00:00,system
4638,1046,3,1009,6,110.0,44.0,145.76,,2026-02-04 08:00:00,system,2026-02-04 08:00:00,system
4639,1046,4,340,6,6.0,90.0,3380.55,,2026-02-04 08:00:00,system,2026-02-04 08:00:00,system
4640,1046,5,554,6,30.0,600.0,3860.51,,2026-02-04 08:00:00,system,2026-02-04 08:00:00,system
4641,1047,1,1259,6,24.0,24.0,143.73,,2026-04-14 08:00:00,system,2026-04-14 08:00:00,system
4642,1047,2,835,6,42.0,126.0,694.02,,2026-04-14 08:00:00,system,2026-04-14 08:00:00,system
4643,1048,1,1363,6,24.0,120.0,1669.58,,2026-02-22 08:00:00,system,2026-02-22 08:00:00,system
4644,1049,1,756,1,4.0,2000.0,198.34,,2026-06-09 08:00:00,system,2026-06-09 08:00:00,system
4645,1049,2,708,1,1.0,500.0,183.85,,2026-06-09 08:00:00,system,2026-06-09 08:00:00,system
4646,1049,3,669,6,1.0,210.0,42810.91,,2026-06-09 08:00:00,system,2026-06-09 08:00:00,system
4647,1050,1,2,6,39.0,117.0,719.24,,2026-05-31 08:00:00,system,2026-05-31 08:00:00,system
4648,1050,2,836,6,21.0,105.0,1033.86,,2026-05-31 08:00:00,system,2026-05-31 08:00:00,system
4649,1050,3,48,6,30.0,150.0,1147.63,,2026-05-31 08:00:00,system,2026-05-31 08:00:00,system
4650,1050,4,824,6,25.0,375.0,3162.77,,2026-05-31 08:00:00,system,2026-05-31 08:00:00,system
4651,1050,5,600,6,8.0,400.0,9762.1,,2026-05-31 08:00:00,system,2026-05-31 08:00:00,system
4652,1050,6,956,1,3.0,1500.0,195.57,,2026-05-31 08:00:00,system,2026-05-31 08:00:00,system
4653,1050,7,625,6,14.0,280.0,3713.23,,2026-05-31 08:00:00,system,2026-05-31 08:00:00,system
4654,1050,8,1,6,65.0,78.0,298.89,,2026-05-31 08:00:00,system,2026-05-31 08:00:00,system
4655,1051,1,1097,6,11.0,55.0,1856.25,,2026-03-23 08:00:00,system,2026-03-23 08:00:00,system
4656,1052,1,59,6,14.0,11.2,224.48,,2026-01-17 08:00:00,system,2026-01-17 08:00:00,system
4657,1053,1,982,6,60.0,30.0,179.56,,2026-06-03 08:00:00,system,2026-06-03 08:00:00,system
4658,1054,1,1391,1,1.0,1000.0,216.79,,2026-04-20 08:00:00,system,2026-04-20 08:00:00,system
4659,1055,1,1051,6,20.0,200.0,3777.12,,2026-06-06 08:00:00,system,2026-06-06 08:00:00,system
4660,1055,2,322,6,26.0,78.0,664.91,,2026-06-06 08:00:00,system,2026-06-06 08:00:00,system
4661,1055,3,742,6,6.0,300.0,9531.61,,2026-06-06 08:00:00,system,2026-06-06 08:00:00,system
4662,1055,4,458,6,22.0,17.6,170.62,,2026-06-06 08:00:00,system,2026-06-06 08:00:00,system
4663,1055,5,237,6,24.0,120.0,1253.2,,2026-06-06 08:00:00,system,2026-06-06 08:00:00,system
4664,1056,1,417,6,2.0,360.0,36763.79,,2026-01-05 08:00:00,system,2026-01-05 08:00:00,system
4665,1057,1,160,6,36.0,28.8,205.38,,2026-03-24 08:00:00,system,2026-03-24 08:00:00,system
4666,1057,2,693,6,5.0,1050.0,42376.91,,2026-03-24 08:00:00,system,2026-03-24 08:00:00,system
4667,1057,3,1015,6,8.0,144.0,6649.81,,2026-03-24 08:00:00,system,2026-03-24 08:00:00,system
4668,1057,4,953,6,10.0,550.0,12383.45,,2026-03-24 08:00:00,system,2026-03-24 08:00:00,system
4669,1057,5,1017,6,2.0,360.0,65199.93,,2026-03-24 08:00:00,system,2026-03-24 08:00:00,system
4670,1057,6,259,6,15.0,45.0,787.83,,2026-03-24 08:00:00,system,2026-03-24 08:00:00,system
4671,1057,7,812,6,35.0,875.0,5817.8,,2026-03-24 08:00:00,system,2026-03-24 08:00:00,system
4672,1057,8,116,6,18.0,90.0,1251.34,,2026-03-24 08:00:00,system,2026-03-24 08:00:00,system
4673,1058,1,661,6,21.0,210.0,1797.23,,2026-05-18 08:00:00,system,2026-05-18 08:00:00,system
4674,1058,2,1474,6,10.0,500.0,10247.11,,2026-05-18 08:00:00,system,2026-05-18 08:00:00,system
4675,1058,3,817,6,1.0,210.0,40457.19,,2026-05-18 08:00:00,system,2026-05-18 08:00:00,system
4676,1058,4,180,6,25.0,250.0,2493.52,,2026-05-18 08:00:00,system,2026-05-18 08:00:00,system
4677,1058,5,1263,6,24.0,480.0,2720.57,,2026-05-18 08:00:00,system,2026-05-18 08:00:00,system
4678,1058,6,254,6,5.0,1050.0,50035.21,,2026-05-18 08:00:00,system,2026-05-18 08:00:00,system
4679,1059,1,9,6,6.0,300.0,13005.58,,2026-03-17 08:00:00,system,2026-03-17 08:00:00,system
4680,1059,2,267,6,3.0,165.0,14286.19,,2026-03-17 08:00:00,system,2026-03-17 08:00:00,system
4681,1059,3,129,6,51.0,61.2,310.1,,2026-03-17 08:00:00,system,2026-03-17 08:00:00,system
4682,1059,4,823,6,24.0,240.0,2389.12,,2026-03-17 08:00:00,system,2026-03-17 08:00:00,system
4683,1059,5,75,6,16.0,400.0,6546.87,,2026-03-17 08:00:00,system,2026-03-17 08:00:00,system
4684,1059,6,1104,6,60.0,60.0,415.69,,2026-03-17 08:00:00,system,2026-03-17 08:00:00,system
4685,1060,1,266,6,2.0,100.0,12883.07,,2026-01-26 08:00:00,system,2026-01-26 08:00:00,system
4686,1060,2,189,1,8.0,8000.0,231.21,,2026-01-26 08:00:00,system,2026-01-26 08:00:00,system
4687,1060,3,401,6,8.0,440.0,12781.31,,2026-01-26 08:00:00,system,2026-01-26 08:00:00,system
4688,1061,1,1281,6,8.0,1440.0,54045.75,,2026-02-05 08:00:00,system,2026-02-05 08:00:00,system
4689,1061,2,1329,6,6.0,330.0,17892.07,,2026-02-05 08:00:00,system,2026-02-05 08:00:00,system
4690,1061,3,616,6,2.0,360.0,33811.03,,2026-02-05 08:00:00,system,2026-02-05 08:00:00,system
4691,1062,1,882,6,7.0,140.0,4023.56,,2026-03-08 08:00:00,system,2026-03-08 08:00:00,system
4692,1062,2,72,6,12.0,120.0,2392.2,,2026-03-08 08:00:00,system,2026-03-08 08:00:00,system
4693,1062,3,475,1,8.0,8000.0,190.41,,2026-03-08 08:00:00,system,2026-03-08 08:00:00,system
4694,1062,4,1149,6,22.0,22.0,138.86,,2026-03-08 08:00:00,system,2026-03-08 08:00:00,system
4695,1062,5,631,6,40.0,120.0,560.78,,2026-03-08 08:00:00,system,2026-03-08 08:00:00,system
4696,1063,1,961,6,7.0,70.0,2325.92,,2026-03-03 08:00:00,system,2026-03-03 08:00:00,system
4697,1063,2,1230,6,64.0,320.0,745.7,,2026-03-03 08:00:00,system,2026-03-03 08:00:00,system
4698,1063,3,693,6,3.0,630.0,42201.53,,2026-03-03 08:00:00,system,2026-03-03 08:00:00,system
4699,1063,4,656,1,6.0,3000.0,198.48,,2026-03-03 08:00:00,system,2026-03-03 08:00:00,system
4700,1063,5,1107,6,20.0,200.0,4075.44,,2026-03-03 08:00:00,system,2026-03-03 08:00:00,system
4701,1064,1,419,1,8.0,8000.0,199.21,,2026-06-04 08:00:00,system,2026-06-04 08:00:00,system
4702,1064,2,1216,6,14.0,140.0,1336.93,,2026-06-04 08:00:00,system,2026-06-04 08:00:00,system
4703,1064,3,168,6,35.0,875.0,5868.55,,2026-06-04 08:00:00,system,2026-06-04 08:00:00,system
4704,1064,4,203,6,30.0,24.0,181.15,,2026-06-04 08:00:00,system,2026-06-04 08:00:00,system
4705,1064,5,1289,6,6.0,1080.0,56636.44,,2026-06-04 08:00:00,system,2026-06-04 08:00:00,system
4706,1064,6,96,1,4.0,4000.0,210.09,,2026-06-04 08:00:00,system,2026-06-04 08:00:00,system
4707,1064,7,447,6,18.0,90.0,1047.32,,2026-06-04 08:00:00,system,2026-06-04 08:00:00,system
4708,1065,1,696,1,3.0,6000.0,163.67,,2026-01-16 08:00:00,system,2026-01-16 08:00:00,system
4709,1065,2,1153,6,6.0,120.0,2654.07,,2026-01-16 08:00:00,system,2026-01-16 08:00:00,system
4710,1065,3,721,6,55.0,165.0,588.52,,2026-01-16 08:00:00,system,2026-01-16 08:00:00,system
4711,1065,4,346,6,8.0,1440.0,38526.22,,2026-01-16 08:00:00,system,2026-01-16 08:00:00,system
4712,1065,5,1190,6,2.0,110.0,7905.86,,2026-01-16 08:00:00,system,2026-01-16 08:00:00,system
4713,1065,6,48,6,18.0,90.0,1147.63,,2026-01-16 08:00:00,system,2026-01-16 08:00:00,system
4714,1066,1,1064,6,8.0,1440.0,62067.21,,2026-03-24 08:00:00,system,2026-03-24 08:00:00,system
4715,1066,2,736,6,24.0,120.0,913.07,,2026-03-24 08:00:00,system,2026-03-24 08:00:00,system
4716,1066,3,1378,1,6.0,12000.0,183.83,,2026-03-24 08:00:00,system,2026-03-24 08:00:00,system
4717,1066,4,1286,6,33.0,165.0,1678.0,,2026-03-24 08:00:00,system,2026-03-24 08:00:00,system
4718,1066,5,1491,6,15.0,75.0,1075.38,,2026-03-24 08:00:00,system,2026-03-24 08:00:00,system
4719,1066,6,1492,6,30.0,300.0,2103.73,,2026-03-24 08:00:00,system,2026-03-24 08:00:00,system
4720,1066,7,192,6,14.0,16.8,298.08,,2026-03-24 08:00:00,system,2026-03-24 08:00:00,system
4721,1066,8,835,6,26.0,78.0,660.01,,2026-03-24 08:00:00,system,2026-03-24 08:00:00,system
4722,1067,1,1139,6,4.0,40.0,3665.14,,2026-03-09 08:00:00,system,2026-03-09 08:00:00,system
4723,1067,2,768,6,4.0,720.0,37320.64,,2026-03-09 08:00:00,system,2026-03-09 08:00:00,system
4724,1067,3,200,6,10.0,1800.0,40600.92,,2026-03-09 08:00:00,system,2026-03-09 08:00:00,system
4725,1067,4,1096,6,65.0,130.0,742.03,,2026-03-09 08:00:00,system,2026-03-09 08:00:00,system
4726,1067,5,450,6,21.0,420.0,4596.2,,2026-03-09 08:00:00,system,2026-03-09 08:00:00,system
4727,1067,6,656,1,6.0,3000.0,163.57,,2026-03-09 08:00:00,system,2026-03-09 08:00:00,system
4728,1067,7,1115,6,33.0,165.0,1800.97,,2026-03-09 08:00:00,system,2026-03-09 08:00:00,system
4729,1067,8,77,6,4.0,200.0,12415.64,,2026-03-09 08:00:00,system,2026-03-09 08:00:00,system
4730,1068,1,1255,6,24.0,480.0,3275.23,,2026-02-18 08:00:00,system,2026-02-18 08:00:00,system
4731,1068,2,769,6,1.0,210.0,49055.67,,2026-02-18 08:00:00,system,2026-02-18 08:00:00,system
4732,1068,3,503,6,1.0,210.0,40202.87,,2026-02-18 08:00:00,system,2026-02-18 08:00:00,system
4733,1069,1,659,6,60.0,180.0,558.09,,2026-01-06 08:00:00,system,2026-01-06 08:00:00,system
4734,1069,2,1149,6,11.0,11.0,138.86,,2026-01-06 08:00:00,system,2026-01-06 08:00:00,system
4735,1069,3,48,6,18.0,90.0,1147.63,,2026-01-06 08:00:00,system,2026-01-06 08:00:00,system
4736,1069,4,759,6,44.0,132.0,603.19,,2026-01-06 08:00:00,system,2026-01-06 08:00:00,system
4737,1069,5,1153,6,30.0,600.0,2654.07,,2026-01-06 08:00:00,system,2026-01-06 08:00:00,system
4738,1070,1,233,6,70.0,56.0,193.77,,2026-04-12 08:00:00,system,2026-04-12 08:00:00,system
4739,1070,2,275,6,12.0,60.0,1158.13,,2026-04-12 08:00:00,system,2026-04-12 08:00:00,system
4740,1070,3,1414,6,2.0,100.0,10557.57,,2026-04-12 08:00:00,system,2026-04-12 08:00:00,system
4741,1071,1,440,6,6.0,1080.0,41450.32,,2026-05-29 08:00:00,system,2026-05-29 08:00:00,system
4742,1072,1,307,6,33.0,99.0,663.45,,2026-01-23 08:00:00,system,2026-01-23 08:00:00,system
4743,1072,2,306,6,60.0,72.0,270.77,,2026-01-23 08:00:00,system,2026-01-23 08:00:00,system
4744,1072,3,779,6,28.0,840.0,5962.36,,2026-01-23 08:00:00,system,2026-01-23 08:00:00,system
4745,1072,4,20,6,35.0,525.0,3515.39,,2026-01-23 08:00:00,system,2026-01-23 08:00:00,system
4746,1072,5,155,6,10.0,500.0,11609.9,,2026-01-23 08:00:00,system,2026-01-23 08:00:00,system
4747,1072,6,1123,6,8.0,400.0,17031.64,,2026-01-23 08:00:00,system,2026-01-23 08:00:00,system
4748,1073,1,351,1,8.0,8000.0,209.41,,2026-06-03 08:00:00,system,2026-06-03 08:00:00,system
4749,1073,2,1204,1,8.0,8000.0,130.07,,2026-06-03 08:00:00,system,2026-06-03 08:00:00,system
4750,1073,3,1454,6,16.0,80.0,1082.51,,2026-06-03 08:00:00,system,2026-06-03 08:00:00,system
4751,1073,4,603,6,5.0,1050.0,39194.58,,2026-06-03 08:00:00,system,2026-06-03 08:00:00,system
4752,1073,5,780,6,12.0,600.0,11297.89,,2026-06-03 08:00:00,system,2026-06-03 08:00:00,system
4753,1074,1,166,6,7.0,105.0,3427.67,,2026-04-16 08:00:00,system,2026-04-16 08:00:00,system
4754,1075,1,1264,6,2.0,110.0,8886.96,,2026-05-08 08:00:00,system,2026-05-08 08:00:00,system
4755,1075,2,137,6,21.0,420.0,5281.25,,2026-05-08 08:00:00,system,2026-05-08 08:00:00,system
4756,1075,3,494,6,26.0,78.0,754.24,,2026-05-08 08:00:00,system,2026-05-08 08:00:00,system
4757,1076,1,1131,6,4.0,72.0,6786.32,,2026-02-12 08:00:00,system,2026-02-12 08:00:00,system
4758,1076,2,90,6,6.0,150.0,6091.69,,2026-02-12 08:00:00,system,2026-02-12 08:00:00,system
4759,1076,3,315,6,10.0,550.0,12542.45,,2026-02-12 08:00:00,system,2026-02-12 08:00:00,system
4760,1076,4,34,6,18.0,180.0,2325.07,,2026-02-12 08:00:00,system,2026-02-12 08:00:00,system
4761,1076,5,1466,1,2.0,4000.0,181.82,,2026-02-12 08:00:00,system,2026-02-12 08:00:00,system
4762,1077,1,523,6,18.0,180.0,1947.64,,2026-06-21 08:00:00,system,2026-06-21 08:00:00,system
4763,1077,2,144,1,4.0,4000.0,221.92,,2026-06-21 08:00:00,system,2026-06-21 08:00:00,system
4764,1077,3,276,6,21.0,210.0,2462.36,,2026-06-21 08:00:00,system,2026-06-21 08:00:00,system
4765,1078,1,270,1,8.0,8000.0,249.43,,2026-05-11 08:00:00,system,2026-05-11 08:00:00,system
4766,1078,2,808,6,40.0,200.0,1204.75,,2026-05-11 08:00:00,system,2026-05-11 08:00:00,system
4767,1078,3,907,6,15.0,45.0,699.64,,2026-05-11 08:00:00,system,2026-05-11 08:00:00,system
4768,1078,4,1396,6,6.0,90.0,3652.68,,2026-05-11 08:00:00,system,2026-05-11 08:00:00,system
4769,1078,5,233,6,75.0,60.0,219.61,,2026-05-11 08:00:00,system,2026-05-11 08:00:00,system
4770,1079,1,222,6,24.0,120.0,1147.96,,2026-01-06 08:00:00,system,2026-01-06 08:00:00,system
4771,1079,2,367,6,14.0,11.2,183.4,,2026-01-06 08:00:00,system,2026-01-06 08:00:00,system
4772,1080,1,1214,6,64.0,192.0,467.71,,2026-05-11 08:00:00,system,2026-05-11 08:00:00,system
4773,1080,2,188,6,5.0,1050.0,55828.09,,2026-05-11 08:00:00,system,2026-05-11 08:00:00,system
4774,1080,3,1392,1,8.0,16000.0,202.16,,2026-05-11 08:00:00,system,2026-05-11 08:00:00,system
4775,1080,4,1381,6,27.0,270.0,2259.5,,2026-05-11 08:00:00,system,2026-05-11 08:00:00,system
4776,1080,5,1117,6,75.0,37.5,206.45,,2026-05-11 08:00:00,system,2026-05-11 08:00:00,system
4777,1080,6,398,6,28.0,700.0,5987.66,,2026-05-11 08:00:00,system,2026-05-11 08:00:00,system
4778,1080,7,1196,6,21.0,210.0,1632.9,,2026-05-11 08:00:00,system,2026-05-11 08:00:00,system
4779,1080,8,996,6,5.0,90.0,7497.61,,2026-05-11 08:00:00,system,2026-05-11 08:00:00,system
4780,1081,1,1193,6,11.0,11.0,134.0,,2026-06-20 08:00:00,system,2026-06-20 08:00:00,system
4781,1081,2,1360,1,8.0,8000.0,275.53,,2026-06-20 08:00:00,system,2026-06-20 08:00:00,system
4782,1081,3,1312,6,10.0,1800.0,53936.38,,2026-06-20 08:00:00,system,2026-06-20 08:00:00,system
4783,1081,4,285,1,3.0,3000.0,217.73,,2026-06-20 08:00:00,system,2026-06-20 08:00:00,system
4784,1082,1,180,6,28.0,280.0,2307.09,,2026-01-14 08:00:00,system,2026-01-14 08:00:00,system
4785,1083,1,884,6,25.0,750.0,6138.71,,2026-03-26 08:00:00,system,2026-03-26 08:00:00,system
4786,1083,2,1144,6,14.0,140.0,1322.24,,2026-03-26 08:00:00,system,2026-03-26 08:00:00,system
4787,1083,3,880,6,24.0,240.0,2159.45,,2026-03-26 08:00:00,system,2026-03-26 08:00:00,system
4788,1083,4,523,6,30.0,300.0,1947.64,,2026-03-26 08:00:00,system,2026-03-26 08:00:00,system
4789,1083,5,165,6,18.0,180.0,2319.12,,2026-03-26 08:00:00,system,2026-03-26 08:00:00,system
4790,1084,1,696,1,8.0,16000.0,174.21,,2026-02-17 08:00:00,system,2026-02-17 08:00:00,system
4791,1084,2,1341,6,5.0,1050.0,61311.24,,2026-02-17 08:00:00,system,2026-02-17 08:00:00,system
4792,1084,3,466,6,35.0,350.0,2076.43,,2026-02-17 08:00:00,system,2026-02-17 08:00:00,system
4793,1084,4,788,6,21.0,105.0,1050.14,,2026-02-17 08:00:00,system,2026-02-17 08:00:00,system
4794,1084,5,214,6,2.0,110.0,12742.31,,2026-02-17 08:00:00,system,2026-02-17 08:00:00,system
4795,1084,6,349,6,28.0,22.4,178.3,,2026-02-17 08:00:00,system,2026-02-17 08:00:00,system
4796,1084,7,777,6,6.0,120.0,4175.07,,2026-02-17 08:00:00,system,2026-02-17 08:00:00,system
4797,1084,8,895,6,7.0,70.0,2163.53,,2026-02-17 08:00:00,system,2026-02-17 08:00:00,system
4798,1084,9,1086,6,55.0,110.0,707.94,,2026-02-17 08:00:00,system,2026-02-17 08:00:00,system
4799,1084,10,303,1,2.0,2000.0,193.26,,2026-02-17 08:00:00,system,2026-02-17 08:00:00,system
4800,1085,1,693,6,2.0,420.0,36820.59,,2026-02-22 08:00:00,system,2026-02-22 08:00:00,system
4801,1085,2,1286,6,40.0,200.0,1513.73,,2026-02-22 08:00:00,system,2026-02-22 08:00:00,system
4802,1085,3,369,6,44.0,52.8,257.51,,2026-02-22 08:00:00,system,2026-02-22 08:00:00,system
4803,1085,4,793,6,14.0,420.0,6452.36,,2026-02-22 08:00:00,system,2026-02-22 08:00:00,system
4804,1085,5,21,6,28.0,560.0,4821.72,,2026-02-22 08:00:00,system,2026-02-22 08:00:00,system
4805,1085,6,127,6,36.0,28.8,184.14,,2026-02-22 08:00:00,system,2026-02-22 08:00:00,system
4806,1085,7,639,6,10.0,550.0,10839.12,,2026-02-22 08:00:00,system,2026-02-22 08:00:00,system
4807,1086,1,68,6,30.0,900.0,7378.62,,2026-05-09 08:00:00,system,2026-05-09 08:00:00,system
4808,1086,2,721,6,39.0,117.0,559.23,,2026-05-09 08:00:00,system,2026-05-09 08:00:00,system
4809,1087,1,1078,6,26.0,130.0,1821.6,,2026-05-28 08:00:00,system,2026-05-28 08:00:00,system
4810,1087,2,757,1,8.0,8000.0,196.92,,2026-05-28 08:00:00,system,2026-05-28 08:00:00,system
4811,1087,3,601,6,4.0,220.0,10571.85,,2026-05-28 08:00:00,system,2026-05-28 08:00:00,system
4812,1088,1,328,6,12.0,360.0,6879.38,,2026-01-25 08:00:00,system,2026-01-25 08:00:00,system
4813,1088,2,763,6,21.0,420.0,4437.22,,2026-01-25 08:00:00,system,2026-01-25 08:00:00,system
4814,1088,3,69,6,12.0,600.0,13453.19,,2026-01-25 08:00:00,system,2026-01-25 08:00:00,system
4815,1089,1,977,6,4.0,40.0,3565.11,,2026-03-07 08:00:00,system,2026-03-07 08:00:00,system
4816,1089,2,643,1,1.0,1000.0,167.92,,2026-03-07 08:00:00,system,2026-03-07 08:00:00,system
4817,1089,3,1356,6,21.0,420.0,6093.03,,2026-03-07 08:00:00,system,2026-03-07 08:00:00,system
4818,1089,4,445,6,70.0,84.0,263.13,,2026-03-07 08:00:00,system,2026-03-07 08:00:00,system
4819,1089,5,1463,6,1.0,210.0,40801.48,,2026-03-07 08:00:00,system,2026-03-07 08:00:00,system
4820,1090,1,798,1,8.0,4000.0,210.15,,2026-01-23 08:00:00,system,2026-01-23 08:00:00,system
4821,1091,1,459,6,28.0,28.0,257.95,,2026-02-14 08:00:00,system,2026-02-14 08:00:00,system
4822,1091,2,84,6,39.0,46.8,304.54,,2026-02-14 08:00:00,system,2026-02-14 08:00:00,system
4823,1091,3,1105,6,90.0,180.0,834.73,,2026-02-14 08:00:00,system,2026-02-14 08:00:00,system
4824,1091,4,878,6,85.0,255.0,701.36,,2026-02-14 08:00:00,system,2026-02-14 08:00:00,system
4825,1091,5,418,6,1.0,210.0,48996.5,,2026-02-14 08:00:00,system,2026-02-14 08:00:00,system
4826,1091,6,1469,6,18.0,180.0,2470.85,,2026-02-14 08:00:00,system,2026-02-14 08:00:00,system
4827,1091,7,1102,6,102.0,40.8,168.61,,2026-02-14 08:00:00,system,2026-02-14 08:00:00,system
4828,1091,8,1037,6,29.0,11.6,165.06,,2026-02-14 08:00:00,system,2026-02-14 08:00:00,system
4829,1091,9,869,6,36.0,900.0,5959.34,,2026-02-14 08:00:00,system,2026-02-14 08:00:00,system
4830,1092,1,1359,6,5.0,1050.0,65685.34,,2026-06-16 08:00:00,system,2026-06-16 08:00:00,system
4831,1092,2,544,6,2.0,360.0,31720.38,,2026-06-16 08:00:00,system,2026-06-16 08:00:00,system
4832,1092,3,557,6,4.0,200.0,9859.82,,2026-06-16 08:00:00,system,2026-06-16 08:00:00,system
4833,1092,4,10,6,10.0,550.0,13219.87,,2026-06-16 08:00:00,system,2026-06-16 08:00:00,system
4834,1092,5,1484,6,2.0,110.0,11126.28,,2026-06-16 08:00:00,system,2026-06-16 08:00:00,system
4835,1092,6,35,6,21.0,315.0,3423.16,,2026-06-16 08:00:00,system,2026-06-16 08:00:00,system
4836,1092,7,175,6,24.0,19.2,192.71,,2026-06-16 08:00:00,system,2026-06-16 08:00:00,system
4837,1092,8,1093,6,72.0,28.8,145.58,,2026-06-16 08:00:00,system,2026-06-16 08:00:00,system
4838,1092,9,524,6,7.0,105.0,3098.11,,2026-06-16 08:00:00,system,2026-06-16 08:00:00,system
4839,1092,10,233,6,70.0,56.0,193.77,,2026-06-16 08:00:00,system,2026-06-16 08:00:00,system
4840,1093,1,1135,6,14.0,7.0,199.34,,2026-02-05 08:00:00,system,2026-02-05 08:00:00,system
4841,1093,2,177,6,39.0,46.8,304.23,,2026-02-05 08:00:00,system,2026-02-05 08:00:00,system
4842,1093,3,993,6,24.0,48.0,753.43,,2026-02-05 08:00:00,system,2026-02-05 08:00:00,system
4843,1093,4,246,6,4.0,840.0,49525.32,,2026-02-05 08:00:00,system,2026-02-05 08:00:00,system
4844,1093,5,1095,6,24.0,24.0,384.01,,2026-02-05 08:00:00,system,2026-02-05 08:00:00,system
4845,1093,6,471,6,8.0,400.0,12221.7,,2026-02-05 08:00:00,system,2026-02-05 08:00:00,system
4846,1093,7,999,6,90.0,36.0,153.86,,2026-02-05 08:00:00,system,2026-02-05 08:00:00,system
4847,1093,8,194,6,16.0,80.0,1249.21,,2026-02-05 08:00:00,system,2026-02-05 08:00:00,system
4848,1094,1,915,6,4.0,220.0,12065.46,,2026-02-02 08:00:00,system,2026-02-02 08:00:00,system
4849,1094,2,255,1,4.0,4000.0,242.76,,2026-02-02 08:00:00,system,2026-02-02 08:00:00,system
4850,1094,3,676,6,15.0,750.0,10543.16,,2026-02-02 08:00:00,system,2026-02-02 08:00:00,system
4851,1094,4,821,6,39.0,117.0,690.16,,2026-02-02 08:00:00,system,2026-02-02 08:00:00,system
4852,1094,5,245,6,2.0,360.0,42511.96,,2026-02-02 08:00:00,system,2026-02-02 08:00:00,system
4853,1094,6,285,1,4.0,4000.0,223.1,,2026-02-02 08:00:00,system,2026-02-02 08:00:00,system
4854,1095,1,1488,1,8.0,8000.0,197.93,,2026-06-03 08:00:00,system,2026-06-03 08:00:00,system
4855,1096,1,785,1,4.0,4000.0,194.02,,2026-05-26 08:00:00,system,2026-05-26 08:00:00,system
4856,1096,2,140,6,4.0,200.0,12514.04,,2026-05-26 08:00:00,system,2026-05-26 08:00:00,system
4857,1096,3,1313,6,5.0,1050.0,65824.58,,2026-05-26 08:00:00,system,2026-05-26 08:00:00,system
4858,1096,4,895,6,35.0,350.0,1984.08,,2026-05-26 08:00:00,system,2026-05-26 08:00:00,system
4859,1097,1,42,6,1.0,210.0,50704.5,,2026-06-18 08:00:00,system,2026-06-18 08:00:00,system
4860,1097,2,1424,6,12.0,180.0,3262.12,,2026-06-18 08:00:00,system,2026-06-18 08:00:00,system
4861,1098,1,1048,6,85.0,85.0,386.56,,2026-04-04 08:00:00,system,2026-04-04 08:00:00,system
4862,1098,2,434,6,32.0,480.0,3625.35,,2026-04-04 08:00:00,system,2026-04-04 08:00:00,system
4863,1098,3,212,6,32.0,960.0,7367.25,,2026-04-04 08:00:00,system,2026-04-04 08:00:00,system
4864,1099,1,531,6,5.0,1050.0,37267.91,,2026-05-08 08:00:00,system,2026-05-08 08:00:00,system
4865,1099,2,33,6,18.0,90.0,1197.08,,2026-05-08 08:00:00,system,2026-05-08 08:00:00,system
4866,1099,3,523,6,12.0,120.0,1947.64,,2026-05-08 08:00:00,system,2026-05-08 08:00:00,system
4867,1100,1,177,6,13.0,15.6,304.23,,2026-06-01 08:00:00,system,2026-06-01 08:00:00,system
4868,1100,2,202,1,2.0,2000.0,235.04,,2026-06-01 08:00:00,system,2026-06-01 08:00:00,system
4869,1100,3,1008,6,2.0,360.0,66858.27,,2026-06-01 08:00:00,system,2026-06-01 08:00:00,system
4870,1100,4,87,6,8.0,80.0,2479.86,,2026-06-01 08:00:00,system,2026-06-01 08:00:00,system
4871,1101,1,533,1,8.0,8000.0,182.71,,2026-05-04 08:00:00,system,2026-05-04 08:00:00,system
4872,1101,2,134,6,6.0,120.0,4658.17,,2026-05-04 08:00:00,system,2026-05-04 08:00:00,system
4873,1102,1,896,6,7.0,105.0,3185.4,,2026-06-29 08:00:00,system,2026-06-29 08:00:00,system
4874,1102,2,1239,6,30.0,300.0,1390.74,,2026-06-29 08:00:00,system,2026-06-29 08:00:00,system
4875,1103,1,398,6,7.0,175.0,5987.66,,2026-06-13 08:00:00,system,2026-06-13 08:00:00,system
4876,1103,2,76,6,9.0,270.0,7788.04,,2026-06-13 08:00:00,system,2026-06-13 08:00:00,system
4877,1103,3,158,6,4.0,840.0,54679.76,,2026-06-13 08:00:00,system,2026-06-13 08:00:00,system
4878,1104,1,403,6,5.0,1050.0,41785.62,,2026-03-14 08:00:00,system,2026-03-14 08:00:00,system
4879,1104,2,513,6,12.0,360.0,5572.8,,2026-03-14 08:00:00,system,2026-03-14 08:00:00,system
4880,1104,3,155,6,6.0,300.0,12213.77,,2026-03-14 08:00:00,system,2026-03-14 08:00:00,system
4881,1105,1,1193,6,13.0,13.0,143.8,,2026-01-16 08:00:00,system,2026-01-16 08:00:00,system
4882,1105,2,1168,6,25.0,250.0,1410.05,,2026-01-16 08:00:00,system,2026-01-16 08:00:00,system
4883,1106,1,312,6,10.0,250.0,5542.75,,2026-01-23 08:00:00,system,2026-01-23 08:00:00,system
4884,1107,1,61,6,18.0,21.6,333.8,,2026-06-04 08:00:00,system,2026-06-04 08:00:00,system
4885,1107,2,1476,6,80.0,240.0,714.03,,2026-06-04 08:00:00,system,2026-06-04 08:00:00,system
4886,1107,3,39,6,8.0,400.0,13787.62,,2026-06-04 08:00:00,system,2026-06-04 08:00:00,system
4887,1107,4,713,6,35.0,1050.0,6235.2,,2026-06-04 08:00:00,system,2026-06-04 08:00:00,system
4888,1107,5,720,1,2.0,4000.0,197.96,,2026-06-04 08:00:00,system,2026-06-04 08:00:00,system
4889,1107,6,830,6,15.0,2700.0,40106.8,,2026-06-04 08:00:00,system,2026-06-04 08:00:00,system
4890,1108,1,1210,6,4.0,220.0,7823.78,,2026-02-16 08:00:00,system,2026-02-16 08:00:00,system
4891,1108,2,412,6,30.0,600.0,4301.59,,2026-02-16 08:00:00,system,2026-02-16 08:00:00,system
4892,1109,1,453,6,10.0,500.0,11351.68,,2026-05-05 08:00:00,system,2026-05-05 08:00:00,system
4893,1110,1,1337,6,56.0,280.0,1665.27,,2026-05-04 08:00:00,system,2026-05-04 08:00:00,system
4894,1110,2,886,6,8.0,440.0,11859.79,,2026-05-04 08:00:00,system,2026-05-04 08:00:00,system
4895,1110,3,1085,6,36.0,36.0,372.45,,2026-05-04 08:00:00,system,2026-05-04 08:00:00,system
4896,1110,4,1307,1,1.0,2000.0,280.65,,2026-05-04 08:00:00,system,2026-05-04 08:00:00,system
4897,1110,5,447,6,18.0,90.0,1114.3,,2026-05-04 08:00:00,system,2026-05-04 08:00:00,system
4898,1110,6,1374,6,4.0,720.0,37250.84,,2026-05-04 08:00:00,system,2026-05-04 08:00:00,system
4899,1111,1,651,6,40.0,1200.0,5892.68,,2026-03-30 08:00:00,system,2026-03-30 08:00:00,system
4900,1112,1,288,6,60.0,72.0,320.07,,2026-05-20 08:00:00,system,2026-05-20 08:00:00,system
4901,1112,2,202,1,2.0,2000.0,234.76,,2026-05-20 08:00:00,system,2026-05-20 08:00:00,system
4902,1112,3,167,6,35.0,700.0,5137.32,,2026-05-20 08:00:00,system,2026-05-20 08:00:00,system
4903,1112,4,193,6,60.0,180.0,746.67,,2026-05-20 08:00:00,system,2026-05-20 08:00:00,system
4904,1112,5,1117,6,48.0,24.0,196.32,,2026-05-20 08:00:00,system,2026-05-20 08:00:00,system
4905,1113,1,216,6,2.0,420.0,49321.11,,2026-03-22 08:00:00,system,2026-03-22 08:00:00,system
4906,1113,2,1438,6,6.0,330.0,11748.77,,2026-03-22 08:00:00,system,2026-03-22 08:00:00,system
4907,1113,3,610,6,28.0,420.0,2909.28,,2026-03-22 08:00:00,system,2026-03-22 08:00:00,system
4908,1113,4,79,6,2.0,360.0,41766.74,,2026-03-22 08:00:00,system,2026-03-22 08:00:00,system
4909,1113,5,277,6,18.0,270.0,3543.23,,2026-03-22 08:00:00,system,2026-03-22 08:00:00,system
4910,1114,1,949,6,30.0,600.0,3969.39,,2026-03-29 08:00:00,system,2026-03-29 08:00:00,system
4911,1114,2,1239,6,30.0,300.0,1401.55,,2026-03-29 08:00:00,system,2026-03-29 08:00:00,system
4912,1114,3,35,6,28.0,420.0,3423.16,,2026-03-29 08:00:00,system,2026-03-29 08:00:00,system
4913,1114,4,1301,6,40.0,200.0,1584.56,,2026-03-29 08:00:00,system,2026-03-29 08:00:00,system
4914,1114,5,311,6,7.0,140.0,4401.44,,2026-03-29 08:00:00,system,2026-03-29 08:00:00,system
4915,1114,6,696,1,4.0,8000.0,171.94,,2026-03-29 08:00:00,system,2026-03-29 08:00:00,system
4916,1114,7,109,6,10.0,1800.0,41651.5,,2026-03-29 08:00:00,system,2026-03-29 08:00:00,system
4917,1114,8,1476,6,70.0,210.0,649.4,,2026-03-29 08:00:00,system,2026-03-29 08:00:00,system
4918,1114,9,544,6,4.0,720.0,31720.38,,2026-03-29 08:00:00,system,2026-03-29 08:00:00,system
4919,1114,10,1266,1,2.0,2000.0,124.37,,2026-03-29 08:00:00,system,2026-03-29 08:00:00,system
4920,1114,11,340,6,21.0,315.0,3283.79,,2026-03-29 08:00:00,system,2026-03-29 08:00:00,system
4921,1114,12,885,6,8.0,400.0,10342.68,,2026-03-29 08:00:00,system,2026-03-29 08:00:00,system
4922,1114,13,291,6,18.0,180.0,2365.36,,2026-03-29 08:00:00,system,2026-03-29 08:00:00,system
4923,1114,14,1339,6,10.0,550.0,16950.62,,2026-03-29 08:00:00,system,2026-03-29 08:00:00,system
4924,1114,15,1227,1,2.0,2000.0,132.97,,2026-03-29 08:00:00,system,2026-03-29 08:00:00,system
4925,1115,1,306,6,33.0,39.6,275.48,,2026-03-19 08:00:00,system,2026-03-19 08:00:00,system
4926,1116,1,466,6,32.0,320.0,2293.07,,2026-02-24 08:00:00,system,2026-02-24 08:00:00,system
4927,1117,1,288,6,26.0,31.2,281.05,,2026-02-14 08:00:00,system,2026-02-14 08:00:00,system
4928,1117,2,1322,6,8.0,1440.0,53469.59,,2026-02-14 08:00:00,system,2026-02-14 08:00:00,system
4929,1117,3,12,6,2.0,420.0,50262.91,,2026-02-14 08:00:00,system,2026-02-14 08:00:00,system
4930,1117,4,523,6,24.0,240.0,1901.33,,2026-02-14 08:00:00,system,2026-02-14 08:00:00,system
4931,1117,5,21,6,7.0,140.0,4821.72,,2026-02-14 08:00:00,system,2026-02-14 08:00:00,system
4932,1118,1,50,6,21.0,315.0,3884.09,,2026-06-13 08:00:00,system,2026-06-13 08:00:00,system
4933,1119,1,1079,6,12.0,120.0,4169.16,,2026-06-16 08:00:00,system,2026-06-16 08:00:00,system
4934,1119,2,864,6,70.0,210.0,699.1,,2026-06-16 08:00:00,system,2026-06-16 08:00:00,system
4935,1119,3,1121,6,24.0,240.0,3986.59,,2026-06-16 08:00:00,system,2026-06-16 08:00:00,system
4936,1119,4,718,1,6.0,3000.0,200.67,,2026-06-16 08:00:00,system,2026-06-16 08:00:00,system
4937,1120,1,1374,6,10.0,1800.0,37250.84,,2026-04-27 08:00:00,system,2026-04-27 08:00:00,system
4938,1121,1,1372,6,2.0,100.0,10490.99,,2026-01-21 08:00:00,system,2026-01-21 08:00:00,system
4939,1121,2,1374,6,8.0,1440.0,37250.84,,2026-01-21 08:00:00,system,2026-01-21 08:00:00,system
4940,1121,3,133,6,25.0,375.0,3385.82,,2026-01-21 08:00:00,system,2026-01-21 08:00:00,system
4941,1121,4,755,6,5.0,1050.0,42165.24,,2026-01-21 08:00:00,system,2026-01-21 08:00:00,system
4942,1121,5,194,6,24.0,120.0,1147.63,,2026-01-21 08:00:00,system,2026-01-21 08:00:00,system
4943,1121,6,315,6,2.0,110.0,12542.45,,2026-01-21 08:00:00,system,2026-01-21 08:00:00,system
4944,1121,7,982,6,52.0,26.0,181.09,,2026-01-21 08:00:00,system,2026-01-21 08:00:00,system
4945,1121,8,1159,6,44.0,220.0,665.48,,2026-01-21 08:00:00,system,2026-01-21 08:00:00,system
4946,1121,9,65,6,24.0,360.0,3763.95,,2026-01-21 08:00:00,system,2026-01-21 08:00:00,system
4947,1122,1,1312,6,10.0,1800.0,53936.38,,2026-03-24 08:00:00,system,2026-03-24 08:00:00,system
4948,1122,2,244,6,6.0,330.0,12557.41,,2026-03-24 08:00:00,system,2026-03-24 08:00:00,system
4949,1123,1,222,6,24.0,120.0,1147.96,,2026-03-22 08:00:00,system,2026-03-22 08:00:00,system
4950,1123,2,845,6,3.0,630.0,41802.82,,2026-03-22 08:00:00,system,2026-03-22 08:00:00,system
4951,1123,3,102,6,5.0,50.0,2352.76,,2026-03-22 08:00:00,system,2026-03-22 08:00:00,system
4952,1123,4,1336,6,12.0,12.0,313.02,,2026-03-22 08:00:00,system,2026-03-22 08:00:00,system
4953,1123,5,1317,1,1.0,2000.0,299.1,,2026-03-22 08:00:00,system,2026-03-22 08:00:00,system
4954,1123,6,696,1,6.0,12000.0,174.21,,2026-03-22 08:00:00,system,2026-03-22 08:00:00,system
4955,1123,7,1325,1,6.0,12000.0,288.4,,2026-03-22 08:00:00,system,2026-03-22 08:00:00,system
4956,1123,8,166,6,20.0,300.0,3756.62,,2026-03-22 08:00:00,system,2026-03-22 08:00:00,system
4957,1123,9,1207,6,70.0,350.0,670.58,,2026-03-22 08:00:00,system,2026-03-22 08:00:00,system
4958,1123,10,285,1,4.0,4000.0,207.6,,2026-03-22 08:00:00,system,2026-03-22 08:00:00,system
4959,1123,11,1330,6,4.0,720.0,51801.14,,2026-03-22 08:00:00,system,2026-03-22 08:00:00,system
4960,1124,1,1308,6,26.0,26.0,307.26,,2026-06-26 08:00:00,system,2026-06-26 08:00:00,system
4961,1124,2,626,6,12.0,300.0,4485.76,,2026-06-26 08:00:00,system,2026-06-26 08:00:00,system
4962,1125,1,1227,1,6.0,6000.0,141.98,,2026-03-09 08:00:00,system,2026-03-09 08:00:00,system
4963,1125,2,1375,6,3.0,630.0,43608.89,,2026-03-09 08:00:00,system,2026-03-09 08:00:00,system
4964,1125,3,961,6,28.0,280.0,2179.41,,2026-03-09 08:00:00,system,2026-03-09 08:00:00,system
4965,1126,1,655,6,1.0,210.0,39192.59,,2026-05-17 08:00:00,system,2026-05-17 08:00:00,system
4966,1127,1,380,6,1.0,210.0,44913.56,,2026-05-29 08:00:00,system,2026-05-29 08:00:00,system
4967,1127,2,46,6,56.0,67.2,299.23,,2026-05-29 08:00:00,system,2026-05-29 08:00:00,system
4968,1127,3,1337,6,28.0,140.0,1665.27,,2026-05-29 08:00:00,system,2026-05-29 08:00:00,system
4969,1127,4,210,6,10.0,200.0,4849.33,,2026-05-29 08:00:00,system,2026-05-29 08:00:00,system
4970,1127,5,755,6,1.0,210.0,42165.24,,2026-05-29 08:00:00,system,2026-05-29 08:00:00,system
4971,1127,6,246,6,5.0,1050.0,47516.68,,2026-05-29 08:00:00,system,2026-05-29 08:00:00,system
4972,1127,7,354,6,39.0,46.8,254.33,,2026-05-29 08:00:00,system,2026-05-29 08:00:00,system
4973,1127,8,429,6,7.0,210.0,6606.05,,2026-05-29 08:00:00,system,2026-05-29 08:00:00,system
4974,1127,9,1396,6,12.0,180.0,3114.43,,2026-05-29 08:00:00,system,2026-05-29 08:00:00,system
4975,1127,10,1212,1,4.0,4000.0,123.81,,2026-05-29 08:00:00,system,2026-05-29 08:00:00,system
4976,1127,11,671,6,24.0,240.0,1879.01,,2026-05-29 08:00:00,system,2026-05-29 08:00:00,system
4977,1127,12,983,6,12.0,12.0,367.02,,2026-05-29 08:00:00,system,2026-05-29 08:00:00,system
4978,1127,13,151,6,25.0,375.0,3760.49,,2026-05-29 08:00:00,system,2026-05-29 08:00:00,system
4979,1128,1,1153,6,30.0,600.0,2654.07,,2026-05-18 08:00:00,system,2026-05-18 08:00:00,system
4980,1128,2,1247,6,12.0,120.0,1434.35,,2026-05-18 08:00:00,system,2026-05-18 08:00:00,system
4981,1128,3,1369,1,8.0,16000.0,289.14,,2026-05-18 08:00:00,system,2026-05-18 08:00:00,system
4982,1128,4,439,6,2.0,110.0,12540.04,,2026-05-18 08:00:00,system,2026-05-18 08:00:00,system
4983,1128,5,99,6,11.0,13.2,288.3,,2026-05-18 08:00:00,system,2026-05-18 08:00:00,system
4984,1129,1,740,6,14.0,350.0,5105.49,,2026-01-02 08:00:00,system,2026-01-02 08:00:00,system
4985,1129,2,1376,1,4.0,2000.0,196.71,,2026-01-02 08:00:00,system,2026-01-02 08:00:00,system
4986,1130,1,1157,6,36.0,36.0,135.14,,2026-06-02 08:00:00,system,2026-06-02 08:00:00,system
4987,1131,1,57,6,5.0,1050.0,45872.26,,2026-04-16 08:00:00,system,2026-04-16 08:00:00,system
4988,1131,2,483,6,10.0,200.0,4431.62,,2026-04-16 08:00:00,system,2026-04-16 08:00:00,system
4989,1132,1,87,6,8.0,80.0,2479.86,,2026-01-08 08:00:00,system,2026-01-08 08:00:00,system
4990,1132,2,216,6,2.0,420.0,51533.23,,2026-01-08 08:00:00,system,2026-01-08 08:00:00,system
4991,1133,1,861,1,2.0,1000.0,198.76,,2026-01-17 08:00:00,system,2026-01-17 08:00:00,system
4992,1133,2,1363,6,39.0,195.0,1512.78,,2026-01-17 08:00:00,system,2026-01-17 08:00:00,system
4993,1133,3,10,6,2.0,110.0,13229.37,,2026-01-17 08:00:00,system,2026-01-17 08:00:00,system
4994,1133,4,1068,6,12.0,24.0,698.31,,2026-01-17 08:00:00,system,2026-01-17 08:00:00,system
4995,1133,5,1298,1,2.0,2000.0,289.64,,2026-01-17 08:00:00,system,2026-01-17 08:00:00,system
4996,1133,6,1159,6,40.0,200.0,672.85,,2026-01-17 08:00:00,system,2026-01-17 08:00:00,system
4997,1134,1,1211,6,1.0,210.0,26336.09,,2026-04-15 08:00:00,system,2026-04-15 08:00:00,system
4998,1134,2,1129,6,33.0,165.0,1734.66,,2026-04-15 08:00:00,system,2026-04-15 08:00:00,system
4999,1134,3,1265,6,4.0,840.0,26276.14,,2026-04-15 08:00:00,system,2026-04-15 08:00:00,system
5000,1134,4,1053,6,10.0,500.0,18594.58,,2026-04-15 08:00:00,system,2026-04-15 08:00:00,system
5001,1134,5,552,6,15.0,150.0,1857.26,,2026-04-15 08:00:00,system,2026-04-15 08:00:00,system
5002,1134,6,970,1,1.0,500.0,199.9,,2026-04-15 08:00:00,system,2026-04-15 08:00:00,system
5003,1135,1,822,6,30.0,150.0,1090.74,,2026-02-24 08:00:00,system,2026-02-24 08:00:00,system
5004,1135,2,1078,6,65.0,325.0,1821.6,,2026-02-24 08:00:00,system,2026-02-24 08:00:00,system
5005,1135,3,1159,6,11.0,55.0,665.48,,2026-02-24 08:00:00,system,2026-02-24 08:00:00,system
5006,1136,1,978,6,12.0,216.0,6368.41,,2026-05-13 08:00:00,system,2026-05-13 08:00:00,system
5007,1136,2,858,6,6.0,330.0,10899.04,,2026-05-13 08:00:00,system,2026-05-13 08:00:00,system
5008,1136,3,180,6,15.0,150.0,2493.52,,2026-05-13 08:00:00,system,2026-05-13 08:00:00,system
5009,1136,4,927,6,35.0,1050.0,6307.09,,2026-05-13 08:00:00,system,2026-05-13 08:00:00,system
5010,1136,5,1248,6,12.0,240.0,2738.11,,2026-05-13 08:00:00,system,2026-05-13 08:00:00,system
5011,1137,1,991,6,40.0,20.0,179.95,,2026-02-13 08:00:00,system,2026-02-13 08:00:00,system
5012,1137,2,1116,6,26.0,10.4,150.22,,2026-02-13 08:00:00,system,2026-02-13 08:00:00,system
5013,1137,3,1363,6,65.0,325.0,1512.78,,2026-02-13 08:00:00,system,2026-02-13 08:00:00,system
5014,1137,4,293,6,18.0,360.0,4935.11,,2026-02-13 08:00:00,system,2026-02-13 08:00:00,system
5015,1137,5,886,6,10.0,550.0,12031.11,,2026-02-13 08:00:00,system,2026-02-13 08:00:00,system
5016,1137,6,989,6,10.0,1800.0,64425.66,,2026-02-13 08:00:00,system,2026-02-13 08:00:00,system
5017,1137,7,335,6,33.0,33.0,229.51,,2026-02-13 08:00:00,system,2026-02-13 08:00:00,system
5018,1137,8,1048,6,22.0,22.0,365.01,,2026-02-13 08:00:00,system,2026-02-13 08:00:00,system
5019,1138,1,1179,6,14.0,70.0,698.05,,2026-01-14 08:00:00,system,2026-01-14 08:00:00,system
5020,1138,2,1335,6,22.0,110.0,1616.25,,2026-01-14 08:00:00,system,2026-01-14 08:00:00,system
5021,1138,3,1393,6,28.0,84.0,642.0,,2026-01-14 08:00:00,system,2026-01-14 08:00:00,system
5022,1139,1,151,6,20.0,300.0,3760.49,,2026-04-25 08:00:00,system,2026-04-25 08:00:00,system
5023,1139,2,821,6,56.0,168.0,623.41,,2026-04-25 08:00:00,system,2026-04-25 08:00:00,system
5024,1140,1,1322,6,10.0,1800.0,50851.51,,2026-06-01 08:00:00,system,2026-06-01 08:00:00,system
5025,1140,2,556,6,20.0,600.0,5442.23,,2026-06-01 08:00:00,system,2026-06-01 08:00:00,system
5026,1140,3,766,6,8.0,400.0,9666.82,,2026-06-01 08:00:00,system,2026-06-01 08:00:00,system
5027,1140,4,728,6,6.0,300.0,9021.19,,2026-06-01 08:00:00,system,2026-06-01 08:00:00,system
5028,1141,1,679,6,5.0,1050.0,39643.17,,2026-06-09 08:00:00,system,2026-06-09 08:00:00,system
5029,1142,1,1444,6,44.0,132.0,639.94,,2026-03-08 08:00:00,system,2026-03-08 08:00:00,system
5030,1142,2,691,6,10.0,550.0,10047.17,,2026-03-08 08:00:00,system,2026-03-08 08:00:00,system
5031,1142,3,9,6,2.0,100.0,11568.43,,2026-03-08 08:00:00,system,2026-03-08 08:00:00,system
5032,1142,4,299,6,3.0,630.0,47223.27,,2026-03-08 08:00:00,system,2026-03-08 08:00:00,system
5033,1142,5,210,6,5.0,100.0,4849.33,,2026-03-08 08:00:00,system,2026-03-08 08:00:00,system
5034,1143,1,1059,6,60.0,300.0,1818.45,,2026-01-23 08:00:00,system,2026-01-23 08:00:00,system
5035,1144,1,668,6,2.0,360.0,35567.99,,2026-01-10 08:00:00,system,2026-01-10 08:00:00,system
5036,1144,2,311,6,21.0,420.0,4916.88,,2026-01-10 08:00:00,system,2026-01-10 08:00:00,system
5037,1144,3,958,1,2.0,4000.0,208.82,,2026-01-10 08:00:00,system,2026-01-10 08:00:00,system
5038,1144,4,1465,1,8.0,8000.0,217.52,,2026-01-10 08:00:00,system,2026-01-10 08:00:00,system
5039,1144,5,193,6,30.0,90.0,746.67,,2026-01-10 08:00:00,system,2026-01-10 08:00:00,system
5040,1144,6,212,6,24.0,720.0,7367.25,,2026-01-10 08:00:00,system,2026-01-10 08:00:00,system
5041,1144,7,255,1,2.0,2000.0,242.76,,2026-01-10 08:00:00,system,2026-01-10 08:00:00,system
5042,1144,8,1132,6,2.0,100.0,18364.55,,2026-01-10 08:00:00,system,2026-01-10 08:00:00,system
5043,1144,9,50,6,21.0,315.0,3884.09,,2026-01-10 08:00:00,system,2026-01-10 08:00:00,system
5044,1145,1,138,6,28.0,700.0,6025.8,,2026-01-30 08:00:00,system,2026-01-30 08:00:00,system
5045,1146,1,1111,6,96.0,38.4,149.85,,2026-04-03 08:00:00,system,2026-04-03 08:00:00,system
5046,1146,2,1500,6,3.0,630.0,47749.91,,2026-04-03 08:00:00,system,2026-04-03 08:00:00,system
5047,1146,3,1249,6,9.0,495.0,7885.63,,2026-04-03 08:00:00,system,2026-04-03 08:00:00,system
5048,1147,1,306,6,60.0,72.0,270.77,,2026-05-14 08:00:00,system,2026-05-14 08:00:00,system
5049,1147,2,1101,6,2.0,360.0,61379.67,,2026-05-14 08:00:00,system,2026-05-14 08:00:00,system
5050,1147,3,1036,6,2.0,360.0,60197.01,,2026-05-14 08:00:00,system,2026-05-14 08:00:00,system
5051,1147,4,1424,6,20.0,300.0,3131.52,,2026-05-14 08:00:00,system,2026-05-14 08:00:00,system
5052,1147,5,915,6,8.0,440.0,11560.91,,2026-05-14 08:00:00,system,2026-05-14 08:00:00,system
5053,1147,6,1296,6,10.0,1800.0,53004.36,,2026-05-14 08:00:00,system,2026-05-14 08:00:00,system
5054,1147,7,165,6,25.0,250.0,2417.17,,2026-05-14 08:00:00,system,2026-05-14 08:00:00,system
5055,1147,8,565,6,15.0,75.0,991.05,,2026-05-14 08:00:00,system,2026-05-14 08:00:00,system
5056,1147,9,155,6,8.0,400.0,11609.9,,2026-05-14 08:00:00,system,2026-05-14 08:00:00,system
5057,1147,10,1311,6,10.0,550.0,17087.06,,2026-05-14 08:00:00,system,2026-05-14 08:00:00,system
5058,1148,1,1086,6,33.0,66.0,707.94,,2026-06-30 08:00:00,system,2026-06-30 08:00:00,system
5059,1148,2,997,6,8.0,400.0,16928.61,,2026-06-30 08:00:00,system,2026-06-30 08:00:00,system
5060,1148,3,1201,6,14.0,280.0,2698.33,,2026-06-30 08:00:00,system,2026-06-30 08:00:00,system
5061,1148,4,500,6,7.0,210.0,6542.21,,2026-06-30 08:00:00,system,2026-06-30 08:00:00,system
5062,1148,5,1333,1,2.0,4000.0,285.42,,2026-06-30 08:00:00,system,2026-06-30 08:00:00,system
5063,1148,6,1295,6,6.0,120.0,6017.28,,2026-06-30 08:00:00,system,2026-06-30 08:00:00,system
5064,1149,1,208,6,21.0,210.0,2449.89,,2026-06-05 08:00:00,system,2026-06-05 08:00:00,system
5065,1149,2,713,6,28.0,840.0,5879.42,,2026-06-05 08:00:00,system,2026-06-05 08:00:00,system
5066,1150,1,482,6,35.0,525.0,3590.42,,2026-01-06 08:00:00,system,2026-01-06 08:00:00,system
5067,1150,2,189,1,2.0,2000.0,231.21,,2026-01-06 08:00:00,system,2026-01-06 08:00:00,system
5068,1150,3,845,6,4.0,840.0,45128.17,,2026-01-06 08:00:00,system,2026-01-06 08:00:00,system
5069,1151,1,53,6,12.0,360.0,6949.65,,2026-06-07 08:00:00,system,2026-06-07 08:00:00,system
5070,1151,2,1061,6,4.0,40.0,3446.52,,2026-06-07 08:00:00,system,2026-06-07 08:00:00,system
5071,1151,3,1338,6,6.0,120.0,6292.19,,2026-06-07 08:00:00,system,2026-06-07 08:00:00,system
5072,1151,4,1240,6,6.0,120.0,2893.5,,2026-06-07 08:00:00,system,2026-06-07 08:00:00,system
5073,1152,1,568,6,32.0,640.0,3897.17,,2026-02-14 08:00:00,system,2026-02-14 08:00:00,system
5074,1152,2,654,6,2.0,360.0,34382.21,,2026-02-14 08:00:00,system,2026-02-14 08:00:00,system
5075,1152,3,1375,6,3.0,630.0,47449.06,,2026-02-14 08:00:00,system,2026-02-14 08:00:00,system
5076,1152,4,208,6,7.0,70.0,2449.89,,2026-02-14 08:00:00,system,2026-02-14 08:00:00,system
5077,1152,5,1073,6,6.0,1080.0,65489.54,,2026-02-14 08:00:00,system,2026-02-14 08:00:00,system
5078,1153,1,1278,6,22.0,110.0,1648.69,,2026-06-16 08:00:00,system,2026-06-16 08:00:00,system
5079,1153,2,1334,6,56.0,56.0,323.44,,2026-06-16 08:00:00,system,2026-06-16 08:00:00,system
5080,1153,3,89,6,7.0,140.0,4613.56,,2026-06-16 08:00:00,system,2026-06-16 08:00:00,system
5081,1153,4,756,1,4.0,2000.0,180.45,,2026-06-16 08:00:00,system,2026-06-16 08:00:00,system
5082,1153,5,295,6,10.0,300.0,7349.54,,2026-06-16 08:00:00,system,2026-06-16 08:00:00,system
5083,1153,6,1359,6,3.0,630.0,65554.73,,2026-06-16 08:00:00,system,2026-06-16 08:00:00,system
5084,1154,1,288,6,52.0,62.4,281.97,,2026-02-04 08:00:00,system,2026-02-04 08:00:00,system
5085,1154,2,835,6,13.0,39.0,660.01,,2026-02-04 08:00:00,system,2026-02-04 08:00:00,system
5086,1154,3,532,1,8.0,4000.0,175.7,,2026-02-04 08:00:00,system,2026-02-04 08:00:00,system
5087,1154,4,1414,6,6.0,300.0,10940.54,,2026-02-04 08:00:00,system,2026-02-04 08:00:00,system
5088,1154,5,579,6,7.0,35.0,917.36,,2026-02-04 08:00:00,system,2026-02-04 08:00:00,system
5089,1155,1,1455,6,8.0,80.0,2364.79,,2026-05-30 08:00:00,system,2026-05-30 08:00:00,system
5090,1156,1,857,6,2.0,100.0,11225.9,,2026-04-21 08:00:00,system,2026-04-21 08:00:00,system
5091,1156,2,212,6,24.0,720.0,7367.25,,2026-04-21 08:00:00,system,2026-04-21 08:00:00,system
5092,1157,1,170,6,2.0,100.0,12288.05,,2026-03-13 08:00:00,system,2026-03-13 08:00:00,system
5093,1158,1,104,6,14.0,280.0,5036.4,,2026-04-15 08:00:00,system,2026-04-15 08:00:00,system
5094,1158,2,434,6,28.0,420.0,3690.66,,2026-04-15 08:00:00,system,2026-04-15 08:00:00,system
5095,1158,3,1499,6,10.0,1800.0,40751.46,,2026-04-15 08:00:00,system,2026-04-15 08:00:00,system
5096,1159,1,273,6,42.0,50.4,310.73,,2026-01-14 08:00:00,system,2026-01-14 08:00:00,system
5097,1159,2,735,6,48.0,144.0,645.95,,2026-01-14 08:00:00,system,2026-01-14 08:00:00,system
5098,1159,3,908,6,8.0,40.0,1086.97,,2026-01-14 08:00:00,system,2026-01-14 08:00:00,system
5099,1160,1,1148,1,8.0,8000.0,144.15,,2026-04-06 08:00:00,system,2026-04-06 08:00:00,system
5100,1160,2,546,6,1.0,210.0,39450.81,,2026-04-06 08:00:00,system,2026-04-06 08:00:00,system
5101,1161,1,500,6,5.0,150.0,6490.44,,2026-03-21 08:00:00,system,2026-03-21 08:00:00,system
5102,1162,1,1427,1,3.0,1500.0,196.92,,2026-03-20 08:00:00,system,2026-03-20 08:00:00,system
5103,1162,2,1015,6,20.0,360.0,6645.05,,2026-03-20 08:00:00,system,2026-03-20 08:00:00,system
5104,1163,1,1038,6,33.0,16.5,179.43,,2026-02-07 08:00:00,system,2026-02-07 08:00:00,system
5105,1163,2,1190,6,4.0,220.0,7782.42,,2026-02-07 08:00:00,system,2026-02-07 08:00:00,system
5106,1163,3,203,6,14.0,11.2,188.51,,2026-02-07 08:00:00,system,2026-02-07 08:00:00,system
5107,1164,1,466,6,16.0,160.0,2293.07,,2026-01-14 08:00:00,system,2026-01-14 08:00:00,system
5108,1164,2,48,6,28.0,140.0,1227.71,,2026-01-14 08:00:00,system,2026-01-14 08:00:00,system
5109,1164,3,803,6,1.0,210.0,46988.75,,2026-01-14 08:00:00,system,2026-01-14 08:00:00,system
5110,1164,4,714,6,2.0,100.0,9783.33,,2026-01-14 08:00:00,system,2026-01-14 08:00:00,system
5111,1164,5,672,6,24.0,360.0,3204.89,,2026-01-14 08:00:00,system,2026-01-14 08:00:00,system
5112,1164,6,226,6,40.0,1000.0,6243.64,,2026-01-14 08:00:00,system,2026-01-14 08:00:00,system
5113,1164,7,844,6,2.0,360.0,39708.65,,2026-01-14 08:00:00,system,2026-01-14 08:00:00,system
5114,1164,8,1109,6,8.0,400.0,20309.43,,2026-01-14 08:00:00,system,2026-01-14 08:00:00,system
5115,1165,1,409,6,30.0,150.0,1173.64,,2026-01-06 08:00:00,system,2026-01-06 08:00:00,system
5116,1165,2,188,6,3.0,630.0,55828.09,,2026-01-06 08:00:00,system,2026-01-06 08:00:00,system
5117,1165,3,1144,6,18.0,180.0,1492.69,,2026-01-06 08:00:00,system,2026-01-06 08:00:00,system
5118,1165,4,1482,6,9.0,270.0,7010.41,,2026-01-06 08:00:00,system,2026-01-06 08:00:00,system
5119,1165,5,251,6,10.0,500.0,13708.49,,2026-01-06 08:00:00,system,2026-01-06 08:00:00,system
5120,1166,1,752,6,8.0,400.0,10673.52,,2026-02-20 08:00:00,system,2026-02-20 08:00:00,system
5121,1166,2,1444,6,24.0,72.0,605.05,,2026-02-20 08:00:00,system,2026-02-20 08:00:00,system
5122,1166,3,1211,6,1.0,210.0,26336.09,,2026-02-20 08:00:00,system,2026-02-20 08:00:00,system
5123,1167,1,1279,6,14.0,280.0,6375.6,,2026-03-20 08:00:00,system,2026-03-20 08:00:00,system
5124,1167,2,289,6,22.0,66.0,730.57,,2026-03-20 08:00:00,system,2026-03-20 08:00:00,system
5125,1167,3,116,6,25.0,125.0,1221.49,,2026-03-20 08:00:00,system,2026-03-20 08:00:00,system
5126,1167,4,1073,6,6.0,1080.0,58112.76,,2026-03-20 08:00:00,system,2026-03-20 08:00:00,system
5127,1167,5,594,6,14.0,70.0,915.41,,2026-03-20 08:00:00,system,2026-03-20 08:00:00,system
5128,1167,6,39,6,8.0,400.0,11418.26,,2026-03-20 08:00:00,system,2026-03-20 08:00:00,system
5129,1167,7,414,6,14.0,420.0,6271.93,,2026-03-20 08:00:00,system,2026-03-20 08:00:00,system
5130,1167,8,1377,1,6.0,6000.0,197.89,,2026-03-20 08:00:00,system,2026-03-20 08:00:00,system
5131,1167,9,1149,6,33.0,33.0,138.86,,2026-03-20 08:00:00,system,2026-03-20 08:00:00,system
5132,1168,1,1391,1,3.0,3000.0,216.79,,2026-06-07 08:00:00,system,2026-06-07 08:00:00,system
5133,1168,2,725,6,7.0,140.0,4094.23,,2026-06-07 08:00:00,system,2026-06-07 08:00:00,system
5134,1168,3,284,6,5.0,1050.0,49607.16,,2026-06-07 08:00:00,system,2026-06-07 08:00:00,system
5135,1169,1,931,6,32.0,96.0,693.63,,2026-05-13 08:00:00,system,2026-05-13 08:00:00,system
5136,1170,1,109,6,10.0,1800.0,39718.46,,2026-04-24 08:00:00,system,2026-04-24 08:00:00,system
5137,1170,2,228,6,6.0,300.0,12038.96,,2026-04-24 08:00:00,system,2026-04-24 08:00:00,system
5138,1170,3,629,6,4.0,220.0,10800.36,,2026-04-24 08:00:00,system,2026-04-24 08:00:00,system
5139,1170,4,350,6,55.0,55.0,229.77,,2026-04-24 08:00:00,system,2026-04-24 08:00:00,system
5140,1170,5,1360,1,6.0,6000.0,293.23,,2026-04-24 08:00:00,system,2026-04-24 08:00:00,system
5141,1171,1,842,6,2.0,100.0,10506.77,,2026-05-24 08:00:00,system,2026-05-24 08:00:00,system
5142,1172,1,386,6,7.0,35.0,1282.27,,2026-06-10 08:00:00,system,2026-06-10 08:00:00,system
5143,1172,2,660,6,28.0,140.0,969.05,,2026-06-10 08:00:00,system,2026-06-10 08:00:00,system
5144,1172,3,313,6,18.0,540.0,6981.34,,2026-06-10 08:00:00,system,2026-06-10 08:00:00,system
5145,1173,1,1201,6,14.0,280.0,2698.33,,2026-04-13 08:00:00,system,2026-04-13 08:00:00,system
5146,1173,2,183,6,6.0,150.0,5992.52,,2026-04-13 08:00:00,system,2026-04-13 08:00:00,system
5147,1173,3,500,6,35.0,1050.0,6542.21,,2026-04-13 08:00:00,system,2026-04-13 08:00:00,system
5148,1173,4,352,6,26.0,20.8,183.6,,2026-04-13 08:00:00,system,2026-04-13 08:00:00,system
5149,1173,5,1290,6,3.0,630.0,61510.76,,2026-04-13 08:00:00,system,2026-04-13 08:00:00,system
5150,1173,6,1264,6,10.0,550.0,7737.47,,2026-04-13 08:00:00,system,2026-04-13 08:00:00,system
5151,1173,7,790,6,6.0,90.0,3129.51,,2026-04-13 08:00:00,system,2026-04-13 08:00:00,system
5152,1173,8,957,1,8.0,8000.0,195.98,,2026-04-13 08:00:00,system,2026-04-13 08:00:00,system
5153,1173,9,349,6,28.0,22.4,178.3,,2026-04-13 08:00:00,system,2026-04-13 08:00:00,system
5154,1173,10,1376,1,1.0,500.0,180.69,,2026-04-13 08:00:00,system,2026-04-13 08:00:00,system
5155,1173,11,741,6,18.0,540.0,5778.01,,2026-04-13 08:00:00,system,2026-04-13 08:00:00,system
5156,1174,1,729,6,4.0,220.0,10862.03,,2026-04-16 08:00:00,system,2026-04-16 08:00:00,system
5157,1174,2,927,6,7.0,210.0,6307.09,,2026-04-16 08:00:00,system,2026-04-16 08:00:00,system
5158,1174,3,1476,6,36.0,108.0,623.6,,2026-04-16 08:00:00,system,2026-04-16 08:00:00,system
5159,1174,4,108,6,6.0,330.0,12885.41,,2026-04-16 08:00:00,system,2026-04-16 08:00:00,system
5160,1174,5,69,6,8.0,400.0,11573.65,,2026-04-16 08:00:00,system,2026-04-16 08:00:00,system
5161,1174,6,805,1,2.0,2000.0,188.87,,2026-04-16 08:00:00,system,2026-04-16 08:00:00,system
5162,1174,7,705,6,4.0,220.0,10936.44,,2026-04-16 08:00:00,system,2026-04-16 08:00:00,system
5163,1174,8,1332,1,8.0,8000.0,286.98,,2026-04-16 08:00:00,system,2026-04-16 08:00:00,system
5164,1174,9,1227,1,8.0,8000.0,122.88,,2026-04-16 08:00:00,system,2026-04-16 08:00:00,system
5165,1174,10,395,6,6.0,60.0,2133.13,,2026-04-16 08:00:00,system,2026-04-16 08:00:00,system
5166,1174,11,1143,6,36.0,180.0,674.58,,2026-04-16 08:00:00,system,2026-04-16 08:00:00,system
5167,1174,12,528,6,4.0,200.0,9790.18,,2026-04-16 08:00:00,system,2026-04-16 08:00:00,system
5168,1174,13,1070,6,4.0,40.0,3734.77,,2026-04-16 08:00:00,system,2026-04-16 08:00:00,system
5169,1174,14,1324,1,2.0,2000.0,290.58,,2026-04-16 08:00:00,system,2026-04-16 08:00:00,system
5170,1174,15,475,1,8.0,8000.0,188.24,,2026-04-16 08:00:00,system,2026-04-16 08:00:00,system
5171,1175,1,765,6,18.0,540.0,6964.86,,2026-06-15 08:00:00,system,2026-06-15 08:00:00,system
5172,1175,2,324,6,28.0,280.0,2402.71,,2026-06-15 08:00:00,system,2026-06-15 08:00:00,system
5173,1175,3,434,6,8.0,120.0,3625.35,,2026-06-15 08:00:00,system,2026-06-15 08:00:00,system
5174,1175,4,18,6,35.0,175.0,1249.59,,2026-06-15 08:00:00,system,2026-06-15 08:00:00,system
5175,1175,5,501,6,2.0,110.0,10935.89,,2026-06-15 08:00:00,system,2026-06-15 08:00:00,system
5176,1176,1,190,6,39.0,31.2,196.18,,2026-05-10 08:00:00,system,2026-05-10 08:00:00,system
5177,1176,2,714,6,2.0,100.0,9412.21,,2026-05-10 08:00:00,system,2026-05-10 08:00:00,system
5178,1176,3,1466,1,6.0,12000.0,189.02,,2026-05-10 08:00:00,system,2026-05-10 08:00:00,system
5179,1176,4,624,6,21.0,315.0,2764.75,,2026-05-10 08:00:00,system,2026-05-10 08:00:00,system
5180,1176,5,1020,6,55.0,55.0,374.16,,2026-05-10 08:00:00,system,2026-05-10 08:00:00,system
5181,1176,6,1156,1,6.0,6000.0,129.11,,2026-05-10 08:00:00,system,2026-05-10 08:00:00,system
5182,1177,1,554,6,18.0,360.0,3860.51,,2026-05-17 08:00:00,system,2026-05-17 08:00:00,system
5183,1177,2,165,6,18.0,180.0,2319.12,,2026-05-17 08:00:00,system,2026-05-17 08:00:00,system
5184,1177,3,548,1,2.0,2000.0,163.37,,2026-05-17 08:00:00,system,2026-05-17 08:00:00,system
5185,1177,4,805,1,4.0,4000.0,188.87,,2026-05-17 08:00:00,system,2026-05-17 08:00:00,system
5186,1178,1,1115,6,56.0,280.0,1811.57,,2026-06-21 08:00:00,system,2026-06-21 08:00:00,system
5187,1179,1,1359,6,4.0,840.0,62566.46,,2026-04-24 08:00:00,system,2026-04-24 08:00:00,system
5188,1179,2,439,6,2.0,110.0,12540.04,,2026-04-24 08:00:00,system,2026-04-24 08:00:00,system
5189,1179,3,300,1,8.0,8000.0,226.64,,2026-04-24 08:00:00,system,2026-04-24 08:00:00,system
5190,1179,4,1303,6,8.0,440.0,18445.57,,2026-04-24 08:00:00,system,2026-04-24 08:00:00,system
5191,1180,1,304,6,36.0,28.8,173.15,,2026-06-13 08:00:00,system,2026-06-13 08:00:00,system
5192,1180,2,1254,6,21.0,210.0,1379.42,,2026-06-13 08:00:00,system,2026-06-13 08:00:00,system
5193,1180,3,1097,6,11.0,55.0,1856.25,,2026-06-13 08:00:00,system,2026-06-13 08:00:00,system
5194,1181,1,1410,6,30.0,450.0,3213.01,,2026-02-13 08:00:00,system,2026-02-13 08:00:00,system
5195,1181,2,861,1,2.0,1000.0,198.76,,2026-02-13 08:00:00,system,2026-02-13 08:00:00,system
5196,1182,1,1480,6,12.0,240.0,4044.0,,2026-05-13 08:00:00,system,2026-05-13 08:00:00,system
5197,1182,2,697,6,11.0,33.0,588.17,,2026-05-13 08:00:00,system,2026-05-13 08:00:00,system
5198,1183,1,957,1,4.0,4000.0,214.2,,2026-04-03 08:00:00,system,2026-04-03 08:00:00,system
5199,1183,2,39,6,8.0,400.0,13787.62,,2026-04-03 08:00:00,system,2026-04-03 08:00:00,system
5200,1183,3,254,6,1.0,210.0,53698.03,,2026-04-03 08:00:00,system,2026-04-03 08:00:00,system
5201,1183,4,1450,6,24.0,720.0,7336.34,,2026-04-03 08:00:00,system,2026-04-03 08:00:00,system
5202,1183,5,1,6,51.0,61.2,337.45,,2026-04-03 08:00:00,system,2026-04-03 08:00:00,system
5203,1183,6,713,6,14.0,420.0,6235.2,,2026-04-03 08:00:00,system,2026-04-03 08:00:00,system
5204,1183,7,332,6,4.0,840.0,50456.18,,2026-04-03 08:00:00,system,2026-04-03 08:00:00,system
5205,1184,1,329,6,2.0,100.0,10873.84,,2026-02-15 08:00:00,system,2026-02-15 08:00:00,system
5206,1185,1,65,6,6.0,90.0,3763.95,,2026-05-23 08:00:00,system,2026-05-23 08:00:00,system
5207,1186,1,436,6,12.0,300.0,6074.92,,2026-01-23 08:00:00,system,2026-01-23 08:00:00,system
5208,1187,1,361,6,7.0,210.0,7004.39,,2026-01-09 08:00:00,system,2026-01-09 08:00:00,system
5209,1187,2,1367,6,3.0,630.0,60598.84,,2026-01-09 08:00:00,system,2026-01-09 08:00:00,system
5210,1187,3,1450,6,12.0,360.0,6487.43,,2026-01-09 08:00:00,system,2026-01-09 08:00:00,system
5211,1187,4,1303,6,4.0,220.0,18445.57,,2026-01-09 08:00:00,system,2026-01-09 08:00:00,system
5212,1187,5,1114,6,56.0,112.0,704.28,,2026-01-09 08:00:00,system,2026-01-09 08:00:00,system
5213,1187,6,228,6,8.0,400.0,12038.96,,2026-01-09 08:00:00,system,2026-01-09 08:00:00,system
5214,1187,7,6,6,28.0,560.0,4990.06,,2026-01-09 08:00:00,system,2026-01-09 08:00:00,system
5215,1188,1,1148,1,8.0,8000.0,133.86,,2026-06-14 08:00:00,system,2026-06-14 08:00:00,system
5216,1188,2,808,6,16.0,80.0,1204.75,,2026-06-14 08:00:00,system,2026-06-14 08:00:00,system
5217,1188,3,172,6,12.0,2160.0,44833.65,,2026-06-14 08:00:00,system,2026-06-14 08:00:00,system
5218,1189,1,322,6,39.0,117.0,664.91,,2026-03-19 08:00:00,system,2026-03-19 08:00:00,system
5219,1189,2,65,6,30.0,450.0,3709.27,,2026-03-19 08:00:00,system,2026-03-19 08:00:00,system
5220,1189,3,168,6,35.0,875.0,5868.55,,2026-03-19 08:00:00,system,2026-03-19 08:00:00,system
5221,1190,1,609,6,7.0,70.0,2058.08,,2026-04-22 08:00:00,system,2026-04-22 08:00:00,system
5222,1191,1,85,6,11.0,33.0,739.19,,2026-02-21 08:00:00,system,2026-02-21 08:00:00,system
5223,1191,2,478,6,10.0,12.0,252.28,,2026-02-21 08:00:00,system,2026-02-21 08:00:00,system
5224,1191,3,435,6,24.0,480.0,4513.95,,2026-02-21 08:00:00,system,2026-02-21 08:00:00,system
5225,1191,4,743,6,6.0,330.0,10879.65,,2026-02-21 08:00:00,system,2026-02-21 08:00:00,system
5226,1191,5,1438,6,10.0,550.0,11903.36,,2026-02-21 08:00:00,system,2026-02-21 08:00:00,system
5227,1191,6,411,6,12.0,180.0,3165.49,,2026-02-21 08:00:00,system,2026-02-21 08:00:00,system
5228,1191,7,1394,6,18.0,90.0,1050.85,,2026-02-21 08:00:00,system,2026-02-21 08:00:00,system
5229,1191,8,265,6,7.0,210.0,7230.93,,2026-02-21 08:00:00,system,2026-02-21 08:00:00,system
5230,1191,9,1111,6,125.0,50.0,136.22,,2026-02-21 08:00:00,system,2026-02-21 08:00:00,system
5231,1192,1,743,6,4.0,220.0,10879.65,,2026-04-16 08:00:00,system,2026-04-16 08:00:00,system
5232,1192,2,378,6,4.0,220.0,11648.21,,2026-04-16 08:00:00,system,2026-04-16 08:00:00,system
5233,1193,1,574,6,1.0,210.0,41245.84,,2026-05-10 08:00:00,system,2026-05-10 08:00:00,system
5234,1194,1,793,6,14.0,420.0,6708.86,,2026-06-15 08:00:00,system,2026-06-15 08:00:00,system
5235,1194,2,225,6,30.0,600.0,5425.34,,2026-06-15 08:00:00,system,2026-06-15 08:00:00,system
5236,1194,3,10,6,4.0,220.0,14763.96,,2026-06-15 08:00:00,system,2026-06-15 08:00:00,system
5237,1194,4,999,6,30.0,12.0,153.86,,2026-06-15 08:00:00,system,2026-06-15 08:00:00,system
5238,1194,5,13,1,2.0,2000.0,229.2,,2026-06-15 08:00:00,system,2026-06-15 08:00:00,system
5239,1194,6,731,6,2.0,420.0,39898.08,,2026-06-15 08:00:00,system,2026-06-15 08:00:00,system
5240,1194,7,499,6,7.0,175.0,6255.66,,2026-06-15 08:00:00,system,2026-06-15 08:00:00,system
5241,1194,8,176,6,48.0,48.0,247.54,,2026-06-15 08:00:00,system,2026-06-15 08:00:00,system
5242,1194,9,1098,6,4.0,40.0,3951.64,,2026-06-15 08:00:00,system,2026-06-15 08:00:00,system
5243,1194,10,787,6,13.0,39.0,695.86,,2026-06-15 08:00:00,system,2026-06-15 08:00:00,system
5244,1194,11,736,6,30.0,150.0,1065.66,,2026-06-15 08:00:00,system,2026-06-15 08:00:00,system
5245,1195,1,325,6,7.0,105.0,3478.88,,2026-05-10 08:00:00,system,2026-05-10 08:00:00,system
5246,1195,2,421,6,60.0,60.0,245.41,,2026-05-10 08:00:00,system,2026-05-10 08:00:00,system
5247,1196,1,649,6,32.0,640.0,3907.26,,2026-04-03 08:00:00,system,2026-04-03 08:00:00,system
5248,1196,2,1500,6,4.0,840.0,47749.91,,2026-04-03 08:00:00,system,2026-04-03 08:00:00,system
5249,1196,3,974,6,80.0,80.0,396.1,,2026-04-03 08:00:00,system,2026-04-03 08:00:00,system
5250,1196,4,1150,6,13.0,39.0,473.51,,2026-04-03 08:00:00,system,2026-04-03 08:00:00,system
5251,1196,5,684,6,30.0,150.0,1030.79,,2026-04-03 08:00:00,system,2026-04-03 08:00:00,system
5252,1196,6,741,6,8.0,240.0,6313.75,,2026-04-03 08:00:00,system,2026-04-03 08:00:00,system
5253,1196,7,410,6,40.0,400.0,2435.25,,2026-04-03 08:00:00,system,2026-04-03 08:00:00,system
5254,1196,8,1071,6,20.0,360.0,6804.31,,2026-04-03 08:00:00,system,2026-04-03 08:00:00,system
5255,1196,9,594,6,7.0,35.0,1028.64,,2026-04-03 08:00:00,system,2026-04-03 08:00:00,system
5256,1196,10,340,6,35.0,525.0,3603.75,,2026-04-03 08:00:00,system,2026-04-03 08:00:00,system
5257,1196,11,1231,6,12.0,120.0,1583.64,,2026-04-03 08:00:00,system,2026-04-03 08:00:00,system
5258,1197,1,397,6,10.0,200.0,4498.38,,2026-05-19 08:00:00,system,2026-05-19 08:00:00,system
5259,1198,1,313,6,18.0,540.0,6981.34,,2026-06-26 08:00:00,system,2026-06-26 08:00:00,system
5260,1198,2,84,6,52.0,62.4,305.68,,2026-06-26 08:00:00,system,2026-06-26 08:00:00,system
5261,1198,3,307,6,48.0,144.0,701.53,,2026-06-26 08:00:00,system,2026-06-26 08:00:00,system
5262,1199,1,1,6,52.0,62.4,298.89,,2026-02-19 08:00:00,system,2026-02-19 08:00:00,system
5263,1200,1,100,6,42.0,126.0,739.62,,2026-04-13 08:00:00,system,2026-04-13 08:00:00,system
5264,1200,2,268,6,12.0,2160.0,42570.21,,2026-04-13 08:00:00,system,2026-04-13 08:00:00,system
5265,1201,1,312,6,20.0,500.0,5542.75,,2026-03-22 08:00:00,system,2026-03-22 08:00:00,system
5266,1201,2,1382,6,18.0,270.0,3086.72,,2026-03-22 08:00:00,system,2026-03-22 08:00:00,system
5267,1201,3,335,6,55.0,55.0,229.51,,2026-03-22 08:00:00,system,2026-03-22 08:00:00,system
5268,1201,4,677,6,8.0,440.0,10447.59,,2026-03-22 08:00:00,system,2026-03-22 08:00:00,system
5269,1201,5,854,6,5.0,100.0,4212.29,,2026-03-22 08:00:00,system,2026-03-22 08:00:00,system
5270,1201,6,290,6,12.0,60.0,1173.29,,2026-03-22 08:00:00,system,2026-03-22 08:00:00,system
5271,1202,1,350,6,60.0,60.0,221.68,,2026-02-05 08:00:00,system,2026-02-05 08:00:00,system
5272,1202,2,534,1,4.0,8000.0,179.97,,2026-02-05 08:00:00,system,2026-02-05 08:00:00,system
5273,1202,3,166,6,24.0,360.0,3491.43,,2026-02-05 08:00:00,system,2026-02-05 08:00:00,system
5274,1202,4,1182,6,10.0,550.0,8040.85,,2026-02-05 08:00:00,system,2026-02-05 08:00:00,system
5275,1202,5,835,6,65.0,195.0,660.01,,2026-02-05 08:00:00,system,2026-02-05 08:00:00,system
5276,1202,6,1197,6,24.0,480.0,2681.95,,2026-02-05 08:00:00,system,2026-02-05 08:00:00,system
5277,1203,1,1222,6,27.0,81.0,418.65,,2026-05-06 08:00:00,system,2026-05-06 08:00:00,system
5278,1204,1,1068,6,24.0,48.0,698.31,,2026-04-01 08:00:00,system,2026-04-01 08:00:00,system
5279,1204,2,1267,6,13.0,13.0,138.69,,2026-04-01 08:00:00,system,2026-04-01 08:00:00,system
5280,1205,1,1328,6,35.0,700.0,6642.5,,2026-04-07 08:00:00,system,2026-04-07 08:00:00,system
5281,1205,2,901,6,4.0,220.0,11038.17,,2026-04-07 08:00:00,system,2026-04-07 08:00:00,system
5282,1206,1,1367,6,1.0,210.0,64264.39,,2026-02-13 08:00:00,system,2026-02-13 08:00:00,system
5283,1206,2,1335,6,33.0,165.0,1616.25,,2026-02-13 08:00:00,system,2026-02-13 08:00:00,system
5284,1207,1,233,6,42.0,33.6,193.77,,2026-03-22 08:00:00,system,2026-03-22 08:00:00,system
5285,1208,1,359,6,12.0,240.0,4490.08,,2026-01-08 08:00:00,system,2026-01-08 08:00:00,system
5286,1208,2,247,1,6.0,6000.0,209.86,,2026-01-08 08:00:00,system,2026-01-08 08:00:00,system
5287,1208,3,1327,6,56.0,280.0,1583.01,,2026-01-08 08:00:00,system,2026-01-08 08:00:00,system
5288,1208,4,907,6,33.0,99.0,603.29,,2026-01-08 08:00:00,system,2026-01-08 08:00:00,system
5289,1208,5,1417,6,4.0,840.0,42326.35,,2026-01-08 08:00:00,system,2026-01-08 08:00:00,system
5290,1209,1,350,6,55.0,55.0,229.77,,2026-05-30 08:00:00,system,2026-05-30 08:00:00,system
5291,1210,1,365,6,4.0,840.0,42082.23,,2026-06-18 08:00:00,system,2026-06-18 08:00:00,system
5292,1210,2,528,6,10.0,500.0,9790.18,,2026-06-18 08:00:00,system,2026-06-18 08:00:00,system
5293,1210,3,333,1,2.0,2000.0,197.61,,2026-06-18 08:00:00,system,2026-06-18 08:00:00,system
5294,1210,4,390,6,6.0,150.0,5229.21,,2026-06-18 08:00:00,system,2026-06-18 08:00:00,system
5295,1210,5,958,1,4.0,8000.0,182.62,,2026-06-18 08:00:00,system,2026-06-18 08:00:00,system
5296,1210,6,830,6,10.0,1800.0,36783.43,,2026-06-18 08:00:00,system,2026-06-18 08:00:00,system
5297,1210,7,1158,6,28.0,84.0,425.68,,2026-06-18 08:00:00,system,2026-06-18 08:00:00,system
5298,1210,8,1325,1,2.0,4000.0,289.91,,2026-06-18 08:00:00,system,2026-06-18 08:00:00,system
5299,1211,1,1117,6,52.0,26.0,198.62,,2026-05-05 08:00:00,system,2026-05-05 08:00:00,system
5300,1211,2,102,6,7.0,70.0,2644.57,,2026-05-05 08:00:00,system,2026-05-05 08:00:00,system
5301,1211,3,1383,6,40.0,800.0,4381.54,,2026-05-05 08:00:00,system,2026-05-05 08:00:00,system
5302,1212,1,228,6,4.0,200.0,12813.06,,2026-03-03 08:00:00,system,2026-03-03 08:00:00,system
5303,1213,1,80,6,5.0,1050.0,48891.95,,2026-06-13 08:00:00,system,2026-06-13 08:00:00,system
5304,1213,2,1111,6,48.0,19.2,149.85,,2026-06-13 08:00:00,system,2026-06-13 08:00:00,system
5305,1213,3,373,6,7.0,105.0,3739.05,,2026-06-13 08:00:00,system,2026-06-13 08:00:00,system
5306,1213,4,410,6,8.0,80.0,2435.25,,2026-06-13 08:00:00,system,2026-06-13 08:00:00,system
5307,1214,1,18,6,28.0,140.0,1135.2,,2026-05-31 08:00:00,system,2026-05-31 08:00:00,system
5308,1214,2,33,6,18.0,90.0,1197.08,,2026-05-31 08:00:00,system,2026-05-31 08:00:00,system
5309,1215,1,1302,6,35.0,700.0,6519.26,,2026-06-16 08:00:00,system,2026-06-16 08:00:00,system
5310,1216,1,333,1,2.0,2000.0,207.32,,2026-04-18 08:00:00,system,2026-04-18 08:00:00,system
5311,1216,2,897,6,28.0,560.0,4630.02,,2026-04-18 08:00:00,system,2026-04-18 08:00:00,system
5312,1216,3,401,6,8.0,440.0,12781.31,,2026-04-18 08:00:00,system,2026-04-18 08:00:00,system
5313,1217,1,234,6,48.0,48.0,235.95,,2026-01-23 08:00:00,system,2026-01-23 08:00:00,system
5314,1217,2,287,6,60.0,60.0,241.88,,2026-01-23 08:00:00,system,2026-01-23 08:00:00,system
5315,1217,3,476,6,60.0,48.0,178.0,,2026-01-23 08:00:00,system,2026-01-23 08:00:00,system
5316,1218,1,942,1,4.0,2000.0,188.37,,2026-05-27 08:00:00,system,2026-05-27 08:00:00,system
5317,1218,2,200,6,4.0,720.0,41262.01,,2026-05-27 08:00:00,system,2026-05-27 08:00:00,system
5318,1218,3,544,6,6.0,1080.0,30558.39,,2026-05-27 08:00:00,system,2026-05-27 08:00:00,system
5319,1218,4,1046,6,88.0,35.2,147.58,,2026-05-27 08:00:00,system,2026-05-27 08:00:00,system
5320,1218,5,958,1,2.0,4000.0,182.62,,2026-05-27 08:00:00,system,2026-05-27 08:00:00,system
5321,1218,6,543,6,8.0,440.0,10042.83,,2026-05-27 08:00:00,system,2026-05-27 08:00:00,system
5322,1219,1,378,6,6.0,330.0,12716.86,,2026-06-08 08:00:00,system,2026-06-08 08:00:00,system
5323,1219,2,294,6,18.0,450.0,6810.8,,2026-06-08 08:00:00,system,2026-06-08 08:00:00,system
5324,1219,3,704,6,9.0,450.0,10550.42,,2026-06-08 08:00:00,system,2026-06-08 08:00:00,system
5325,1219,4,144,1,2.0,2000.0,231.36,,2026-06-08 08:00:00,system,2026-06-08 08:00:00,system
5326,1219,5,459,6,70.0,70.0,257.95,,2026-06-08 08:00:00,system,2026-06-08 08:00:00,system
5327,1220,1,15,6,15.0,15.0,266.53,,2026-03-18 08:00:00,system,2026-03-18 08:00:00,system
5328,1221,1,355,6,70.0,210.0,721.23,,2026-01-04 08:00:00,system,2026-01-04 08:00:00,system
5329,1221,2,510,6,24.0,360.0,3281.21,,2026-01-04 08:00:00,system,2026-01-04 08:00:00,system
5330,1221,3,611,6,28.0,560.0,4217.72,,2026-01-04 08:00:00,system,2026-01-04 08:00:00,system
5331,1221,4,1177,6,28.0,28.0,159.58,,2026-01-04 08:00:00,system,2026-01-04 08:00:00,system
5332,1221,5,1146,6,4.0,220.0,7942.58,,2026-01-04 08:00:00,system,2026-01-04 08:00:00,system
5333,1221,6,672,6,8.0,120.0,3204.89,,2026-01-04 08:00:00,system,2026-01-04 08:00:00,system
5334,1222,1,696,1,3.0,6000.0,171.94,,2026-02-11 08:00:00,system,2026-02-11 08:00:00,system
5335,1222,2,137,6,14.0,280.0,4759.29,,2026-02-11 08:00:00,system,2026-02-11 08:00:00,system
5336,1222,3,1093,6,96.0,38.4,145.58,,2026-02-11 08:00:00,system,2026-02-11 08:00:00,system
5337,1222,4,311,6,35.0,700.0,4401.44,,2026-02-11 08:00:00,system,2026-02-11 08:00:00,system
5338,1223,1,1058,6,56.0,112.0,689.83,,2026-04-21 08:00:00,system,2026-04-21 08:00:00,system
5339,1224,1,1449,6,40.0,1000.0,5870.51,,2026-03-31 08:00:00,system,2026-03-31 08:00:00,system
5340,1224,2,1042,6,12.0,120.0,3842.29,,2026-03-31 08:00:00,system,2026-03-31 08:00:00,system
5341,1224,3,340,6,7.0,105.0,3390.86,,2026-03-31 08:00:00,system,2026-03-31 08:00:00,system
5342,1225,1,34,6,21.0,210.0,2503.96,,2026-03-18 08:00:00,system,2026-03-18 08:00:00,system
5343,1225,2,1210,6,8.0,440.0,7722.95,,2026-03-18 08:00:00,system,2026-03-18 08:00:00,system
5344,1225,3,1363,6,13.0,65.0,1552.05,,2026-03-18 08:00:00,system,2026-03-18 08:00:00,system
5345,1225,4,1158,6,70.0,210.0,433.65,,2026-03-18 08:00:00,system,2026-03-18 08:00:00,system
5346,1225,5,235,6,24.0,28.8,289.46,,2026-03-18 08:00:00,system,2026-03-18 08:00:00,system
5347,1226,1,458,6,22.0,17.6,170.62,,2026-05-28 08:00:00,system,2026-05-28 08:00:00,system
5348,1226,2,29,6,13.0,10.4,194.58,,2026-05-28 08:00:00,system,2026-05-28 08:00:00,system
5349,1226,3,1341,6,1.0,210.0,64837.26,,2026-05-28 08:00:00,system,2026-05-28 08:00:00,system
5350,1226,4,1037,6,42.0,16.8,149.43,,2026-05-28 08:00:00,system,2026-05-28 08:00:00,system
5351,1226,5,1115,6,42.0,210.0,1811.57,,2026-05-28 08:00:00,system,2026-05-28 08:00:00,system
5352,1226,6,145,6,42.0,33.6,200.12,,2026-05-28 08:00:00,system,2026-05-28 08:00:00,system
5353,1227,1,311,6,7.0,140.0,4916.88,,2026-05-09 08:00:00,system,2026-05-09 08:00:00,system
5354,1228,1,247,1,2.0,2000.0,209.86,,2026-05-18 08:00:00,system,2026-05-18 08:00:00,system
5355,1228,2,359,6,6.0,120.0,4490.08,,2026-05-18 08:00:00,system,2026-05-18 08:00:00,system
5356,1229,1,199,6,8.0,440.0,13644.19,,2026-01-02 08:00:00,system,2026-01-02 08:00:00,system
5357,1229,2,593,6,22.0,66.0,559.63,,2026-01-02 08:00:00,system,2026-01-02 08:00:00,system
5358,1229,3,669,6,1.0,210.0,37671.59,,2026-01-02 08:00:00,system,2026-01-02 08:00:00,system
5359,1229,4,395,6,18.0,180.0,2133.13,,2026-01-02 08:00:00,system,2026-01-02 08:00:00,system
5360,1229,5,44,6,14.0,11.2,184.68,,2026-01-02 08:00:00,system,2026-01-02 08:00:00,system
5361,1230,1,608,6,40.0,200.0,1022.88,,2026-06-15 08:00:00,system,2026-06-15 08:00:00,system
5362,1230,2,309,6,12.0,120.0,2490.19,,2026-06-15 08:00:00,system,2026-06-15 08:00:00,system
5363,1230,3,1416,6,3.0,540.0,39233.1,,2026-06-15 08:00:00,system,2026-06-15 08:00:00,system
5364,1230,4,1049,6,65.0,130.0,764.72,,2026-06-15 08:00:00,system,2026-06-15 08:00:00,system
5365,1230,5,1499,6,10.0,1800.0,40751.46,,2026-06-15 08:00:00,system,2026-06-15 08:00:00,system
5366,1230,6,60,6,48.0,48.0,268.18,,2026-06-15 08:00:00,system,2026-06-15 08:00:00,system
5367,1230,7,48,6,21.0,105.0,1269.0,,2026-06-15 08:00:00,system,2026-06-15 08:00:00,system
5368,1231,1,1097,6,30.0,150.0,1979.21,,2026-01-27 08:00:00,system,2026-01-27 08:00:00,system
5369,1231,2,546,6,1.0,210.0,39450.81,,2026-01-27 08:00:00,system,2026-01-27 08:00:00,system
5370,1231,3,649,6,24.0,480.0,3907.26,,2026-01-27 08:00:00,system,2026-01-27 08:00:00,system
5371,1232,1,1047,6,48.0,24.0,169.21,,2026-04-09 08:00:00,system,2026-04-09 08:00:00,system
5372,1233,1,802,6,8.0,1440.0,36530.96,,2026-04-28 08:00:00,system,2026-04-28 08:00:00,system
5373,1233,2,1081,6,2.0,100.0,17100.03,,2026-04-28 08:00:00,system,2026-04-28 08:00:00,system
5374,1233,3,563,1,4.0,8000.0,177.04,,2026-04-28 08:00:00,system,2026-04-28 08:00:00,system
5375,1233,4,870,6,15.0,450.0,6109.74,,2026-04-28 08:00:00,system,2026-04-28 08:00:00,system
5376,1233,5,1075,6,50.0,25.0,177.18,,2026-04-28 08:00:00,system,2026-04-28 08:00:00,system
5377,1233,6,248,6,12.0,9.6,197.5,,2026-04-28 08:00:00,system,2026-04-28 08:00:00,system
5378,1234,1,295,6,10.0,300.0,7349.54,,2026-03-31 08:00:00,system,2026-03-31 08:00:00,system
5379,1234,2,1096,6,55.0,110.0,754.33,,2026-03-31 08:00:00,system,2026-03-31 08:00:00,system
5380,1234,3,1283,1,1.0,1000.0,300.43,,2026-03-31 08:00:00,system,2026-03-31 08:00:00,system
5381,1234,4,663,6,18.0,360.0,3876.22,,2026-03-31 08:00:00,system,2026-03-31 08:00:00,system
5382,1234,5,814,6,6.0,300.0,10557.1,,2026-03-31 08:00:00,system,2026-03-31 08:00:00,system
5383,1234,6,532,1,2.0,1000.0,175.7,,2026-03-31 08:00:00,system,2026-03-31 08:00:00,system
5384,1234,7,1421,6,70.0,210.0,599.46,,2026-03-31 08:00:00,system,2026-03-31 08:00:00,system
5385,1234,8,258,6,13.0,15.6,276.0,,2026-03-31 08:00:00,system,2026-03-31 08:00:00,system
5386,1235,1,1209,6,18.0,360.0,2920.45,,2026-03-31 08:00:00,system,2026-03-31 08:00:00,system
5387,1235,2,1361,1,2.0,4000.0,292.58,,2026-03-31 08:00:00,system,2026-03-31 08:00:00,system
5388,1235,3,165,6,6.0,60.0,2319.12,,2026-03-31 08:00:00,system,2026-03-31 08:00:00,system
5389,1235,4,1274,6,5.0,1050.0,62422.65,,2026-03-31 08:00:00,system,2026-03-31 08:00:00,system
5390,1235,5,1434,6,6.0,120.0,3982.16,,2026-03-31 08:00:00,system,2026-03-31 08:00:00,system
5391,1236,1,140,6,10.0,500.0,12667.78,,2026-05-18 08:00:00,system,2026-05-18 08:00:00,system
5392,1236,2,471,6,10.0,500.0,12221.7,,2026-05-18 08:00:00,system,2026-05-18 08:00:00,system
5393,1236,3,97,6,28.0,22.4,196.83,,2026-05-18 08:00:00,system,2026-05-18 08:00:00,system
5394,1236,4,973,6,39.0,19.5,204.99,,2026-05-18 08:00:00,system,2026-05-18 08:00:00,system
5395,1236,5,19,6,7.0,70.0,2561.19,,2026-05-18 08:00:00,system,2026-05-18 08:00:00,system
5396,1236,6,1087,6,60.0,300.0,2000.24,,2026-05-18 08:00:00,system,2026-05-18 08:00:00,system
5397,1237,1,1089,6,15.0,270.0,6672.45,,2026-02-26 08:00:00,system,2026-02-26 08:00:00,system
5398,1237,2,775,6,35.0,350.0,2384.67,,2026-02-26 08:00:00,system,2026-02-26 08:00:00,system
5399,1237,3,599,6,21.0,630.0,6372.59,,2026-02-26 08:00:00,system,2026-02-26 08:00:00,system
5400,1237,4,563,1,4.0,8000.0,191.24,,2026-02-26 08:00:00,system,2026-02-26 08:00:00,system
5401,1238,1,791,6,35.0,700.0,4214.64,,2026-02-05 08:00:00,system,2026-02-05 08:00:00,system
5402,1238,2,1207,6,56.0,280.0,670.58,,2026-02-05 08:00:00,system,2026-02-05 08:00:00,system
5403,1238,3,1013,6,12.0,60.0,1808.0,,2026-02-05 08:00:00,system,2026-02-05 08:00:00,system
5404,1238,4,519,1,8.0,8000.0,174.32,,2026-02-05 08:00:00,system,2026-02-05 08:00:00,system
5405,1238,5,543,6,8.0,440.0,10436.97,,2026-02-05 08:00:00,system,2026-02-05 08:00:00,system
5406,1239,1,676,6,2.0,100.0,9329.26,,2026-04-17 08:00:00,system,2026-04-17 08:00:00,system
5407,1239,2,1037,6,24.0,9.6,136.55,,2026-04-17 08:00:00,system,2026-04-17 08:00:00,system
5408,1239,3,169,6,21.0,630.0,7287.71,,2026-04-17 08:00:00,system,2026-04-17 08:00:00,system
5409,1239,4,1190,6,6.0,330.0,7782.42,,2026-04-17 08:00:00,system,2026-04-17 08:00:00,system
5410,1239,5,1183,6,3.0,630.0,26874.51,,2026-04-17 08:00:00,system,2026-04-17 08:00:00,system
5411,1239,6,1376,1,3.0,1500.0,180.69,,2026-04-17 08:00:00,system,2026-04-17 08:00:00,system
5412,1240,1,948,6,8.0,120.0,3521.95,,2026-02-24 08:00:00,system,2026-02-24 08:00:00,system
5413,1240,2,550,6,65.0,195.0,588.37,,2026-02-24 08:00:00,system,2026-02-24 08:00:00,system
5414,1240,3,1150,6,32.0,96.0,468.56,,2026-02-24 08:00:00,system,2026-02-24 08:00:00,system
5415,1240,4,1127,6,14.0,14.0,397.8,,2026-02-24 08:00:00,system,2026-02-24 08:00:00,system
5416,1240,5,1025,6,3.0,150.0,20199.07,,2026-02-24 08:00:00,system,2026-02-24 08:00:00,system
5417,1240,6,756,1,2.0,1000.0,198.34,,2026-02-24 08:00:00,system,2026-02-24 08:00:00,system
5418,1241,1,332,6,4.0,840.0,48984.25,,2026-01-27 08:00:00,system,2026-01-27 08:00:00,system
5419,1241,2,1150,6,60.0,180.0,468.03,,2026-01-27 08:00:00,system,2026-01-27 08:00:00,system
5420,1241,3,279,6,32.0,800.0,6663.6,,2026-01-27 08:00:00,system,2026-01-27 08:00:00,system
5421,1241,4,1003,6,28.0,56.0,795.83,,2026-01-27 08:00:00,system,2026-01-27 08:00:00,system
5422,1241,5,314,6,6.0,300.0,12270.65,,2026-01-27 08:00:00,system,2026-01-27 08:00:00,system
5423,1241,6,964,6,35.0,875.0,5924.21,,2026-01-27 08:00:00,system,2026-01-27 08:00:00,system
5424,1241,7,668,6,12.0,2160.0,36349.31,,2026-01-27 08:00:00,system,2026-01-27 08:00:00,system
5425,1242,1,149,6,24.0,120.0,1138.81,,2026-05-22 08:00:00,system,2026-05-22 08:00:00,system
5426,1242,2,754,6,8.0,1440.0,35356.49,,2026-05-22 08:00:00,system,2026-05-22 08:00:00,system
5427,1242,3,727,6,6.0,180.0,5557.91,,2026-05-22 08:00:00,system,2026-05-22 08:00:00,system
5428,1242,4,638,6,10.0,500.0,9003.4,,2026-05-22 08:00:00,system,2026-05-22 08:00:00,system
5429,1242,5,580,6,6.0,60.0,1941.95,,2026-05-22 08:00:00,system,2026-05-22 08:00:00,system
5430,1243,1,202,1,2.0,2000.0,234.76,,2026-01-14 08:00:00,system,2026-01-14 08:00:00,system
5431,1244,1,277,6,30.0,450.0,3543.23,,2026-04-29 08:00:00,system,2026-04-29 08:00:00,system
5432,1244,2,526,6,28.0,700.0,4695.26,,2026-04-29 08:00:00,system,2026-04-29 08:00:00,system
5433,1244,3,169,6,25.0,750.0,7537.77,,2026-04-29 08:00:00,system,2026-04-29 08:00:00,system
5434,1244,4,785,1,2.0,2000.0,188.17,,2026-04-29 08:00:00,system,2026-04-29 08:00:00,system
5435,1244,5,1020,6,22.0,22.0,374.16,,2026-04-29 08:00:00,system,2026-04-29 08:00:00,system
5436,1244,6,1286,6,50.0,250.0,1513.73,,2026-04-29 08:00:00,system,2026-04-29 08:00:00,system
5437,1244,7,843,6,4.0,220.0,11861.53,,2026-04-29 08:00:00,system,2026-04-29 08:00:00,system
5438,1244,8,1156,1,6.0,6000.0,129.11,,2026-04-29 08:00:00,system,2026-04-29 08:00:00,system
5439,1244,9,295,6,18.0,540.0,7032.92,,2026-04-29 08:00:00,system,2026-04-29 08:00:00,system
5440,1244,10,981,6,105.0,42.0,145.58,,2026-04-29 08:00:00,system,2026-04-29 08:00:00,system
5441,1244,11,248,6,48.0,38.4,197.5,,2026-04-29 08:00:00,system,2026-04-29 08:00:00,system
5442,1244,12,1495,6,24.0,600.0,5185.61,,2026-04-29 08:00:00,system,2026-04-29 08:00:00,system
5443,1244,13,306,6,24.0,28.8,270.77,,2026-04-29 08:00:00,system,2026-04-29 08:00:00,system
5444,1244,14,624,6,7.0,105.0,2764.75,,2026-04-29 08:00:00,system,2026-04-29 08:00:00,system
5445,1245,1,845,6,1.0,210.0,45128.17,,2026-01-31 08:00:00,system,2026-01-31 08:00:00,system
5446,1245,2,221,6,30.0,90.0,781.92,,2026-01-31 08:00:00,system,2026-01-31 08:00:00,system
5447,1245,3,516,6,2.0,360.0,36701.97,,2026-01-31 08:00:00,system,2026-01-31 08:00:00,system
5448,1245,4,1064,6,10.0,1800.0,64764.66,,2026-01-31 08:00:00,system,2026-01-31 08:00:00,system
5449,1245,5,694,1,2.0,1000.0,187.99,,2026-01-31 08:00:00,system,2026-01-31 08:00:00,system
5450,1246,1,822,6,18.0,90.0,1090.74,,2026-01-02 08:00:00,system,2026-01-02 08:00:00,system
5451,1246,2,49,6,12.0,120.0,2319.49,,2026-01-02 08:00:00,system,2026-01-02 08:00:00,system
5452,1246,3,1401,6,4.0,220.0,11375.05,,2026-01-02 08:00:00,system,2026-01-02 08:00:00,system
5453,1246,4,115,6,48.0,144.0,709.9,,2026-01-02 08:00:00,system,2026-01-02 08:00:00,system
5454,1246,5,863,1,2.0,4000.0,187.94,,2026-01-02 08:00:00,system,2026-01-02 08:00:00,system
5455,1246,6,1428,1,4.0,4000.0,181.89,,2026-01-02 08:00:00,system,2026-01-02 08:00:00,system
5456,1247,1,435,6,12.0,240.0,4513.95,,2026-04-26 08:00:00,system,2026-04-26 08:00:00,system
5457,1248,1,912,6,28.0,700.0,5479.72,,2026-03-05 08:00:00,system,2026-03-05 08:00:00,system
5458,1248,2,204,6,14.0,14.0,264.0,,2026-03-05 08:00:00,system,2026-03-05 08:00:00,system
5459,1248,3,742,6,2.0,100.0,10256.39,,2026-03-05 08:00:00,system,2026-03-05 08:00:00,system
5460,1249,1,1302,6,21.0,420.0,6519.26,,2026-04-11 08:00:00,system,2026-04-11 08:00:00,system
5461,1249,2,1093,6,120.0,48.0,145.58,,2026-04-11 08:00:00,system,2026-04-11 08:00:00,system
5462,1249,3,1382,6,18.0,270.0,3184.61,,2026-04-11 08:00:00,system,2026-04-11 08:00:00,system
5463,1250,1,310,6,18.0,270.0,3190.99,,2026-01-01 08:00:00,system,2026-01-01 08:00:00,system
5464,1250,2,1373,6,4.0,220.0,11677.26,,2026-01-01 08:00:00,system,2026-01-01 08:00:00,system
5465,1250,3,1230,6,42.0,210.0,668.51,,2026-01-01 08:00:00,system,2026-01-01 08:00:00,system
5466,1251,1,1028,6,26.0,13.0,171.88,,2026-04-10 08:00:00,system,2026-04-10 08:00:00,system
5467,1252,1,1475,6,10.0,550.0,12473.29,,2026-01-12 08:00:00,system,2026-01-12 08:00:00,system
5468,1252,2,4,6,35.0,350.0,2646.36,,2026-01-12 08:00:00,system,2026-01-12 08:00:00,system
5469,1252,3,294,6,18.0,450.0,6810.8,,2026-01-12 08:00:00,system,2026-01-12 08:00:00,system
5470,1252,4,132,6,7.0,70.0,2590.54,,2026-01-12 08:00:00,system,2026-01-12 08:00:00,system
5471,1252,5,350,6,75.0,75.0,241.05,,2026-01-12 08:00:00,system,2026-01-12 08:00:00,system
5472,1252,6,678,6,3.0,540.0,34737.8,,2026-01-12 08:00:00,system,2026-01-12 08:00:00,system
5473,1252,7,11,6,6.0,1080.0,48261.27,,2026-01-12 08:00:00,system,2026-01-12 08:00:00,system
5474,1252,8,1156,1,6.0,6000.0,135.51,,2026-01-12 08:00:00,system,2026-01-12 08:00:00,system
5475,1252,9,882,6,28.0,560.0,4774.17,,2026-01-12 08:00:00,system,2026-01-12 08:00:00,system
5476,1253,1,1238,6,18.0,90.0,817.14,,2026-06-30 08:00:00,system,2026-06-30 08:00:00,system
5477,1253,2,432,6,6.0,30.0,1297.11,,2026-06-30 08:00:00,system,2026-06-30 08:00:00,system
5478,1254,1,1469,6,27.0,270.0,2470.85,,2026-06-17 08:00:00,system,2026-06-17 08:00:00,system
5479,1254,2,459,6,56.0,56.0,257.95,,2026-06-17 08:00:00,system,2026-06-17 08:00:00,system
5480,1255,1,1270,6,6.0,60.0,1477.57,,2026-02-26 08:00:00,system,2026-02-26 08:00:00,system
5481,1255,2,1447,6,24.0,360.0,3543.88,,2026-02-26 08:00:00,system,2026-02-26 08:00:00,system
5482,1255,3,801,6,15.0,825.0,12707.27,,2026-02-26 08:00:00,system,2026-02-26 08:00:00,system
5483,1255,4,436,6,6.0,150.0,6074.92,,2026-02-26 08:00:00,system,2026-02-26 08:00:00,system
5484,1255,5,1,6,64.0,76.8,320.56,,2026-02-26 08:00:00,system,2026-02-26 08:00:00,system
5485,1255,6,1396,6,21.0,315.0,3572.9,,2026-02-26 08:00:00,system,2026-02-26 08:00:00,system
5486,1256,1,495,6,35.0,175.0,1060.05,,2026-02-05 08:00:00,system,2026-02-05 08:00:00,system
5487,1256,2,567,6,18.0,270.0,2813.56,,2026-02-05 08:00:00,system,2026-02-05 08:00:00,system
5488,1256,3,457,1,2.0,2000.0,208.7,,2026-02-05 08:00:00,system,2026-02-05 08:00:00,system
5489,1256,4,1095,6,11.0,11.0,340.45,,2026-02-05 08:00:00,system,2026-02-05 08:00:00,system
5490,1256,5,1302,6,15.0,300.0,6102.27,,2026-02-05 08:00:00,system,2026-02-05 08:00:00,system
5491,1257,1,248,6,12.0,9.6,197.5,,2026-01-24 08:00:00,system,2026-01-24 08:00:00,system
5492,1257,2,749,6,52.0,156.0,563.96,,2026-01-24 08:00:00,system,2026-01-24 08:00:00,system
5493,1258,1,670,1,8.0,4000.0,195.76,,2026-05-15 08:00:00,system,2026-05-15 08:00:00,system
5494,1258,2,210,6,40.0,800.0,5316.88,,2026-05-15 08:00:00,system,2026-05-15 08:00:00,system
5495,1258,3,675,6,14.0,420.0,6230.08,,2026-05-15 08:00:00,system,2026-05-15 08:00:00,system
5496,1258,4,176,6,80.0,80.0,247.54,,2026-05-15 08:00:00,system,2026-05-15 08:00:00,system
5497,1259,1,1408,6,6.0,30.0,1034.44,,2026-04-18 08:00:00,system,2026-04-18 08:00:00,system
5498,1259,2,25,6,6.0,330.0,13511.6,,2026-04-18 08:00:00,system,2026-04-18 08:00:00,system
5499,1259,3,838,6,6.0,90.0,3142.74,,2026-04-18 08:00:00,system,2026-04-18 08:00:00,system
5500,1260,1,845,6,1.0,210.0,44768.92,,2026-06-14 08:00:00,system,2026-06-14 08:00:00,system
5501,1260,2,981,6,60.0,24.0,154.94,,2026-06-14 08:00:00,system,2026-06-14 08:00:00,system
5502,1260,3,898,6,12.0,300.0,5744.85,,2026-06-14 08:00:00,system,2026-06-14 08:00:00,system
5503,1260,4,1073,6,8.0,1440.0,63746.39,,2026-06-14 08:00:00,system,2026-06-14 08:00:00,system
5504,1260,5,54,6,6.0,300.0,13576.26,,2026-06-14 08:00:00,system,2026-06-14 08:00:00,system
5505,1260,6,1182,6,8.0,440.0,8676.3,,2026-06-14 08:00:00,system,2026-06-14 08:00:00,system
5506,1261,1,1309,6,12.0,60.0,1777.0,,2026-06-19 08:00:00,system,2026-06-19 08:00:00,system
5507,1261,2,1338,6,5.0,100.0,7212.01,,2026-06-19 08:00:00,system,2026-06-19 08:00:00,system
5508,1261,3,842,6,6.0,300.0,12866.53,,2026-06-19 08:00:00,system,2026-06-19 08:00:00,system
5509,1262,1,576,1,8.0,8000.0,200.17,,2026-06-02 08:00:00,system,2026-06-02 08:00:00,system
5510,1263,1,432,6,7.0,35.0,1063.85,,2026-05-31 08:00:00,system,2026-05-31 08:00:00,system
5511,1263,2,435,6,28.0,560.0,4276.86,,2026-05-31 08:00:00,system,2026-05-31 08:00:00,system
5512,1263,3,1267,6,42.0,42.0,136.3,,2026-05-31 08:00:00,system,2026-05-31 08:00:00,system
5513,1263,4,822,6,24.0,120.0,1090.74,,2026-05-31 08:00:00,system,2026-05-31 08:00:00,system
5514,1264,1,1184,1,2.0,2000.0,127.25,,2026-03-19 08:00:00,system,2026-03-19 08:00:00,system
5515,1264,2,532,1,4.0,2000.0,175.7,,2026-03-19 08:00:00,system,2026-03-19 08:00:00,system
5516,1264,3,66,6,7.0,140.0,4835.62,,2026-03-19 08:00:00,system,2026-03-19 08:00:00,system
5517,1264,4,663,6,18.0,360.0,3876.22,,2026-03-19 08:00:00,system,2026-03-19 08:00:00,system
5518,1264,5,258,6,65.0,78.0,276.0,,2026-03-19 08:00:00,system,2026-03-19 08:00:00,system
5519,1264,6,1287,6,15.0,300.0,6490.34,,2026-03-19 08:00:00,system,2026-03-19 08:00:00,system
5520,1265,1,756,1,6.0,3000.0,198.34,,2026-05-28 08:00:00,system,2026-05-28 08:00:00,system
5521,1265,2,690,6,8.0,400.0,10118.72,,2026-05-28 08:00:00,system,2026-05-28 08:00:00,system
5522,1265,3,1463,6,5.0,1050.0,47457.02,,2026-05-28 08:00:00,system,2026-05-28 08:00:00,system
5523,1265,4,92,6,9.0,450.0,12394.09,,2026-05-28 08:00:00,system,2026-05-28 08:00:00,system
5524,1265,5,112,6,45.0,36.0,201.66,,2026-05-28 08:00:00,system,2026-05-28 08:00:00,system
5525,1265,6,1027,6,160.0,64.0,149.55,,2026-05-28 08:00:00,system,2026-05-28 08:00:00,system
5526,1265,7,1467,6,48.0,144.0,645.99,,2026-05-28 08:00:00,system,2026-05-28 08:00:00,system
5527,1265,8,300,1,4.0,4000.0,229.63,,2026-05-28 08:00:00,system,2026-05-28 08:00:00,system
5528,1265,9,1150,6,32.0,96.0,468.56,,2026-05-28 08:00:00,system,2026-05-28 08:00:00,system
5529,1265,10,249,6,30.0,30.0,257.43,,2026-05-28 08:00:00,system,2026-05-28 08:00:00,system
5530,1265,11,198,6,2.0,100.0,12387.28,,2026-05-28 08:00:00,system,2026-05-28 08:00:00,system
5531,1265,12,803,6,3.0,630.0,46988.75,,2026-05-28 08:00:00,system,2026-05-28 08:00:00,system
5532,1265,13,1127,6,42.0,42.0,397.8,,2026-05-28 08:00:00,system,2026-05-28 08:00:00,system
5533,1265,14,949,6,14.0,280.0,4519.24,,2026-05-28 08:00:00,system,2026-05-28 08:00:00,system
5534,1266,1,769,6,2.0,420.0,49055.67,,2026-01-15 08:00:00,system,2026-01-15 08:00:00,system
5535,1266,2,1197,6,14.0,280.0,3273.16,,2026-01-15 08:00:00,system,2026-01-15 08:00:00,system
5536,1267,1,1447,6,12.0,180.0,3543.88,,2026-06-25 08:00:00,system,2026-06-25 08:00:00,system
5537,1267,2,97,6,56.0,44.8,196.83,,2026-06-25 08:00:00,system,2026-06-25 08:00:00,system
5538,1267,3,637,6,21.0,630.0,5991.99,,2026-06-25 08:00:00,system,2026-06-25 08:00:00,system
5539,1267,4,598,6,35.0,875.0,4970.0,,2026-06-25 08:00:00,system,2026-06-25 08:00:00,system
5540,1267,5,222,6,18.0,90.0,1297.44,,2026-06-25 08:00:00,system,2026-06-25 08:00:00,system
5541,1267,6,771,1,6.0,6000.0,210.67,,2026-06-25 08:00:00,system,2026-06-25 08:00:00,system
5542,1267,7,549,1,8.0,16000.0,183.36,,2026-06-25 08:00:00,system,2026-06-25 08:00:00,system
5543,1267,8,711,6,24.0,480.0,4058.0,,2026-06-25 08:00:00,system,2026-06-25 08:00:00,system
5544,1268,1,145,6,33.0,26.4,197.88,,2026-05-25 08:00:00,system,2026-05-25 08:00:00,system
5545,1268,2,1485,6,8.0,1440.0,37507.91,,2026-05-25 08:00:00,system,2026-05-25 08:00:00,system
5546,1269,1,1446,6,12.0,120.0,2022.98,,2026-02-23 08:00:00,system,2026-02-23 08:00:00,system
5547,1269,2,205,6,28.0,33.6,285.14,,2026-02-23 08:00:00,system,2026-02-23 08:00:00,system
5548,1269,3,1338,6,21.0,420.0,6569.55,,2026-02-23 08:00:00,system,2026-02-23 08:00:00,system
5549,1269,4,242,6,14.0,420.0,7357.61,,2026-02-23 08:00:00,system,2026-02-23 08:00:00,system
5550,1270,1,58,1,4.0,4000.0,235.58,,2026-02-16 08:00:00,system,2026-02-16 08:00:00,system
5551,1270,2,569,6,16.0,400.0,5195.19,,2026-02-16 08:00:00,system,2026-02-16 08:00:00,system
5552,1270,3,1383,6,24.0,480.0,4381.54,,2026-02-16 08:00:00,system,2026-02-16 08:00:00,system
5553,1270,4,1118,6,52.0,52.0,386.38,,2026-02-16 08:00:00,system,2026-02-16 08:00:00,system
5554,1270,5,1481,6,16.0,400.0,5860.94,,2026-02-16 08:00:00,system,2026-02-16 08:00:00,system
5555,1271,1,718,1,4.0,2000.0,194.04,,2026-05-26 08:00:00,system,2026-05-26 08:00:00,system
5556,1271,2,1015,6,20.0,360.0,6649.81,,2026-05-26 08:00:00,system,2026-05-26 08:00:00,system
5557,1271,3,807,6,32.0,96.0,710.1,,2026-05-26 08:00:00,system,2026-05-26 08:00:00,system
5558,1271,4,1027,6,64.0,25.6,149.55,,2026-05-26 08:00:00,system,2026-05-26 08:00:00,system
5559,1271,5,1094,6,32.0,16.0,199.62,,2026-05-26 08:00:00,system,2026-05-26 08:00:00,system
5560,1271,6,70,6,9.0,495.0,14908.75,,2026-05-26 08:00:00,system,2026-05-26 08:00:00,system
5561,1271,7,903,6,4.0,840.0,43536.23,,2026-05-26 08:00:00,system,2026-05-26 08:00:00,system
5562,1271,8,226,6,8.0,200.0,6243.64,,2026-05-26 08:00:00,system,2026-05-26 08:00:00,system
5563,1271,9,1109,6,10.0,500.0,20309.43,,2026-05-26 08:00:00,system,2026-05-26 08:00:00,system
5564,1271,10,1218,6,12.0,660.0,8731.36,,2026-05-26 08:00:00,system,2026-05-26 08:00:00,system
5565,1272,1,231,6,3.0,630.0,54441.95,,2026-01-30 08:00:00,system,2026-01-30 08:00:00,system
5566,1272,2,333,1,1.0,1000.0,207.32,,2026-01-30 08:00:00,system,2026-01-30 08:00:00,system
5567,1272,3,1391,1,4.0,4000.0,216.79,,2026-01-30 08:00:00,system,2026-01-30 08:00:00,system
5568,1273,1,759,6,33.0,99.0,603.19,,2026-04-19 08:00:00,system,2026-04-19 08:00:00,system
5569,1273,2,941,6,3.0,630.0,41220.42,,2026-04-19 08:00:00,system,2026-04-19 08:00:00,system
5570,1273,3,72,6,6.0,60.0,2392.2,,2026-04-19 08:00:00,system,2026-04-19 08:00:00,system
5571,1274,1,981,6,58.0,23.2,152.04,,2026-06-04 08:00:00,system,2026-06-04 08:00:00,system
5572,1274,2,505,1,4.0,4000.0,196.5,,2026-06-04 08:00:00,system,2026-06-04 08:00:00,system
5573,1274,3,156,6,4.0,220.0,13922.5,,2026-06-04 08:00:00,system,2026-06-04 08:00:00,system
5574,1274,4,694,1,6.0,3000.0,187.99,,2026-06-04 08:00:00,system,2026-06-04 08:00:00,system
5575,1274,5,1228,6,80.0,80.0,148.49,,2026-06-04 08:00:00,system,2026-06-04 08:00:00,system
5576,1275,1,60,6,42.0,42.0,240.21,,2026-04-21 08:00:00,system,2026-04-21 08:00:00,system
5577,1275,2,994,6,55.0,275.0,1872.25,,2026-04-21 08:00:00,system,2026-04-21 08:00:00,system
5578,1276,1,179,6,24.0,120.0,1187.42,,2026-02-28 08:00:00,system,2026-02-28 08:00:00,system
5579,1276,2,1037,6,42.0,16.8,149.43,,2026-02-28 08:00:00,system,2026-02-28 08:00:00,system
5580,1276,3,1317,1,2.0,4000.0,293.34,,2026-02-28 08:00:00,system,2026-02-28 08:00:00,system
5581,1276,4,9,6,2.0,100.0,11803.89,,2026-02-28 08:00:00,system,2026-02-28 08:00:00,system
5582,1276,5,1484,6,4.0,220.0,11126.28,,2026-02-28 08:00:00,system,2026-02-28 08:00:00,system
5583,1277,1,1491,6,15.0,75.0,1075.38,,2026-01-09 08:00:00,system,2026-01-09 08:00:00,system
5584,1277,2,220,6,52.0,62.4,274.54,,2026-01-09 08:00:00,system,2026-01-09 08:00:00,system
5585,1277,3,663,6,30.0,600.0,3876.22,,2026-01-09 08:00:00,system,2026-01-09 08:00:00,system
5586,1277,4,311,6,5.0,100.0,4582.83,,2026-01-09 08:00:00,system,2026-01-09 08:00:00,system
5587,1278,1,413,6,7.0,175.0,5854.5,,2026-05-19 08:00:00,system,2026-05-19 08:00:00,system
5588,1278,2,944,1,4.0,8000.0,201.28,,2026-05-19 08:00:00,system,2026-05-19 08:00:00,system
5589,1279,1,394,6,12.0,60.0,1042.32,,2026-02-28 08:00:00,system,2026-02-28 08:00:00,system
5590,1279,2,1311,6,8.0,440.0,17087.06,,2026-02-28 08:00:00,system,2026-02-28 08:00:00,system
5591,1279,3,524,6,10.0,150.0,3099.57,,2026-02-28 08:00:00,system,2026-02-28 08:00:00,system
5592,1279,4,613,6,18.0,540.0,5907.92,,2026-02-28 08:00:00,system,2026-02-28 08:00:00,system
5593,1279,5,1296,6,6.0,1080.0,53004.36,,2026-02-28 08:00:00,system,2026-02-28 08:00:00,system
5594,1279,6,216,6,4.0,840.0,49321.11,,2026-02-28 08:00:00,system,2026-02-28 08:00:00,system
5595,1279,7,1306,1,2.0,2000.0,282.34,,2026-02-28 08:00:00,system,2026-02-28 08:00:00,system
5596,1279,8,620,1,8.0,16000.0,179.55,,2026-02-28 08:00:00,system,2026-02-28 08:00:00,system
5597,1279,9,1272,6,6.0,330.0,17828.51,,2026-02-28 08:00:00,system,2026-02-28 08:00:00,system
5598,1279,10,408,6,13.0,39.0,669.76,,2026-02-28 08:00:00,system,2026-02-28 08:00:00,system
5599,1279,11,1448,6,24.0,480.0,4302.2,,2026-02-28 08:00:00,system,2026-02-28 08:00:00,system
5600,1279,12,1108,6,12.0,216.0,6790.57,,2026-02-28 08:00:00,system,2026-02-28 08:00:00,system
5601,1279,13,355,6,28.0,84.0,620.49,,2026-02-28 08:00:00,system,2026-02-28 08:00:00,system
5602,1280,1,991,6,30.0,15.0,171.82,,2026-03-11 08:00:00,system,2026-03-11 08:00:00,system
5603,1281,1,308,6,12.0,60.0,1192.56,,2026-01-08 08:00:00,system,2026-01-08 08:00:00,system
5604,1281,2,224,6,12.0,180.0,3837.7,,2026-01-08 08:00:00,system,2026-01-08 08:00:00,system
5605,1282,1,1316,1,6.0,6000.0,295.55,,2026-06-04 08:00:00,system,2026-06-04 08:00:00,system
5606,1282,2,1331,6,4.0,840.0,60374.33,,2026-06-04 08:00:00,system,2026-06-04 08:00:00,system
5607,1282,3,1298,1,3.0,3000.0,289.64,,2026-06-04 08:00:00,system,2026-06-04 08:00:00,system
5608,1283,1,1293,6,48.0,48.0,308.0,,2026-05-02 08:00:00,system,2026-05-02 08:00:00,system
5609,1283,2,477,6,44.0,44.0,219.58,,2026-05-02 08:00:00,system,2026-05-02 08:00:00,system
5610,1283,3,36,6,25.0,500.0,4680.99,,2026-05-02 08:00:00,system,2026-05-02 08:00:00,system
5611,1283,4,1033,6,8.0,80.0,3525.24,,2026-05-02 08:00:00,system,2026-05-02 08:00:00,system
5612,1283,5,983,6,60.0,60.0,367.02,,2026-05-02 08:00:00,system,2026-05-02 08:00:00,system
5613,1283,6,151,6,10.0,150.0,3760.49,,2026-05-02 08:00:00,system,2026-05-02 08:00:00,system
5614,1284,1,1147,6,4.0,840.0,29088.03,,2026-02-10 08:00:00,system,2026-02-10 08:00:00,system
5615,1284,2,564,6,14.0,42.0,550.99,,2026-02-10 08:00:00,system,2026-02-10 08:00:00,system
5616,1285,1,268,6,15.0,2700.0,45316.19,,2026-03-12 08:00:00,system,2026-03-12 08:00:00,system
5617,1285,2,36,6,35.0,700.0,4981.43,,2026-03-12 08:00:00,system,2026-03-12 08:00:00,system
5618,1285,3,135,6,35.0,875.0,6322.72,,2026-03-12 08:00:00,system,2026-03-12 08:00:00,system
5619,1285,4,575,1,1.0,500.0,188.3,,2026-03-12 08:00:00,system,2026-03-12 08:00:00,system
5620,1286,1,225,6,21.0,420.0,5008.09,,2026-01-10 08:00:00,system,2026-01-10 08:00:00,system
5621,1286,2,149,6,18.0,90.0,1248.91,,2026-01-10 08:00:00,system,2026-01-10 08:00:00,system
5622,1286,3,94,6,4.0,720.0,42720.9,,2026-01-10 08:00:00,system,2026-01-10 08:00:00,system
5623,1286,4,1291,1,4.0,4000.0,278.46,,2026-01-10 08:00:00,system,2026-01-10 08:00:00,system
5624,1286,5,1325,1,3.0,6000.0,288.73,,2026-01-10 08:00:00,system,2026-01-10 08:00:00,system
5625,1286,6,1383,6,7.0,140.0,4011.96,,2026-01-10 08:00:00,system,2026-01-10 08:00:00,system
5626,1286,7,960,6,18.0,90.0,1084.82,,2026-01-10 08:00:00,system,2026-01-10 08:00:00,system
5627,1287,1,612,6,35.0,875.0,5100.02,,2026-04-19 08:00:00,system,2026-04-19 08:00:00,system
5628,1287,2,1449,6,7.0,175.0,6144.56,,2026-04-19 08:00:00,system,2026-04-19 08:00:00,system
5629,1287,3,1052,6,18.0,324.0,7412.09,,2026-04-19 08:00:00,system,2026-04-19 08:00:00,system
5630,1288,1,1321,6,10.0,550.0,16614.44,,2026-04-28 08:00:00,system,2026-04-28 08:00:00,system
5631,1288,2,1463,6,4.0,840.0,40801.48,,2026-04-28 08:00:00,system,2026-04-28 08:00:00,system
5632,1288,3,119,6,18.0,360.0,4768.83,,2026-04-28 08:00:00,system,2026-04-28 08:00:00,system
5633,1288,4,750,6,24.0,120.0,953.04,,2026-04-28 08:00:00,system,2026-04-28 08:00:00,system
5634,1288,5,1098,6,8.0,80.0,3405.71,,2026-04-28 08:00:00,system,2026-04-28 08:00:00,system
5635,1288,6,1336,6,12.0,12.0,313.02,,2026-04-28 08:00:00,system,2026-04-28 08:00:00,system
5636,1288,7,791,6,35.0,700.0,4214.64,,2026-04-28 08:00:00,system,2026-04-28 08:00:00,system
5637,1288,8,1085,6,12.0,12.0,365.87,,2026-04-28 08:00:00,system,2026-04-28 08:00:00,system
5638,1288,9,543,6,4.0,220.0,10436.97,,2026-04-28 08:00:00,system,2026-04-28 08:00:00,system
5639,1288,10,720,1,6.0,12000.0,173.65,,2026-04-28 08:00:00,system,2026-04-28 08:00:00,system
5640,1288,11,261,6,15.0,150.0,2365.09,,2026-04-28 08:00:00,system,2026-04-28 08:00:00,system
5641,1288,12,1335,6,33.0,165.0,1616.25,,2026-04-28 08:00:00,system,2026-04-28 08:00:00,system
5642,1288,13,305,6,60.0,60.0,207.99,,2026-04-28 08:00:00,system,2026-04-28 08:00:00,system
5643,1289,1,989,6,2.0,360.0,60145.5,,2026-04-07 08:00:00,system,2026-04-07 08:00:00,system
5644,1290,1,1116,6,52.0,20.8,150.22,,2026-02-17 08:00:00,system,2026-02-17 08:00:00,system
5645,1290,2,976,6,70.0,350.0,1748.29,,2026-02-17 08:00:00,system,2026-02-17 08:00:00,system
5646,1290,3,312,6,5.0,125.0,5542.75,,2026-02-17 08:00:00,system,2026-02-17 08:00:00,system
5647,1291,1,1073,6,4.0,720.0,63746.39,,2026-05-31 08:00:00,system,2026-05-31 08:00:00,system
5648,1292,1,864,6,70.0,210.0,646.09,,2026-05-05 08:00:00,system,2026-05-05 08:00:00,system
5649,1292,2,1156,1,2.0,2000.0,129.11,,2026-05-05 08:00:00,system,2026-05-05 08:00:00,system
5650,1292,3,1075,6,50.0,25.0,177.18,,2026-05-05 08:00:00,system,2026-05-05 08:00:00,system
5651,1292,4,1401,6,10.0,550.0,11119.82,,2026-05-05 08:00:00,system,2026-05-05 08:00:00,system
5652,1292,5,981,6,42.0,16.8,145.58,,2026-05-05 08:00:00,system,2026-05-05 08:00:00,system
5653,1293,1,100,6,12.0,36.0,748.54,,2026-04-15 08:00:00,system,2026-04-15 08:00:00,system
5654,1293,2,29,6,65.0,52.0,194.58,,2026-04-15 08:00:00,system,2026-04-15 08:00:00,system
5655,1293,3,1301,6,10.0,50.0,1584.56,,2026-04-15 08:00:00,system,2026-04-15 08:00:00,system
5656,1293,4,169,6,24.0,720.0,7202.14,,2026-04-15 08:00:00,system,2026-04-15 08:00:00,system
5657,1294,1,343,6,6.0,180.0,6319.23,,2026-05-28 08:00:00,system,2026-05-28 08:00:00,system
5658,1294,2,1221,6,26.0,26.0,138.56,,2026-05-28 08:00:00,system,2026-05-28 08:00:00,system
5659,1294,3,1330,6,4.0,720.0,57270.78,,2026-05-28 08:00:00,system,2026-05-28 08:00:00,system
5660,1294,4,508,6,35.0,175.0,935.2,,2026-05-28 08:00:00,system,2026-05-28 08:00:00,system
5661,1295,1,209,6,6.0,90.0,3678.34,,2026-03-21 08:00:00,system,2026-03-21 08:00:00,system
5662,1295,2,1290,6,5.0,1050.0,63826.18,,2026-03-21 08:00:00,system,2026-03-21 08:00:00,system
5663,1295,3,912,6,14.0,350.0,5172.36,,2026-03-21 08:00:00,system,2026-03-21 08:00:00,system
5664,1295,4,1293,6,24.0,24.0,308.0,,2026-03-21 08:00:00,system,2026-03-21 08:00:00,system
5665,1295,5,695,1,4.0,4000.0,168.6,,2026-03-21 08:00:00,system,2026-03-21 08:00:00,system
5666,1295,6,687,6,18.0,360.0,3788.8,,2026-03-21 08:00:00,system,2026-03-21 08:00:00,system
5667,1295,7,146,6,60.0,60.0,245.39,,2026-03-21 08:00:00,system,2026-03-21 08:00:00,system
5668,1295,8,911,6,35.0,700.0,3986.58,,2026-03-21 08:00:00,system,2026-03-21 08:00:00,system
5669,1296,1,872,6,3.0,165.0,12715.94,,2026-06-27 08:00:00,system,2026-06-27 08:00:00,system
5670,1296,2,39,6,4.0,200.0,13787.62,,2026-06-27 08:00:00,system,2026-06-27 08:00:00,system
5671,1297,1,1063,6,4.0,200.0,18444.73,,2026-02-20 08:00:00,system,2026-02-20 08:00:00,system
5672,1297,2,1400,6,8.0,400.0,10248.47,,2026-02-20 08:00:00,system,2026-02-20 08:00:00,system
5673,1297,3,99,6,44.0,52.8,288.3,,2026-02-20 08:00:00,system,2026-02-20 08:00:00,system
5674,1298,1,483,6,10.0,200.0,4431.62,,2026-03-12 08:00:00,system,2026-03-12 08:00:00,system
5675,1298,2,707,6,1.0,210.0,38992.58,,2026-03-12 08:00:00,system,2026-03-12 08:00:00,system
5676,1298,3,862,1,4.0,4000.0,195.85,,2026-03-12 08:00:00,system,2026-03-12 08:00:00,system
5677,1298,4,1421,6,14.0,42.0,599.46,,2026-03-12 08:00:00,system,2026-03-12 08:00:00,system
5678,1298,5,1135,6,36.0,18.0,179.92,,2026-03-12 08:00:00,system,2026-03-12 08:00:00,system
5679,1298,6,528,6,2.0,100.0,9177.69,,2026-03-12 08:00:00,system,2026-03-12 08:00:00,system
5680,1298,7,943,1,2.0,2000.0,187.13,,2026-03-12 08:00:00,system,2026-03-12 08:00:00,system
5681,1298,8,269,6,2.0,420.0,47752.01,,2026-03-12 08:00:00,system,2026-03-12 08:00:00,system
5682,1298,9,1491,6,10.0,50.0,1075.38,,2026-03-12 08:00:00,system,2026-03-12 08:00:00,system
5683,1298,10,167,6,30.0,600.0,4963.62,,2026-03-12 08:00:00,system,2026-03-12 08:00:00,system
5684,1298,11,590,1,1.0,1000.0,169.95,,2026-03-12 08:00:00,system,2026-03-12 08:00:00,system
5685,1298,12,986,6,12.0,120.0,3521.17,,2026-03-12 08:00:00,system,2026-03-12 08:00:00,system
5686,1299,1,381,1,8.0,8000.0,204.86,,2026-04-11 08:00:00,system,2026-04-11 08:00:00,system
5687,1299,2,513,6,7.0,210.0,6104.42,,2026-04-11 08:00:00,system,2026-04-11 08:00:00,system
5688,1299,3,1417,6,2.0,420.0,47336.57,,2026-04-11 08:00:00,system,2026-04-11 08:00:00,system
5689,1299,4,1471,6,35.0,700.0,4658.41,,2026-04-11 08:00:00,system,2026-04-11 08:00:00,system
5690,1300,1,1230,6,14.0,70.0,668.51,,2026-01-02 08:00:00,system,2026-01-02 08:00:00,system
5691,1300,2,285,1,2.0,2000.0,217.73,,2026-01-02 08:00:00,system,2026-01-02 08:00:00,system
5692,1301,1,245,6,4.0,720.0,39032.09,,2026-02-23 08:00:00,system,2026-02-23 08:00:00,system
5693,1301,2,1045,6,2.0,360.0,60063.79,,2026-02-23 08:00:00,system,2026-02-23 08:00:00,system
5694,1302,1,584,6,24.0,720.0,6265.34,,2026-06-03 08:00:00,system,2026-06-03 08:00:00,system
5695,1302,2,693,6,4.0,840.0,42201.53,,2026-06-03 08:00:00,system,2026-06-03 08:00:00,system
5696,1302,3,54,6,12.0,600.0,13249.41,,2026-06-03 08:00:00,system,2026-06-03 08:00:00,system
5697,1303,1,191,6,42.0,42.0,263.53,,2026-01-16 08:00:00,system,2026-01-16 08:00:00,system
5698,1303,2,251,6,4.0,200.0,13389.31,,2026-01-16 08:00:00,system,2026-01-16 08:00:00,system
5699,1303,3,798,1,6.0,3000.0,210.15,,2026-01-16 08:00:00,system,2026-01-16 08:00:00,system
5700,1303,4,233,6,30.0,24.0,219.61,,2026-01-16 08:00:00,system,2026-01-16 08:00:00,system
5701,1304,1,1057,6,52.0,52.0,344.18,,2026-02-24 08:00:00,system,2026-02-24 08:00:00,system
5702,1304,2,90,6,25.0,625.0,5773.23,,2026-02-24 08:00:00,system,2026-02-24 08:00:00,system
5703,1304,3,936,6,24.0,600.0,5482.06,,2026-02-24 08:00:00,system,2026-02-24 08:00:00,system
5704,1304,4,306,6,24.0,28.8,270.77,,2026-02-24 08:00:00,system,2026-02-24 08:00:00,system
5705,1304,5,1159,6,22.0,110.0,661.61,,2026-02-24 08:00:00,system,2026-02-24 08:00:00,system
5706,1304,6,160,6,36.0,28.8,181.69,,2026-02-24 08:00:00,system,2026-02-24 08:00:00,system
5707,1304,7,231,6,2.0,420.0,46219.2,,2026-02-24 08:00:00,system,2026-02-24 08:00:00,system
5708,1304,8,672,6,21.0,315.0,2861.83,,2026-02-24 08:00:00,system,2026-02-24 08:00:00,system
5709,1304,9,496,6,30.0,300.0,2171.95,,2026-02-24 08:00:00,system,2026-02-24 08:00:00,system
5710,1304,10,1101,6,8.0,1440.0,61379.67,,2026-02-24 08:00:00,system,2026-02-24 08:00:00,system
5711,1305,1,291,6,21.0,210.0,2499.44,,2026-05-02 08:00:00,system,2026-05-02 08:00:00,system
5712,1305,2,1342,1,1.0,1000.0,281.5,,2026-05-02 08:00:00,system,2026-05-02 08:00:00,system
5713,1305,3,39,6,4.0,200.0,11418.26,,2026-05-02 08:00:00,system,2026-05-02 08:00:00,system
5714,1305,4,34,6,7.0,70.0,2503.96,,2026-05-02 08:00:00,system,2026-05-02 08:00:00,system
5715,1305,5,1278,6,39.0,195.0,1640.01,,2026-05-02 08:00:00,system,2026-05-02 08:00:00,system
5716,1305,6,225,6,28.0,560.0,5008.09,,2026-05-02 08:00:00,system,2026-05-02 08:00:00,system
5717,1306,1,435,6,35.0,700.0,4276.86,,2026-03-12 08:00:00,system,2026-03-12 08:00:00,system
5718,1306,2,7,6,20.0,500.0,6070.47,,2026-03-12 08:00:00,system,2026-03-12 08:00:00,system
5719,1306,3,1349,6,3.0,630.0,65330.89,,2026-03-12 08:00:00,system,2026-03-12 08:00:00,system
5720,1306,4,1277,6,12.0,12.0,319.48,,2026-03-12 08:00:00,system,2026-03-12 08:00:00,system
5721,1307,1,1415,6,10.0,550.0,12493.83,,2026-03-31 08:00:00,system,2026-03-31 08:00:00,system
5722,1308,1,690,6,4.0,200.0,10527.56,,2026-03-24 08:00:00,system,2026-03-24 08:00:00,system
5723,1308,2,346,6,10.0,1800.0,41957.64,,2026-03-24 08:00:00,system,2026-03-24 08:00:00,system
5724,1308,3,1333,1,2.0,4000.0,319.98,,2026-03-24 08:00:00,system,2026-03-24 08:00:00,system
5725,1308,4,557,6,6.0,300.0,11388.27,,2026-03-24 08:00:00,system,2026-03-24 08:00:00,system
5726,1308,5,1289,6,4.0,720.0,60944.56,,2026-03-24 08:00:00,system,2026-03-24 08:00:00,system
5727,1309,1,895,6,7.0,70.0,2163.53,,2026-04-18 08:00:00,system,2026-04-18 08:00:00,system
5728,1309,2,1290,6,5.0,1050.0,61510.76,,2026-04-18 08:00:00,system,2026-04-18 08:00:00,system
5729,1309,3,999,6,46.0,18.4,147.37,,2026-04-18 08:00:00,system,2026-04-18 08:00:00,system
5730,1309,4,1367,6,2.0,420.0,64264.39,,2026-04-18 08:00:00,system,2026-04-18 08:00:00,system
5731,1309,5,1238,6,24.0,120.0,669.55,,2026-04-18 08:00:00,system,2026-04-18 08:00:00,system
5732,1309,6,285,1,6.0,6000.0,207.6,,2026-04-18 08:00:00,system,2026-04-18 08:00:00,system
5733,1309,7,419,1,4.0,4000.0,206.23,,2026-04-18 08:00:00,system,2026-04-18 08:00:00,system
5734,1309,8,545,6,1.0,210.0,40299.67,,2026-04-18 08:00:00,system,2026-04-18 08:00:00,system
5735,1309,9,906,1,1.0,2000.0,184.92,,2026-04-18 08:00:00,system,2026-04-18 08:00:00,system
5736,1309,10,812,6,24.0,600.0,5219.04,,2026-04-18 08:00:00,system,2026-04-18 08:00:00,system
5737,1309,11,1224,6,18.0,180.0,1348.7,,2026-04-18 08:00:00,system,2026-04-18 08:00:00,system
5738,1309,12,944,1,4.0,8000.0,200.41,,2026-04-18 08:00:00,system,2026-04-18 08:00:00,system
5739,1309,13,481,6,24.0,240.0,2181.43,,2026-04-18 08:00:00,system,2026-04-18 08:00:00,system
5740,1309,14,1482,6,24.0,720.0,6569.11,,2026-04-18 08:00:00,system,2026-04-18 08:00:00,system
5741,1309,15,1169,6,30.0,600.0,2914.78,,2026-04-18 08:00:00,system,2026-04-18 08:00:00,system
5742,1310,1,564,6,80.0,240.0,636.61,,2026-04-03 08:00:00,system,2026-04-03 08:00:00,system
5743,1310,2,334,6,85.0,68.0,198.29,,2026-04-03 08:00:00,system,2026-04-03 08:00:00,system
5744,1310,3,26,6,2.0,360.0,42746.97,,2026-04-03 08:00:00,system,2026-04-03 08:00:00,system
5745,1310,4,1078,6,36.0,180.0,1986.9,,2026-04-03 08:00:00,system,2026-04-03 08:00:00,system
5746,1310,5,988,6,8.0,400.0,20017.43,,2026-04-03 08:00:00,system,2026-04-03 08:00:00,system
5747,1311,1,1026,6,10.0,1800.0,61608.95,,2026-04-11 08:00:00,system,2026-04-11 08:00:00,system
5748,1311,2,431,6,65.0,195.0,629.85,,2026-04-11 08:00:00,system,2026-04-11 08:00:00,system
5749,1311,3,699,6,21.0,210.0,1888.34,,2026-04-11 08:00:00,system,2026-04-11 08:00:00,system
5750,1311,4,1239,6,12.0,120.0,1390.74,,2026-04-11 08:00:00,system,2026-04-11 08:00:00,system
5751,1311,5,133,6,5.0,75.0,3385.82,,2026-04-11 08:00:00,system,2026-04-11 08:00:00,system
5752,1311,6,1293,6,12.0,12.0,308.0,,2026-04-11 08:00:00,system,2026-04-11 08:00:00,system
5753,1311,7,228,6,2.0,100.0,12256.92,,2026-04-11 08:00:00,system,2026-04-11 08:00:00,system
5754,1311,8,976,6,70.0,350.0,1777.17,,2026-04-11 08:00:00,system,2026-04-11 08:00:00,system
5755,1311,9,208,6,7.0,70.0,2508.18,,2026-04-11 08:00:00,system,2026-04-11 08:00:00,system
5756,1311,10,778,6,18.0,450.0,5141.43,,2026-04-11 08:00:00,system,2026-04-11 08:00:00,system
5757,1312,1,542,6,6.0,300.0,9158.1,,2026-01-12 08:00:00,system,2026-01-12 08:00:00,system
5758,1313,1,2,6,65.0,195.0,719.24,,2026-02-26 08:00:00,system,2026-02-26 08:00:00,system
5759,1313,2,555,6,21.0,525.0,4470.36,,2026-02-26 08:00:00,system,2026-02-26 08:00:00,system
5760,1313,3,490,1,4.0,4000.0,203.33,,2026-02-26 08:00:00,system,2026-02-26 08:00:00,system
5761,1313,4,559,6,10.0,1800.0,32402.99,,2026-02-26 08:00:00,system,2026-02-26 08:00:00,system
5762,1313,5,1128,6,14.0,28.0,740.28,,2026-02-26 08:00:00,system,2026-02-26 08:00:00,system
5763,1313,6,913,6,15.0,450.0,6255.86,,2026-02-26 08:00:00,system,2026-02-26 08:00:00,system
5764,1313,7,1359,6,4.0,840.0,62566.46,,2026-02-26 08:00:00,system,2026-02-26 08:00:00,system
5765,1313,8,900,6,10.0,500.0,10699.01,,2026-02-26 08:00:00,system,2026-02-26 08:00:00,system
5766,1313,9,1274,6,3.0,630.0,61368.06,,2026-02-26 08:00:00,system,2026-02-26 08:00:00,system
5767,1313,10,235,6,36.0,43.2,289.46,,2026-02-26 08:00:00,system,2026-02-26 08:00:00,system
5768,1314,1,141,6,10.0,550.0,13730.67,,2026-03-14 08:00:00,system,2026-03-14 08:00:00,system
5769,1314,2,1264,6,10.0,550.0,7737.47,,2026-03-14 08:00:00,system,2026-03-14 08:00:00,system
5770,1315,1,1127,6,50.0,50.0,369.78,,2026-06-28 08:00:00,system,2026-06-28 08:00:00,system
5771,1315,2,586,6,8.0,440.0,10288.82,,2026-06-28 08:00:00,system,2026-06-28 08:00:00,system
5772,1316,1,742,6,4.0,200.0,10256.39,,2026-04-04 08:00:00,system,2026-04-04 08:00:00,system
5773,1316,2,84,6,26.0,31.2,305.68,,2026-04-04 08:00:00,system,2026-04-04 08:00:00,system
5774,1316,3,111,1,3.0,3000.0,232.56,,2026-04-04 08:00:00,system,2026-04-04 08:00:00,system
5775,1316,4,1180,6,14.0,140.0,1578.66,,2026-04-04 08:00:00,system,2026-04-04 08:00:00,system
5776,1316,5,1487,1,2.0,1000.0,214.74,,2026-04-04 08:00:00,system,2026-04-04 08:00:00,system
5777,1317,1,168,6,30.0,750.0,6202.63,,2026-05-04 08:00:00,system,2026-05-04 08:00:00,system
5778,1317,2,1330,6,8.0,1440.0,51801.14,,2026-05-04 08:00:00,system,2026-05-04 08:00:00,system
5779,1317,3,1335,6,44.0,220.0,1616.25,,2026-05-04 08:00:00,system,2026-05-04 08:00:00,system
5780,1317,4,1309,6,28.0,140.0,1566.95,,2026-05-04 08:00:00,system,2026-05-04 08:00:00,system
5781,1317,5,1254,6,12.0,120.0,1432.8,,2026-05-04 08:00:00,system,2026-05-04 08:00:00,system
5782,1318,1,637,6,28.0,840.0,5991.99,,2026-01-07 08:00:00,system,2026-01-07 08:00:00,system
5783,1318,2,905,1,1.0,1000.0,203.98,,2026-01-07 08:00:00,system,2026-01-07 08:00:00,system
5784,1318,3,515,6,8.0,440.0,10716.46,,2026-01-07 08:00:00,system,2026-01-07 08:00:00,system
5785,1318,4,221,6,42.0,126.0,761.59,,2026-01-07 08:00:00,system,2026-01-07 08:00:00,system
5786,1319,1,1073,6,8.0,1440.0,65489.54,,2026-03-16 08:00:00,system,2026-03-16 08:00:00,system
5787,1319,2,295,6,18.0,540.0,7777.36,,2026-03-16 08:00:00,system,2026-03-16 08:00:00,system
5788,1319,3,130,6,60.0,180.0,752.41,,2026-03-16 08:00:00,system,2026-03-16 08:00:00,system
5789,1320,1,1317,1,1.0,2000.0,299.1,,2026-05-17 08:00:00,system,2026-05-17 08:00:00,system
5790,1320,2,1077,6,44.0,88.0,706.26,,2026-05-17 08:00:00,system,2026-05-17 08:00:00,system
5791,1320,3,305,6,60.0,60.0,207.99,,2026-05-17 08:00:00,system,2026-05-17 08:00:00,system
5792,1321,1,649,6,24.0,480.0,4302.99,,2026-03-28 08:00:00,system,2026-03-28 08:00:00,system
5793,1321,2,754,6,6.0,1080.0,39837.11,,2026-03-28 08:00:00,system,2026-03-28 08:00:00,system
5794,1321,3,362,6,3.0,150.0,12760.69,,2026-03-28 08:00:00,system,2026-03-28 08:00:00,system
5795,1322,1,494,6,13.0,39.0,754.24,,2026-05-01 08:00:00,system,2026-05-01 08:00:00,system
5796,1322,2,1185,6,14.0,14.0,156.84,,2026-05-01 08:00:00,system,2026-05-01 08:00:00,system
5797,1322,3,604,1,4.0,2000.0,186.68,,2026-05-01 08:00:00,system,2026-05-01 08:00:00,system
5798,1322,4,1076,6,32.0,32.0,414.88,,2026-05-01 08:00:00,system,2026-05-01 08:00:00,system
5799,1322,5,960,6,40.0,200.0,1234.99,,2026-05-01 08:00:00,system,2026-05-01 08:00:00,system
5800,1323,1,579,6,24.0,120.0,936.89,,2026-06-30 08:00:00,system,2026-06-30 08:00:00,system
5801,1323,2,1305,6,2.0,420.0,66113.37,,2026-06-30 08:00:00,system,2026-06-30 08:00:00,system
5802,1324,1,741,6,40.0,1200.0,6313.75,,2026-03-26 08:00:00,system,2026-03-26 08:00:00,system
5803,1325,1,639,6,4.0,220.0,10280.5,,2026-03-24 08:00:00,system,2026-03-24 08:00:00,system
5804,1325,2,757,1,8.0,8000.0,190.71,,2026-03-24 08:00:00,system,2026-03-24 08:00:00,system
5805,1325,3,904,1,6.0,3000.0,188.48,,2026-03-24 08:00:00,system,2026-03-24 08:00:00,system
5806,1325,4,890,1,1.0,1000.0,184.13,,2026-03-24 08:00:00,system,2026-03-24 08:00:00,system
5807,1325,5,233,6,26.0,20.8,194.23,,2026-03-24 08:00:00,system,2026-03-24 08:00:00,system
5808,1326,1,102,6,7.0,70.0,2644.57,,2026-02-20 08:00:00,system,2026-02-20 08:00:00,system
5809,1327,1,1278,6,33.0,165.0,1648.69,,2026-04-23 08:00:00,system,2026-04-23 08:00:00,system
5810,1328,1,322,6,39.0,117.0,657.63,,2026-02-20 08:00:00,system,2026-02-20 08:00:00,system
5811,1328,2,247,1,4.0,4000.0,209.86,,2026-02-20 08:00:00,system,2026-02-20 08:00:00,system
5812,1328,3,373,6,35.0,525.0,3567.04,,2026-02-20 08:00:00,system,2026-02-20 08:00:00,system
5813,1328,4,1488,1,2.0,2000.0,197.93,,2026-02-20 08:00:00,system,2026-02-20 08:00:00,system
5814,1328,5,999,6,44.0,17.6,136.78,,2026-02-20 08:00:00,system,2026-02-20 08:00:00,system
5815,1328,6,389,6,14.0,280.0,4550.38,,2026-02-20 08:00:00,system,2026-02-20 08:00:00,system
5816,1328,7,474,6,4.0,840.0,45693.71,,2026-02-20 08:00:00,system,2026-02-20 08:00:00,system
5817,1328,8,872,6,4.0,220.0,11140.77,,2026-02-20 08:00:00,system,2026-02-20 08:00:00,system
5818,1328,9,1381,6,35.0,350.0,2158.43,,2026-02-20 08:00:00,system,2026-02-20 08:00:00,system
5819,1328,10,1270,6,10.0,100.0,1368.56,,2026-02-20 08:00:00,system,2026-02-20 08:00:00,system
5820,1328,11,718,1,4.0,2000.0,166.43,,2026-02-20 08:00:00,system,2026-02-20 08:00:00,system
5821,1328,12,1347,6,6.0,330.0,17213.27,,2026-02-20 08:00:00,system,2026-02-20 08:00:00,system
5822,1329,1,706,6,8.0,1440.0,36699.36,,2026-02-28 08:00:00,system,2026-02-28 08:00:00,system
5823,1329,2,550,6,39.0,117.0,588.37,,2026-02-28 08:00:00,system,2026-02-28 08:00:00,system
5824,1329,3,1109,6,8.0,400.0,20309.43,,2026-02-28 08:00:00,system,2026-02-28 08:00:00,system
5825,1329,4,484,6,35.0,875.0,5813.59,,2026-02-28 08:00:00,system,2026-02-28 08:00:00,system
5826,1330,1,1474,6,10.0,500.0,10638.26,,2026-04-19 08:00:00,system,2026-04-19 08:00:00,system
5827,1331,1,1290,6,1.0,210.0,61510.76,,2026-01-04 08:00:00,system,2026-01-04 08:00:00,system
5828,1332,1,308,6,5.0,25.0,1069.25,,2026-06-09 08:00:00,system,2026-06-09 08:00:00,system
5829,1332,2,314,6,2.0,100.0,11481.69,,2026-06-09 08:00:00,system,2026-06-09 08:00:00,system
5830,1333,1,820,1,2.0,4000.0,210.52,,2026-04-21 08:00:00,system,2026-04-21 08:00:00,system
5831,1333,2,355,6,70.0,210.0,721.23,,2026-04-21 08:00:00,system,2026-04-21 08:00:00,system
5832,1334,1,649,6,24.0,480.0,3921.26,,2026-06-29 08:00:00,system,2026-06-29 08:00:00,system
5833,1334,2,262,6,5.0,75.0,3673.29,,2026-06-29 08:00:00,system,2026-06-29 08:00:00,system
5834,1334,3,29,6,39.0,31.2,194.58,,2026-06-29 08:00:00,system,2026-06-29 08:00:00,system
5835,1334,4,23,6,7.0,210.0,7107.52,,2026-06-29 08:00:00,system,2026-06-29 08:00:00,system
5836,1334,5,49,6,28.0,280.0,2324.4,,2026-06-29 08:00:00,system,2026-06-29 08:00:00,system
5837,1334,6,1437,6,6.0,300.0,10340.14,,2026-06-29 08:00:00,system,2026-06-29 08:00:00,system
5838,1335,1,907,6,33.0,99.0,603.29,,2026-02-23 08:00:00,system,2026-02-23 08:00:00,system
5839,1335,2,1414,6,4.0,200.0,10940.54,,2026-02-23 08:00:00,system,2026-02-23 08:00:00,system
5840,1335,3,1166,6,44.0,132.0,431.13,,2026-02-23 08:00:00,system,2026-02-23 08:00:00,system
5841,1335,4,127,6,42.0,33.6,197.34,,2026-02-23 08:00:00,system,2026-02-23 08:00:00,system
5842,1335,5,532,1,8.0,4000.0,175.7,,2026-02-23 08:00:00,system,2026-02-23 08:00:00,system
5843,1336,1,133,6,24.0,360.0,3553.91,,2026-04-27 08:00:00,system,2026-04-27 08:00:00,system
5844,1336,2,322,6,65.0,195.0,664.91,,2026-04-27 08:00:00,system,2026-04-27 08:00:00,system
5845,1336,3,1373,6,6.0,330.0,11677.26,,2026-04-27 08:00:00,system,2026-04-27 08:00:00,system
5846,1336,4,2,6,56.0,168.0,710.13,,2026-04-27 08:00:00,system,2026-04-27 08:00:00,system
5847,1336,5,142,6,4.0,720.0,40130.41,,2026-04-27 08:00:00,system,2026-04-27 08:00:00,system
5848,1336,6,492,6,33.0,33.0,222.76,,2026-04-27 08:00:00,system,2026-04-27 08:00:00,system
5849,1336,7,872,6,4.0,220.0,11849.77,,2026-04-27 08:00:00,system,2026-04-27 08:00:00,system
5850,1337,1,43,1,4.0,4000.0,219.07,,2026-06-16 08:00:00,system,2026-06-16 08:00:00,system
5851,1337,2,1024,6,4.0,72.0,6301.76,,2026-06-16 08:00:00,system,2026-06-16 08:00:00,system
5852,1337,3,1372,6,2.0,100.0,10490.99,,2026-06-16 08:00:00,system,2026-06-16 08:00:00,system
5853,1337,4,1362,6,39.0,39.0,331.41,,2026-06-16 08:00:00,system,2026-06-16 08:00:00,system
5854,1337,5,1156,1,6.0,6000.0,128.76,,2026-06-16 08:00:00,system,2026-06-16 08:00:00,system
5855,1338,1,1410,6,24.0,360.0,2980.09,,2026-01-14 08:00:00,system,2026-01-14 08:00:00,system
5856,1338,2,1222,6,48.0,144.0,424.01,,2026-01-14 08:00:00,system,2026-01-14 08:00:00,system
5857,1338,3,299,6,4.0,840.0,47223.27,,2026-01-14 08:00:00,system,2026-01-14 08:00:00,system
5858,1338,4,490,1,2.0,2000.0,197.34,,2026-01-14 08:00:00,system,2026-01-14 08:00:00,system
5859,1338,5,210,6,25.0,500.0,4849.33,,2026-01-14 08:00:00,system,2026-01-14 08:00:00,system
5860,1338,6,1385,6,35.0,1050.0,6489.64,,2026-01-14 08:00:00,system,2026-01-14 08:00:00,system
5861,1338,7,123,6,2.0,110.0,13053.88,,2026-01-14 08:00:00,system,2026-01-14 08:00:00,system
5862,1338,8,911,6,28.0,560.0,3986.58,,2026-01-14 08:00:00,system,2026-01-14 08:00:00,system
5863,1338,9,1428,1,2.0,2000.0,181.89,,2026-01-14 08:00:00,system,2026-01-14 08:00:00,system
5864,1338,10,757,1,4.0,4000.0,196.92,,2026-01-14 08:00:00,system,2026-01-14 08:00:00,system
5865,1338,11,976,6,14.0,70.0,1777.17,,2026-01-14 08:00:00,system,2026-01-14 08:00:00,system
5866,1338,12,9,6,8.0,400.0,11568.43,,2026-01-14 08:00:00,system,2026-01-14 08:00:00,system
5867,1339,1,1189,6,10.0,200.0,3451.53,,2026-06-20 08:00:00,system,2026-06-20 08:00:00,system
5868,1339,2,580,6,5.0,50.0,2328.93,,2026-06-20 08:00:00,system,2026-06-20 08:00:00,system
5869,1340,1,711,6,10.0,200.0,3600.87,,2026-06-18 08:00:00,system,2026-06-18 08:00:00,system
5870,1340,2,31,6,56.0,67.2,270.97,,2026-06-18 08:00:00,system,2026-06-18 08:00:00,system
5871,1340,3,1307,1,4.0,8000.0,280.65,,2026-06-18 08:00:00,system,2026-06-18 08:00:00,system
5872,1340,4,822,6,12.0,60.0,1090.74,,2026-06-18 08:00:00,system,2026-06-18 08:00:00,system
5873,1340,5,1159,6,55.0,275.0,665.48,,2026-06-18 08:00:00,system,2026-06-18 08:00:00,system
5874,1341,1,1490,6,72.0,216.0,714.46,,2026-04-11 08:00:00,system,2026-04-11 08:00:00,system
5875,1341,2,228,6,10.0,500.0,12813.06,,2026-04-11 08:00:00,system,2026-04-11 08:00:00,system
5876,1341,3,1421,6,54.0,162.0,677.75,,2026-04-11 08:00:00,system,2026-04-11 08:00:00,system
5877,1341,4,616,6,15.0,2700.0,37553.88,,2026-04-11 08:00:00,system,2026-04-11 08:00:00,system
5878,1342,1,1410,6,18.0,270.0,2980.09,,2026-02-27 08:00:00,system,2026-02-27 08:00:00,system
5879,1342,2,501,6,4.0,220.0,10777.0,,2026-02-27 08:00:00,system,2026-02-27 08:00:00,system
5880,1343,1,590,1,2.0,2000.0,169.95,,2026-01-21 08:00:00,system,2026-01-21 08:00:00,system
5881,1344,1,155,6,10.0,500.0,12213.77,,2026-01-02 08:00:00,system,2026-01-02 08:00:00,system
5882,1344,2,414,6,35.0,1050.0,6271.93,,2026-01-02 08:00:00,system,2026-01-02 08:00:00,system
5883,1345,1,945,6,65.0,195.0,647.19,,2026-05-24 08:00:00,system,2026-05-24 08:00:00,system
5884,1345,2,166,6,21.0,315.0,3427.67,,2026-05-24 08:00:00,system,2026-05-24 08:00:00,system
5885,1345,3,389,6,18.0,360.0,4318.22,,2026-05-24 08:00:00,system,2026-05-24 08:00:00,system
5886,1345,4,477,6,12.0,12.0,226.14,,2026-05-24 08:00:00,system,2026-05-24 08:00:00,system
5887,1346,1,487,6,2.0,110.0,12157.62,,2026-04-30 08:00:00,system,2026-04-30 08:00:00,system
5888,1346,2,315,6,2.0,110.0,12333.5,,2026-04-30 08:00:00,system,2026-04-30 08:00:00,system
5889,1346,3,1336,6,28.0,28.0,319.9,,2026-04-30 08:00:00,system,2026-04-30 08:00:00,system
5890,1346,4,877,1,4.0,8000.0,196.31,,2026-04-30 08:00:00,system,2026-04-30 08:00:00,system
5891,1346,5,67,6,25.0,625.0,5931.82,,2026-04-30 08:00:00,system,2026-04-30 08:00:00,system
5892,1346,6,265,6,21.0,630.0,7230.93,,2026-04-30 08:00:00,system,2026-04-30 08:00:00,system
5893,1346,7,73,6,12.0,180.0,3559.06,,2026-04-30 08:00:00,system,2026-04-30 08:00:00,system
5894,1346,8,994,6,22.0,110.0,1872.25,,2026-04-30 08:00:00,system,2026-04-30 08:00:00,system
5895,1346,9,1095,6,44.0,44.0,340.45,,2026-04-30 08:00:00,system,2026-04-30 08:00:00,system
5896,1347,1,160,6,24.0,19.2,191.91,,2026-03-03 08:00:00,system,2026-03-03 08:00:00,system
5897,1348,1,250,6,60.0,72.0,308.67,,2026-02-18 08:00:00,system,2026-02-18 08:00:00,system
5898,1348,2,499,6,28.0,700.0,6255.66,,2026-02-18 08:00:00,system,2026-02-18 08:00:00,system
5899,1348,3,211,6,8.0,200.0,6739.4,,2026-02-18 08:00:00,system,2026-02-18 08:00:00,system
5900,1348,4,651,6,16.0,480.0,5892.68,,2026-02-18 08:00:00,system,2026-02-18 08:00:00,system
5901,1348,5,468,6,24.0,480.0,4604.05,,2026-02-18 08:00:00,system,2026-02-18 08:00:00,system
5902,1349,1,1222,6,48.0,144.0,424.01,,2026-04-03 08:00:00,system,2026-04-03 08:00:00,system
5903,1349,2,109,6,10.0,1800.0,41321.67,,2026-04-03 08:00:00,system,2026-04-03 08:00:00,system
5904,1349,3,991,6,14.0,7.0,172.97,,2026-04-03 08:00:00,system,2026-04-03 08:00:00,system
5905,1350,1,883,6,6.0,150.0,5272.56,,2026-01-19 08:00:00,system,2026-01-19 08:00:00,system
5906,1351,1,1029,6,22.0,22.0,364.86,,2026-01-14 08:00:00,system,2026-01-14 08:00:00,system
5907,1351,2,374,6,12.0,240.0,4866.98,,2026-01-14 08:00:00,system,2026-01-14 08:00:00,system
5908,1352,1,141,6,6.0,330.0,14987.42,,2026-01-17 08:00:00,system,2026-01-17 08:00:00,system
5909,1352,2,875,1,8.0,4000.0,217.78,,2026-01-17 08:00:00,system,2026-01-17 08:00:00,system
5910,1352,3,348,1,6.0,6000.0,209.84,,2026-01-17 08:00:00,system,2026-01-17 08:00:00,system
5911,1352,4,438,6,8.0,400.0,12164.9,,2026-01-17 08:00:00,system,2026-01-17 08:00:00,system
5912,1352,5,170,6,8.0,400.0,13492.28,,2026-01-17 08:00:00,system,2026-01-17 08:00:00,system
5913,1352,6,1432,6,35.0,350.0,2277.32,,2026-01-17 08:00:00,system,2026-01-17 08:00:00,system
5914,1353,1,1481,6,28.0,700.0,5884.73,,2026-06-10 08:00:00,system,2026-06-10 08:00:00,system
5915,1353,2,784,1,4.0,2000.0,220.12,,2026-06-10 08:00:00,system,2026-06-10 08:00:00,system
5916,1353,3,898,6,14.0,350.0,6176.09,,2026-06-10 08:00:00,system,2026-06-10 08:00:00,system
5917,1354,1,386,6,35.0,175.0,1282.27,,2026-03-22 08:00:00,system,2026-03-22 08:00:00,system
5918,1354,2,958,1,2.0,4000.0,206.71,,2026-03-22 08:00:00,system,2026-03-22 08:00:00,system
5919,1354,3,862,1,2.0,2000.0,205.38,,2026-03-22 08:00:00,system,2026-03-22 08:00:00,system
5920,1354,4,319,6,39.0,31.2,187.54,,2026-03-22 08:00:00,system,2026-03-22 08:00:00,system
5921,1355,1,410,6,24.0,240.0,2435.25,,2026-04-16 08:00:00,system,2026-04-16 08:00:00,system
5922,1356,1,1361,1,3.0,6000.0,292.58,,2026-04-25 08:00:00,system,2026-04-25 08:00:00,system
5923,1356,2,434,6,12.0,180.0,3222.34,,2026-04-25 08:00:00,system,2026-04-25 08:00:00,system
5924,1356,3,1312,6,4.0,720.0,52941.25,,2026-04-25 08:00:00,system,2026-04-25 08:00:00,system
5925,1356,4,144,1,2.0,2000.0,221.92,,2026-04-25 08:00:00,system,2026-04-25 08:00:00,system
5926,1356,5,884,6,15.0,450.0,6138.71,,2026-04-25 08:00:00,system,2026-04-25 08:00:00,system
5927,1356,6,1364,6,7.0,140.0,6236.45,,2026-04-25 08:00:00,system,2026-04-25 08:00:00,system
5928,1356,7,927,6,28.0,840.0,6307.09,,2026-04-25 08:00:00,system,2026-04-25 08:00:00,system
5929,1356,8,1093,6,23.0,9.2,141.64,,2026-04-25 08:00:00,system,2026-04-25 08:00:00,system
5930,1357,1,900,6,8.0,400.0,10699.01,,2026-03-31 08:00:00,system,2026-03-31 08:00:00,system
5931,1357,2,1291,1,2.0,2000.0,278.46,,2026-03-31 08:00:00,system,2026-03-31 08:00:00,system
5932,1357,3,351,1,4.0,4000.0,196.87,,2026-03-31 08:00:00,system,2026-03-31 08:00:00,system
5933,1358,1,1097,6,30.0,150.0,1979.21,,2026-03-17 08:00:00,system,2026-03-17 08:00:00,system
5934,1358,2,333,1,8.0,8000.0,206.08,,2026-03-17 08:00:00,system,2026-03-17 08:00:00,system
5935,1358,3,1231,6,30.0,300.0,1583.64,,2026-03-17 08:00:00,system,2026-03-17 08:00:00,system
5936,1359,1,742,6,10.0,500.0,9412.8,,2026-02-14 08:00:00,system,2026-02-14 08:00:00,system
5937,1359,2,790,6,5.0,75.0,3001.61,,2026-02-14 08:00:00,system,2026-02-14 08:00:00,system
5938,1359,3,1432,6,6.0,60.0,2118.29,,2026-02-14 08:00:00,system,2026-02-14 08:00:00,system
5939,1359,4,572,6,2.0,110.0,10819.1,,2026-02-14 08:00:00,system,2026-02-14 08:00:00,system
5940,1359,5,265,6,35.0,1050.0,7230.93,,2026-02-14 08:00:00,system,2026-02-14 08:00:00,system
5941,1360,1,1003,6,28.0,56.0,735.11,,2026-04-29 08:00:00,system,2026-04-29 08:00:00,system
5942,1360,2,764,6,6.0,150.0,4951.91,,2026-04-29 08:00:00,system,2026-04-29 08:00:00,system
5943,1360,3,1283,1,2.0,2000.0,274.32,,2026-04-29 08:00:00,system,2026-04-29 08:00:00,system
5944,1361,1,526,6,32.0,800.0,4946.09,,2026-06-02 08:00:00,system,2026-06-02 08:00:00,system
5945,1362,1,542,6,10.0,500.0,9083.41,,2026-02-04 08:00:00,system,2026-02-04 08:00:00,system
5946,1363,1,580,6,8.0,80.0,2062.67,,2026-02-13 08:00:00,system,2026-02-13 08:00:00,system
5947,1363,2,48,6,14.0,70.0,1269.0,,2026-02-13 08:00:00,system,2026-02-13 08:00:00,system
5948,1363,3,871,6,12.0,600.0,11956.89,,2026-02-13 08:00:00,system,2026-02-13 08:00:00,system
5949,1363,4,1426,6,4.0,840.0,43978.97,,2026-02-13 08:00:00,system,2026-02-13 08:00:00,system
5950,1363,5,95,6,1.0,210.0,49149.28,,2026-02-13 08:00:00,system,2026-02-13 08:00:00,system
5951,1363,6,1090,6,12.0,600.0,18443.93,,2026-02-13 08:00:00,system,2026-02-13 08:00:00,system
5952,1363,7,58,1,3.0,3000.0,235.58,,2026-02-13 08:00:00,system,2026-02-13 08:00:00,system
5953,1363,8,38,6,14.0,420.0,7558.39,,2026-02-13 08:00:00,system,2026-02-13 08:00:00,system
5954,1364,1,36,6,28.0,560.0,4981.43,,2026-06-06 08:00:00,system,2026-06-06 08:00:00,system
5955,1364,2,50,6,7.0,105.0,3884.09,,2026-06-06 08:00:00,system,2026-06-06 08:00:00,system
5956,1364,3,603,6,3.0,630.0,39194.58,,2026-06-06 08:00:00,system,2026-06-06 08:00:00,system
5957,1364,4,996,6,15.0,270.0,6942.7,,2026-06-06 08:00:00,system,2026-06-06 08:00:00,system
5958,1364,5,534,1,2.0,4000.0,203.45,,2026-06-06 08:00:00,system,2026-06-06 08:00:00,system
5959,1365,1,311,6,15.0,300.0,4582.83,,2026-05-06 08:00:00,system,2026-05-06 08:00:00,system
5960,1366,1,1065,6,100.0,40.0,135.46,,2026-05-28 08:00:00,system,2026-05-28 08:00:00,system
5961,1366,2,738,6,7.0,105.0,2824.91,,2026-05-28 08:00:00,system,2026-05-28 08:00:00,system
5962,1366,3,944,1,2.0,4000.0,200.41,,2026-05-28 08:00:00,system,2026-05-28 08:00:00,system
5963,1366,4,939,6,8.0,440.0,11806.11,,2026-05-28 08:00:00,system,2026-05-28 08:00:00,system
5964,1366,5,1104,6,48.0,48.0,357.11,,2026-05-28 08:00:00,system,2026-05-28 08:00:00,system
5965,1366,6,435,6,20.0,400.0,4427.91,,2026-05-28 08:00:00,system,2026-05-28 08:00:00,system
5966,1366,7,1154,6,4.0,220.0,7517.62,,2026-05-28 08:00:00,system,2026-05-28 08:00:00,system
5967,1366,8,445,6,56.0,67.2,263.13,,2026-05-28 08:00:00,system,2026-05-28 08:00:00,system
5968,1367,1,1196,6,14.0,140.0,1632.9,,2026-06-23 08:00:00,system,2026-06-23 08:00:00,system
5969,1367,2,347,6,2.0,420.0,50236.41,,2026-06-23 08:00:00,system,2026-06-23 08:00:00,system
5970,1367,3,807,6,39.0,117.0,719.77,,2026-06-23 08:00:00,system,2026-06-23 08:00:00,system
5971,1367,4,948,6,24.0,360.0,3409.28,,2026-06-23 08:00:00,system,2026-06-23 08:00:00,system
5972,1367,5,934,6,21.0,315.0,3579.33,,2026-06-23 08:00:00,system,2026-06-23 08:00:00,system
5973,1368,1,224,6,10.0,150.0,3660.58,,2026-06-12 08:00:00,system,2026-06-12 08:00:00,system
5974,1368,2,610,6,25.0,375.0,2795.21,,2026-06-12 08:00:00,system,2026-06-12 08:00:00,system
5975,1368,3,957,1,2.0,2000.0,195.98,,2026-06-12 08:00:00,system,2026-06-12 08:00:00,system
5976,1368,4,165,6,7.0,70.0,2379.93,,2026-06-12 08:00:00,system,2026-06-12 08:00:00,system
5977,1368,5,906,1,4.0,8000.0,184.92,,2026-06-12 08:00:00,system,2026-06-12 08:00:00,system
5978,1369,1,1277,6,12.0,12.0,319.48,,2026-02-22 08:00:00,system,2026-02-22 08:00:00,system
5979,1369,2,380,6,4.0,840.0,44913.56,,2026-02-22 08:00:00,system,2026-02-22 08:00:00,system
5980,1369,3,46,6,28.0,33.6,299.23,,2026-02-22 08:00:00,system,2026-02-22 08:00:00,system
5981,1369,4,754,6,4.0,720.0,35356.49,,2026-02-22 08:00:00,system,2026-02-22 08:00:00,system
5982,1369,5,1062,6,8.0,144.0,6583.55,,2026-02-22 08:00:00,system,2026-02-22 08:00:00,system
5983,1369,6,371,6,6.0,30.0,1182.94,,2026-02-22 08:00:00,system,2026-02-22 08:00:00,system
5984,1370,1,1286,6,12.0,60.0,1663.88,,2026-02-01 08:00:00,system,2026-02-01 08:00:00,system
5985,1370,2,1321,6,10.0,550.0,16614.44,,2026-02-01 08:00:00,system,2026-02-01 08:00:00,system
5986,1371,1,553,6,7.0,105.0,3125.67,,2026-05-11 08:00:00,system,2026-05-11 08:00:00,system
5987,1371,2,824,6,35.0,525.0,3384.19,,2026-05-11 08:00:00,system,2026-05-11 08:00:00,system
5988,1371,3,228,6,10.0,500.0,12813.06,,2026-05-11 08:00:00,system,2026-05-11 08:00:00,system
5989,1371,4,437,6,21.0,630.0,7088.08,,2026-05-11 08:00:00,system,2026-05-11 08:00:00,system
5990,1371,5,1422,6,16.0,80.0,1217.21,,2026-05-11 08:00:00,system,2026-05-11 08:00:00,system
5991,1371,6,169,6,24.0,720.0,8232.15,,2026-05-11 08:00:00,system,2026-05-11 08:00:00,system
5992,1371,7,1496,6,24.0,720.0,7361.34,,2026-05-11 08:00:00,system,2026-05-11 08:00:00,system
5993,1371,8,1107,6,20.0,200.0,4075.44,,2026-05-11 08:00:00,system,2026-05-11 08:00:00,system
5994,1371,9,1157,6,80.0,80.0,154.66,,2026-05-11 08:00:00,system,2026-05-11 08:00:00,system
5995,1371,10,1264,6,8.0,440.0,8886.96,,2026-05-11 08:00:00,system,2026-05-11 08:00:00,system
5996,1371,11,336,6,15.0,18.0,296.71,,2026-05-11 08:00:00,system,2026-05-11 08:00:00,system
5997,1372,1,435,6,25.0,500.0,4427.91,,2026-04-09 08:00:00,system,2026-04-09 08:00:00,system
5998,1372,2,49,6,35.0,350.0,2440.13,,2026-04-09 08:00:00,system,2026-04-09 08:00:00,system
5999,1372,3,261,6,20.0,200.0,2365.09,,2026-04-09 08:00:00,system,2026-04-09 08:00:00,system
6000,1372,4,1018,6,140.0,56.0,148.68,,2026-04-09 08:00:00,system,2026-04-09 08:00:00,system
6001,1372,5,816,6,2.0,360.0,33883.06,,2026-04-09 08:00:00,system,2026-04-09 08:00:00,system
6002,1373,1,1130,6,12.0,120.0,3468.97,,2026-04-19 08:00:00,system,2026-04-19 08:00:00,system
6003,1373,2,674,6,21.0,525.0,4869.56,,2026-04-19 08:00:00,system,2026-04-19 08:00:00,system
6004,1373,3,1456,6,12.0,180.0,3052.87,,2026-04-19 08:00:00,system,2026-04-19 08:00:00,system
6005,1373,4,1167,6,26.0,130.0,728.22,,2026-04-19 08:00:00,system,2026-04-19 08:00:00,system
6006,1374,1,306,6,11.0,13.2,275.48,,2026-05-25 08:00:00,system,2026-05-25 08:00:00,system
6007,1375,1,1240,6,14.0,280.0,3156.85,,2026-06-14 08:00:00,system,2026-06-14 08:00:00,system
6008,1375,2,1177,6,75.0,75.0,148.78,,2026-06-14 08:00:00,system,2026-06-14 08:00:00,system
6009,1375,3,336,6,80.0,96.0,274.38,,2026-06-14 08:00:00,system,2026-06-14 08:00:00,system
6010,1376,1,1083,6,63.0,25.2,138.42,,2026-03-05 08:00:00,system,2026-03-05 08:00:00,system
6011,1376,2,1414,6,4.0,200.0,10557.57,,2026-03-05 08:00:00,system,2026-03-05 08:00:00,system
6012,1376,3,994,6,12.0,60.0,1862.99,,2026-03-05 08:00:00,system,2026-03-05 08:00:00,system
6013,1376,4,1484,6,10.0,550.0,11126.28,,2026-03-05 08:00:00,system,2026-03-05 08:00:00,system
6014,1376,5,1373,6,10.0,550.0,11677.26,,2026-03-05 08:00:00,system,2026-03-05 08:00:00,system
6015,1376,6,1239,6,12.0,120.0,1401.55,,2026-03-05 08:00:00,system,2026-03-05 08:00:00,system
6016,1376,7,974,6,65.0,65.0,359.86,,2026-03-05 08:00:00,system,2026-03-05 08:00:00,system
6017,1376,8,1078,6,56.0,280.0,1744.93,,2026-03-05 08:00:00,system,2026-03-05 08:00:00,system
6018,1377,1,662,6,20.0,300.0,2894.54,,2026-01-05 08:00:00,system,2026-01-05 08:00:00,system
6019,1377,2,844,6,10.0,1800.0,36991.77,,2026-01-05 08:00:00,system,2026-01-05 08:00:00,system
6020,1377,3,315,6,2.0,110.0,12333.5,,2026-01-05 08:00:00,system,2026-01-05 08:00:00,system
6021,1377,4,244,6,10.0,550.0,13747.11,,2026-01-05 08:00:00,system,2026-01-05 08:00:00,system
6022,1378,1,717,6,5.0,1050.0,37558.86,,2026-06-11 08:00:00,system,2026-06-11 08:00:00,system
6023,1378,2,1218,6,6.0,330.0,7496.63,,2026-06-11 08:00:00,system,2026-06-11 08:00:00,system
6024,1378,3,687,6,18.0,360.0,3911.69,,2026-06-11 08:00:00,system,2026-06-11 08:00:00,system
6025,1378,4,1332,1,6.0,6000.0,286.98,,2026-06-11 08:00:00,system,2026-06-11 08:00:00,system
6026,1378,5,475,1,8.0,8000.0,188.24,,2026-06-11 08:00:00,system,2026-06-11 08:00:00,system
6027,1378,6,690,6,2.0,100.0,9921.34,,2026-06-11 08:00:00,system,2026-06-11 08:00:00,system
6028,1378,7,1283,1,1.0,1000.0,274.32,,2026-06-11 08:00:00,system,2026-06-11 08:00:00,system
6029,1378,8,255,1,2.0,2000.0,225.92,,2026-06-11 08:00:00,system,2026-06-11 08:00:00,system
6030,1378,9,1444,6,60.0,180.0,605.05,,2026-06-11 08:00:00,system,2026-06-11 08:00:00,system
6031,1379,1,478,6,20.0,24.0,252.28,,2026-01-11 08:00:00,system,2026-01-11 08:00:00,system
6032,1379,2,1286,6,39.0,195.0,1507.89,,2026-01-11 08:00:00,system,2026-01-11 08:00:00,system
6033,1379,3,427,6,5.0,100.0,4603.03,,2026-01-11 08:00:00,system,2026-01-11 08:00:00,system
6034,1380,1,50,6,30.0,450.0,3669.56,,2026-02-28 08:00:00,system,2026-02-28 08:00:00,system
6035,1380,2,655,6,4.0,840.0,39192.59,,2026-02-28 08:00:00,system,2026-02-28 08:00:00,system
6036,1381,1,965,6,14.0,420.0,6958.94,,2026-06-13 08:00:00,system,2026-06-13 08:00:00,system
6037,1382,1,958,1,4.0,8000.0,182.62,,2026-05-21 08:00:00,system,2026-05-21 08:00:00,system
6038,1382,2,593,6,55.0,165.0,559.63,,2026-05-21 08:00:00,system,2026-05-21 08:00:00,system
6039,1382,3,1158,6,56.0,168.0,425.68,,2026-05-21 08:00:00,system,2026-05-21 08:00:00,system
6040,1383,1,759,6,55.0,165.0,603.19,,2026-02-25 08:00:00,system,2026-02-25 08:00:00,system
6041,1384,1,1299,1,1.0,2000.0,280.14,,2026-04-01 08:00:00,system,2026-04-01 08:00:00,system
6042,1384,2,287,6,24.0,24.0,241.88,,2026-04-01 08:00:00,system,2026-04-01 08:00:00,system
6043,1384,3,1288,6,6.0,330.0,17564.39,,2026-04-01 08:00:00,system,2026-04-01 08:00:00,system
6044,1385,1,618,1,4.0,2000.0,203.34,,2026-04-23 08:00:00,system,2026-04-23 08:00:00,system
6045,1385,2,115,6,56.0,168.0,840.49,,2026-04-23 08:00:00,system,2026-04-23 08:00:00,system
6046,1386,1,279,6,7.0,175.0,5692.58,,2026-03-17 08:00:00,system,2026-03-17 08:00:00,system
6047,1386,2,606,1,1.0,2000.0,177.1,,2026-03-17 08:00:00,system,2026-03-17 08:00:00,system
6048,1386,3,1423,6,30.0,300.0,2204.13,,2026-03-17 08:00:00,system,2026-03-17 08:00:00,system
6049,1386,4,763,6,6.0,120.0,4175.98,,2026-03-17 08:00:00,system,2026-03-17 08:00:00,system
6050,1386,5,1018,6,25.0,10.0,136.25,,2026-03-17 08:00:00,system,2026-03-17 08:00:00,system
6051,1386,6,300,1,2.0,2000.0,226.64,,2026-03-17 08:00:00,system,2026-03-17 08:00:00,system
6052,1386,7,1158,6,14.0,42.0,433.65,,2026-03-17 08:00:00,system,2026-03-17 08:00:00,system
6053,1386,8,559,6,4.0,720.0,32402.99,,2026-03-17 08:00:00,system,2026-03-17 08:00:00,system
6054,1386,9,951,6,25.0,750.0,6234.07,,2026-03-17 08:00:00,system,2026-03-17 08:00:00,system
6055,1386,10,567,6,21.0,315.0,2681.15,,2026-03-17 08:00:00,system,2026-03-17 08:00:00,system
6056,1386,11,594,6,7.0,35.0,915.41,,2026-03-17 08:00:00,system,2026-03-17 08:00:00,system
6057,1386,12,1297,6,5.0,1050.0,65319.27,,2026-03-17 08:00:00,system,2026-03-17 08:00:00,system
6058,1386,13,1170,6,2.0,110.0,7822.66,,2026-03-17 08:00:00,system,2026-03-17 08:00:00,system
6059,1387,1,1306,1,6.0,6000.0,303.71,,2026-04-30 08:00:00,system,2026-04-30 08:00:00,system
6060,1388,1,111,1,3.0,3000.0,232.56,,2026-03-25 08:00:00,system,2026-03-25 08:00:00,system
6061,1388,2,490,1,1.0,1000.0,206.96,,2026-03-25 08:00:00,system,2026-03-25 08:00:00,system
6062,1388,3,1006,6,20.0,360.0,7181.24,,2026-03-25 08:00:00,system,2026-03-25 08:00:00,system
6063,1388,4,1062,6,20.0,360.0,7232.16,,2026-03-25 08:00:00,system,2026-03-25 08:00:00,system
6064,1388,5,798,1,2.0,1000.0,199.36,,2026-03-25 08:00:00,system,2026-03-25 08:00:00,system
6065,1388,6,408,6,13.0,39.0,679.48,,2026-03-25 08:00:00,system,2026-03-25 08:00:00,system
6066,1389,1,489,6,4.0,840.0,45075.76,,2026-02-12 08:00:00,system,2026-02-12 08:00:00,system
6067,1389,2,367,6,14.0,11.2,183.4,,2026-02-12 08:00:00,system,2026-02-12 08:00:00,system
6068,1389,3,471,6,8.0,400.0,10729.79,,2026-02-12 08:00:00,system,2026-02-12 08:00:00,system
6069,1389,4,285,1,6.0,6000.0,207.6,,2026-02-12 08:00:00,system,2026-02-12 08:00:00,system
6070,1389,5,1029,6,11.0,11.0,371.39,,2026-02-12 08:00:00,system,2026-02-12 08:00:00,system
6071,1389,6,1392,1,2.0,4000.0,183.71,,2026-02-12 08:00:00,system,2026-02-12 08:00:00,system
6072,1389,7,1067,6,13.0,13.0,377.5,,2026-02-12 08:00:00,system,2026-02-12 08:00:00,system
6073,1389,8,1169,6,6.0,120.0,2914.78,,2026-02-12 08:00:00,system,2026-02-12 08:00:00,system
6074,1390,1,1471,6,7.0,140.0,4658.41,,2026-06-25 08:00:00,system,2026-06-25 08:00:00,system
6075,1390,2,1390,1,8.0,4000.0,196.62,,2026-06-25 08:00:00,system,2026-06-25 08:00:00,system
6076,1390,3,368,6,32.0,32.0,234.08,,2026-06-25 08:00:00,system,2026-06-25 08:00:00,system
6077,1390,4,1387,6,6.0,330.0,12403.48,,2026-06-25 08:00:00,system,2026-06-25 08:00:00,system
6078,1391,1,676,6,15.0,750.0,10543.16,,2026-04-25 08:00:00,system,2026-04-25 08:00:00,system
6079,1392,1,221,6,14.0,42.0,761.59,,2026-03-18 08:00:00,system,2026-03-18 08:00:00,system
6080,1392,2,731,6,3.0,630.0,39898.08,,2026-03-18 08:00:00,system,2026-03-18 08:00:00,system
6081,1392,3,754,6,6.0,1080.0,39837.11,,2026-03-18 08:00:00,system,2026-03-18 08:00:00,system
6082,1392,4,100,6,14.0,42.0,739.62,,2026-03-18 08:00:00,system,2026-03-18 08:00:00,system
6083,1392,5,845,6,2.0,420.0,44789.19,,2026-03-18 08:00:00,system,2026-03-18 08:00:00,system
6084,1392,6,61,6,75.0,90.0,305.89,,2026-03-18 08:00:00,system,2026-03-18 08:00:00,system
6085,1393,1,629,6,4.0,220.0,10167.66,,2026-02-26 08:00:00,system,2026-02-26 08:00:00,system
6086,1393,2,1444,6,22.0,66.0,639.94,,2026-02-26 08:00:00,system,2026-02-26 08:00:00,system
6087,1394,1,830,6,4.0,720.0,36783.43,,2026-02-01 08:00:00,system,2026-02-01 08:00:00,system
6088,1394,2,1070,6,4.0,40.0,3734.77,,2026-02-01 08:00:00,system,2026-02-01 08:00:00,system
6089,1395,1,663,6,30.0,600.0,3668.24,,2026-04-18 08:00:00,system,2026-04-18 08:00:00,system
6090,1395,2,945,6,42.0,126.0,630.57,,2026-04-18 08:00:00,system,2026-04-18 08:00:00,system
6091,1395,3,1056,6,33.0,16.5,178.19,,2026-04-18 08:00:00,system,2026-04-18 08:00:00,system
6092,1395,4,30,6,55.0,55.0,249.05,,2026-04-18 08:00:00,system,2026-04-18 08:00:00,system
6093,1396,1,1321,6,8.0,440.0,16614.44,,2026-06-01 08:00:00,system,2026-06-01 08:00:00,system
6094,1396,2,203,6,42.0,33.6,188.51,,2026-06-01 08:00:00,system,2026-06-01 08:00:00,system
6095,1396,3,1013,6,24.0,120.0,1808.0,,2026-06-01 08:00:00,system,2026-06-01 08:00:00,system
6096,1396,4,627,6,35.0,1050.0,5536.31,,2026-06-01 08:00:00,system,2026-06-01 08:00:00,system
6097,1396,5,743,6,10.0,550.0,10700.11,,2026-06-01 08:00:00,system,2026-06-01 08:00:00,system
6098,1397,1,882,6,14.0,280.0,4023.56,,2026-06-12 08:00:00,system,2026-06-12 08:00:00,system
6099,1397,2,806,1,8.0,16000.0,188.33,,2026-06-12 08:00:00,system,2026-06-12 08:00:00,system
6100,1397,3,6,6,7.0,140.0,4990.06,,2026-06-12 08:00:00,system,2026-06-12 08:00:00,system
6101,1397,4,820,1,4.0,8000.0,197.17,,2026-06-12 08:00:00,system,2026-06-12 08:00:00,system
6102,1397,5,1291,1,4.0,4000.0,278.46,,2026-06-12 08:00:00,system,2026-06-12 08:00:00,system
6103,1397,6,155,6,4.0,200.0,12213.77,,2026-06-12 08:00:00,system,2026-06-12 08:00:00,system
6104,1397,7,1422,6,14.0,70.0,1058.79,,2026-06-12 08:00:00,system,2026-06-12 08:00:00,system
6105,1398,1,407,6,48.0,57.6,273.2,,2026-03-14 08:00:00,system,2026-03-14 08:00:00,system
6106,1398,2,1054,6,8.0,1440.0,63388.92,,2026-03-14 08:00:00,system,2026-03-14 08:00:00,system
6107,1398,3,955,6,1.0,210.0,39655.9,,2026-03-14 08:00:00,system,2026-03-14 08:00:00,system
6108,1398,4,814,6,8.0,400.0,10557.1,,2026-03-14 08:00:00,system,2026-03-14 08:00:00,system
6109,1398,5,109,6,2.0,360.0,40131.24,,2026-03-14 08:00:00,system,2026-03-14 08:00:00,system
6110,1398,6,146,6,40.0,40.0,236.72,,2026-03-14 08:00:00,system,2026-03-14 08:00:00,system
6111,1398,7,963,6,28.0,560.0,4111.32,,2026-03-14 08:00:00,system,2026-03-14 08:00:00,system
6112,1398,8,416,6,6.0,330.0,12492.73,,2026-03-14 08:00:00,system,2026-03-14 08:00:00,system
6113,1398,9,508,6,21.0,105.0,935.2,,2026-03-14 08:00:00,system,2026-03-14 08:00:00,system
6114,1398,10,153,6,24.0,600.0,5975.51,,2026-03-14 08:00:00,system,2026-03-14 08:00:00,system
6115,1399,1,583,6,14.0,350.0,4931.64,,2026-01-31 08:00:00,system,2026-01-31 08:00:00,system
6116,1399,2,1448,6,24.0,480.0,4302.2,,2026-01-31 08:00:00,system,2026-01-31 08:00:00,system
6117,1399,3,308,6,5.0,25.0,1069.25,,2026-01-31 08:00:00,system,2026-01-31 08:00:00,system
6118,1399,4,392,6,48.0,57.6,255.23,,2026-01-31 08:00:00,system,2026-01-31 08:00:00,system
6119,1400,1,1256,6,10.0,550.0,7964.78,,2026-02-14 08:00:00,system,2026-02-14 08:00:00,system
6120,1400,2,1274,6,2.0,420.0,61368.06,,2026-02-14 08:00:00,system,2026-02-14 08:00:00,system
6121,1401,1,1453,6,64.0,192.0,718.38,,2026-05-25 08:00:00,system,2026-05-25 08:00:00,system
6122,1401,2,1411,6,14.0,280.0,4470.54,,2026-05-25 08:00:00,system,2026-05-25 08:00:00,system
6123,1401,3,255,1,8.0,8000.0,241.95,,2026-05-25 08:00:00,system,2026-05-25 08:00:00,system
6124,1401,4,558,6,10.0,550.0,11263.31,,2026-05-25 08:00:00,system,2026-05-25 08:00:00,system
6125,1401,5,430,6,12.0,600.0,11702.23,,2026-05-25 08:00:00,system,2026-05-25 08:00:00,system
6126,1401,6,233,6,45.0,36.0,219.61,,2026-05-25 08:00:00,system,2026-05-25 08:00:00,system
6127,1401,7,1486,6,2.0,420.0,48389.14,,2026-05-25 08:00:00,system,2026-05-25 08:00:00,system
6128,1402,1,1081,6,6.0,300.0,17100.03,,2026-01-05 08:00:00,system,2026-01-05 08:00:00,system
6129,1403,1,352,6,80.0,64.0,183.16,,2026-06-17 08:00:00,system,2026-06-17 08:00:00,system
6130,1403,2,1042,6,4.0,40.0,3842.29,,2026-06-17 08:00:00,system,2026-06-17 08:00:00,system
6131,1403,3,994,6,60.0,300.0,1906.83,,2026-06-17 08:00:00,system,2026-06-17 08:00:00,system
6132,1403,4,981,6,120.0,48.0,154.94,,2026-06-17 08:00:00,system,2026-06-17 08:00:00,system
6133,1403,5,819,1,4.0,4000.0,202.69,,2026-06-17 08:00:00,system,2026-06-17 08:00:00,system
6134,1403,6,609,6,21.0,210.0,2058.08,,2026-06-17 08:00:00,system,2026-06-17 08:00:00,system
6135,1404,1,361,6,7.0,210.0,7004.39,,2026-01-15 08:00:00,system,2026-01-15 08:00:00,system
6136,1404,2,1162,6,8.0,440.0,7584.8,,2026-01-15 08:00:00,system,2026-01-15 08:00:00,system
6137,1404,3,2,6,13.0,39.0,719.24,,2026-01-15 08:00:00,system,2026-01-15 08:00:00,system
6138,1405,1,370,6,30.0,90.0,708.48,,2026-04-07 08:00:00,system,2026-04-07 08:00:00,system
6139,1405,2,553,6,21.0,315.0,3064.64,,2026-04-07 08:00:00,system,2026-04-07 08:00:00,system
6140,1405,3,373,6,35.0,525.0,3739.05,,2026-04-07 08:00:00,system,2026-04-07 08:00:00,system
6141,1406,1,1477,6,24.0,120.0,1057.27,,2026-02-22 08:00:00,system,2026-02-22 08:00:00,system
6142,1406,2,1382,6,28.0,420.0,3071.99,,2026-02-22 08:00:00,system,2026-02-22 08:00:00,system
6143,1406,3,1004,6,33.0,165.0,1751.5,,2026-02-22 08:00:00,system,2026-02-22 08:00:00,system
6144,1407,1,661,6,6.0,60.0,1991.85,,2026-05-13 08:00:00,system,2026-05-13 08:00:00,system
6145,1407,2,296,6,10.0,500.0,13177.18,,2026-05-13 08:00:00,system,2026-05-13 08:00:00,system
6146,1407,3,111,1,6.0,6000.0,228.34,,2026-05-13 08:00:00,system,2026-05-13 08:00:00,system
6147,1407,4,1448,6,14.0,280.0,4767.75,,2026-05-13 08:00:00,system,2026-05-13 08:00:00,system
6148,1407,5,134,6,18.0,360.0,5007.57,,2026-05-13 08:00:00,system,2026-05-13 08:00:00,system
6149,1407,6,222,6,24.0,120.0,1297.44,,2026-05-13 08:00:00,system,2026-05-13 08:00:00,system
6150,1407,7,1428,1,4.0,4000.0,200.06,,2026-05-13 08:00:00,system,2026-05-13 08:00:00,system
6151,1407,8,225,6,12.0,240.0,5425.34,,2026-05-13 08:00:00,system,2026-05-13 08:00:00,system
6152,1407,9,965,6,21.0,630.0,6958.94,,2026-05-13 08:00:00,system,2026-05-13 08:00:00,system
6153,1408,1,439,6,2.0,110.0,12607.91,,2026-04-17 08:00:00,system,2026-04-17 08:00:00,system
6154,1408,2,266,6,4.0,200.0,12883.07,,2026-04-17 08:00:00,system,2026-04-17 08:00:00,system
6155,1409,1,328,6,18.0,540.0,6550.06,,2026-01-16 08:00:00,system,2026-01-16 08:00:00,system
6156,1410,1,107,6,3.0,150.0,13310.1,,2026-01-19 08:00:00,system,2026-01-19 08:00:00,system
6157,1410,2,780,6,6.0,300.0,11297.89,,2026-01-19 08:00:00,system,2026-01-19 08:00:00,system
6158,1410,3,680,1,8.0,4000.0,191.57,,2026-01-19 08:00:00,system,2026-01-19 08:00:00,system
6159,1410,4,278,6,40.0,800.0,4970.39,,2026-01-19 08:00:00,system,2026-01-19 08:00:00,system
6160,1410,5,501,6,10.0,550.0,10935.89,,2026-01-19 08:00:00,system,2026-01-19 08:00:00,system
6161,1411,1,474,6,5.0,1050.0,42878.8,,2026-05-14 08:00:00,system,2026-05-14 08:00:00,system
6162,1411,2,124,6,6.0,1080.0,43059.16,,2026-05-14 08:00:00,system,2026-05-14 08:00:00,system
6163,1411,3,764,6,12.0,300.0,4951.91,,2026-05-14 08:00:00,system,2026-05-14 08:00:00,system
6164,1412,1,389,6,7.0,140.0,4525.9,,2026-03-14 08:00:00,system,2026-03-14 08:00:00,system
6165,1412,2,1040,6,16.0,32.0,813.71,,2026-03-14 08:00:00,system,2026-03-14 08:00:00,system
6166,1412,3,555,6,18.0,450.0,5203.69,,2026-03-14 08:00:00,system,2026-03-14 08:00:00,system
6167,1412,4,1042,6,20.0,200.0,3842.29,,2026-03-14 08:00:00,system,2026-03-14 08:00:00,system
6168,1412,5,619,1,2.0,2000.0,194.06,,2026-03-14 08:00:00,system,2026-03-14 08:00:00,system
6169,1412,6,351,1,8.0,8000.0,209.41,,2026-03-14 08:00:00,system,2026-03-14 08:00:00,system
6170,1413,1,1360,1,6.0,6000.0,275.53,,2026-01-06 08:00:00,system,2026-01-06 08:00:00,system
6171,1413,2,1301,6,40.0,200.0,1584.56,,2026-01-06 08:00:00,system,2026-01-06 08:00:00,system
6172,1413,3,1216,6,21.0,210.0,1336.93,,2026-01-06 08:00:00,system,2026-01-06 08:00:00,system
6173,1413,4,1039,6,55.0,55.0,371.4,,2026-01-06 08:00:00,system,2026-01-06 08:00:00,system
6174,1413,5,492,6,55.0,55.0,222.76,,2026-01-06 08:00:00,system,2026-01-06 08:00:00,system
6175,1413,6,1283,1,4.0,4000.0,275.54,,2026-01-06 08:00:00,system,2026-01-06 08:00:00,system
6176,1413,7,262,6,15.0,225.0,3673.29,,2026-01-06 08:00:00,system,2026-01-06 08:00:00,system
6177,1413,8,50,6,25.0,375.0,3762.7,,2026-01-06 08:00:00,system,2026-01-06 08:00:00,system
6178,1413,9,1011,6,44.0,44.0,342.72,,2026-01-06 08:00:00,system,2026-01-06 08:00:00,system
6179,1413,10,166,6,21.0,315.0,3427.67,,2026-01-06 08:00:00,system,2026-01-06 08:00:00,system
6180,1414,1,1160,6,21.0,210.0,1469.63,,2026-05-27 08:00:00,system,2026-05-27 08:00:00,system
6181,1414,2,466,6,35.0,350.0,2285.08,,2026-05-27 08:00:00,system,2026-05-27 08:00:00,system
6182,1414,3,735,6,36.0,108.0,645.95,,2026-05-27 08:00:00,system,2026-05-27 08:00:00,system
6183,1414,4,986,6,16.0,160.0,3783.69,,2026-05-27 08:00:00,system,2026-05-27 08:00:00,system
6184,1414,5,1010,6,12.0,6.0,193.96,,2026-05-27 08:00:00,system,2026-05-27 08:00:00,system
6185,1414,6,564,6,32.0,96.0,636.61,,2026-05-27 08:00:00,system,2026-05-27 08:00:00,system
6186,1414,7,332,6,5.0,1050.0,48984.25,,2026-05-27 08:00:00,system,2026-05-27 08:00:00,system
6187,1415,1,12,6,2.0,420.0,50262.91,,2026-01-14 08:00:00,system,2026-01-14 08:00:00,system
6188,1416,1,105,6,12.0,300.0,6190.54,,2026-05-07 08:00:00,system,2026-05-07 08:00:00,system
6189,1416,2,1321,6,2.0,110.0,17333.04,,2026-05-07 08:00:00,system,2026-05-07 08:00:00,system
6190,1416,3,86,6,6.0,30.0,1136.98,,2026-05-07 08:00:00,system,2026-05-07 08:00:00,system
6191,1416,4,29,6,55.0,44.0,186.05,,2026-05-07 08:00:00,system,2026-05-07 08:00:00,system
6192,1416,5,614,6,8.0,400.0,9273.77,,2026-05-07 08:00:00,system,2026-05-07 08:00:00,system
6193,1416,6,780,6,4.0,200.0,10855.3,,2026-05-07 08:00:00,system,2026-05-07 08:00:00,system
6194,1416,7,1098,6,12.0,120.0,3608.55,,2026-05-07 08:00:00,system,2026-05-07 08:00:00,system
6195,1416,8,319,6,14.0,11.2,166.65,,2026-05-07 08:00:00,system,2026-05-07 08:00:00,system
6196,1416,9,686,6,7.0,105.0,2706.45,,2026-05-07 08:00:00,system,2026-05-07 08:00:00,system
6197,1416,10,233,6,52.0,41.6,194.23,,2026-05-07 08:00:00,system,2026-05-07 08:00:00,system
6198,1416,11,1000,6,11.0,5.5,178.19,,2026-05-07 08:00:00,system,2026-05-07 08:00:00,system
6199,1416,12,277,6,7.0,105.0,3760.89,,2026-05-07 08:00:00,system,2026-05-07 08:00:00,system
6200,1416,13,66,6,30.0,600.0,4590.38,,2026-05-07 08:00:00,system,2026-05-07 08:00:00,system
6201,1417,1,1095,6,55.0,55.0,340.45,,2026-02-21 08:00:00,system,2026-02-21 08:00:00,system
6202,1417,2,794,6,6.0,300.0,10549.6,,2026-02-21 08:00:00,system,2026-02-21 08:00:00,system
6203,1417,3,1312,6,10.0,1800.0,56028.66,,2026-02-21 08:00:00,system,2026-02-21 08:00:00,system
6204,1418,1,713,6,21.0,630.0,5879.42,,2026-03-03 08:00:00,system,2026-03-03 08:00:00,system
6205,1418,2,927,6,7.0,210.0,6789.26,,2026-03-03 08:00:00,system,2026-03-03 08:00:00,system
6206,1418,3,1010,6,24.0,12.0,193.96,,2026-03-03 08:00:00,system,2026-03-03 08:00:00,system
6207,1418,4,564,6,80.0,240.0,636.61,,2026-03-03 08:00:00,system,2026-03-03 08:00:00,system
6208,1418,5,410,6,40.0,400.0,2442.34,,2026-03-03 08:00:00,system,2026-03-03 08:00:00,system
6209,1418,6,1431,6,18.0,90.0,1158.25,,2026-03-03 08:00:00,system,2026-03-03 08:00:00,system
6210,1418,7,1088,6,15.0,150.0,3934.94,,2026-03-03 08:00:00,system,2026-03-03 08:00:00,system
6211,1418,8,1118,6,60.0,60.0,396.52,,2026-03-03 08:00:00,system,2026-03-03 08:00:00,system
6212,1418,9,170,6,8.0,400.0,13492.28,,2026-03-03 08:00:00,system,2026-03-03 08:00:00,system
6213,1418,10,1375,6,1.0,210.0,47449.06,,2026-03-03 08:00:00,system,2026-03-03 08:00:00,system
6214,1418,11,847,1,4.0,2000.0,210.8,,2026-03-03 08:00:00,system,2026-03-03 08:00:00,system
6215,1418,12,996,6,20.0,360.0,6734.8,,2026-03-03 08:00:00,system,2026-03-03 08:00:00,system
6216,1418,13,295,6,24.0,720.0,7777.36,,2026-03-03 08:00:00,system,2026-03-03 08:00:00,system
6217,1419,1,501,6,10.0,550.0,10203.36,,2026-05-16 08:00:00,system,2026-05-16 08:00:00,system
6218,1420,1,1164,1,8.0,8000.0,130.67,,2026-03-27 08:00:00,system,2026-03-27 08:00:00,system
6219,1420,2,717,6,3.0,630.0,39506.58,,2026-03-27 08:00:00,system,2026-03-27 08:00:00,system
6220,1420,3,1003,6,70.0,140.0,795.83,,2026-03-27 08:00:00,system,2026-03-27 08:00:00,system
6221,1421,1,421,6,48.0,48.0,242.45,,2026-04-12 08:00:00,system,2026-04-12 08:00:00,system
6222,1422,1,1067,6,65.0,65.0,377.5,,2026-05-12 08:00:00,system,2026-05-12 08:00:00,system
6223,1422,2,268,6,10.0,1800.0,39022.25,,2026-05-12 08:00:00,system,2026-05-12 08:00:00,system
6224,1422,3,1224,6,12.0,120.0,1348.7,,2026-05-12 08:00:00,system,2026-05-12 08:00:00,system
6225,1422,4,853,6,5.0,75.0,3019.19,,2026-05-12 08:00:00,system,2026-05-12 08:00:00,system
6226,1422,5,400,6,2.0,100.0,11304.64,,2026-05-12 08:00:00,system,2026-05-12 08:00:00,system
6227,1422,6,1252,6,22.0,66.0,411.39,,2026-05-12 08:00:00,system,2026-05-12 08:00:00,system
6228,1422,7,1336,6,48.0,48.0,313.02,,2026-05-12 08:00:00,system,2026-05-12 08:00:00,system
6229,1423,1,1195,6,20.0,100.0,712.6,,2026-06-15 08:00:00,system,2026-06-15 08:00:00,system
6230,1423,2,763,6,12.0,240.0,4175.98,,2026-06-15 08:00:00,system,2026-06-15 08:00:00,system
6231,1423,3,351,1,4.0,4000.0,196.87,,2026-06-15 08:00:00,system,2026-06-15 08:00:00,system
6232,1423,4,116,6,20.0,100.0,1221.49,,2026-06-15 08:00:00,system,2026-06-15 08:00:00,system
6233,1423,5,235,6,48.0,57.6,289.46,,2026-06-15 08:00:00,system,2026-06-15 08:00:00,system
6234,1423,6,118,6,10.0,150.0,3695.69,,2026-06-15 08:00:00,system,2026-06-15 08:00:00,system
6235,1423,7,1158,6,14.0,42.0,433.65,,2026-06-15 08:00:00,system,2026-06-15 08:00:00,system
6236,1423,8,561,1,1.0,500.0,171.77,,2026-06-15 08:00:00,system,2026-06-15 08:00:00,system
6237,1423,9,478,6,12.0,14.4,267.86,,2026-06-15 08:00:00,system,2026-06-15 08:00:00,system
6238,1423,10,275,6,20.0,100.0,1247.3,,2026-06-15 08:00:00,system,2026-06-15 08:00:00,system
6239,1423,11,951,6,5.0,150.0,6234.07,,2026-06-15 08:00:00,system,2026-06-15 08:00:00,system
6240,1424,1,1342,1,2.0,2000.0,297.75,,2026-01-04 08:00:00,system,2026-01-04 08:00:00,system
6241,1424,2,1368,1,2.0,2000.0,294.37,,2026-01-04 08:00:00,system,2026-01-04 08:00:00,system
6242,1424,3,768,6,6.0,1080.0,37320.64,,2026-01-04 08:00:00,system,2026-01-04 08:00:00,system
6243,1425,1,206,6,56.0,168.0,754.29,,2026-03-25 08:00:00,system,2026-03-25 08:00:00,system
6244,1425,2,1359,6,3.0,630.0,62566.46,,2026-03-25 08:00:00,system,2026-03-25 08:00:00,system
6245,1425,3,1274,6,4.0,840.0,61368.06,,2026-03-25 08:00:00,system,2026-03-25 08:00:00,system
6246,1425,4,1367,6,1.0,210.0,60598.84,,2026-03-25 08:00:00,system,2026-03-25 08:00:00,system
6247,1426,1,638,6,2.0,100.0,9003.4,,2026-01-22 08:00:00,system,2026-01-22 08:00:00,system
6248,1426,2,209,6,30.0,450.0,3678.34,,2026-01-22 08:00:00,system,2026-01-22 08:00:00,system
6249,1426,3,81,1,2.0,2000.0,207.39,,2026-01-22 08:00:00,system,2026-01-22 08:00:00,system
6250,1427,1,960,6,30.0,150.0,1084.82,,2026-01-31 08:00:00,system,2026-01-31 08:00:00,system
6251,1427,2,317,6,5.0,1050.0,43178.31,,2026-01-31 08:00:00,system,2026-01-31 08:00:00,system
6252,1427,3,1184,1,4.0,4000.0,125.94,,2026-01-31 08:00:00,system,2026-01-31 08:00:00,system
6253,1427,4,267,6,8.0,440.0,12774.08,,2026-01-31 08:00:00,system,2026-01-31 08:00:00,system
6254,1428,1,495,6,12.0,60.0,1144.5,,2026-02-06 08:00:00,system,2026-02-06 08:00:00,system
6255,1428,2,1078,6,65.0,325.0,1821.6,,2026-02-06 08:00:00,system,2026-02-06 08:00:00,system
6256,1428,3,502,6,2.0,360.0,31101.01,,2026-02-06 08:00:00,system,2026-02-06 08:00:00,system
6257,1429,1,883,6,18.0,450.0,5738.1,,2026-02-11 08:00:00,system,2026-02-11 08:00:00,system
6258,1430,1,790,6,6.0,90.0,3129.51,,2026-05-07 08:00:00,system,2026-05-07 08:00:00,system
6259,1430,2,743,6,6.0,330.0,10700.11,,2026-05-07 08:00:00,system,2026-05-07 08:00:00,system
6260,1430,3,709,1,4.0,4000.0,165.66,,2026-05-07 08:00:00,system,2026-05-07 08:00:00,system
6261,1431,1,101,6,25.0,125.0,1186.25,,2026-05-17 08:00:00,system,2026-05-17 08:00:00,system
6262,1432,1,1177,6,60.0,60.0,148.78,,2026-03-28 08:00:00,system,2026-03-28 08:00:00,system
6263,1432,2,519,1,8.0,8000.0,193.43,,2026-03-28 08:00:00,system,2026-03-28 08:00:00,system
6264,1432,3,1073,6,8.0,1440.0,65489.54,,2026-03-28 08:00:00,system,2026-03-28 08:00:00,system
6265,1432,4,1424,6,24.0,360.0,3262.12,,2026-03-28 08:00:00,system,2026-03-28 08:00:00,system
6266,1433,1,788,6,8.0,40.0,1147.8,,2026-02-15 08:00:00,system,2026-02-15 08:00:00,system
6267,1433,2,1118,6,12.0,12.0,396.52,,2026-02-15 08:00:00,system,2026-02-15 08:00:00,system
6268,1433,3,668,6,15.0,2700.0,36349.31,,2026-02-15 08:00:00,system,2026-02-15 08:00:00,system
6269,1433,4,555,6,24.0,600.0,4891.32,,2026-02-15 08:00:00,system,2026-02-15 08:00:00,system
6270,1434,1,862,1,6.0,6000.0,197.32,,2026-01-10 08:00:00,system,2026-01-10 08:00:00,system
6271,1434,2,691,6,4.0,220.0,10047.17,,2026-01-10 08:00:00,system,2026-01-10 08:00:00,system
6272,1435,1,1273,6,8.0,1440.0,54760.88,,2026-05-18 08:00:00,system,2026-05-18 08:00:00,system
6273,1436,1,79,6,8.0,1440.0,41766.74,,2026-04-06 08:00:00,system,2026-04-06 08:00:00,system
6274,1436,2,279,6,6.0,150.0,6062.79,,2026-04-06 08:00:00,system,2026-04-06 08:00:00,system
6275,1437,1,1380,6,12.0,60.0,1065.56,,2026-04-08 08:00:00,system,2026-04-08 08:00:00,system
6276,1437,2,1095,6,48.0,48.0,369.55,,2026-04-08 08:00:00,system,2026-04-08 08:00:00,system
6277,1438,1,1154,6,10.0,550.0,8925.27,,2026-06-21 08:00:00,system,2026-06-21 08:00:00,system
6278,1438,2,544,6,10.0,1800.0,36377.5,,2026-06-21 08:00:00,system,2026-06-21 08:00:00,system
6279,1438,3,832,1,3.0,1500.0,207.26,,2026-06-21 08:00:00,system,2026-06-21 08:00:00,system
6280,1439,1,1103,6,55.0,27.5,179.76,,2026-06-12 08:00:00,system,2026-06-12 08:00:00,system
6281,1439,2,1321,6,4.0,220.0,16570.83,,2026-06-12 08:00:00,system,2026-06-12 08:00:00,system
6282,1440,1,133,6,20.0,300.0,3385.82,,2026-03-08 08:00:00,system,2026-03-08 08:00:00,system
6283,1440,2,31,6,28.0,33.6,270.97,,2026-03-08 08:00:00,system,2026-03-08 08:00:00,system
6284,1440,3,993,6,14.0,28.0,679.86,,2026-03-08 08:00:00,system,2026-03-08 08:00:00,system
6285,1441,1,753,6,6.0,330.0,10966.77,,2026-04-06 08:00:00,system,2026-04-06 08:00:00,system
6286,1441,2,742,6,6.0,300.0,9531.61,,2026-04-06 08:00:00,system,2026-04-06 08:00:00,system
6287,1441,3,997,6,2.0,100.0,18602.58,,2026-04-06 08:00:00,system,2026-04-06 08:00:00,system
6288,1441,4,1312,6,2.0,360.0,53936.38,,2026-04-06 08:00:00,system,2026-04-06 08:00:00,system
6289,1441,5,812,6,28.0,700.0,5333.71,,2026-04-06 08:00:00,system,2026-04-06 08:00:00,system
6290,1442,1,260,6,24.0,120.0,1198.54,,2026-05-02 08:00:00,system,2026-05-02 08:00:00,system
6291,1443,1,1077,6,33.0,66.0,706.26,,2026-04-01 08:00:00,system,2026-04-01 08:00:00,system
6292,1443,2,1076,6,10.0,10.0,365.03,,2026-04-01 08:00:00,system,2026-04-01 08:00:00,system
6293,1443,3,627,6,7.0,210.0,5536.31,,2026-04-01 08:00:00,system,2026-04-01 08:00:00,system
6294,1443,4,1153,6,12.0,240.0,2656.74,,2026-04-01 08:00:00,system,2026-04-01 08:00:00,system
6295,1444,1,555,6,7.0,175.0,4470.36,,2026-04-22 08:00:00,system,2026-04-22 08:00:00,system
6296,1444,2,1280,6,8.0,440.0,17430.54,,2026-04-22 08:00:00,system,2026-04-22 08:00:00,system
6297,1444,3,1072,6,4.0,200.0,18428.57,,2026-04-22 08:00:00,system,2026-04-22 08:00:00,system
6298,1444,4,1190,6,6.0,330.0,7905.86,,2026-04-22 08:00:00,system,2026-04-22 08:00:00,system
6299,1444,5,1274,6,5.0,1050.0,61368.06,,2026-04-22 08:00:00,system,2026-04-22 08:00:00,system
6300,1444,6,1143,6,39.0,195.0,689.64,,2026-04-22 08:00:00,system,2026-04-22 08:00:00,system
6301,1444,7,70,6,4.0,220.0,13752.03,,2026-04-22 08:00:00,system,2026-04-22 08:00:00,system
6302,1444,8,48,6,24.0,120.0,1147.63,,2026-04-22 08:00:00,system,2026-04-22 08:00:00,system
6303,1445,1,1005,6,10.0,100.0,3564.44,,2026-04-22 08:00:00,system,2026-04-22 08:00:00,system
6304,1445,2,839,6,10.0,200.0,4067.95,,2026-04-22 08:00:00,system,2026-04-22 08:00:00,system
6305,1445,3,639,6,8.0,440.0,10280.5,,2026-04-22 08:00:00,system,2026-04-22 08:00:00,system
6306,1446,1,1447,6,12.0,180.0,3543.88,,2026-05-30 08:00:00,system,2026-05-30 08:00:00,system
6307,1447,1,1221,6,65.0,65.0,138.56,,2026-06-18 08:00:00,system,2026-06-18 08:00:00,system
6308,1448,1,977,6,16.0,160.0,3607.15,,2026-06-15 08:00:00,system,2026-06-15 08:00:00,system
6309,1449,1,21,6,30.0,600.0,4761.36,,2026-01-20 08:00:00,system,2026-01-20 08:00:00,system
6310,1449,2,704,6,10.0,500.0,9704.74,,2026-01-20 08:00:00,system,2026-01-20 08:00:00,system
6311,1450,1,101,6,6.0,30.0,1241.63,,2026-02-20 08:00:00,system,2026-02-20 08:00:00,system
6312,1450,2,952,6,6.0,300.0,9912.07,,2026-02-20 08:00:00,system,2026-02-20 08:00:00,system
6313,1450,3,1349,6,3.0,630.0,65330.89,,2026-02-20 08:00:00,system,2026-02-20 08:00:00,system
6314,1451,1,684,6,10.0,50.0,912.36,,2026-06-06 08:00:00,system,2026-06-06 08:00:00,system
6315,1451,2,707,6,5.0,1050.0,39729.49,,2026-06-06 08:00:00,system,2026-06-06 08:00:00,system
6316,1452,1,1124,6,10.0,1800.0,61098.79,,2026-06-29 08:00:00,system,2026-06-29 08:00:00,system
6317,1453,1,756,1,2.0,1000.0,204.37,,2026-06-30 08:00:00,system,2026-06-30 08:00:00,system
6318,1453,2,979,6,15.0,750.0,19590.33,,2026-06-30 08:00:00,system,2026-06-30 08:00:00,system
6319,1453,3,608,6,32.0,160.0,1032.38,,2026-06-30 08:00:00,system,2026-06-30 08:00:00,system
6320,1453,4,801,6,3.0,165.0,12707.27,,2026-06-30 08:00:00,system,2026-06-30 08:00:00,system
6321,1454,1,594,6,35.0,175.0,1028.64,,2026-02-02 08:00:00,system,2026-02-02 08:00:00,system
6322,1454,2,1111,6,72.0,28.8,149.85,,2026-02-02 08:00:00,system,2026-02-02 08:00:00,system
6323,1454,3,775,6,21.0,210.0,2384.67,,2026-02-02 08:00:00,system,2026-02-02 08:00:00,system
6324,1454,4,735,6,30.0,90.0,627.78,,2026-02-02 08:00:00,system,2026-02-02 08:00:00,system
6325,1454,5,748,1,2.0,4000.0,180.25,,2026-02-02 08:00:00,system,2026-02-02 08:00:00,system
6326,1454,6,1130,6,20.0,200.0,3724.55,,2026-02-02 08:00:00,system,2026-02-02 08:00:00,system
6327,1454,7,616,6,8.0,1440.0,34859.62,,2026-02-02 08:00:00,system,2026-02-02 08:00:00,system
6328,1455,1,1305,6,3.0,630.0,63328.24,,2026-06-17 08:00:00,system,2026-06-17 08:00:00,system
6329,1456,1,720,1,8.0,16000.0,197.96,,2026-05-04 08:00:00,system,2026-05-04 08:00:00,system
6330,1456,2,191,6,14.0,14.0,263.53,,2026-05-04 08:00:00,system,2026-05-04 08:00:00,system
6331,1457,1,18,6,14.0,70.0,1135.2,,2026-03-30 08:00:00,system,2026-03-30 08:00:00,system
6332,1457,2,764,6,24.0,600.0,4951.91,,2026-03-30 08:00:00,system,2026-03-30 08:00:00,system
6333,1457,3,153,6,5.0,125.0,5994.93,,2026-03-30 08:00:00,system,2026-03-30 08:00:00,system
6334,1457,4,222,6,14.0,70.0,1179.33,,2026-03-30 08:00:00,system,2026-03-30 08:00:00,system
6335,1458,1,954,6,2.0,360.0,36620.81,,2026-02-27 08:00:00,system,2026-02-27 08:00:00,system
6336,1458,2,101,6,30.0,150.0,1241.63,,2026-02-27 08:00:00,system,2026-02-27 08:00:00,system
6337,1458,3,930,6,6.0,1080.0,36438.1,,2026-02-27 08:00:00,system,2026-02-27 08:00:00,system
6338,1459,1,696,1,2.0,4000.0,171.94,,2026-01-08 08:00:00,system,2026-01-08 08:00:00,system
6339,1459,2,1081,6,2.0,100.0,17415.36,,2026-01-08 08:00:00,system,2026-01-08 08:00:00,system
6340,1459,3,472,6,2.0,110.0,11446.49,,2026-01-08 08:00:00,system,2026-01-08 08:00:00,system
6341,1459,4,1437,6,4.0,200.0,10340.14,,2026-01-08 08:00:00,system,2026-01-08 08:00:00,system
6342,1459,5,117,6,10.0,100.0,2383.08,,2026-01-08 08:00:00,system,2026-01-08 08:00:00,system
6343,1459,6,100,6,12.0,36.0,748.54,,2026-01-08 08:00:00,system,2026-01-08 08:00:00,system
6344,1460,1,1105,6,26.0,52.0,676.99,,2026-01-05 08:00:00,system,2026-01-05 08:00:00,system
6345,1460,2,86,6,24.0,120.0,1136.98,,2026-01-05 08:00:00,system,2026-01-05 08:00:00,system
6346,1460,3,1347,6,2.0,110.0,17768.03,,2026-01-05 08:00:00,system,2026-01-05 08:00:00,system
6347,1461,1,1098,6,4.0,40.0,3608.55,,2026-01-03 08:00:00,system,2026-01-03 08:00:00,system
6348,1461,2,1363,6,13.0,65.0,1512.78,,2026-01-03 08:00:00,system,2026-01-03 08:00:00,system
6349,1461,3,1346,6,21.0,420.0,6326.52,,2026-01-03 08:00:00,system,2026-01-03 08:00:00,system
6350,1462,1,1449,6,15.0,375.0,5424.71,,2026-06-03 08:00:00,system,2026-06-03 08:00:00,system
6351,1462,2,672,6,14.0,210.0,2861.83,,2026-06-03 08:00:00,system,2026-06-03 08:00:00,system
6352,1463,1,1480,6,18.0,360.0,4044.0,,2026-03-07 08:00:00,system,2026-03-07 08:00:00,system
6353,1463,2,210,6,5.0,100.0,4849.33,,2026-03-07 08:00:00,system,2026-03-07 08:00:00,system
6354,1463,3,976,6,70.0,350.0,1777.17,,2026-03-07 08:00:00,system,2026-03-07 08:00:00,system
6355,1463,4,638,6,2.0,100.0,9003.4,,2026-03-07 08:00:00,system,2026-03-07 08:00:00,system
6356,1463,5,237,6,10.0,50.0,1252.06,,2026-03-07 08:00:00,system,2026-03-07 08:00:00,system
6357,1463,6,584,6,10.0,300.0,5703.96,,2026-03-07 08:00:00,system,2026-03-07 08:00:00,system
6358,1463,7,982,6,26.0,13.0,181.09,,2026-03-07 08:00:00,system,2026-03-07 08:00:00,system
6359,1464,1,722,6,21.0,105.0,966.83,,2026-01-05 08:00:00,system,2026-01-05 08:00:00,system
6360,1465,1,257,6,34.0,34.0,274.21,,2026-05-13 08:00:00,system,2026-05-13 08:00:00,system
6361,1465,2,57,6,3.0,630.0,52948.32,,2026-05-13 08:00:00,system,2026-05-13 08:00:00,system
6362,1465,3,807,6,65.0,195.0,719.77,,2026-05-13 08:00:00,system,2026-05-13 08:00:00,system
6363,1466,1,1201,6,18.0,360.0,2912.32,,2026-05-30 08:00:00,system,2026-05-30 08:00:00,system
6364,1466,2,896,6,12.0,180.0,2993.78,,2026-05-30 08:00:00,system,2026-05-30 08:00:00,system
6365,1466,3,149,6,6.0,30.0,1248.91,,2026-05-30 08:00:00,system,2026-05-30 08:00:00,system
6366,1466,4,916,6,4.0,720.0,35998.88,,2026-05-30 08:00:00,system,2026-05-30 08:00:00,system
6367,1466,5,1380,6,24.0,120.0,1065.56,,2026-05-30 08:00:00,system,2026-05-30 08:00:00,system
6368,1467,1,1455,6,24.0,240.0,2364.79,,2026-05-04 08:00:00,system,2026-05-04 08:00:00,system
6369,1467,2,756,1,2.0,1000.0,198.34,,2026-05-04 08:00:00,system,2026-05-04 08:00:00,system
6370,1467,3,1240,6,12.0,240.0,2980.24,,2026-05-04 08:00:00,system,2026-05-04 08:00:00,system
6371,1468,1,288,6,70.0,84.0,309.8,,2026-06-17 08:00:00,system,2026-06-17 08:00:00,system
6372,1468,2,1134,6,32.0,12.8,148.17,,2026-06-17 08:00:00,system,2026-06-17 08:00:00,system
6373,1469,1,1144,6,28.0,280.0,1322.24,,2026-01-25 08:00:00,system,2026-01-25 08:00:00,system
6374,1469,2,1088,6,12.0,120.0,3562.42,,2026-01-25 08:00:00,system,2026-01-25 08:00:00,system
6375,1469,3,865,6,15.0,75.0,1037.13,,2026-01-25 08:00:00,system,2026-01-25 08:00:00,system
6376,1469,4,881,6,6.0,90.0,3175.83,,2026-01-25 08:00:00,system,2026-01-25 08:00:00,system
6377,1469,5,1321,6,4.0,220.0,17898.03,,2026-01-25 08:00:00,system,2026-01-25 08:00:00,system
6378,1470,1,73,6,18.0,270.0,3559.06,,2026-06-17 08:00:00,system,2026-06-17 08:00:00,system
6379,1470,2,249,6,11.0,11.0,243.76,,2026-06-17 08:00:00,system,2026-06-17 08:00:00,system
6380,1470,3,200,6,6.0,1080.0,40600.92,,2026-06-17 08:00:00,system,2026-06-17 08:00:00,system
6381,1471,1,277,6,18.0,270.0,3543.23,,2026-01-09 08:00:00,system,2026-01-09 08:00:00,system
6382,1471,2,987,6,15.0,270.0,6325.34,,2026-01-09 08:00:00,system,2026-01-09 08:00:00,system
6383,1471,3,95,6,1.0,210.0,46236.31,,2026-01-09 08:00:00,system,2026-01-09 08:00:00,system
6384,1472,1,311,6,7.0,140.0,4401.44,,2026-05-09 08:00:00,system,2026-05-09 08:00:00,system
6385,1472,2,994,6,60.0,300.0,1862.99,,2026-05-09 08:00:00,system,2026-05-09 08:00:00,system
6386,1472,3,532,1,4.0,2000.0,177.53,,2026-05-09 08:00:00,system,2026-05-09 08:00:00,system
6387,1473,1,1179,6,70.0,350.0,698.05,,2026-02-26 08:00:00,system,2026-02-26 08:00:00,system
6388,1473,2,1013,6,24.0,120.0,1808.0,,2026-02-26 08:00:00,system,2026-02-26 08:00:00,system
6389,1473,3,984,6,39.0,78.0,713.59,,2026-02-26 08:00:00,system,2026-02-26 08:00:00,system
6390,1473,4,1482,6,12.0,360.0,6569.11,,2026-02-26 08:00:00,system,2026-02-26 08:00:00,system
6391,1473,5,485,6,24.0,720.0,6683.43,,2026-02-26 08:00:00,system,2026-02-26 08:00:00,system
6392,1474,1,853,6,15.0,225.0,3019.19,,2026-06-23 08:00:00,system,2026-06-23 08:00:00,system
6393,1474,2,45,6,56.0,56.0,250.39,,2026-06-23 08:00:00,system,2026-06-23 08:00:00,system
6394,1474,3,1367,6,4.0,840.0,64264.39,,2026-06-23 08:00:00,system,2026-06-23 08:00:00,system
6395,1474,4,349,6,70.0,56.0,178.3,,2026-06-23 08:00:00,system,2026-06-23 08:00:00,system
6396,1474,5,489,6,4.0,840.0,45075.76,,2026-06-23 08:00:00,system,2026-06-23 08:00:00,system
6397,1474,6,750,6,18.0,90.0,953.04,,2026-06-23 08:00:00,system,2026-06-23 08:00:00,system
6398,1474,7,1333,1,8.0,16000.0,285.42,,2026-06-23 08:00:00,system,2026-06-23 08:00:00,system
6399,1474,8,1070,6,10.0,100.0,3444.76,,2026-06-23 08:00:00,system,2026-06-23 08:00:00,system
6400,1474,9,709,1,6.0,6000.0,165.66,,2026-06-23 08:00:00,system,2026-06-23 08:00:00,system
6401,1475,1,1423,6,18.0,180.0,2101.08,,2026-03-16 08:00:00,system,2026-03-16 08:00:00,system
6402,1476,1,1485,6,6.0,1080.0,39858.56,,2026-06-19 08:00:00,system,2026-06-19 08:00:00,system
6403,1476,2,798,1,2.0,1000.0,199.36,,2026-06-19 08:00:00,system,2026-06-19 08:00:00,system
6404,1476,3,410,6,24.0,240.0,2435.25,,2026-06-19 08:00:00,system,2026-06-19 08:00:00,system
6405,1477,1,1249,6,2.0,110.0,7819.37,,2026-05-28 08:00:00,system,2026-05-28 08:00:00,system
6406,1477,2,1078,6,56.0,280.0,1744.93,,2026-05-28 08:00:00,system,2026-05-28 08:00:00,system
6407,1477,3,274,6,13.0,39.0,746.14,,2026-05-28 08:00:00,system,2026-05-28 08:00:00,system
6408,1477,4,1098,6,4.0,40.0,3478.07,,2026-05-28 08:00:00,system,2026-05-28 08:00:00,system
6409,1477,5,324,6,30.0,300.0,2165.84,,2026-05-28 08:00:00,system,2026-05-28 08:00:00,system
6410,1477,6,1083,6,21.0,8.4,138.42,,2026-05-28 08:00:00,system,2026-05-28 08:00:00,system
6411,1477,7,35,6,28.0,420.0,3423.16,,2026-05-28 08:00:00,system,2026-05-28 08:00:00,system
6412,1478,1,440,6,6.0,1080.0,38915.01,,2026-01-14 08:00:00,system,2026-01-14 08:00:00,system
6413,1478,2,337,6,13.0,39.0,627.01,,2026-01-14 08:00:00,system,2026-01-14 08:00:00,system
6414,1478,3,1118,6,20.0,20.0,363.68,,2026-01-14 08:00:00,system,2026-01-14 08:00:00,system
6415,1478,4,1127,6,50.0,50.0,369.78,,2026-01-14 08:00:00,system,2026-01-14 08:00:00,system
6416,1478,5,128,6,22.0,22.0,251.67,,2026-01-14 08:00:00,system,2026-01-14 08:00:00,system
6417,1478,6,1334,6,42.0,42.0,323.44,,2026-01-14 08:00:00,system,2026-01-14 08:00:00,system
6418,1479,1,553,6,21.0,315.0,3064.64,,2026-03-02 08:00:00,system,2026-03-02 08:00:00,system
6419,1479,2,961,6,28.0,280.0,2179.41,,2026-03-02 08:00:00,system,2026-03-02 08:00:00,system
6420,1479,3,708,1,2.0,1000.0,196.97,,2026-03-02 08:00:00,system,2026-03-02 08:00:00,system
6421,1479,4,1389,6,4.0,840.0,44735.96,,2026-03-02 08:00:00,system,2026-03-02 08:00:00,system
6422,1479,5,1082,6,12.0,2160.0,69026.62,,2026-03-02 08:00:00,system,2026-03-02 08:00:00,system
6423,1479,6,1130,6,10.0,100.0,3724.55,,2026-03-02 08:00:00,system,2026-03-02 08:00:00,system
6424,1479,7,835,6,56.0,168.0,694.02,,2026-03-02 08:00:00,system,2026-03-02 08:00:00,system
6425,1479,8,448,6,16.0,160.0,2372.26,,2026-03-02 08:00:00,system,2026-03-02 08:00:00,system
6426,1479,9,962,6,40.0,600.0,3404.86,,2026-03-02 08:00:00,system,2026-03-02 08:00:00,system
6427,1480,1,108,6,10.0,550.0,13751.29,,2026-03-17 08:00:00,system,2026-03-17 08:00:00,system
6428,1480,2,912,6,28.0,700.0,5172.36,,2026-03-17 08:00:00,system,2026-03-17 08:00:00,system
6429,1480,3,744,6,6.0,1080.0,30701.27,,2026-03-17 08:00:00,system,2026-03-17 08:00:00,system
6430,1481,1,1334,6,56.0,56.0,323.44,,2026-04-05 08:00:00,system,2026-04-05 08:00:00,system
6431,1481,2,886,6,4.0,220.0,11805.16,,2026-04-05 08:00:00,system,2026-04-05 08:00:00,system
6432,1481,3,1414,6,6.0,300.0,10940.54,,2026-04-05 08:00:00,system,2026-04-05 08:00:00,system
6433,1481,4,963,6,21.0,420.0,4111.32,,2026-04-05 08:00:00,system,2026-04-05 08:00:00,system
6434,1481,5,907,6,55.0,165.0,603.29,,2026-04-05 08:00:00,system,2026-04-05 08:00:00,system
6435,1481,6,861,1,2.0,1000.0,192.21,,2026-04-05 08:00:00,system,2026-04-05 08:00:00,system
6436,1481,7,1200,1,3.0,3000.0,128.66,,2026-04-05 08:00:00,system,2026-04-05 08:00:00,system
6437,1481,8,322,6,52.0,156.0,657.63,,2026-04-05 08:00:00,system,2026-04-05 08:00:00,system
6438,1481,9,1489,1,2.0,4000.0,180.67,,2026-04-05 08:00:00,system,2026-04-05 08:00:00,system
6439,1482,1,1148,1,2.0,2000.0,133.86,,2026-05-18 08:00:00,system,2026-05-18 08:00:00,system
6440,1482,2,833,1,2.0,2000.0,203.27,,2026-05-18 08:00:00,system,2026-05-18 08:00:00,system
6441,1482,3,597,6,28.0,560.0,4170.93,,2026-05-18 08:00:00,system,2026-05-18 08:00:00,system
6442,1482,4,1392,1,8.0,16000.0,221.86,,2026-05-18 08:00:00,system,2026-05-18 08:00:00,system
6443,1482,5,952,6,15.0,750.0,11795.73,,2026-05-18 08:00:00,system,2026-05-18 08:00:00,system
6444,1482,6,561,1,8.0,4000.0,194.41,,2026-05-18 08:00:00,system,2026-05-18 08:00:00,system
6445,1482,7,1050,6,68.0,340.0,2110.58,,2026-05-18 08:00:00,system,2026-05-18 08:00:00,system
6446,1482,8,1017,6,8.0,1440.0,68371.24,,2026-05-18 08:00:00,system,2026-05-18 08:00:00,system
6447,1482,9,509,6,8.0,80.0,2319.29,,2026-05-18 08:00:00,system,2026-05-18 08:00:00,system
6448,1483,1,1296,6,6.0,1080.0,53004.36,,2026-06-20 08:00:00,system,2026-06-20 08:00:00,system
6449,1483,2,1324,1,3.0,3000.0,291.61,,2026-06-20 08:00:00,system,2026-06-20 08:00:00,system
6450,1483,3,394,6,12.0,60.0,1042.32,,2026-06-20 08:00:00,system,2026-06-20 08:00:00,system
6451,1484,1,1335,6,13.0,65.0,1840.05,,2026-05-02 08:00:00,system,2026-05-02 08:00:00,system
6452,1485,1,1187,6,33.0,165.0,723.8,,2026-06-04 08:00:00,system,2026-06-04 08:00:00,system
6453,1485,2,1326,6,70.0,70.0,317.28,,2026-06-04 08:00:00,system,2026-06-04 08:00:00,system
6454,1485,3,1293,6,48.0,48.0,308.0,,2026-06-04 08:00:00,system,2026-06-04 08:00:00,system
6455,1485,4,598,6,14.0,350.0,4583.68,,2026-06-04 08:00:00,system,2026-06-04 08:00:00,system
6456,1486,1,1387,6,4.0,220.0,11092.55,,2026-01-01 08:00:00,system,2026-01-01 08:00:00,system
6457,1486,2,291,6,6.0,60.0,2365.36,,2026-01-01 08:00:00,system,2026-01-01 08:00:00,system
6458,1486,3,1193,6,44.0,44.0,134.0,,2026-01-01 08:00:00,system,2026-01-01 08:00:00,system
6459,1486,4,725,6,24.0,480.0,3737.2,,2026-01-01 08:00:00,system,2026-01-01 08:00:00,system
6460,1486,5,419,1,2.0,2000.0,199.21,,2026-01-01 08:00:00,system,2026-01-01 08:00:00,system
6461,1487,1,1446,6,6.0,60.0,2022.98,,2026-04-28 08:00:00,system,2026-04-28 08:00:00,system
6462,1488,1,447,6,6.0,30.0,1114.3,,2026-02-14 08:00:00,system,2026-02-14 08:00:00,system
6463,1488,2,538,6,28.0,420.0,2736.32,,2026-02-14 08:00:00,system,2026-02-14 08:00:00,system
6464,1488,3,1303,6,10.0,550.0,16548.73,,2026-02-14 08:00:00,system,2026-02-14 08:00:00,system
6465,1488,4,31,6,28.0,33.6,270.97,,2026-02-14 08:00:00,system,2026-02-14 08:00:00,system
6466,1488,5,983,6,60.0,60.0,367.02,,2026-02-14 08:00:00,system,2026-02-14 08:00:00,system
6467,1488,6,884,6,6.0,180.0,6163.13,,2026-02-14 08:00:00,system,2026-02-14 08:00:00,system
6468,1489,1,169,6,12.0,360.0,7202.14,,2026-03-22 08:00:00,system,2026-03-22 08:00:00,system
6469,1489,2,9,6,4.0,200.0,11803.89,,2026-03-22 08:00:00,system,2026-03-22 08:00:00,system
6470,1489,3,949,6,24.0,480.0,3969.39,,2026-03-22 08:00:00,system,2026-03-22 08:00:00,system
6471,1489,4,1230,6,42.0,210.0,668.51,,2026-03-22 08:00:00,system,2026-03-22 08:00:00,system
6472,1489,5,610,6,30.0,450.0,2867.26,,2026-03-22 08:00:00,system,2026-03-22 08:00:00,system
6473,1489,6,682,1,2.0,4000.0,173.46,,2026-03-22 08:00:00,system,2026-03-22 08:00:00,system
6474,1489,7,1213,6,26.0,26.0,133.69,,2026-03-22 08:00:00,system,2026-03-22 08:00:00,system
6475,1489,8,1287,6,24.0,480.0,6575.24,,2026-03-22 08:00:00,system,2026-03-22 08:00:00,system
6476,1490,1,490,1,4.0,4000.0,203.33,,2026-04-24 08:00:00,system,2026-04-24 08:00:00,system
6477,1490,2,408,6,36.0,108.0,632.15,,2026-04-24 08:00:00,system,2026-04-24 08:00:00,system
6478,1490,3,894,6,6.0,30.0,1051.4,,2026-04-24 08:00:00,system,2026-04-24 08:00:00,system
6479,1490,4,99,6,22.0,26.4,288.3,,2026-04-24 08:00:00,system,2026-04-24 08:00:00,system
6480,1491,1,942,1,6.0,3000.0,188.37,,2026-04-27 08:00:00,system,2026-04-27 08:00:00,system
6481,1491,2,865,6,15.0,75.0,1037.13,,2026-04-27 08:00:00,system,2026-04-27 08:00:00,system
6482,1491,3,896,6,18.0,270.0,3049.31,,2026-04-27 08:00:00,system,2026-04-27 08:00:00,system
6483,1491,4,124,6,10.0,1800.0,43059.16,,2026-04-27 08:00:00,system,2026-04-27 08:00:00,system
6484,1491,5,663,6,6.0,120.0,3668.24,,2026-04-27 08:00:00,system,2026-04-27 08:00:00,system
6485,1491,6,1134,6,75.0,30.0,139.29,,2026-04-27 08:00:00,system,2026-04-27 08:00:00,system
6486,1491,7,528,6,10.0,500.0,9790.18,,2026-04-27 08:00:00,system,2026-04-27 08:00:00,system
6487,1491,8,1481,6,15.0,375.0,5064.17,,2026-04-27 08:00:00,system,2026-04-27 08:00:00,system
6488,1492,1,6,6,40.0,800.0,5365.23,,2026-05-31 08:00:00,system,2026-05-31 08:00:00,system
6489,1492,2,257,6,34.0,34.0,274.21,,2026-05-31 08:00:00,system,2026-05-31 08:00:00,system
6490,1493,1,524,6,7.0,105.0,3098.11,,2026-06-13 08:00:00,system,2026-06-13 08:00:00,system
6491,1493,2,609,6,12.0,120.0,1925.13,,2026-06-13 08:00:00,system,2026-06-13 08:00:00,system
6492,1493,3,720,1,3.0,6000.0,176.15,,2026-06-13 08:00:00,system,2026-06-13 08:00:00,system
6493,1493,4,1051,6,20.0,200.0,3777.12,,2026-06-13 08:00:00,system,2026-06-13 08:00:00,system
6494,1493,5,1112,6,70.0,35.0,180.13,,2026-06-13 08:00:00,system,2026-06-13 08:00:00,system
6495,1493,6,340,6,21.0,315.0,3283.79,,2026-06-13 08:00:00,system,2026-06-13 08:00:00,system
6496,1493,7,443,6,14.0,11.2,173.66,,2026-06-13 08:00:00,system,2026-06-13 08:00:00,system
6497,1493,8,1183,6,5.0,1050.0,29027.69,,2026-06-13 08:00:00,system,2026-06-13 08:00:00,system
6498,1493,9,1116,6,78.0,31.2,136.2,,2026-06-13 08:00:00,system,2026-06-13 08:00:00,system
6499,1493,10,1373,6,6.0,330.0,11677.26,,2026-06-13 08:00:00,system,2026-06-13 08:00:00,system
6500,1493,11,50,6,25.0,375.0,3762.7,,2026-06-13 08:00:00,system,2026-06-13 08:00:00,system
6501,1493,12,707,6,1.0,210.0,39729.49,,2026-06-13 08:00:00,system,2026-06-13 08:00:00,system
6502,1493,13,617,6,3.0,630.0,37677.9,,2026-06-13 08:00:00,system,2026-06-13 08:00:00,system
6503,1493,14,970,1,2.0,1000.0,185.65,,2026-06-13 08:00:00,system,2026-06-13 08:00:00,system
6504,1494,1,1399,6,6.0,180.0,6679.21,,2026-04-10 08:00:00,system,2026-04-10 08:00:00,system
6505,1494,2,641,6,5.0,1050.0,42658.06,,2026-04-10 08:00:00,system,2026-04-10 08:00:00,system
6506,1495,1,1368,1,4.0,4000.0,284.99,,2026-03-27 08:00:00,system,2026-03-27 08:00:00,system
6507,1496,1,752,6,10.0,500.0,10424.64,,2026-03-14 08:00:00,system,2026-03-14 08:00:00,system
6508,1496,2,561,1,8.0,4000.0,171.97,,2026-03-14 08:00:00,system,2026-03-14 08:00:00,system
6509,1496,3,378,6,6.0,330.0,11648.21,,2026-03-14 08:00:00,system,2026-03-14 08:00:00,system
6510,1496,4,1138,6,11.0,55.0,1730.69,,2026-03-14 08:00:00,system,2026-03-14 08:00:00,system
6511,1496,5,1410,6,12.0,180.0,3213.01,,2026-03-14 08:00:00,system,2026-03-14 08:00:00,system
6512,1497,1,421,6,24.0,24.0,242.45,,2026-03-21 08:00:00,system,2026-03-21 08:00:00,system
6513,1497,2,853,6,40.0,600.0,3496.45,,2026-03-21 08:00:00,system,2026-03-21 08:00:00,system
6514,1497,3,1049,6,65.0,130.0,764.72,,2026-03-21 08:00:00,system,2026-03-21 08:00:00,system
6515,1497,4,808,6,24.0,120.0,1163.99,,2026-03-21 08:00:00,system,2026-03-21 08:00:00,system
6516,1497,5,95,6,3.0,630.0,49149.28,,2026-03-21 08:00:00,system,2026-03-21 08:00:00,system
6517,1497,6,1261,6,60.0,300.0,716.44,,2026-03-21 08:00:00,system,2026-03-21 08:00:00,system
6518,1498,1,660,6,21.0,105.0,969.05,,2026-06-20 08:00:00,system,2026-06-20 08:00:00,system
6519,1498,2,402,6,10.0,1800.0,40397.91,,2026-06-20 08:00:00,system,2026-06-20 08:00:00,system
6520,1498,3,1500,6,5.0,1050.0,47749.91,,2026-06-20 08:00:00,system,2026-06-20 08:00:00,system
6521,1498,4,1179,6,13.0,65.0,768.99,,2026-06-20 08:00:00,system,2026-06-20 08:00:00,system
6522,1499,1,546,6,4.0,840.0,41236.8,,2026-03-30 08:00:00,system,2026-03-30 08:00:00,system
6523,1499,2,1398,6,28.0,700.0,5707.04,,2026-03-30 08:00:00,system,2026-03-30 08:00:00,system
6524,1499,3,36,6,21.0,420.0,4981.43,,2026-03-30 08:00:00,system,2026-03-30 08:00:00,system
6525,1499,4,1093,6,150.0,60.0,162.98,,2026-03-30 08:00:00,system,2026-03-30 08:00:00,system
6526,1499,5,869,6,18.0,450.0,5982.81,,2026-03-30 08:00:00,system,2026-03-30 08:00:00,system
6527,1499,6,1465,1,8.0,8000.0,217.52,,2026-03-30 08:00:00,system,2026-03-30 08:00:00,system
6528,1500,1,1168,6,35.0,350.0,1489.51,,2026-05-03 08:00:00,system,2026-05-03 08:00:00,system
6529,1500,2,191,6,70.0,70.0,263.53,,2026-05-03 08:00:00,system,2026-05-03 08:00:00,system
6530,1500,3,713,6,35.0,1050.0,6235.2,,2026-05-03 08:00:00,system,2026-05-03 08:00:00,system
6531,1500,4,1077,6,32.0,64.0,846.45,,2026-05-03 08:00:00,system,2026-05-03 08:00:00,system
6532,1500,5,859,6,6.0,1080.0,37871.69,,2026-05-03 08:00:00,system,2026-05-03 08:00:00,system
6533,1500,6,841,6,7.0,210.0,6873.63,,2026-05-03 08:00:00,system,2026-05-03 08:00:00,system
6534,1500,7,1392,1,8.0,16000.0,221.86,,2026-05-03 08:00:00,system,2026-05-03 08:00:00,system
