goods_receipt_item_id,goods_receipt_id,purchase_order_item_id,line_number,product_id,batch_code,receipt_uom_id,received_pac_quantity,accepted_pac_quantity,rejected_pac_quantity,received_base_quantity,accepted_base_quantity,rejected_base_quantity,notes,created_date,created_by,updated_date,updated_by
1,1,1,1,1303,B26-P1303-000001,6,2.0,2.0,0.0,110.0,110.0,0.0,,2026-04-20 08:00:00,system,2026-04-20 08:00:00,system
2,1,2,2,1347,B26-P1347-000002,6,1.0,1.0,0.0,55.0,55.0,0.0,,2026-04-20 08:00:00,system,2026-04-20 08:00:00,system
3,1,3,3,1000,B26-P1000-000003,6,4.0,4.0,0.0,2.0,2.0,0.0,,2026-04-20 08:00:00,system,2026-04-20 08:00:00,system
4,1,4,4,1393,B26-P1393-000004,6,3.0,3.0,0.0,9.0,9.0,0.0,,2026-04-20 08:00:00,system,2026-04-20 08:00:00,system
5,1,6,5,493,B26-P0493-000005,6,17.0,17.0,0.0,20.4,20.4,0.0,,2026-04-20 08:00:00,system,2026-04-20 08:00:00,system
6,1,7,6,515,B26-P0515-000006,6,3.0,3.0,0.0,165.0,165.0,0.0,,2026-04-20 08:00:00,system,2026-04-20 08:00:00,system
7,1,9,7,1410,B26-P1410-000007,6,1.0,1.0,0.0,15.0,15.0,0.0,,2026-04-20 08:00:00,system,2026-04-20 08:00:00,system
8,2,2,1,1347,B26-P1347-000008,6,1.0,1.0,0.0,55.0,55.0,0.0,,2026-04-24 08:00:00,system,2026-04-24 08:00:00,system
9,2,3,2,1000,B26-P1000-000009,6,24.0,24.0,0.0,12.0,12.0,0.0,,2026-04-24 08:00:00,system,2026-04-24 08:00:00,system
10,2,4,3,1393,B26-P1393-000010,6,8.0,8.0,0.0,24.0,24.0,0.0,,2026-04-24 08:00:00,system,2026-04-24 08:00:00,system
11,2,5,4,1475,B26-P1475-000011,6,1.0,1.0,0.0,55.0,55.0,0.0,,2026-04-24 08:00:00,system,2026-04-24 08:00:00,system
12,2,6,5,493,B26-P0493-000012,6,30.0,30.0,0.0,36.0,36.0,0.0,,2026-04-24 08:00:00,system,2026-04-24 08:00:00,system
13,2,9,6,1410,B26-P1410-000013,6,3.0,3.0,0.0,45.0,45.0,0.0,,2026-04-24 08:00:00,system,2026-04-24 08:00:00,system
14,3,14,1,1077,B26-P1077-000014,6,11.0,11.0,0.0,22.0,22.0,0.0,,2026-03-21 08:00:00,system,2026-03-21 08:00:00,system
15,3,15,2,845,B26-P0845-000015,6,5.0,5.0,0.0,1050.0,1050.0,0.0,,2026-03-21 08:00:00,system,2026-03-21 08:00:00,system
16,3,16,3,1079,B26-P1079-000016,6,8.0,8.0,0.0,80.0,80.0,0.0,,2026-03-21 08:00:00,system,2026-03-21 08:00:00,system
17,3,17,4,1028,B26-P1028-000017,6,13.0,13.0,0.0,6.5,6.5,0.0,,2026-03-21 08:00:00,system,2026-03-21 08:00:00,system
18,3,18,5,1207,B26-P1207-000018,6,70.0,70.0,0.0,350.0,350.0,0.0,,2026-03-21 08:00:00,system,2026-03-21 08:00:00,system
19,4,19,1,191,B26-P0191-000019,6,2.0,2.0,0.0,2.0,2.0,0.0,,2026-04-30 08:00:00,system,2026-04-30 08:00:00,system
20,4,20,2,125,B26-P0125-000020,6,2.0,2.0,0.0,420.0,420.0,0.0,,2026-04-30 08:00:00,system,2026-04-30 08:00:00,system
21,4,21,3,1408,B26-P1408-000021,6,6.0,6.0,0.0,30.0,30.0,0.0,,2026-04-30 08:00:00,system,2026-04-30 08:00:00,system
22,4,22,4,306,B26-P0306-000022,6,6.0,6.0,0.0,7.2,7.2,0.0,,2026-04-30 08:00:00,system,2026-04-30 08:00:00,system
23,4,23,5,1040,B26-P1040-000023,6,20.0,20.0,0.0,40.0,40.0,0.0,,2026-04-30 08:00:00,system,2026-04-30 08:00:00,system
24,4,24,6,719,B26-P0719-000024,1,3.0,3.0,0.0,3000.0,3000.0,0.0,,2026-04-30 08:00:00,system,2026-04-30 08:00:00,system
25,5,19,1,191,B26-P0191-000025,6,15.0,15.0,0.0,15.0,15.0,0.0,,2026-05-04 08:00:00,system,2026-05-04 08:00:00,system
26,5,20,2,125,B26-P0125-000026,6,1.0,1.0,0.0,210.0,210.0,0.0,,2026-05-04 08:00:00,system,2026-05-04 08:00:00,system
27,5,21,3,1408,B26-P1408-000027,6,20.0,19.0,1.0,100.0,95.0,5.0,,2026-05-04 08:00:00,system,2026-05-04 08:00:00,system
28,5,22,4,306,B26-P0306-000028,6,24.0,24.0,0.0,28.8,28.8,0.0,,2026-05-04 08:00:00,system,2026-05-04 08:00:00,system
29,5,23,5,1040,B26-P1040-000029,6,4.0,4.0,0.0,8.0,8.0,0.0,,2026-05-04 08:00:00,system,2026-05-04 08:00:00,system
30,6,25,1,764,B26-P0764-000030,6,13.0,13.0,0.0,325.0,325.0,0.0,,2026-05-16 08:00:00,system,2026-05-16 08:00:00,system
31,6,26,2,319,B26-P0319-000031,6,17.0,17.0,0.0,13.6,13.6,0.0,,2026-05-16 08:00:00,system,2026-05-16 08:00:00,system
32,6,27,3,434,B26-P0434-000032,6,9.0,9.0,0.0,135.0,135.0,0.0,,2026-05-16 08:00:00,system,2026-05-16 08:00:00,system
33,6,28,4,268,B26-P0268-000033,6,4.0,4.0,0.0,720.0,720.0,0.0,,2026-05-16 08:00:00,system,2026-05-16 08:00:00,system
34,6,29,5,255,B26-P0255-000034,1,3.0,3.0,0.0,3000.0,3000.0,0.0,,2026-05-16 08:00:00,system,2026-05-16 08:00:00,system
35,6,30,6,218,B26-P0218-000035,6,20.0,19.0,1.0,16.0,15.2,0.8,,2026-05-16 08:00:00,system,2026-05-16 08:00:00,system
36,6,31,7,869,B26-P0869-000036,6,5.0,5.0,0.0,125.0,125.0,0.0,,2026-05-16 08:00:00,system,2026-05-16 08:00:00,system
37,7,25,1,764,B26-P0764-000037,6,1.0,1.0,0.0,25.0,25.0,0.0,,2026-05-21 08:00:00,system,2026-05-21 08:00:00,system
38,7,26,2,319,B26-P0319-000038,6,11.0,11.0,0.0,8.8,8.8,0.0,,2026-05-21 08:00:00,system,2026-05-21 08:00:00,system
39,7,27,3,434,B26-P0434-000039,6,7.0,7.0,0.0,105.0,105.0,0.0,,2026-05-21 08:00:00,system,2026-05-21 08:00:00,system
40,7,28,4,268,B26-P0268-000040,6,2.0,2.0,0.0,360.0,360.0,0.0,,2026-05-21 08:00:00,system,2026-05-21 08:00:00,system
41,7,29,5,255,B26-P0255-000041,1,1.0,1.0,0.0,1000.0,1000.0,0.0,,2026-05-21 08:00:00,system,2026-05-21 08:00:00,system
42,7,30,6,218,B26-P0218-000042,6,40.0,39.0,1.0,32.0,31.2,0.8,,2026-05-21 08:00:00,system,2026-05-21 08:00:00,system
43,7,31,7,869,B26-P0869-000043,6,1.0,1.0,0.0,25.0,25.0,0.0,,2026-05-21 08:00:00,system,2026-05-21 08:00:00,system
44,8,32,1,292,B26-P0292-000044,6,24.0,24.0,0.0,360.0,360.0,0.0,,2026-02-07 08:00:00,system,2026-02-07 08:00:00,system
45,9,33,1,1500,B26-P1500-000045,6,4.0,4.0,0.0,840.0,840.0,0.0,,2026-06-16 08:00:00,system,2026-06-16 08:00:00,system
46,9,34,2,1180,B26-P1180-000046,6,8.0,8.0,0.0,80.0,80.0,0.0,,2026-06-16 08:00:00,system,2026-06-16 08:00:00,system
47,9,35,3,847,B26-P0847-000047,1,1.0,1.0,0.0,500.0,500.0,0.0,,2026-06-16 08:00:00,system,2026-06-16 08:00:00,system
48,9,36,4,1400,B26-P1400-000048,6,6.0,6.0,0.0,300.0,300.0,0.0,,2026-06-16 08:00:00,system,2026-06-16 08:00:00,system
49,10,47,1,463,B26-P0463-000049,6,36.0,36.0,0.0,360.0,360.0,0.0,,2026-05-24 08:00:00,system,2026-05-24 08:00:00,system
50,10,48,2,1232,B26-P1232-000050,6,2.0,2.0,0.0,40.0,40.0,0.0,,2026-05-24 08:00:00,system,2026-05-24 08:00:00,system
51,10,49,3,20,B26-P0020-000051,6,11.0,11.0,0.0,165.0,165.0,0.0,,2026-05-24 08:00:00,system,2026-05-24 08:00:00,system
52,10,50,4,350,B26-P0350-000052,6,16.0,16.0,0.0,16.0,16.0,0.0,,2026-05-24 08:00:00,system,2026-05-24 08:00:00,system
53,10,52,5,218,B26-P0218-000053,6,4.0,4.0,0.0,3.2,3.2,0.0,,2026-05-24 08:00:00,system,2026-05-24 08:00:00,system
54,10,53,6,371,B26-P0371-000054,6,31.0,31.0,0.0,155.0,155.0,0.0,,2026-05-24 08:00:00,system,2026-05-24 08:00:00,system
55,11,46,1,1475,B26-P1475-000055,6,2.0,1.0,1.0,110.0,55.0,55.0,,2026-05-29 08:00:00,system,2026-05-29 08:00:00,system
56,11,47,2,463,B26-P0463-000056,6,4.0,4.0,0.0,40.0,40.0,0.0,,2026-05-29 08:00:00,system,2026-05-29 08:00:00,system
57,11,48,3,1232,B26-P1232-000057,6,6.0,6.0,0.0,120.0,120.0,0.0,,2026-05-29 08:00:00,system,2026-05-29 08:00:00,system
58,11,49,4,20,B26-P0020-000058,6,7.0,6.0,1.0,105.0,90.0,15.0,,2026-05-29 08:00:00,system,2026-05-29 08:00:00,system
59,11,50,5,350,B26-P0350-000059,6,14.0,14.0,0.0,14.0,14.0,0.0,,2026-05-29 08:00:00,system,2026-05-29 08:00:00,system
60,11,51,6,1266,B26-P1266-000060,1,2.0,2.0,0.0,2000.0,2000.0,0.0,,2026-05-29 08:00:00,system,2026-05-29 08:00:00,system
61,11,52,7,218,B26-P0218-000061,6,41.0,40.0,1.0,32.8,32.0,0.8,,2026-05-29 08:00:00,system,2026-05-29 08:00:00,system
62,11,53,8,371,B26-P0371-000062,6,1.0,1.0,0.0,5.0,5.0,0.0,,2026-05-29 08:00:00,system,2026-05-29 08:00:00,system
63,12,71,1,351,B26-P0351-000063,1,1.0,0.0,1.0,1000.0,0.0,1000.0,,2026-06-05 08:00:00,system,2026-06-05 08:00:00,system
64,12,74,2,397,B26-P0397-000064,6,1.0,1.0,0.0,20.0,20.0,0.0,,2026-06-05 08:00:00,system,2026-06-05 08:00:00,system
65,13,74,1,397,B26-P0397-000065,6,1.0,1.0,0.0,20.0,20.0,0.0,,2026-06-08 08:00:00,system,2026-06-08 08:00:00,system
66,13,76,2,349,B26-P0349-000066,6,2.0,2.0,0.0,1.6,1.6,0.0,,2026-06-08 08:00:00,system,2026-06-08 08:00:00,system
67,14,77,1,643,B26-P0643-000067,1,4.0,4.0,0.0,4000.0,4000.0,0.0,,2026-02-08 08:00:00,system,2026-02-08 08:00:00,system
68,14,78,2,639,B26-P0639-000068,6,4.0,4.0,0.0,220.0,220.0,0.0,,2026-02-08 08:00:00,system,2026-02-08 08:00:00,system
69,14,79,3,289,B26-P0289-000069,6,65.0,65.0,0.0,195.0,195.0,0.0,,2026-02-08 08:00:00,system,2026-02-08 08:00:00,system
70,14,80,4,150,B26-P0150-000070,6,25.0,25.0,0.0,250.0,250.0,0.0,,2026-02-08 08:00:00,system,2026-02-08 08:00:00,system
71,14,81,5,495,B26-P0495-000071,6,7.0,7.0,0.0,35.0,35.0,0.0,,2026-02-08 08:00:00,system,2026-02-08 08:00:00,system
72,14,82,6,859,B26-P0859-000072,6,10.0,10.0,0.0,1800.0,1800.0,0.0,,2026-02-08 08:00:00,system,2026-02-08 08:00:00,system
73,15,83,1,348,B26-P0348-000073,1,8.0,8.0,0.0,8000.0,8000.0,0.0,,2026-06-18 08:00:00,system,2026-06-18 08:00:00,system
74,16,84,1,929,B26-P0929-000074,6,8.0,8.0,0.0,440.0,440.0,0.0,,2026-07-08 08:00:00,system,2026-07-08 08:00:00,system
75,17,92,1,857,B26-P0857-000075,6,7.0,7.0,0.0,350.0,350.0,0.0,,2026-04-12 08:00:00,system,2026-04-12 08:00:00,system
76,17,93,2,193,B26-P0193-000076,6,15.0,15.0,0.0,45.0,45.0,0.0,,2026-04-12 08:00:00,system,2026-04-12 08:00:00,system
77,17,94,3,845,B26-P0845-000077,6,2.0,2.0,0.0,420.0,420.0,0.0,,2026-04-12 08:00:00,system,2026-04-12 08:00:00,system
78,17,95,4,389,B26-P0389-000078,6,25.0,25.0,0.0,500.0,500.0,0.0,,2026-04-12 08:00:00,system,2026-04-12 08:00:00,system
79,17,96,5,1127,B26-P1127-000079,6,21.0,21.0,0.0,21.0,21.0,0.0,,2026-04-12 08:00:00,system,2026-04-12 08:00:00,system
80,17,98,6,1398,B26-P1398-000080,6,5.0,5.0,0.0,125.0,125.0,0.0,,2026-04-12 08:00:00,system,2026-04-12 08:00:00,system
81,18,92,1,857,B26-P0857-000081,6,3.0,2.0,1.0,150.0,100.0,50.0,,2026-04-16 08:00:00,system,2026-04-16 08:00:00,system
82,18,94,2,845,B26-P0845-000082,6,3.0,3.0,0.0,630.0,630.0,0.0,,2026-04-16 08:00:00,system,2026-04-16 08:00:00,system
83,18,95,3,389,B26-P0389-000083,6,10.0,10.0,0.0,200.0,200.0,0.0,,2026-04-16 08:00:00,system,2026-04-16 08:00:00,system
84,18,96,4,1127,B26-P1127-000084,6,11.0,11.0,0.0,11.0,11.0,0.0,,2026-04-16 08:00:00,system,2026-04-16 08:00:00,system
85,18,97,5,450,B26-P0450-000085,6,14.0,14.0,0.0,280.0,280.0,0.0,,2026-04-16 08:00:00,system,2026-04-16 08:00:00,system
86,18,98,6,1398,B26-P1398-000086,6,30.0,30.0,0.0,750.0,750.0,0.0,,2026-04-16 08:00:00,system,2026-04-16 08:00:00,system
87,19,100,1,728,B26-P0728-000087,6,4.0,4.0,0.0,200.0,200.0,0.0,,2026-06-29 08:00:00,system,2026-06-29 08:00:00,system
88,19,101,2,1365,B26-P1365-000088,6,4.0,4.0,0.0,220.0,220.0,0.0,,2026-06-29 08:00:00,system,2026-06-29 08:00:00,system
89,19,102,3,1229,B26-P1229-000089,6,15.0,15.0,0.0,45.0,45.0,0.0,,2026-06-29 08:00:00,system,2026-06-29 08:00:00,system
90,19,103,4,502,B26-P0502-000090,6,2.0,2.0,0.0,360.0,360.0,0.0,,2026-06-29 08:00:00,system,2026-06-29 08:00:00,system
91,19,104,5,694,B26-P0694-000091,1,1.0,1.0,0.0,500.0,500.0,0.0,,2026-06-29 08:00:00,system,2026-06-29 08:00:00,system
92,20,107,1,108,B26-P0108-000092,6,2.0,2.0,0.0,110.0,110.0,0.0,,2026-06-26 08:00:00,system,2026-06-26 08:00:00,system
93,20,108,2,213,B26-P0213-000093,6,3.0,3.0,0.0,150.0,150.0,0.0,,2026-06-26 08:00:00,system,2026-06-26 08:00:00,system
94,20,109,3,375,B26-P0375-000094,6,6.0,6.0,0.0,150.0,150.0,0.0,,2026-06-26 08:00:00,system,2026-06-26 08:00:00,system
95,20,111,4,116,B26-P0116-000095,6,17.0,17.0,0.0,85.0,85.0,0.0,,2026-06-26 08:00:00,system,2026-06-26 08:00:00,system
96,20,114,5,152,B26-P0152-000096,6,1.0,1.0,0.0,20.0,20.0,0.0,,2026-06-26 08:00:00,system,2026-06-26 08:00:00,system
97,21,107,1,108,B26-P0108-000097,6,1.0,1.0,0.0,55.0,55.0,0.0,,2026-06-27 08:00:00,system,2026-06-27 08:00:00,system
98,21,108,2,213,B26-P0213-000098,6,3.0,3.0,0.0,150.0,150.0,0.0,,2026-06-27 08:00:00,system,2026-06-27 08:00:00,system
99,21,110,3,401,B26-P0401-000099,6,2.0,2.0,0.0,110.0,110.0,0.0,,2026-06-27 08:00:00,system,2026-06-27 08:00:00,system
100,21,111,4,116,B26-P0116-000100,6,1.0,1.0,0.0,5.0,5.0,0.0,,2026-06-27 08:00:00,system,2026-06-27 08:00:00,system
101,21,112,5,284,B26-P0284-000101,6,4.0,4.0,0.0,840.0,840.0,0.0,,2026-06-27 08:00:00,system,2026-06-27 08:00:00,system
102,21,113,6,1212,B26-P1212-000102,1,2.0,2.0,0.0,2000.0,2000.0,0.0,,2026-06-27 08:00:00,system,2026-06-27 08:00:00,system
103,21,114,7,152,B26-P0152-000103,6,6.0,6.0,0.0,120.0,120.0,0.0,,2026-06-27 08:00:00,system,2026-06-27 08:00:00,system
104,22,107,1,108,B26-P0108-000104,6,3.0,3.0,0.0,165.0,165.0,0.0,,2026-06-28 08:00:00,system,2026-06-28 08:00:00,system
105,22,111,2,116,B26-P0116-000105,6,3.0,3.0,0.0,15.0,15.0,0.0,,2026-06-28 08:00:00,system,2026-06-28 08:00:00,system
106,22,114,3,152,B26-P0152-000106,6,1.0,1.0,0.0,20.0,20.0,0.0,,2026-06-28 08:00:00,system,2026-06-28 08:00:00,system
107,23,115,1,1015,B26-P1015-000107,6,9.0,9.0,0.0,162.0,162.0,0.0,,2026-01-28 08:00:00,system,2026-01-28 08:00:00,system
108,23,116,2,1410,B26-P1410-000108,6,18.0,18.0,0.0,270.0,270.0,0.0,,2026-01-28 08:00:00,system,2026-01-28 08:00:00,system
109,24,117,1,697,B26-P0697-000109,6,39.0,39.0,0.0,117.0,117.0,0.0,,2026-07-13 08:00:00,system,2026-07-13 08:00:00,system
110,24,118,2,521,B26-P0521-000110,6,55.0,55.0,0.0,165.0,165.0,0.0,,2026-07-13 08:00:00,system,2026-07-13 08:00:00,system
111,24,119,3,597,B26-P0597-000111,6,21.0,21.0,0.0,420.0,420.0,0.0,,2026-07-13 08:00:00,system,2026-07-13 08:00:00,system
112,24,120,4,1377,B26-P1377-000112,1,4.0,4.0,0.0,4000.0,4000.0,0.0,,2026-07-13 08:00:00,system,2026-07-13 08:00:00,system
113,25,121,1,830,B26-P0830-000113,6,6.0,6.0,0.0,1080.0,1080.0,0.0,,2026-07-04 08:00:00,system,2026-07-04 08:00:00,system
114,25,122,2,755,B26-P0755-000114,6,2.0,2.0,0.0,420.0,420.0,0.0,,2026-07-04 08:00:00,system,2026-07-04 08:00:00,system
115,25,123,3,679,B26-P0679-000115,6,4.0,4.0,0.0,840.0,840.0,0.0,,2026-07-04 08:00:00,system,2026-07-04 08:00:00,system
116,25,124,4,531,B26-P0531-000116,6,4.0,4.0,0.0,840.0,840.0,0.0,,2026-07-04 08:00:00,system,2026-07-04 08:00:00,system
117,25,125,5,331,B26-P0331-000117,6,4.0,3.0,1.0,720.0,540.0,180.0,,2026-07-04 08:00:00,system,2026-07-04 08:00:00,system
118,25,126,6,1444,B26-P1444-000118,6,16.0,16.0,0.0,48.0,48.0,0.0,,2026-07-04 08:00:00,system,2026-07-04 08:00:00,system
119,25,127,7,593,B26-P0593-000119,6,32.0,32.0,0.0,96.0,96.0,0.0,,2026-07-04 08:00:00,system,2026-07-04 08:00:00,system
120,25,128,8,881,B26-P0881-000120,6,17.0,17.0,0.0,255.0,255.0,0.0,,2026-07-04 08:00:00,system,2026-07-04 08:00:00,system
121,26,121,1,830,B26-P0830-000121,6,2.0,2.0,0.0,360.0,360.0,0.0,,2026-07-06 08:00:00,system,2026-07-06 08:00:00,system
122,26,122,2,755,B26-P0755-000122,6,3.0,3.0,0.0,630.0,630.0,0.0,,2026-07-06 08:00:00,system,2026-07-06 08:00:00,system
123,26,123,3,679,B26-P0679-000123,6,1.0,1.0,0.0,210.0,210.0,0.0,,2026-07-06 08:00:00,system,2026-07-06 08:00:00,system
124,26,124,4,531,B26-P0531-000124,6,1.0,1.0,0.0,210.0,210.0,0.0,,2026-07-06 08:00:00,system,2026-07-06 08:00:00,system
125,26,126,5,1444,B26-P1444-000125,6,32.0,32.0,0.0,96.0,96.0,0.0,,2026-07-06 08:00:00,system,2026-07-06 08:00:00,system
126,26,127,6,593,B26-P0593-000126,6,1.0,0.0,1.0,3.0,0.0,3.0,,2026-07-06 08:00:00,system,2026-07-06 08:00:00,system
127,26,128,7,881,B26-P0881-000127,6,13.0,13.0,0.0,195.0,195.0,0.0,,2026-07-06 08:00:00,system,2026-07-06 08:00:00,system
128,27,131,1,190,B26-P0190-000128,6,16.0,16.0,0.0,12.8,12.8,0.0,,2026-03-28 08:00:00,system,2026-03-28 08:00:00,system
129,27,132,2,1159,B26-P1159-000129,6,6.0,6.0,0.0,30.0,30.0,0.0,,2026-03-28 08:00:00,system,2026-03-28 08:00:00,system
130,28,131,1,190,B26-P0190-000130,6,28.0,28.0,0.0,22.4,22.4,0.0,,2026-03-31 08:00:00,system,2026-03-31 08:00:00,system
131,28,132,2,1159,B26-P1159-000131,6,1.0,0.0,1.0,5.0,0.0,5.0,,2026-03-31 08:00:00,system,2026-03-31 08:00:00,system
132,29,133,1,1169,B26-P1169-000132,6,37.0,37.0,0.0,740.0,740.0,0.0,,2026-03-09 08:00:00,system,2026-03-09 08:00:00,system
133,30,134,1,902,B26-P0902-000133,6,1.0,1.0,0.0,180.0,180.0,0.0,,2026-02-20 08:00:00,system,2026-02-20 08:00:00,system
134,31,142,1,149,B26-P0149-000134,6,10.0,10.0,0.0,50.0,50.0,0.0,,2026-03-31 08:00:00,system,2026-03-31 08:00:00,system
135,31,143,2,168,B26-P0168-000135,6,5.0,5.0,0.0,125.0,125.0,0.0,,2026-03-31 08:00:00,system,2026-03-31 08:00:00,system
136,31,147,3,414,B26-P0414-000136,6,3.0,3.0,0.0,90.0,90.0,0.0,,2026-03-31 08:00:00,system,2026-03-31 08:00:00,system
137,31,148,4,924,B26-P0924-000137,6,5.0,5.0,0.0,75.0,75.0,0.0,,2026-03-31 08:00:00,system,2026-03-31 08:00:00,system
138,31,149,5,360,B26-P0360-000138,6,2.0,2.0,0.0,50.0,50.0,0.0,,2026-03-31 08:00:00,system,2026-03-31 08:00:00,system
139,31,150,6,317,B26-P0317-000139,6,1.0,1.0,0.0,210.0,210.0,0.0,,2026-03-31 08:00:00,system,2026-03-31 08:00:00,system
140,32,141,1,704,B26-P0704-000140,6,6.0,6.0,0.0,300.0,300.0,0.0,,2026-04-01 08:00:00,system,2026-04-01 08:00:00,system
141,32,142,2,149,B26-P0149-000141,6,2.0,2.0,0.0,10.0,10.0,0.0,,2026-04-01 08:00:00,system,2026-04-01 08:00:00,system
142,32,143,3,168,B26-P0168-000142,6,20.0,20.0,0.0,500.0,500.0,0.0,,2026-04-01 08:00:00,system,2026-04-01 08:00:00,system
143,32,144,4,916,B26-P0916-000143,6,8.0,7.0,1.0,1440.0,1260.0,180.0,,2026-04-01 08:00:00,system,2026-04-01 08:00:00,system
144,32,145,5,1367,B26-P1367-000144,6,1.0,1.0,0.0,210.0,210.0,0.0,,2026-04-01 08:00:00,system,2026-04-01 08:00:00,system
145,32,146,6,820,B26-P0820-000145,1,4.0,4.0,0.0,8000.0,8000.0,0.0,,2026-04-01 08:00:00,system,2026-04-01 08:00:00,system
146,32,147,7,414,B26-P0414-000146,6,4.0,4.0,0.0,120.0,120.0,0.0,,2026-04-01 08:00:00,system,2026-04-01 08:00:00,system
147,32,148,8,924,B26-P0924-000147,6,1.0,1.0,0.0,15.0,15.0,0.0,,2026-04-01 08:00:00,system,2026-04-01 08:00:00,system
148,32,149,9,360,B26-P0360-000148,6,19.0,19.0,0.0,475.0,475.0,0.0,,2026-04-01 08:00:00,system,2026-04-01 08:00:00,system
149,32,151,10,1274,B26-P1274-000149,6,2.0,2.0,0.0,420.0,420.0,0.0,,2026-04-01 08:00:00,system,2026-04-01 08:00:00,system
150,32,152,11,403,B26-P0403-000150,6,1.0,1.0,0.0,210.0,210.0,0.0,,2026-04-01 08:00:00,system,2026-04-01 08:00:00,system
151,33,153,1,360,B26-P0360-000151,6,11.0,11.0,0.0,275.0,275.0,0.0,,2026-05-27 08:00:00,system,2026-05-27 08:00:00,system
152,33,154,2,1256,B26-P1256-000152,6,3.0,3.0,0.0,165.0,165.0,0.0,,2026-05-27 08:00:00,system,2026-05-27 08:00:00,system
153,33,155,3,303,B26-P0303-000153,1,1.0,1.0,0.0,1000.0,1000.0,0.0,,2026-05-27 08:00:00,system,2026-05-27 08:00:00,system
154,33,156,4,1450,B26-P1450-000154,6,9.0,9.0,0.0,270.0,270.0,0.0,,2026-05-27 08:00:00,system,2026-05-27 08:00:00,system
155,33,157,5,500,B26-P0500-000155,6,9.0,9.0,0.0,270.0,270.0,0.0,,2026-05-27 08:00:00,system,2026-05-27 08:00:00,system
156,34,153,1,360,B26-P0360-000156,6,3.0,3.0,0.0,75.0,75.0,0.0,,2026-05-30 08:00:00,system,2026-05-30 08:00:00,system
157,34,154,2,1256,B26-P1256-000157,6,3.0,3.0,0.0,165.0,165.0,0.0,,2026-05-30 08:00:00,system,2026-05-30 08:00:00,system
158,34,156,3,1450,B26-P1450-000158,6,9.0,9.0,0.0,270.0,270.0,0.0,,2026-05-30 08:00:00,system,2026-05-30 08:00:00,system
159,34,157,4,500,B26-P0500-000159,6,5.0,4.0,1.0,150.0,120.0,30.0,,2026-05-30 08:00:00,system,2026-05-30 08:00:00,system
160,35,158,1,50,B26-P0050-000160,6,2.0,2.0,0.0,30.0,30.0,0.0,,2026-06-25 08:00:00,system,2026-06-25 08:00:00,system
161,35,160,2,285,B26-P0285-000161,1,4.0,4.0,0.0,4000.0,4000.0,0.0,,2026-06-25 08:00:00,system,2026-06-25 08:00:00,system
162,35,161,3,352,B26-P0352-000162,6,51.0,51.0,0.0,40.8,40.8,0.0,,2026-06-25 08:00:00,system,2026-06-25 08:00:00,system
163,35,162,4,21,B26-P0021-000163,6,5.0,5.0,0.0,100.0,100.0,0.0,,2026-06-25 08:00:00,system,2026-06-25 08:00:00,system
164,35,164,5,1398,B26-P1398-000164,6,5.0,4.0,1.0,125.0,100.0,25.0,,2026-06-25 08:00:00,system,2026-06-25 08:00:00,system
165,36,158,1,50,B26-P0050-000165,6,5.0,5.0,0.0,75.0,75.0,0.0,,2026-06-30 08:00:00,system,2026-06-30 08:00:00,system
166,36,159,2,1257,B26-P1257-000166,6,2.0,2.0,0.0,420.0,420.0,0.0,,2026-06-30 08:00:00,system,2026-06-30 08:00:00,system
167,36,160,3,285,B26-P0285-000167,1,2.0,2.0,0.0,2000.0,2000.0,0.0,,2026-06-30 08:00:00,system,2026-06-30 08:00:00,system
168,36,161,4,352,B26-P0352-000168,6,29.0,28.0,1.0,23.2,22.4,0.8,,2026-06-30 08:00:00,system,2026-06-30 08:00:00,system
169,36,162,5,21,B26-P0021-000169,6,16.0,16.0,0.0,320.0,320.0,0.0,,2026-06-30 08:00:00,system,2026-06-30 08:00:00,system
170,36,163,6,619,B26-P0619-000170,1,6.0,6.0,0.0,6000.0,6000.0,0.0,,2026-06-30 08:00:00,system,2026-06-30 08:00:00,system
171,36,164,7,1398,B26-P1398-000171,6,2.0,2.0,0.0,50.0,50.0,0.0,,2026-06-30 08:00:00,system,2026-06-30 08:00:00,system
172,36,165,8,888,B26-P0888-000172,6,2.0,2.0,0.0,420.0,420.0,0.0,,2026-06-30 08:00:00,system,2026-06-30 08:00:00,system
173,37,166,1,1469,B26-P1469-000173,6,27.0,26.0,1.0,270.0,260.0,10.0,,2026-07-05 08:00:00,system,2026-07-05 08:00:00,system
174,37,167,2,1037,B26-P1037-000174,6,32.0,32.0,0.0,12.8,12.8,0.0,,2026-07-05 08:00:00,system,2026-07-05 08:00:00,system
175,37,168,3,371,B26-P0371-000175,6,12.0,12.0,0.0,60.0,60.0,0.0,,2026-07-05 08:00:00,system,2026-07-05 08:00:00,system
176,37,169,4,1042,B26-P1042-000176,6,2.0,2.0,0.0,20.0,20.0,0.0,,2026-07-05 08:00:00,system,2026-07-05 08:00:00,system
177,37,170,5,1002,B26-P1002-000177,6,41.0,41.0,0.0,41.0,41.0,0.0,,2026-07-05 08:00:00,system,2026-07-05 08:00:00,system
178,38,166,1,1469,B26-P1469-000178,6,7.0,7.0,0.0,70.0,70.0,0.0,,2026-07-10 08:00:00,system,2026-07-10 08:00:00,system
179,38,167,2,1037,B26-P1037-000179,6,27.0,27.0,0.0,10.8,10.8,0.0,,2026-07-10 08:00:00,system,2026-07-10 08:00:00,system
180,38,168,3,371,B26-P0371-000180,6,3.0,3.0,0.0,15.0,15.0,0.0,,2026-07-10 08:00:00,system,2026-07-10 08:00:00,system
181,38,169,4,1042,B26-P1042-000181,6,1.0,1.0,0.0,10.0,10.0,0.0,,2026-07-10 08:00:00,system,2026-07-10 08:00:00,system
182,38,170,5,1002,B26-P1002-000182,6,3.0,3.0,0.0,3.0,3.0,0.0,,2026-07-10 08:00:00,system,2026-07-10 08:00:00,system
183,39,171,1,860,B26-P0860-000183,6,1.0,1.0,0.0,210.0,210.0,0.0,,2026-04-13 08:00:00,system,2026-04-13 08:00:00,system
184,39,172,2,908,B26-P0908-000184,6,16.0,15.0,1.0,80.0,75.0,5.0,,2026-04-13 08:00:00,system,2026-04-13 08:00:00,system
185,39,173,3,1023,B26-P1023-000185,6,4.0,4.0,0.0,40.0,40.0,0.0,,2026-04-13 08:00:00,system,2026-04-13 08:00:00,system
186,39,174,4,1148,B26-P1148-000186,1,2.0,2.0,0.0,2000.0,2000.0,0.0,,2026-04-13 08:00:00,system,2026-04-13 08:00:00,system
187,39,175,5,1118,B26-P1118-000187,6,47.0,47.0,0.0,47.0,47.0,0.0,,2026-04-13 08:00:00,system,2026-04-13 08:00:00,system
188,39,176,6,428,B26-P0428-000188,6,1.0,1.0,0.0,25.0,25.0,0.0,,2026-04-13 08:00:00,system,2026-04-13 08:00:00,system
189,39,177,7,640,B26-P0640-000189,6,6.0,6.0,0.0,1080.0,1080.0,0.0,,2026-04-13 08:00:00,system,2026-04-13 08:00:00,system
190,40,171,1,860,B26-P0860-000190,6,1.0,0.0,1.0,210.0,0.0,210.0,,2026-04-18 08:00:00,system,2026-04-18 08:00:00,system
191,40,172,2,908,B26-P0908-000191,6,16.0,16.0,0.0,80.0,80.0,0.0,,2026-04-18 08:00:00,system,2026-04-18 08:00:00,system
192,40,173,3,1023,B26-P1023-000192,6,6.0,6.0,0.0,60.0,60.0,0.0,,2026-04-18 08:00:00,system,2026-04-18 08:00:00,system
193,40,174,4,1148,B26-P1148-000193,1,4.0,4.0,0.0,4000.0,4000.0,0.0,,2026-04-18 08:00:00,system,2026-04-18 08:00:00,system
194,40,175,5,1118,B26-P1118-000194,6,13.0,13.0,0.0,13.0,13.0,0.0,,2026-04-18 08:00:00,system,2026-04-18 08:00:00,system
195,40,176,6,428,B26-P0428-000195,6,11.0,11.0,0.0,275.0,275.0,0.0,,2026-04-18 08:00:00,system,2026-04-18 08:00:00,system
196,40,178,7,1139,B26-P1139-000196,6,5.0,5.0,0.0,50.0,50.0,0.0,,2026-04-18 08:00:00,system,2026-04-18 08:00:00,system
197,41,179,1,599,B26-P0599-000197,6,35.0,35.0,0.0,1050.0,1050.0,0.0,,2026-06-06 08:00:00,system,2026-06-06 08:00:00,system
198,41,180,2,1082,B26-P1082-000198,6,15.0,15.0,0.0,2700.0,2700.0,0.0,,2026-06-06 08:00:00,system,2026-06-06 08:00:00,system
199,41,181,3,448,B26-P0448-000199,6,8.0,8.0,0.0,80.0,80.0,0.0,,2026-06-06 08:00:00,system,2026-06-06 08:00:00,system
200,41,182,4,735,B26-P0735-000200,6,15.0,15.0,0.0,45.0,45.0,0.0,,2026-06-06 08:00:00,system,2026-06-06 08:00:00,system
201,42,183,1,1476,B26-P1476-000201,6,9.0,9.0,0.0,27.0,27.0,0.0,,2026-05-16 08:00:00,system,2026-05-16 08:00:00,system
202,42,184,2,95,B26-P0095-000202,6,2.0,2.0,0.0,420.0,420.0,0.0,,2026-05-16 08:00:00,system,2026-05-16 08:00:00,system
203,42,185,3,534,B26-P0534-000203,1,2.0,2.0,0.0,4000.0,4000.0,0.0,,2026-05-16 08:00:00,system,2026-05-16 08:00:00,system
204,42,186,4,707,B26-P0707-000204,6,2.0,2.0,0.0,420.0,420.0,0.0,,2026-05-16 08:00:00,system,2026-05-16 08:00:00,system
205,42,187,5,1420,B26-P1420-000205,1,3.0,3.0,0.0,6000.0,6000.0,0.0,,2026-05-16 08:00:00,system,2026-05-16 08:00:00,system
206,42,188,6,1002,B26-P1002-000206,6,39.0,39.0,0.0,39.0,39.0,0.0,,2026-05-16 08:00:00,system,2026-05-16 08:00:00,system
207,42,189,7,232,B26-P0232-000207,1,3.0,3.0,0.0,3000.0,3000.0,0.0,,2026-05-16 08:00:00,system,2026-05-16 08:00:00,system
208,43,183,1,1476,B26-P1476-000208,6,61.0,61.0,0.0,183.0,183.0,0.0,,2026-05-21 08:00:00,system,2026-05-21 08:00:00,system
209,43,185,2,534,B26-P0534-000209,1,1.0,1.0,0.0,2000.0,2000.0,0.0,,2026-05-21 08:00:00,system,2026-05-21 08:00:00,system
210,43,186,3,707,B26-P0707-000210,6,1.0,1.0,0.0,210.0,210.0,0.0,,2026-05-21 08:00:00,system,2026-05-21 08:00:00,system
211,43,188,4,1002,B26-P1002-000211,6,31.0,31.0,0.0,31.0,31.0,0.0,,2026-05-21 08:00:00,system,2026-05-21 08:00:00,system
212,43,189,5,232,B26-P0232-000212,1,1.0,1.0,0.0,1000.0,1000.0,0.0,,2026-05-21 08:00:00,system,2026-05-21 08:00:00,system
213,44,195,1,1111,B26-P1111-000213,6,96.0,96.0,0.0,38.4,38.4,0.0,,2026-01-31 08:00:00,system,2026-01-31 08:00:00,system
214,45,196,1,1158,B26-P1158-000214,6,10.0,10.0,0.0,30.0,30.0,0.0,,2026-03-24 08:00:00,system,2026-03-24 08:00:00,system
215,46,197,1,368,B26-P0368-000215,6,31.0,31.0,0.0,31.0,31.0,0.0,,2026-07-05 08:00:00,system,2026-07-05 08:00:00,system
216,46,198,2,845,B26-P0845-000216,6,2.0,2.0,0.0,420.0,420.0,0.0,,2026-07-05 08:00:00,system,2026-07-05 08:00:00,system
217,46,199,3,333,B26-P0333-000217,1,1.0,1.0,0.0,1000.0,1000.0,0.0,,2026-07-05 08:00:00,system,2026-07-05 08:00:00,system
218,46,200,4,280,B26-P0280-000218,6,18.0,18.0,0.0,540.0,540.0,0.0,,2026-07-05 08:00:00,system,2026-07-05 08:00:00,system
219,46,201,5,1421,B26-P1421-000219,6,5.0,5.0,0.0,15.0,15.0,0.0,,2026-07-05 08:00:00,system,2026-07-05 08:00:00,system
220,46,202,6,466,B26-P0466-000220,6,14.0,14.0,0.0,140.0,140.0,0.0,,2026-07-05 08:00:00,system,2026-07-05 08:00:00,system
221,46,204,7,1049,B26-P1049-000221,6,15.0,15.0,0.0,30.0,30.0,0.0,,2026-07-05 08:00:00,system,2026-07-05 08:00:00,system
222,46,205,8,667,B26-P0667-000222,6,1.0,1.0,0.0,55.0,55.0,0.0,,2026-07-05 08:00:00,system,2026-07-05 08:00:00,system
223,47,197,1,368,B26-P0368-000223,6,33.0,33.0,0.0,33.0,33.0,0.0,,2026-07-08 08:00:00,system,2026-07-08 08:00:00,system
224,47,198,2,845,B26-P0845-000224,6,2.0,2.0,0.0,420.0,420.0,0.0,,2026-07-08 08:00:00,system,2026-07-08 08:00:00,system
225,47,199,3,333,B26-P0333-000225,1,2.0,2.0,0.0,2000.0,2000.0,0.0,,2026-07-08 08:00:00,system,2026-07-08 08:00:00,system
226,47,200,4,280,B26-P0280-000226,6,9.0,9.0,0.0,270.0,270.0,0.0,,2026-07-08 08:00:00,system,2026-07-08 08:00:00,system
227,47,201,5,1421,B26-P1421-000227,6,11.0,11.0,0.0,33.0,33.0,0.0,,2026-07-08 08:00:00,system,2026-07-08 08:00:00,system
228,47,202,6,466,B26-P0466-000228,6,7.0,7.0,0.0,70.0,70.0,0.0,,2026-07-08 08:00:00,system,2026-07-08 08:00:00,system
229,47,203,7,423,B26-P0423-000229,6,42.0,42.0,0.0,126.0,126.0,0.0,,2026-07-08 08:00:00,system,2026-07-08 08:00:00,system
230,47,204,8,1049,B26-P1049-000230,6,37.0,37.0,0.0,74.0,74.0,0.0,,2026-07-08 08:00:00,system,2026-07-08 08:00:00,system
231,47,205,9,667,B26-P0667-000231,6,2.0,2.0,0.0,110.0,110.0,0.0,,2026-07-08 08:00:00,system,2026-07-08 08:00:00,system
232,48,206,1,761,B26-P0761-000232,6,18.0,18.0,0.0,180.0,180.0,0.0,,2026-01-10 08:00:00,system,2026-01-10 08:00:00,system
233,48,207,2,819,B26-P0819-000233,1,3.0,3.0,0.0,3000.0,3000.0,0.0,,2026-01-10 08:00:00,system,2026-01-10 08:00:00,system
234,49,206,1,761,B26-P0761-000234,6,14.0,14.0,0.0,140.0,140.0,0.0,,2026-01-12 08:00:00,system,2026-01-12 08:00:00,system
235,50,210,1,572,B26-P0572-000235,6,2.0,2.0,0.0,110.0,110.0,0.0,,2026-02-06 08:00:00,system,2026-02-06 08:00:00,system
236,51,211,1,1133,B26-P1133-000236,6,8.0,8.0,0.0,1440.0,1440.0,0.0,,2026-02-21 08:00:00,system,2026-02-21 08:00:00,system
237,51,212,2,1469,B26-P1469-000237,6,14.0,14.0,0.0,140.0,140.0,0.0,,2026-02-21 08:00:00,system,2026-02-21 08:00:00,system
238,52,218,1,277,B26-P0277-000238,6,14.0,13.0,1.0,210.0,195.0,15.0,,2026-05-16 08:00:00,system,2026-05-16 08:00:00,system
239,52,219,2,1365,B26-P1365-000239,6,6.0,6.0,0.0,330.0,330.0,0.0,,2026-05-16 08:00:00,system,2026-05-16 08:00:00,system
240,53,231,1,508,B26-P0508-000240,6,11.0,11.0,0.0,55.0,55.0,0.0,,2026-06-28 08:00:00,system,2026-06-28 08:00:00,system
241,53,232,2,506,B26-P0506-000241,1,6.0,6.0,0.0,12000.0,12000.0,0.0,,2026-06-28 08:00:00,system,2026-06-28 08:00:00,system
242,53,233,3,1249,B26-P1249-000242,6,3.0,3.0,0.0,165.0,165.0,0.0,,2026-06-28 08:00:00,system,2026-06-28 08:00:00,system
243,53,234,4,608,B26-P0608-000243,6,12.0,12.0,0.0,60.0,60.0,0.0,,2026-06-28 08:00:00,system,2026-06-28 08:00:00,system
244,53,235,5,1423,B26-P1423-000244,6,3.0,3.0,0.0,30.0,30.0,0.0,,2026-06-28 08:00:00,system,2026-06-28 08:00:00,system
245,53,236,6,277,B26-P0277-000245,6,15.0,15.0,0.0,225.0,225.0,0.0,,2026-06-28 08:00:00,system,2026-06-28 08:00:00,system
246,53,237,7,269,B26-P0269-000246,6,1.0,1.0,0.0,210.0,210.0,0.0,,2026-06-28 08:00:00,system,2026-06-28 08:00:00,system
247,53,238,8,230,B26-P0230-000247,6,1.0,1.0,0.0,180.0,180.0,0.0,,2026-06-28 08:00:00,system,2026-06-28 08:00:00,system
248,53,239,9,348,B26-P0348-000248,1,7.0,7.0,0.0,7000.0,7000.0,0.0,,2026-06-28 08:00:00,system,2026-06-28 08:00:00,system
249,53,240,10,1438,B26-P1438-000249,6,4.0,4.0,0.0,220.0,220.0,0.0,,2026-06-28 08:00:00,system,2026-06-28 08:00:00,system
250,53,241,11,129,B26-P0129-000250,6,22.0,22.0,0.0,26.4,26.4,0.0,,2026-06-28 08:00:00,system,2026-06-28 08:00:00,system
251,53,242,12,490,B26-P0490-000251,1,1.0,0.0,1.0,1000.0,0.0,1000.0,,2026-06-28 08:00:00,system,2026-06-28 08:00:00,system
252,54,231,1,508,B26-P0508-000252,6,19.0,19.0,0.0,95.0,95.0,0.0,,2026-06-30 08:00:00,system,2026-06-30 08:00:00,system
253,54,233,2,1249,B26-P1249-000253,6,1.0,1.0,0.0,55.0,55.0,0.0,,2026-06-30 08:00:00,system,2026-06-30 08:00:00,system
254,54,234,3,608,B26-P0608-000254,6,12.0,11.0,1.0,60.0,55.0,5.0,,2026-06-30 08:00:00,system,2026-06-30 08:00:00,system
255,54,235,4,1423,B26-P1423-000255,6,11.0,11.0,0.0,110.0,110.0,0.0,,2026-06-30 08:00:00,system,2026-06-30 08:00:00,system
256,54,236,5,277,B26-P0277-000256,6,1.0,1.0,0.0,15.0,15.0,0.0,,2026-06-30 08:00:00,system,2026-06-30 08:00:00,system
257,54,237,6,269,B26-P0269-000257,6,3.0,3.0,0.0,630.0,630.0,0.0,,2026-06-30 08:00:00,system,2026-06-30 08:00:00,system
258,54,238,7,230,B26-P0230-000258,6,7.0,7.0,0.0,1260.0,1260.0,0.0,,2026-06-30 08:00:00,system,2026-06-30 08:00:00,system
259,54,239,8,348,B26-P0348-000259,1,1.0,0.0,1.0,1000.0,0.0,1000.0,,2026-06-30 08:00:00,system,2026-06-30 08:00:00,system
260,54,240,9,1438,B26-P1438-000260,6,4.0,4.0,0.0,220.0,220.0,0.0,,2026-06-30 08:00:00,system,2026-06-30 08:00:00,system
261,54,241,10,129,B26-P0129-000261,6,34.0,34.0,0.0,40.8,40.8,0.0,,2026-06-30 08:00:00,system,2026-06-30 08:00:00,system
262,54,242,11,490,B26-P0490-000262,1,1.0,1.0,0.0,1000.0,1000.0,0.0,,2026-06-30 08:00:00,system,2026-06-30 08:00:00,system
263,55,246,1,707,B26-P0707-000263,6,5.0,5.0,0.0,1050.0,1050.0,0.0,,2026-01-18 08:00:00,system,2026-01-18 08:00:00,system
264,55,247,2,652,B26-P0652-000264,6,4.0,4.0,0.0,200.0,200.0,0.0,,2026-01-18 08:00:00,system,2026-01-18 08:00:00,system
265,56,248,1,1443,B26-P1443-000265,1,2.0,1.0,1.0,4000.0,2000.0,2000.0,,2026-05-01 08:00:00,system,2026-05-01 08:00:00,system
266,56,249,2,707,B26-P0707-000266,6,1.0,1.0,0.0,210.0,210.0,0.0,,2026-05-01 08:00:00,system,2026-05-01 08:00:00,system
267,56,253,3,1477,B26-P1477-000267,6,9.0,8.0,1.0,45.0,40.0,5.0,,2026-05-01 08:00:00,system,2026-05-01 08:00:00,system
268,56,254,4,1037,B26-P1037-000268,6,4.0,4.0,0.0,1.6,1.6,0.0,,2026-05-01 08:00:00,system,2026-05-01 08:00:00,system
269,56,255,5,1079,B26-P1079-000269,6,3.0,3.0,0.0,30.0,30.0,0.0,,2026-05-01 08:00:00,system,2026-05-01 08:00:00,system
270,56,256,6,777,B26-P0777-000270,6,4.0,4.0,0.0,80.0,80.0,0.0,,2026-05-01 08:00:00,system,2026-05-01 08:00:00,system
271,56,257,7,435,B26-P0435-000271,6,4.0,4.0,0.0,80.0,80.0,0.0,,2026-05-01 08:00:00,system,2026-05-01 08:00:00,system
272,56,259,8,132,B26-P0132-000272,6,1.0,1.0,0.0,10.0,10.0,0.0,,2026-05-01 08:00:00,system,2026-05-01 08:00:00,system
273,56,260,9,1153,B26-P1153-000273,6,2.0,2.0,0.0,40.0,40.0,0.0,,2026-05-01 08:00:00,system,2026-05-01 08:00:00,system
274,56,261,10,1076,B26-P1076-000274,6,1.0,1.0,0.0,1.0,1.0,0.0,,2026-05-01 08:00:00,system,2026-05-01 08:00:00,system
275,57,248,1,1443,B26-P1443-000275,1,4.0,4.0,0.0,8000.0,8000.0,0.0,,2026-05-05 08:00:00,system,2026-05-05 08:00:00,system
276,57,249,2,707,B26-P0707-000276,6,1.0,1.0,0.0,210.0,210.0,0.0,,2026-05-05 08:00:00,system,2026-05-05 08:00:00,system
277,57,250,3,545,B26-P0545-000277,6,2.0,2.0,0.0,420.0,420.0,0.0,,2026-05-05 08:00:00,system,2026-05-05 08:00:00,system
278,57,252,4,3,B26-P0003-000278,6,1.0,1.0,0.0,5.0,5.0,0.0,,2026-05-05 08:00:00,system,2026-05-05 08:00:00,system
279,57,253,5,1477,B26-P1477-000279,6,2.0,2.0,0.0,10.0,10.0,0.0,,2026-05-05 08:00:00,system,2026-05-05 08:00:00,system
280,57,254,6,1037,B26-P1037-000280,6,4.0,3.0,1.0,1.6,1.2,0.4,,2026-05-05 08:00:00,system,2026-05-05 08:00:00,system
281,57,255,7,1079,B26-P1079-000281,6,2.0,2.0,0.0,20.0,20.0,0.0,,2026-05-05 08:00:00,system,2026-05-05 08:00:00,system
282,57,256,8,777,B26-P0777-000282,6,12.0,12.0,0.0,240.0,240.0,0.0,,2026-05-05 08:00:00,system,2026-05-05 08:00:00,system
283,57,257,9,435,B26-P0435-000283,6,5.0,5.0,0.0,100.0,100.0,0.0,,2026-05-05 08:00:00,system,2026-05-05 08:00:00,system
284,57,260,10,1153,B26-P1153-000284,6,4.0,4.0,0.0,80.0,80.0,0.0,,2026-05-05 08:00:00,system,2026-05-05 08:00:00,system
285,57,261,11,1076,B26-P1076-000285,6,2.0,2.0,0.0,2.0,2.0,0.0,,2026-05-05 08:00:00,system,2026-05-05 08:00:00,system
286,58,263,1,548,B26-P0548-000286,1,4.0,4.0,0.0,4000.0,4000.0,0.0,,2026-03-14 08:00:00,system,2026-03-14 08:00:00,system
287,58,264,2,201,B26-P0201-000287,6,1.0,1.0,0.0,210.0,210.0,0.0,,2026-03-14 08:00:00,system,2026-03-14 08:00:00,system
288,58,265,3,1209,B26-P1209-000288,6,30.0,30.0,0.0,600.0,600.0,0.0,,2026-03-14 08:00:00,system,2026-03-14 08:00:00,system
289,58,266,4,606,B26-P0606-000289,1,2.0,2.0,0.0,4000.0,4000.0,0.0,,2026-03-14 08:00:00,system,2026-03-14 08:00:00,system
290,58,267,5,1111,B26-P1111-000290,6,21.0,21.0,0.0,8.4,8.4,0.0,,2026-03-14 08:00:00,system,2026-03-14 08:00:00,system
291,58,268,6,93,B26-P0093-000291,6,8.0,8.0,0.0,440.0,440.0,0.0,,2026-03-14 08:00:00,system,2026-03-14 08:00:00,system
292,59,270,1,1134,B26-P1134-000292,6,49.0,49.0,0.0,19.6,19.6,0.0,,2026-06-14 08:00:00,system,2026-06-14 08:00:00,system
293,59,271,2,959,B26-P0959-000293,6,55.0,55.0,0.0,165.0,165.0,0.0,,2026-06-14 08:00:00,system,2026-06-14 08:00:00,system
294,59,272,3,957,B26-P0957-000294,1,1.0,1.0,0.0,1000.0,1000.0,0.0,,2026-06-14 08:00:00,system,2026-06-14 08:00:00,system
295,59,273,4,1443,B26-P1443-000295,1,1.0,1.0,0.0,2000.0,2000.0,0.0,,2026-06-14 08:00:00,system,2026-06-14 08:00:00,system
296,59,274,5,1320,B26-P1320-000296,6,21.0,21.0,0.0,420.0,420.0,0.0,,2026-06-14 08:00:00,system,2026-06-14 08:00:00,system
297,60,269,1,877,B26-P0877-000297,1,8.0,8.0,0.0,16000.0,16000.0,0.0,,2026-06-15 08:00:00,system,2026-06-15 08:00:00,system
298,60,270,2,1134,B26-P1134-000298,6,1.0,1.0,0.0,0.4,0.4,0.0,,2026-06-15 08:00:00,system,2026-06-15 08:00:00,system
299,60,271,3,959,B26-P0959-000299,6,1.0,1.0,0.0,3.0,3.0,0.0,,2026-06-15 08:00:00,system,2026-06-15 08:00:00,system
300,60,273,4,1443,B26-P1443-000300,1,1.0,1.0,0.0,2000.0,2000.0,0.0,,2026-06-15 08:00:00,system,2026-06-15 08:00:00,system
301,61,275,1,1146,B26-P1146-000301,6,6.0,6.0,0.0,330.0,330.0,0.0,,2026-04-03 08:00:00,system,2026-04-03 08:00:00,system
302,62,277,1,1123,B26-P1123-000302,6,1.0,1.0,0.0,50.0,50.0,0.0,,2026-05-15 08:00:00,system,2026-05-15 08:00:00,system
303,62,278,2,1398,B26-P1398-000303,6,1.0,1.0,0.0,25.0,25.0,0.0,,2026-05-15 08:00:00,system,2026-05-15 08:00:00,system
304,62,279,3,125,B26-P0125-000304,6,2.0,2.0,0.0,420.0,420.0,0.0,,2026-05-15 08:00:00,system,2026-05-15 08:00:00,system
305,62,280,4,1066,B26-P1066-000305,6,6.0,6.0,0.0,3.0,3.0,0.0,,2026-05-15 08:00:00,system,2026-05-15 08:00:00,system
306,63,279,1,125,B26-P0125-000306,6,1.0,1.0,0.0,210.0,210.0,0.0,,2026-05-18 08:00:00,system,2026-05-18 08:00:00,system
307,63,280,2,1066,B26-P1066-000307,6,2.0,2.0,0.0,1.0,1.0,0.0,,2026-05-18 08:00:00,system,2026-05-18 08:00:00,system
308,64,281,1,1095,B26-P1095-000308,6,5.0,5.0,0.0,5.0,5.0,0.0,,2026-07-08 08:00:00,system,2026-07-08 08:00:00,system
309,64,282,2,1347,B26-P1347-000309,6,7.0,7.0,0.0,385.0,385.0,0.0,,2026-07-08 08:00:00,system,2026-07-08 08:00:00,system
310,64,283,3,1381,B26-P1381-000310,6,7.0,7.0,0.0,70.0,70.0,0.0,,2026-07-08 08:00:00,system,2026-07-08 08:00:00,system
311,64,284,4,450,B26-P0450-000311,6,3.0,3.0,0.0,60.0,60.0,0.0,,2026-07-08 08:00:00,system,2026-07-08 08:00:00,system
312,64,285,5,536,B26-P0536-000312,6,13.0,13.0,0.0,65.0,65.0,0.0,,2026-07-08 08:00:00,system,2026-07-08 08:00:00,system
313,64,286,6,752,B26-P0752-000313,6,2.0,2.0,0.0,100.0,100.0,0.0,,2026-07-08 08:00:00,system,2026-07-08 08:00:00,system
314,64,287,7,1047,B26-P1047-000314,6,1.0,1.0,0.0,0.5,0.5,0.0,,2026-07-08 08:00:00,system,2026-07-08 08:00:00,system
315,64,288,8,228,B26-P0228-000315,6,1.0,1.0,0.0,50.0,50.0,0.0,,2026-07-08 08:00:00,system,2026-07-08 08:00:00,system
316,64,290,9,1267,B26-P1267-000316,6,2.0,2.0,0.0,2.0,2.0,0.0,,2026-07-08 08:00:00,system,2026-07-08 08:00:00,system
317,64,291,10,1336,B26-P1336-000317,6,44.0,44.0,0.0,44.0,44.0,0.0,,2026-07-08 08:00:00,system,2026-07-08 08:00:00,system
318,64,292,11,76,B26-P0076-000318,6,4.0,4.0,0.0,120.0,120.0,0.0,,2026-07-08 08:00:00,system,2026-07-08 08:00:00,system
319,65,281,1,1095,B26-P1095-000319,6,17.0,17.0,0.0,17.0,17.0,0.0,,2026-07-12 08:00:00,system,2026-07-12 08:00:00,system
320,65,282,2,1347,B26-P1347-000320,6,1.0,1.0,0.0,55.0,55.0,0.0,,2026-07-12 08:00:00,system,2026-07-12 08:00:00,system
321,65,283,3,1381,B26-P1381-000321,6,3.0,3.0,0.0,30.0,30.0,0.0,,2026-07-12 08:00:00,system,2026-07-12 08:00:00,system
322,65,284,4,450,B26-P0450-000322,6,4.0,4.0,0.0,80.0,80.0,0.0,,2026-07-12 08:00:00,system,2026-07-12 08:00:00,system
323,65,285,5,536,B26-P0536-000323,6,6.0,6.0,0.0,30.0,30.0,0.0,,2026-07-12 08:00:00,system,2026-07-12 08:00:00,system
324,65,286,6,752,B26-P0752-000324,6,2.0,2.0,0.0,100.0,100.0,0.0,,2026-07-12 08:00:00,system,2026-07-12 08:00:00,system
325,65,287,7,1047,B26-P1047-000325,6,2.0,2.0,0.0,1.0,1.0,0.0,,2026-07-12 08:00:00,system,2026-07-12 08:00:00,system
326,65,289,8,662,B26-P0662-000326,6,1.0,1.0,0.0,15.0,15.0,0.0,,2026-07-12 08:00:00,system,2026-07-12 08:00:00,system
327,65,290,9,1267,B26-P1267-000327,6,3.0,3.0,0.0,3.0,3.0,0.0,,2026-07-12 08:00:00,system,2026-07-12 08:00:00,system
328,65,291,10,1336,B26-P1336-000328,6,4.0,4.0,0.0,4.0,4.0,0.0,,2026-07-12 08:00:00,system,2026-07-12 08:00:00,system
329,65,292,11,76,B26-P0076-000329,6,1.0,1.0,0.0,30.0,30.0,0.0,,2026-07-12 08:00:00,system,2026-07-12 08:00:00,system
330,66,283,1,1381,B26-P1381-000330,6,2.0,2.0,0.0,20.0,20.0,0.0,,2026-07-13 08:00:00,system,2026-07-13 08:00:00,system
331,66,285,2,536,B26-P0536-000331,6,5.0,5.0,0.0,25.0,25.0,0.0,,2026-07-13 08:00:00,system,2026-07-13 08:00:00,system
332,66,286,3,752,B26-P0752-000332,6,6.0,6.0,0.0,300.0,300.0,0.0,,2026-07-13 08:00:00,system,2026-07-13 08:00:00,system
333,66,287,4,1047,B26-P1047-000333,6,9.0,9.0,0.0,4.5,4.5,0.0,,2026-07-13 08:00:00,system,2026-07-13 08:00:00,system
334,66,288,5,228,B26-P0228-000334,6,5.0,5.0,0.0,250.0,250.0,0.0,,2026-07-13 08:00:00,system,2026-07-13 08:00:00,system
335,66,289,6,662,B26-P0662-000335,6,4.0,4.0,0.0,60.0,60.0,0.0,,2026-07-13 08:00:00,system,2026-07-13 08:00:00,system
336,66,290,7,1267,B26-P1267-000336,6,21.0,21.0,0.0,21.0,21.0,0.0,,2026-07-13 08:00:00,system,2026-07-13 08:00:00,system
337,66,291,8,1336,B26-P1336-000337,6,22.0,22.0,0.0,22.0,22.0,0.0,,2026-07-13 08:00:00,system,2026-07-13 08:00:00,system
338,66,292,9,76,B26-P0076-000338,6,13.0,12.0,1.0,390.0,360.0,30.0,,2026-07-13 08:00:00,system,2026-07-13 08:00:00,system
339,67,293,1,250,B26-P0250-000339,6,33.0,33.0,0.0,39.6,39.6,0.0,,2026-05-22 08:00:00,system,2026-05-22 08:00:00,system
340,67,294,2,260,B26-P0260-000340,6,24.0,24.0,0.0,120.0,120.0,0.0,,2026-05-22 08:00:00,system,2026-05-22 08:00:00,system
341,68,299,1,1283,B26-P1283-000341,1,4.0,4.0,0.0,4000.0,4000.0,0.0,,2026-01-14 08:00:00,system,2026-01-14 08:00:00,system
342,68,300,2,910,B26-P0910-000342,6,6.0,6.0,0.0,90.0,90.0,0.0,,2026-01-14 08:00:00,system,2026-01-14 08:00:00,system
343,69,316,1,855,B26-P0855-000343,6,18.0,18.0,0.0,450.0,450.0,0.0,,2026-04-23 08:00:00,system,2026-04-23 08:00:00,system
344,69,317,2,1457,B26-P1457-000344,6,7.0,7.0,0.0,140.0,140.0,0.0,,2026-04-23 08:00:00,system,2026-04-23 08:00:00,system
345,69,318,3,1066,B26-P1066-000345,6,5.0,5.0,0.0,2.5,2.5,0.0,,2026-04-23 08:00:00,system,2026-04-23 08:00:00,system
346,69,319,4,1059,B26-P1059-000346,6,19.0,19.0,0.0,95.0,95.0,0.0,,2026-04-23 08:00:00,system,2026-04-23 08:00:00,system
347,69,320,5,689,B26-P0689-000347,6,8.0,8.0,0.0,240.0,240.0,0.0,,2026-04-23 08:00:00,system,2026-04-23 08:00:00,system
348,69,321,6,328,B26-P0328-000348,6,1.0,1.0,0.0,30.0,30.0,0.0,,2026-04-23 08:00:00,system,2026-04-23 08:00:00,system
349,69,322,7,1214,B26-P1214-000349,6,22.0,22.0,0.0,66.0,66.0,0.0,,2026-04-23 08:00:00,system,2026-04-23 08:00:00,system
350,69,323,8,744,B26-P0744-000350,6,1.0,1.0,0.0,180.0,180.0,0.0,,2026-04-23 08:00:00,system,2026-04-23 08:00:00,system
351,69,324,9,392,B26-P0392-000351,6,78.0,78.0,0.0,93.6,93.6,0.0,,2026-04-23 08:00:00,system,2026-04-23 08:00:00,system
352,69,325,10,398,B26-P0398-000352,6,21.0,21.0,0.0,525.0,525.0,0.0,,2026-04-23 08:00:00,system,2026-04-23 08:00:00,system
353,70,327,1,999,B26-P0999-000353,6,46.0,46.0,0.0,18.4,18.4,0.0,,2026-01-25 08:00:00,system,2026-01-25 08:00:00,system
354,70,328,2,1336,B26-P1336-000354,6,48.0,48.0,0.0,48.0,48.0,0.0,,2026-01-25 08:00:00,system,2026-01-25 08:00:00,system
355,70,329,3,979,B26-P0979-000355,6,4.0,4.0,0.0,200.0,200.0,0.0,,2026-01-25 08:00:00,system,2026-01-25 08:00:00,system
356,71,342,1,754,B26-P0754-000356,6,10.0,10.0,0.0,1800.0,1800.0,0.0,,2026-02-03 08:00:00,system,2026-02-03 08:00:00,system
357,71,343,2,1374,B26-P1374-000357,6,4.0,4.0,0.0,720.0,720.0,0.0,,2026-02-03 08:00:00,system,2026-02-03 08:00:00,system
358,71,344,3,982,B26-P0982-000358,6,3.0,3.0,0.0,1.5,1.5,0.0,,2026-02-03 08:00:00,system,2026-02-03 08:00:00,system
359,71,345,4,1080,B26-P1080-000359,6,3.0,2.0,1.0,54.0,36.0,18.0,,2026-02-03 08:00:00,system,2026-02-03 08:00:00,system
360,72,344,1,982,B26-P0982-000360,6,23.0,23.0,0.0,11.5,11.5,0.0,,2026-02-04 08:00:00,system,2026-02-04 08:00:00,system
361,72,345,2,1080,B26-P1080-000361,6,7.0,7.0,0.0,126.0,126.0,0.0,,2026-02-04 08:00:00,system,2026-02-04 08:00:00,system
362,73,354,1,118,B26-P0118-000362,6,1.0,1.0,0.0,15.0,15.0,0.0,,2026-07-01 08:00:00,system,2026-07-01 08:00:00,system
363,73,360,2,811,B26-P0811-000363,6,2.0,2.0,0.0,40.0,40.0,0.0,,2026-07-01 08:00:00,system,2026-07-01 08:00:00,system
364,74,352,1,1377,B26-P1377-000364,1,1.0,1.0,0.0,1000.0,1000.0,0.0,,2026-07-03 08:00:00,system,2026-07-03 08:00:00,system
365,74,356,2,941,B26-P0941-000365,6,1.0,1.0,0.0,210.0,210.0,0.0,,2026-07-03 08:00:00,system,2026-07-03 08:00:00,system
366,75,363,1,1428,B26-P1428-000366,1,1.0,1.0,0.0,1000.0,1000.0,0.0,,2026-05-12 08:00:00,system,2026-05-12 08:00:00,system
367,75,364,2,365,B26-P0365-000367,6,2.0,2.0,0.0,420.0,420.0,0.0,,2026-05-12 08:00:00,system,2026-05-12 08:00:00,system
368,76,364,1,365,B26-P0365-000368,6,2.0,2.0,0.0,420.0,420.0,0.0,,2026-05-14 08:00:00,system,2026-05-14 08:00:00,system
369,77,365,1,148,B26-P0148-000369,6,1.0,0.0,1.0,3.0,0.0,3.0,,2026-02-22 08:00:00,system,2026-02-22 08:00:00,system
370,77,366,2,128,B26-P0128-000370,6,10.0,10.0,0.0,10.0,10.0,0.0,,2026-02-22 08:00:00,system,2026-02-22 08:00:00,system
371,77,368,3,1057,B26-P1057-000371,6,6.0,6.0,0.0,6.0,6.0,0.0,,2026-02-22 08:00:00,system,2026-02-22 08:00:00,system
372,77,369,4,77,B26-P0077-000372,6,1.0,1.0,0.0,50.0,50.0,0.0,,2026-02-22 08:00:00,system,2026-02-22 08:00:00,system
373,77,370,5,1208,B26-P1208-000373,6,1.0,1.0,0.0,10.0,10.0,0.0,,2026-02-22 08:00:00,system,2026-02-22 08:00:00,system
374,77,371,6,1300,B26-P1300-000374,6,44.0,44.0,0.0,44.0,44.0,0.0,,2026-02-22 08:00:00,system,2026-02-22 08:00:00,system
375,77,372,7,432,B26-P0432-000375,6,3.0,3.0,0.0,15.0,15.0,0.0,,2026-02-22 08:00:00,system,2026-02-22 08:00:00,system
376,77,373,8,1449,B26-P1449-000376,6,10.0,10.0,0.0,250.0,250.0,0.0,,2026-02-22 08:00:00,system,2026-02-22 08:00:00,system
377,78,365,1,148,B26-P0148-000377,6,25.0,25.0,0.0,75.0,75.0,0.0,,2026-02-27 08:00:00,system,2026-02-27 08:00:00,system
378,78,366,2,128,B26-P0128-000378,6,12.0,12.0,0.0,12.0,12.0,0.0,,2026-02-27 08:00:00,system,2026-02-27 08:00:00,system
379,78,367,3,12,B26-P0012-000379,6,4.0,4.0,0.0,840.0,840.0,0.0,,2026-02-27 08:00:00,system,2026-02-27 08:00:00,system
380,78,368,4,1057,B26-P1057-000380,6,7.0,7.0,0.0,7.0,7.0,0.0,,2026-02-27 08:00:00,system,2026-02-27 08:00:00,system
381,78,369,5,77,B26-P0077-000381,6,7.0,7.0,0.0,350.0,350.0,0.0,,2026-02-27 08:00:00,system,2026-02-27 08:00:00,system
382,78,370,6,1208,B26-P1208-000382,6,27.0,27.0,0.0,270.0,270.0,0.0,,2026-02-27 08:00:00,system,2026-02-27 08:00:00,system
383,78,371,7,1300,B26-P1300-000383,6,11.0,11.0,0.0,11.0,11.0,0.0,,2026-02-27 08:00:00,system,2026-02-27 08:00:00,system
384,78,372,8,432,B26-P0432-000384,6,32.0,32.0,0.0,160.0,160.0,0.0,,2026-02-27 08:00:00,system,2026-02-27 08:00:00,system
385,78,373,9,1449,B26-P1449-000385,6,10.0,10.0,0.0,250.0,250.0,0.0,,2026-02-27 08:00:00,system,2026-02-27 08:00:00,system
386,79,374,1,1088,B26-P1088-000386,6,6.0,6.0,0.0,60.0,60.0,0.0,,2026-04-10 08:00:00,system,2026-04-10 08:00:00,system
387,79,375,2,210,B26-P0210-000387,6,16.0,16.0,0.0,320.0,320.0,0.0,,2026-04-10 08:00:00,system,2026-04-10 08:00:00,system
388,80,376,1,1415,B26-P1415-000388,6,8.0,8.0,0.0,440.0,440.0,0.0,,2026-03-26 08:00:00,system,2026-03-26 08:00:00,system
389,80,377,2,540,B26-P0540-000389,6,16.0,16.0,0.0,400.0,400.0,0.0,,2026-03-26 08:00:00,system,2026-03-26 08:00:00,system
390,80,378,3,871,B26-P0871-000390,6,6.0,6.0,0.0,300.0,300.0,0.0,,2026-03-26 08:00:00,system,2026-03-26 08:00:00,system
391,81,394,1,1354,B26-P1354-000391,6,30.0,30.0,0.0,600.0,600.0,0.0,,2026-05-22 08:00:00,system,2026-05-22 08:00:00,system
392,81,395,2,684,B26-P0684-000392,6,20.0,20.0,0.0,100.0,100.0,0.0,,2026-05-22 08:00:00,system,2026-05-22 08:00:00,system
393,82,396,1,883,B26-P0883-000393,6,2.0,2.0,0.0,50.0,50.0,0.0,,2026-04-12 08:00:00,system,2026-04-12 08:00:00,system
394,83,402,1,872,B26-P0872-000394,6,6.0,6.0,0.0,330.0,330.0,0.0,,2026-01-22 08:00:00,system,2026-01-22 08:00:00,system
395,83,403,2,509,B26-P0509-000395,6,32.0,32.0,0.0,320.0,320.0,0.0,,2026-01-22 08:00:00,system,2026-01-22 08:00:00,system
396,83,404,3,475,B26-P0475-000396,1,8.0,8.0,0.0,8000.0,8000.0,0.0,,2026-01-22 08:00:00,system,2026-01-22 08:00:00,system
397,83,405,4,548,B26-P0548-000397,1,2.0,2.0,0.0,2000.0,2000.0,0.0,,2026-01-22 08:00:00,system,2026-01-22 08:00:00,system
398,83,406,5,784,B26-P0784-000398,1,6.0,5.0,1.0,3000.0,2500.0,500.0,,2026-01-22 08:00:00,system,2026-01-22 08:00:00,system
399,83,407,6,688,B26-P0688-000399,6,18.0,17.0,1.0,450.0,425.0,25.0,,2026-01-22 08:00:00,system,2026-01-22 08:00:00,system
400,84,408,1,160,B26-P0160-000400,6,60.0,60.0,0.0,48.0,48.0,0.0,,2026-05-27 08:00:00,system,2026-05-27 08:00:00,system
401,84,409,2,802,B26-P0802-000401,6,8.0,8.0,0.0,1440.0,1440.0,0.0,,2026-05-27 08:00:00,system,2026-05-27 08:00:00,system
402,84,410,3,1446,B26-P1446-000402,6,25.0,25.0,0.0,250.0,250.0,0.0,,2026-05-27 08:00:00,system,2026-05-27 08:00:00,system
403,85,411,1,25,B26-P0025-000403,6,2.0,2.0,0.0,110.0,110.0,0.0,,2026-04-06 08:00:00,system,2026-04-06 08:00:00,system
404,85,413,2,916,B26-P0916-000404,6,1.0,1.0,0.0,180.0,180.0,0.0,,2026-04-06 08:00:00,system,2026-04-06 08:00:00,system
405,86,411,1,25,B26-P0025-000405,6,2.0,2.0,0.0,110.0,110.0,0.0,,2026-04-07 08:00:00,system,2026-04-07 08:00:00,system
406,86,412,2,1281,B26-P1281-000406,6,8.0,8.0,0.0,1440.0,1440.0,0.0,,2026-04-07 08:00:00,system,2026-04-07 08:00:00,system
407,86,413,3,916,B26-P0916-000407,6,5.0,5.0,0.0,900.0,900.0,0.0,,2026-04-07 08:00:00,system,2026-04-07 08:00:00,system
408,87,415,1,377,B26-P0377-000408,6,4.0,4.0,0.0,200.0,200.0,0.0,,2026-02-26 08:00:00,system,2026-02-26 08:00:00,system
409,87,416,2,561,B26-P0561-000409,1,8.0,8.0,0.0,4000.0,4000.0,0.0,,2026-02-26 08:00:00,system,2026-02-26 08:00:00,system
410,87,417,3,1095,B26-P1095-000410,6,31.0,31.0,0.0,31.0,31.0,0.0,,2026-02-26 08:00:00,system,2026-02-26 08:00:00,system
411,88,418,1,1309,B26-P1309-000411,6,14.0,14.0,0.0,70.0,70.0,0.0,,2026-02-06 08:00:00,system,2026-02-06 08:00:00,system
412,89,419,1,1143,B26-P1143-000412,6,40.0,40.0,0.0,200.0,200.0,0.0,,2026-04-07 08:00:00,system,2026-04-07 08:00:00,system
413,89,421,2,1351,B26-P1351-000413,1,2.0,2.0,0.0,4000.0,4000.0,0.0,,2026-04-07 08:00:00,system,2026-04-07 08:00:00,system
414,89,422,3,900,B26-P0900-000414,6,7.0,7.0,0.0,350.0,350.0,0.0,,2026-04-07 08:00:00,system,2026-04-07 08:00:00,system
415,89,423,4,602,B26-P0602-000415,6,8.0,8.0,0.0,1440.0,1440.0,0.0,,2026-04-07 08:00:00,system,2026-04-07 08:00:00,system
416,89,425,5,1309,B26-P1309-000416,6,2.0,2.0,0.0,10.0,10.0,0.0,,2026-04-07 08:00:00,system,2026-04-07 08:00:00,system
417,89,426,6,390,B26-P0390-000417,6,15.0,15.0,0.0,375.0,375.0,0.0,,2026-04-07 08:00:00,system,2026-04-07 08:00:00,system
418,89,427,7,749,B26-P0749-000418,6,6.0,6.0,0.0,18.0,18.0,0.0,,2026-04-07 08:00:00,system,2026-04-07 08:00:00,system
419,89,428,8,1178,B26-P1178-000419,6,8.0,8.0,0.0,24.0,24.0,0.0,,2026-04-07 08:00:00,system,2026-04-07 08:00:00,system
420,89,429,9,484,B26-P0484-000420,6,7.0,7.0,0.0,175.0,175.0,0.0,,2026-04-07 08:00:00,system,2026-04-07 08:00:00,system
421,89,431,10,1338,B26-P1338-000421,6,4.0,4.0,0.0,80.0,80.0,0.0,,2026-04-07 08:00:00,system,2026-04-07 08:00:00,system
422,89,432,11,664,B26-P0664-000422,6,2.0,2.0,0.0,50.0,50.0,0.0,,2026-04-07 08:00:00,system,2026-04-07 08:00:00,system
423,90,419,1,1143,B26-P1143-000423,6,20.0,20.0,0.0,100.0,100.0,0.0,,2026-04-08 08:00:00,system,2026-04-08 08:00:00,system
424,90,420,2,540,B26-P0540-000424,6,18.0,18.0,0.0,450.0,450.0,0.0,,2026-04-08 08:00:00,system,2026-04-08 08:00:00,system
425,90,421,3,1351,B26-P1351-000425,1,1.0,1.0,0.0,2000.0,2000.0,0.0,,2026-04-08 08:00:00,system,2026-04-08 08:00:00,system
426,90,422,4,900,B26-P0900-000426,6,3.0,3.0,0.0,150.0,150.0,0.0,,2026-04-08 08:00:00,system,2026-04-08 08:00:00,system
427,90,424,5,1166,B26-P1166-000427,6,33.0,33.0,0.0,99.0,99.0,0.0,,2026-04-08 08:00:00,system,2026-04-08 08:00:00,system
428,90,425,6,1309,B26-P1309-000428,6,46.0,46.0,0.0,230.0,230.0,0.0,,2026-04-08 08:00:00,system,2026-04-08 08:00:00,system
429,90,426,7,390,B26-P0390-000429,6,15.0,15.0,0.0,375.0,375.0,0.0,,2026-04-08 08:00:00,system,2026-04-08 08:00:00,system
430,90,427,8,749,B26-P0749-000430,6,4.0,4.0,0.0,12.0,12.0,0.0,,2026-04-08 08:00:00,system,2026-04-08 08:00:00,system
431,90,428,9,1178,B26-P1178-000431,6,4.0,4.0,0.0,12.0,12.0,0.0,,2026-04-08 08:00:00,system,2026-04-08 08:00:00,system
432,90,429,10,484,B26-P0484-000432,6,11.0,11.0,0.0,275.0,275.0,0.0,,2026-04-08 08:00:00,system,2026-04-08 08:00:00,system
433,90,430,11,1198,B26-P1198-000433,6,2.0,2.0,0.0,110.0,110.0,0.0,,2026-04-08 08:00:00,system,2026-04-08 08:00:00,system
434,90,431,12,1338,B26-P1338-000434,6,1.0,1.0,0.0,20.0,20.0,0.0,,2026-04-08 08:00:00,system,2026-04-08 08:00:00,system
435,90,432,13,664,B26-P0664-000435,6,16.0,16.0,0.0,400.0,400.0,0.0,,2026-04-08 08:00:00,system,2026-04-08 08:00:00,system
436,91,433,1,1089,B26-P1089-000436,6,2.0,2.0,0.0,36.0,36.0,0.0,,2026-01-12 08:00:00,system,2026-01-12 08:00:00,system
437,91,435,2,193,B26-P0193-000437,6,6.0,6.0,0.0,18.0,18.0,0.0,,2026-01-12 08:00:00,system,2026-01-12 08:00:00,system
438,91,436,3,735,B26-P0735-000438,6,18.0,18.0,0.0,54.0,54.0,0.0,,2026-01-12 08:00:00,system,2026-01-12 08:00:00,system
439,91,437,4,307,B26-P0307-000439,6,2.0,2.0,0.0,6.0,6.0,0.0,,2026-01-12 08:00:00,system,2026-01-12 08:00:00,system
440,91,438,5,1389,B26-P1389-000440,6,1.0,1.0,0.0,210.0,210.0,0.0,,2026-01-12 08:00:00,system,2026-01-12 08:00:00,system
441,91,439,6,246,B26-P0246-000441,6,5.0,5.0,0.0,1050.0,1050.0,0.0,,2026-01-12 08:00:00,system,2026-01-12 08:00:00,system
442,91,440,7,1231,B26-P1231-000442,6,1.0,1.0,0.0,10.0,10.0,0.0,,2026-01-12 08:00:00,system,2026-01-12 08:00:00,system
443,91,441,8,410,B26-P0410-000443,6,6.0,6.0,0.0,60.0,60.0,0.0,,2026-01-12 08:00:00,system,2026-01-12 08:00:00,system
444,91,442,9,1484,B26-P1484-000444,6,7.0,7.0,0.0,385.0,385.0,0.0,,2026-01-12 08:00:00,system,2026-01-12 08:00:00,system
445,92,433,1,1089,B26-P1089-000445,6,2.0,2.0,0.0,36.0,36.0,0.0,,2026-01-13 08:00:00,system,2026-01-13 08:00:00,system
446,92,434,2,481,B26-P0481-000446,6,1.0,1.0,0.0,10.0,10.0,0.0,,2026-01-13 08:00:00,system,2026-01-13 08:00:00,system
447,92,435,3,193,B26-P0193-000447,6,8.0,8.0,0.0,24.0,24.0,0.0,,2026-01-13 08:00:00,system,2026-01-13 08:00:00,system
448,92,436,4,735,B26-P0735-000448,6,51.0,51.0,0.0,153.0,153.0,0.0,,2026-01-13 08:00:00,system,2026-01-13 08:00:00,system
449,92,437,5,307,B26-P0307-000449,6,1.0,1.0,0.0,3.0,3.0,0.0,,2026-01-13 08:00:00,system,2026-01-13 08:00:00,system
450,92,440,6,1231,B26-P1231-000450,6,10.0,9.0,1.0,100.0,90.0,10.0,,2026-01-13 08:00:00,system,2026-01-13 08:00:00,system
451,92,441,7,410,B26-P0410-000451,6,13.0,13.0,0.0,130.0,130.0,0.0,,2026-01-13 08:00:00,system,2026-01-13 08:00:00,system
452,92,442,8,1484,B26-P1484-000452,6,1.0,1.0,0.0,55.0,55.0,0.0,,2026-01-13 08:00:00,system,2026-01-13 08:00:00,system
453,93,433,1,1089,B26-P1089-000453,6,11.0,11.0,0.0,198.0,198.0,0.0,,2026-01-14 08:00:00,system,2026-01-14 08:00:00,system
454,93,434,2,481,B26-P0481-000454,6,13.0,13.0,0.0,130.0,130.0,0.0,,2026-01-14 08:00:00,system,2026-01-14 08:00:00,system
455,93,435,3,193,B26-P0193-000455,6,16.0,16.0,0.0,48.0,48.0,0.0,,2026-01-14 08:00:00,system,2026-01-14 08:00:00,system
456,93,436,4,735,B26-P0735-000456,6,6.0,6.0,0.0,18.0,18.0,0.0,,2026-01-14 08:00:00,system,2026-01-14 08:00:00,system
457,93,437,5,307,B26-P0307-000457,6,9.0,9.0,0.0,27.0,27.0,0.0,,2026-01-14 08:00:00,system,2026-01-14 08:00:00,system
458,93,440,6,1231,B26-P1231-000458,6,7.0,7.0,0.0,70.0,70.0,0.0,,2026-01-14 08:00:00,system,2026-01-14 08:00:00,system
459,93,441,7,410,B26-P0410-000459,6,5.0,5.0,0.0,50.0,50.0,0.0,,2026-01-14 08:00:00,system,2026-01-14 08:00:00,system
460,94,443,1,1211,B26-P1211-000460,6,3.0,3.0,0.0,630.0,630.0,0.0,,2026-07-01 08:00:00,system,2026-07-01 08:00:00,system
461,94,444,2,568,B26-P0568-000461,6,5.0,5.0,0.0,100.0,100.0,0.0,,2026-07-01 08:00:00,system,2026-07-01 08:00:00,system
462,94,445,3,355,B26-P0355-000462,6,28.0,28.0,0.0,84.0,84.0,0.0,,2026-07-01 08:00:00,system,2026-07-01 08:00:00,system
463,94,446,4,747,B26-P0747-000463,1,3.0,3.0,0.0,3000.0,3000.0,0.0,,2026-07-01 08:00:00,system,2026-07-01 08:00:00,system
464,94,447,5,844,B26-P0844-000464,6,6.0,6.0,0.0,1080.0,1080.0,0.0,,2026-07-01 08:00:00,system,2026-07-01 08:00:00,system
465,94,448,6,1127,B26-P1127-000465,6,68.0,68.0,0.0,68.0,68.0,0.0,,2026-07-01 08:00:00,system,2026-07-01 08:00:00,system
466,94,449,7,824,B26-P0824-000466,6,6.0,6.0,0.0,90.0,90.0,0.0,,2026-07-01 08:00:00,system,2026-07-01 08:00:00,system
467,94,450,8,1058,B26-P1058-000467,6,8.0,8.0,0.0,16.0,16.0,0.0,,2026-07-01 08:00:00,system,2026-07-01 08:00:00,system
468,94,451,9,1218,B26-P1218-000468,6,7.0,7.0,0.0,385.0,385.0,0.0,,2026-07-01 08:00:00,system,2026-07-01 08:00:00,system
469,94,452,10,1150,B26-P1150-000469,6,47.0,47.0,0.0,141.0,141.0,0.0,,2026-07-01 08:00:00,system,2026-07-01 08:00:00,system
470,95,443,1,1211,B26-P1211-000470,6,1.0,1.0,0.0,210.0,210.0,0.0,,2026-07-02 08:00:00,system,2026-07-02 08:00:00,system
471,95,444,2,568,B26-P0568-000471,6,9.0,9.0,0.0,180.0,180.0,0.0,,2026-07-02 08:00:00,system,2026-07-02 08:00:00,system
472,95,445,3,355,B26-P0355-000472,6,42.0,42.0,0.0,126.0,126.0,0.0,,2026-07-02 08:00:00,system,2026-07-02 08:00:00,system
473,95,446,4,747,B26-P0747-000473,1,1.0,1.0,0.0,1000.0,1000.0,0.0,,2026-07-02 08:00:00,system,2026-07-02 08:00:00,system
474,95,447,5,844,B26-P0844-000474,6,4.0,4.0,0.0,720.0,720.0,0.0,,2026-07-02 08:00:00,system,2026-07-02 08:00:00,system
475,95,448,6,1127,B26-P1127-000475,6,2.0,2.0,0.0,2.0,2.0,0.0,,2026-07-02 08:00:00,system,2026-07-02 08:00:00,system
476,95,449,7,824,B26-P0824-000476,6,1.0,1.0,0.0,15.0,15.0,0.0,,2026-07-02 08:00:00,system,2026-07-02 08:00:00,system
477,95,450,8,1058,B26-P1058-000477,6,67.0,67.0,0.0,134.0,134.0,0.0,,2026-07-02 08:00:00,system,2026-07-02 08:00:00,system
478,95,451,9,1218,B26-P1218-000478,6,8.0,8.0,0.0,440.0,440.0,0.0,,2026-07-02 08:00:00,system,2026-07-02 08:00:00,system
479,95,452,10,1150,B26-P1150-000479,6,17.0,17.0,0.0,51.0,51.0,0.0,,2026-07-02 08:00:00,system,2026-07-02 08:00:00,system
480,96,457,1,891,B26-P0891-000480,1,3.0,3.0,0.0,3000.0,3000.0,0.0,,2026-06-26 08:00:00,system,2026-06-26 08:00:00,system
481,96,458,2,1009,B26-P1009-000481,6,5.0,5.0,0.0,2.0,2.0,0.0,,2026-06-26 08:00:00,system,2026-06-26 08:00:00,system
482,96,459,3,1480,B26-P1480-000482,6,9.0,9.0,0.0,180.0,180.0,0.0,,2026-06-26 08:00:00,system,2026-06-26 08:00:00,system
483,97,458,1,1009,B26-P1009-000483,6,7.0,7.0,0.0,2.8,2.8,0.0,,2026-06-30 08:00:00,system,2026-06-30 08:00:00,system
484,97,459,2,1480,B26-P1480-000484,6,16.0,16.0,0.0,320.0,320.0,0.0,,2026-06-30 08:00:00,system,2026-06-30 08:00:00,system
485,98,461,1,83,B26-P0083-000485,6,66.0,66.0,0.0,66.0,66.0,0.0,,2026-03-09 08:00:00,system,2026-03-09 08:00:00,system
486,98,463,2,1449,B26-P1449-000486,6,9.0,9.0,0.0,225.0,225.0,0.0,,2026-03-09 08:00:00,system,2026-03-09 08:00:00,system
487,98,464,3,1097,B26-P1097-000487,6,15.0,15.0,0.0,75.0,75.0,0.0,,2026-03-09 08:00:00,system,2026-03-09 08:00:00,system
488,98,465,4,1142,B26-P1142-000488,6,34.0,33.0,1.0,102.0,99.0,3.0,,2026-03-09 08:00:00,system,2026-03-09 08:00:00,system
489,98,466,5,1457,B26-P1457-000489,6,8.0,8.0,0.0,160.0,160.0,0.0,,2026-03-09 08:00:00,system,2026-03-09 08:00:00,system
490,98,468,6,1092,B26-P1092-000490,6,1.0,1.0,0.0,180.0,180.0,0.0,,2026-03-09 08:00:00,system,2026-03-09 08:00:00,system
491,98,469,7,921,B26-P0921-000491,6,4.0,4.0,0.0,12.0,12.0,0.0,,2026-03-09 08:00:00,system,2026-03-09 08:00:00,system
492,98,470,8,873,B26-P0873-000492,6,12.0,12.0,0.0,2160.0,2160.0,0.0,,2026-03-09 08:00:00,system,2026-03-09 08:00:00,system
493,99,461,1,83,B26-P0083-000493,6,11.0,11.0,0.0,11.0,11.0,0.0,,2026-03-12 08:00:00,system,2026-03-12 08:00:00,system
494,99,462,2,229,B26-P0229-000494,6,8.0,8.0,0.0,440.0,440.0,0.0,,2026-03-12 08:00:00,system,2026-03-12 08:00:00,system
495,99,463,3,1449,B26-P1449-000495,6,2.0,2.0,0.0,50.0,50.0,0.0,,2026-03-12 08:00:00,system,2026-03-12 08:00:00,system
496,99,464,4,1097,B26-P1097-000496,6,56.0,56.0,0.0,280.0,280.0,0.0,,2026-03-12 08:00:00,system,2026-03-12 08:00:00,system
497,99,465,5,1142,B26-P1142-000497,6,10.0,10.0,0.0,30.0,30.0,0.0,,2026-03-12 08:00:00,system,2026-03-12 08:00:00,system
498,99,466,6,1457,B26-P1457-000498,6,2.0,2.0,0.0,40.0,40.0,0.0,,2026-03-12 08:00:00,system,2026-03-12 08:00:00,system
499,99,467,7,330,B26-P0330-000499,6,5.0,5.0,0.0,275.0,275.0,0.0,,2026-03-12 08:00:00,system,2026-03-12 08:00:00,system
500,99,468,8,1092,B26-P1092-000500,6,4.0,4.0,0.0,720.0,720.0,0.0,,2026-03-12 08:00:00,system,2026-03-12 08:00:00,system
501,99,469,9,921,B26-P0921-000501,6,37.0,37.0,0.0,111.0,111.0,0.0,,2026-03-12 08:00:00,system,2026-03-12 08:00:00,system
502,99,470,10,873,B26-P0873-000502,6,1.0,1.0,0.0,180.0,180.0,0.0,,2026-03-12 08:00:00,system,2026-03-12 08:00:00,system
503,100,461,1,83,B26-P0083-000503,6,3.0,3.0,0.0,3.0,3.0,0.0,,2026-03-17 08:00:00,system,2026-03-17 08:00:00,system
504,100,462,2,229,B26-P0229-000504,6,1.0,1.0,0.0,55.0,55.0,0.0,,2026-03-17 08:00:00,system,2026-03-17 08:00:00,system
505,100,463,3,1449,B26-P1449-000505,6,17.0,17.0,0.0,425.0,425.0,0.0,,2026-03-17 08:00:00,system,2026-03-17 08:00:00,system
506,100,464,4,1097,B26-P1097-000506,6,19.0,19.0,0.0,95.0,95.0,0.0,,2026-03-17 08:00:00,system,2026-03-17 08:00:00,system
507,100,465,5,1142,B26-P1142-000507,6,21.0,21.0,0.0,63.0,63.0,0.0,,2026-03-17 08:00:00,system,2026-03-17 08:00:00,system
508,100,466,6,1457,B26-P1457-000508,6,25.0,25.0,0.0,500.0,500.0,0.0,,2026-03-17 08:00:00,system,2026-03-17 08:00:00,system
509,100,467,7,330,B26-P0330-000509,6,4.0,4.0,0.0,220.0,220.0,0.0,,2026-03-17 08:00:00,system,2026-03-17 08:00:00,system
510,100,468,8,1092,B26-P1092-000510,6,3.0,3.0,0.0,540.0,540.0,0.0,,2026-03-17 08:00:00,system,2026-03-17 08:00:00,system
511,100,469,9,921,B26-P0921-000511,6,15.0,15.0,0.0,45.0,45.0,0.0,,2026-03-17 08:00:00,system,2026-03-17 08:00:00,system
512,100,470,10,873,B26-P0873-000512,6,2.0,2.0,0.0,360.0,360.0,0.0,,2026-03-17 08:00:00,system,2026-03-17 08:00:00,system
513,101,471,1,365,B26-P0365-000513,6,2.0,2.0,0.0,420.0,420.0,0.0,,2026-04-29 08:00:00,system,2026-04-29 08:00:00,system
514,101,472,2,590,B26-P0590-000514,1,3.0,3.0,0.0,3000.0,3000.0,0.0,,2026-04-29 08:00:00,system,2026-04-29 08:00:00,system
515,101,473,3,295,B26-P0295-000515,6,25.0,25.0,0.0,750.0,750.0,0.0,,2026-04-29 08:00:00,system,2026-04-29 08:00:00,system
516,102,480,1,1470,B26-P1470-000516,6,14.0,14.0,0.0,210.0,210.0,0.0,,2026-05-10 08:00:00,system,2026-05-10 08:00:00,system
517,102,481,2,368,B26-P0368-000517,6,11.0,11.0,0.0,11.0,11.0,0.0,,2026-05-10 08:00:00,system,2026-05-10 08:00:00,system
518,102,482,3,1382,B26-P1382-000518,6,7.0,7.0,0.0,105.0,105.0,0.0,,2026-05-10 08:00:00,system,2026-05-10 08:00:00,system
519,102,483,4,164,B26-P0164-000519,6,18.0,18.0,0.0,90.0,90.0,0.0,,2026-05-10 08:00:00,system,2026-05-10 08:00:00,system
520,102,484,5,1273,B26-P1273-000520,6,4.0,4.0,0.0,720.0,720.0,0.0,,2026-05-10 08:00:00,system,2026-05-10 08:00:00,system
521,102,485,6,1143,B26-P1143-000521,6,39.0,39.0,0.0,195.0,195.0,0.0,,2026-05-10 08:00:00,system,2026-05-10 08:00:00,system
522,103,486,1,1457,B26-P1457-000522,6,18.0,18.0,0.0,360.0,360.0,0.0,,2026-01-15 08:00:00,system,2026-01-15 08:00:00,system
523,104,486,1,1457,B26-P1457-000523,6,17.0,17.0,0.0,340.0,340.0,0.0,,2026-01-20 08:00:00,system,2026-01-20 08:00:00,system
524,104,487,2,269,B26-P0269-000524,6,1.0,1.0,0.0,210.0,210.0,0.0,,2026-01-20 08:00:00,system,2026-01-20 08:00:00,system
525,105,488,1,877,B26-P0877-000525,1,6.0,6.0,0.0,12000.0,12000.0,0.0,,2026-03-13 08:00:00,system,2026-03-13 08:00:00,system
526,105,489,2,1006,B26-P1006-000526,6,15.0,15.0,0.0,270.0,270.0,0.0,,2026-03-13 08:00:00,system,2026-03-13 08:00:00,system
527,105,490,3,570,B26-P0570-000527,6,36.0,36.0,0.0,1080.0,1080.0,0.0,,2026-03-13 08:00:00,system,2026-03-13 08:00:00,system
528,105,491,4,1060,B26-P1060-000528,6,24.0,24.0,0.0,240.0,240.0,0.0,,2026-03-13 08:00:00,system,2026-03-13 08:00:00,system
529,105,492,5,7,B26-P0007-000529,6,21.0,21.0,0.0,525.0,525.0,0.0,,2026-03-13 08:00:00,system,2026-03-13 08:00:00,system
530,105,493,6,1219,B26-P1219-000530,6,2.0,2.0,0.0,420.0,420.0,0.0,,2026-03-13 08:00:00,system,2026-03-13 08:00:00,system
531,105,494,7,1253,B26-P1253-000531,6,52.0,52.0,0.0,260.0,260.0,0.0,,2026-03-13 08:00:00,system,2026-03-13 08:00:00,system
532,105,495,8,589,B26-P0589-000532,1,6.0,6.0,0.0,3000.0,3000.0,0.0,,2026-03-13 08:00:00,system,2026-03-13 08:00:00,system
533,105,496,9,675,B26-P0675-000533,6,9.0,9.0,0.0,270.0,270.0,0.0,,2026-03-13 08:00:00,system,2026-03-13 08:00:00,system
534,106,501,1,21,B26-P0021-000534,6,13.0,13.0,0.0,260.0,260.0,0.0,,2026-04-27 08:00:00,system,2026-04-27 08:00:00,system
535,107,498,1,145,B26-P0145-000535,6,3.0,3.0,0.0,2.4,2.4,0.0,,2026-04-30 08:00:00,system,2026-04-30 08:00:00,system
536,107,501,2,21,B26-P0021-000536,6,4.0,4.0,0.0,80.0,80.0,0.0,,2026-04-30 08:00:00,system,2026-04-30 08:00:00,system
537,108,506,1,31,B26-P0031-000537,6,1.0,1.0,0.0,1.2,1.2,0.0,,2026-06-07 08:00:00,system,2026-06-07 08:00:00,system
538,108,507,2,153,B26-P0153-000538,6,2.0,1.0,1.0,50.0,25.0,25.0,,2026-06-07 08:00:00,system,2026-06-07 08:00:00,system
539,109,506,1,31,B26-P0031-000539,6,1.0,1.0,0.0,1.2,1.2,0.0,,2026-06-09 08:00:00,system,2026-06-09 08:00:00,system
540,109,507,2,153,B26-P0153-000540,6,5.0,5.0,0.0,125.0,125.0,0.0,,2026-06-09 08:00:00,system,2026-06-09 08:00:00,system
541,110,511,1,168,B26-P0168-000541,6,18.0,18.0,0.0,450.0,450.0,0.0,,2026-02-16 08:00:00,system,2026-02-16 08:00:00,system
542,110,512,2,288,B26-P0288-000542,6,26.0,26.0,0.0,31.2,31.2,0.0,,2026-02-16 08:00:00,system,2026-02-16 08:00:00,system
543,110,513,3,996,B26-P0996-000543,6,14.0,14.0,0.0,252.0,252.0,0.0,,2026-02-16 08:00:00,system,2026-02-16 08:00:00,system
544,110,514,4,791,B26-P0791-000544,6,9.0,8.0,1.0,180.0,160.0,20.0,,2026-02-16 08:00:00,system,2026-02-16 08:00:00,system
545,111,526,1,1410,B26-P1410-000545,6,7.0,7.0,0.0,105.0,105.0,0.0,,2026-01-22 08:00:00,system,2026-01-22 08:00:00,system
546,112,541,1,414,B26-P0414-000546,6,3.0,3.0,0.0,90.0,90.0,0.0,,2026-01-22 08:00:00,system,2026-01-22 08:00:00,system
547,112,542,2,578,B26-P0578-000547,6,1.0,1.0,0.0,3.0,3.0,0.0,,2026-01-22 08:00:00,system,2026-01-22 08:00:00,system
548,112,543,3,674,B26-P0674-000548,6,2.0,2.0,0.0,50.0,50.0,0.0,,2026-01-22 08:00:00,system,2026-01-22 08:00:00,system
549,112,545,4,1367,B26-P1367-000549,6,2.0,2.0,0.0,420.0,420.0,0.0,,2026-01-22 08:00:00,system,2026-01-22 08:00:00,system
550,112,547,5,1345,B26-P1345-000550,6,26.0,26.0,0.0,130.0,130.0,0.0,,2026-01-22 08:00:00,system,2026-01-22 08:00:00,system
551,112,548,6,238,B26-P0238-000551,6,4.0,4.0,0.0,40.0,40.0,0.0,,2026-01-22 08:00:00,system,2026-01-22 08:00:00,system
552,113,541,1,414,B26-P0414-000552,6,1.0,1.0,0.0,30.0,30.0,0.0,,2026-01-27 08:00:00,system,2026-01-27 08:00:00,system
553,113,544,2,1143,B26-P1143-000553,6,16.0,16.0,0.0,80.0,80.0,0.0,,2026-01-27 08:00:00,system,2026-01-27 08:00:00,system
554,113,546,3,1484,B26-P1484-000554,6,2.0,1.0,1.0,110.0,55.0,55.0,,2026-01-27 08:00:00,system,2026-01-27 08:00:00,system
555,113,547,4,1345,B26-P1345-000555,6,15.0,15.0,0.0,75.0,75.0,0.0,,2026-01-27 08:00:00,system,2026-01-27 08:00:00,system
556,113,549,5,655,B26-P0655-000556,6,2.0,2.0,0.0,420.0,420.0,0.0,,2026-01-27 08:00:00,system,2026-01-27 08:00:00,system
557,114,542,1,578,B26-P0578-000557,6,23.0,23.0,0.0,69.0,69.0,0.0,,2026-01-29 08:00:00,system,2026-01-29 08:00:00,system
558,114,543,2,674,B26-P0674-000558,6,16.0,16.0,0.0,400.0,400.0,0.0,,2026-01-29 08:00:00,system,2026-01-29 08:00:00,system
559,114,544,3,1143,B26-P1143-000559,6,2.0,2.0,0.0,10.0,10.0,0.0,,2026-01-29 08:00:00,system,2026-01-29 08:00:00,system
560,114,547,4,1345,B26-P1345-000560,6,19.0,19.0,0.0,95.0,95.0,0.0,,2026-01-29 08:00:00,system,2026-01-29 08:00:00,system
561,114,548,5,238,B26-P0238-000561,6,3.0,3.0,0.0,30.0,30.0,0.0,,2026-01-29 08:00:00,system,2026-01-29 08:00:00,system
562,115,558,1,1277,B26-P1277-000562,6,39.0,39.0,0.0,39.0,39.0,0.0,,2026-02-13 08:00:00,system,2026-02-13 08:00:00,system
563,115,559,2,1476,B26-P1476-000563,6,28.0,28.0,0.0,84.0,84.0,0.0,,2026-02-13 08:00:00,system,2026-02-13 08:00:00,system
564,115,560,3,534,B26-P0534-000564,1,3.0,3.0,0.0,6000.0,6000.0,0.0,,2026-02-13 08:00:00,system,2026-02-13 08:00:00,system
565,115,561,4,1437,B26-P1437-000565,6,6.0,6.0,0.0,300.0,300.0,0.0,,2026-02-13 08:00:00,system,2026-02-13 08:00:00,system
566,115,562,5,472,B26-P0472-000566,6,2.0,2.0,0.0,110.0,110.0,0.0,,2026-02-13 08:00:00,system,2026-02-13 08:00:00,system
567,115,563,6,1304,B26-P1304-000567,6,10.0,10.0,0.0,1800.0,1800.0,0.0,,2026-02-13 08:00:00,system,2026-02-13 08:00:00,system
568,116,568,1,728,B26-P0728-000568,6,4.0,4.0,0.0,200.0,200.0,0.0,,2026-02-04 08:00:00,system,2026-02-04 08:00:00,system
569,116,570,2,1221,B26-P1221-000569,6,12.0,12.0,0.0,12.0,12.0,0.0,,2026-02-04 08:00:00,system,2026-02-04 08:00:00,system
570,116,571,3,272,B26-P0272-000570,6,20.0,20.0,0.0,20.0,20.0,0.0,,2026-02-04 08:00:00,system,2026-02-04 08:00:00,system
571,117,569,1,889,B26-P0889-000571,1,4.0,4.0,0.0,2000.0,2000.0,0.0,,2026-02-06 08:00:00,system,2026-02-06 08:00:00,system
572,117,570,2,1221,B26-P1221-000572,6,14.0,14.0,0.0,14.0,14.0,0.0,,2026-02-06 08:00:00,system,2026-02-06 08:00:00,system
573,117,571,3,272,B26-P0272-000573,6,2.0,2.0,0.0,2.0,2.0,0.0,,2026-02-06 08:00:00,system,2026-02-06 08:00:00,system
574,118,584,1,482,B26-P0482-000574,6,28.0,28.0,0.0,420.0,420.0,0.0,,2026-05-17 08:00:00,system,2026-05-17 08:00:00,system
575,118,585,2,615,B26-P0615-000575,6,10.0,10.0,0.0,550.0,550.0,0.0,,2026-05-17 08:00:00,system,2026-05-17 08:00:00,system
576,118,586,3,103,B26-P0103-000576,6,40.0,40.0,0.0,600.0,600.0,0.0,,2026-05-17 08:00:00,system,2026-05-17 08:00:00,system
577,118,587,4,394,B26-P0394-000577,6,14.0,14.0,0.0,70.0,70.0,0.0,,2026-05-17 08:00:00,system,2026-05-17 08:00:00,system
578,119,588,1,413,B26-P0413-000578,6,12.0,12.0,0.0,300.0,300.0,0.0,,2026-01-29 08:00:00,system,2026-01-29 08:00:00,system
579,119,589,2,1098,B26-P1098-000579,6,12.0,12.0,0.0,120.0,120.0,0.0,,2026-01-29 08:00:00,system,2026-01-29 08:00:00,system
580,120,591,1,1095,B26-P1095-000580,6,6.0,6.0,0.0,6.0,6.0,0.0,,2026-03-01 08:00:00,system,2026-03-01 08:00:00,system
581,121,595,1,1065,B26-P1065-000581,6,50.0,50.0,0.0,20.0,20.0,0.0,,2026-04-18 08:00:00,system,2026-04-18 08:00:00,system
582,122,596,1,1234,B26-P1234-000582,6,2.0,2.0,0.0,420.0,420.0,0.0,,2026-04-05 08:00:00,system,2026-04-05 08:00:00,system
583,122,597,2,1324,B26-P1324-000583,1,3.0,3.0,0.0,3000.0,3000.0,0.0,,2026-04-05 08:00:00,system,2026-04-05 08:00:00,system
584,122,598,3,793,B26-P0793-000584,6,10.0,10.0,0.0,300.0,300.0,0.0,,2026-04-05 08:00:00,system,2026-04-05 08:00:00,system
585,122,600,4,879,B26-P0879-000585,6,11.0,11.0,0.0,55.0,55.0,0.0,,2026-04-05 08:00:00,system,2026-04-05 08:00:00,system
586,122,601,5,586,B26-P0586-000586,6,1.0,1.0,0.0,55.0,55.0,0.0,,2026-04-05 08:00:00,system,2026-04-05 08:00:00,system
587,122,602,6,487,B26-P0487-000587,6,3.0,3.0,0.0,165.0,165.0,0.0,,2026-04-05 08:00:00,system,2026-04-05 08:00:00,system
588,122,603,7,1197,B26-P1197-000588,6,9.0,9.0,0.0,180.0,180.0,0.0,,2026-04-05 08:00:00,system,2026-04-05 08:00:00,system
589,123,596,1,1234,B26-P1234-000589,6,3.0,3.0,0.0,630.0,630.0,0.0,,2026-04-10 08:00:00,system,2026-04-10 08:00:00,system
590,123,597,2,1324,B26-P1324-000590,1,1.0,1.0,0.0,1000.0,1000.0,0.0,,2026-04-10 08:00:00,system,2026-04-10 08:00:00,system
591,123,598,3,793,B26-P0793-000591,6,2.0,2.0,0.0,60.0,60.0,0.0,,2026-04-10 08:00:00,system,2026-04-10 08:00:00,system
592,123,599,4,1332,B26-P1332-000592,1,1.0,1.0,0.0,1000.0,1000.0,0.0,,2026-04-10 08:00:00,system,2026-04-10 08:00:00,system
593,123,600,5,879,B26-P0879-000593,6,3.0,3.0,0.0,15.0,15.0,0.0,,2026-04-10 08:00:00,system,2026-04-10 08:00:00,system
594,123,601,6,586,B26-P0586-000594,6,8.0,8.0,0.0,440.0,440.0,0.0,,2026-04-10 08:00:00,system,2026-04-10 08:00:00,system
595,123,602,7,487,B26-P0487-000595,6,1.0,1.0,0.0,55.0,55.0,0.0,,2026-04-10 08:00:00,system,2026-04-10 08:00:00,system
596,123,603,8,1197,B26-P1197-000596,6,6.0,6.0,0.0,120.0,120.0,0.0,,2026-04-10 08:00:00,system,2026-04-10 08:00:00,system
597,124,604,1,373,B26-P0373-000597,6,4.0,3.0,1.0,60.0,45.0,15.0,,2026-03-21 08:00:00,system,2026-03-21 08:00:00,system
598,124,605,2,898,B26-P0898-000598,6,4.0,4.0,0.0,100.0,100.0,0.0,,2026-03-21 08:00:00,system,2026-03-21 08:00:00,system
599,124,606,3,1221,B26-P1221-000599,6,9.0,8.0,1.0,9.0,8.0,1.0,,2026-03-21 08:00:00,system,2026-03-21 08:00:00,system
600,124,607,4,629,B26-P0629-000600,6,2.0,2.0,0.0,110.0,110.0,0.0,,2026-03-21 08:00:00,system,2026-03-21 08:00:00,system
601,124,608,5,29,B26-P0029-000601,6,50.0,50.0,0.0,40.0,40.0,0.0,,2026-03-21 08:00:00,system,2026-03-21 08:00:00,system
602,124,609,6,1484,B26-P1484-000602,6,3.0,3.0,0.0,165.0,165.0,0.0,,2026-03-21 08:00:00,system,2026-03-21 08:00:00,system
603,124,610,7,119,B26-P0119-000603,6,26.0,26.0,0.0,520.0,520.0,0.0,,2026-03-21 08:00:00,system,2026-03-21 08:00:00,system
604,125,604,1,373,B26-P0373-000604,6,10.0,10.0,0.0,150.0,150.0,0.0,,2026-03-25 08:00:00,system,2026-03-25 08:00:00,system
605,125,605,2,898,B26-P0898-000605,6,26.0,26.0,0.0,650.0,650.0,0.0,,2026-03-25 08:00:00,system,2026-03-25 08:00:00,system
606,125,606,3,1221,B26-P1221-000606,6,35.0,35.0,0.0,35.0,35.0,0.0,,2026-03-25 08:00:00,system,2026-03-25 08:00:00,system
607,125,607,4,629,B26-P0629-000607,6,2.0,2.0,0.0,110.0,110.0,0.0,,2026-03-25 08:00:00,system,2026-03-25 08:00:00,system
608,125,608,5,29,B26-P0029-000608,6,2.0,2.0,0.0,1.6,1.6,0.0,,2026-03-25 08:00:00,system,2026-03-25 08:00:00,system
609,125,609,6,1484,B26-P1484-000609,6,1.0,1.0,0.0,55.0,55.0,0.0,,2026-03-25 08:00:00,system,2026-03-25 08:00:00,system
610,125,610,7,119,B26-P0119-000610,6,9.0,9.0,0.0,180.0,180.0,0.0,,2026-03-25 08:00:00,system,2026-03-25 08:00:00,system
611,126,617,1,1413,B26-P1413-000611,6,17.0,17.0,0.0,510.0,510.0,0.0,,2026-01-12 08:00:00,system,2026-01-12 08:00:00,system
612,126,618,2,237,B26-P0237-000612,6,2.0,2.0,0.0,10.0,10.0,0.0,,2026-01-12 08:00:00,system,2026-01-12 08:00:00,system
613,127,617,1,1413,B26-P1413-000613,6,18.0,18.0,0.0,540.0,540.0,0.0,,2026-01-15 08:00:00,system,2026-01-15 08:00:00,system
614,127,618,2,237,B26-P0237-000614,6,3.0,3.0,0.0,15.0,15.0,0.0,,2026-01-15 08:00:00,system,2026-01-15 08:00:00,system
615,128,628,1,1221,B26-P1221-000615,6,13.0,13.0,0.0,13.0,13.0,0.0,,2026-06-08 08:00:00,system,2026-06-08 08:00:00,system
616,129,629,1,120,B26-P0120-000616,6,2.0,2.0,0.0,50.0,50.0,0.0,,2026-02-02 08:00:00,system,2026-02-02 08:00:00,system
617,129,630,2,994,B26-P0994-000617,6,3.0,2.0,1.0,15.0,10.0,5.0,,2026-02-02 08:00:00,system,2026-02-02 08:00:00,system
618,129,633,3,1221,B26-P1221-000618,6,18.0,18.0,0.0,18.0,18.0,0.0,,2026-02-02 08:00:00,system,2026-02-02 08:00:00,system
619,130,630,1,994,B26-P0994-000619,6,2.0,2.0,0.0,10.0,10.0,0.0,,2026-02-03 08:00:00,system,2026-02-03 08:00:00,system
620,130,633,2,1221,B26-P1221-000620,6,2.0,2.0,0.0,2.0,2.0,0.0,,2026-02-03 08:00:00,system,2026-02-03 08:00:00,system
621,130,634,3,322,B26-P0322-000621,6,1.0,1.0,0.0,3.0,3.0,0.0,,2026-02-03 08:00:00,system,2026-02-03 08:00:00,system
622,130,636,4,1305,B26-P1305-000622,6,1.0,0.0,1.0,210.0,0.0,210.0,,2026-02-03 08:00:00,system,2026-02-03 08:00:00,system
623,131,629,1,120,B26-P0120-000623,6,2.0,1.0,1.0,50.0,25.0,25.0,,2026-02-06 08:00:00,system,2026-02-06 08:00:00,system
624,131,630,2,994,B26-P0994-000624,6,3.0,3.0,0.0,15.0,15.0,0.0,,2026-02-06 08:00:00,system,2026-02-06 08:00:00,system
625,131,631,3,87,B26-P0087-000625,6,1.0,1.0,0.0,10.0,10.0,0.0,,2026-02-06 08:00:00,system,2026-02-06 08:00:00,system
626,131,632,4,1304,B26-P1304-000626,6,3.0,3.0,0.0,540.0,540.0,0.0,,2026-02-06 08:00:00,system,2026-02-06 08:00:00,system
627,131,633,5,1221,B26-P1221-000627,6,2.0,2.0,0.0,2.0,2.0,0.0,,2026-02-06 08:00:00,system,2026-02-06 08:00:00,system
628,131,634,6,322,B26-P0322-000628,6,1.0,1.0,0.0,3.0,3.0,0.0,,2026-02-06 08:00:00,system,2026-02-06 08:00:00,system
629,132,645,1,676,B26-P0676-000629,6,5.0,5.0,0.0,250.0,250.0,0.0,,2026-04-12 08:00:00,system,2026-04-12 08:00:00,system
630,132,646,2,1463,B26-P1463-000630,6,1.0,1.0,0.0,210.0,210.0,0.0,,2026-04-12 08:00:00,system,2026-04-12 08:00:00,system
631,132,647,3,1038,B26-P1038-000631,6,8.0,7.0,1.0,4.0,3.5,0.5,,2026-04-12 08:00:00,system,2026-04-12 08:00:00,system
632,132,648,4,1286,B26-P1286-000632,6,9.0,9.0,0.0,45.0,45.0,0.0,,2026-04-12 08:00:00,system,2026-04-12 08:00:00,system
633,132,649,5,1179,B26-P1179-000633,6,26.0,26.0,0.0,130.0,130.0,0.0,,2026-04-12 08:00:00,system,2026-04-12 08:00:00,system
634,132,650,6,804,B26-P0804-000634,1,4.0,4.0,0.0,2000.0,2000.0,0.0,,2026-04-12 08:00:00,system,2026-04-12 08:00:00,system
635,133,645,1,676,B26-P0676-000635,6,5.0,5.0,0.0,250.0,250.0,0.0,,2026-04-17 08:00:00,system,2026-04-17 08:00:00,system
636,133,647,2,1038,B26-P1038-000636,6,14.0,13.0,1.0,7.0,6.5,0.5,,2026-04-17 08:00:00,system,2026-04-17 08:00:00,system
637,133,648,3,1286,B26-P1286-000637,6,15.0,15.0,0.0,75.0,75.0,0.0,,2026-04-17 08:00:00,system,2026-04-17 08:00:00,system
638,133,649,4,1179,B26-P1179-000638,6,16.0,16.0,0.0,80.0,80.0,0.0,,2026-04-17 08:00:00,system,2026-04-17 08:00:00,system
639,134,651,1,875,B26-P0875-000639,1,2.0,2.0,0.0,1000.0,1000.0,0.0,,2026-03-27 08:00:00,system,2026-03-27 08:00:00,system
640,134,652,2,225,B26-P0225-000640,6,14.0,14.0,0.0,280.0,280.0,0.0,,2026-03-27 08:00:00,system,2026-03-27 08:00:00,system
641,134,653,3,538,B26-P0538-000641,6,32.0,32.0,0.0,480.0,480.0,0.0,,2026-03-27 08:00:00,system,2026-03-27 08:00:00,system
642,135,654,1,255,B26-P0255-000642,1,8.0,7.0,1.0,8000.0,7000.0,1000.0,,2026-06-13 08:00:00,system,2026-06-13 08:00:00,system
643,135,656,2,224,B26-P0224-000643,6,1.0,1.0,0.0,15.0,15.0,0.0,,2026-06-13 08:00:00,system,2026-06-13 08:00:00,system
644,135,658,3,389,B26-P0389-000644,6,1.0,1.0,0.0,20.0,20.0,0.0,,2026-06-13 08:00:00,system,2026-06-13 08:00:00,system
645,135,659,4,110,B26-P0110-000645,6,2.0,2.0,0.0,420.0,420.0,0.0,,2026-06-13 08:00:00,system,2026-06-13 08:00:00,system
646,136,660,1,300,B26-P0300-000646,1,4.0,4.0,0.0,4000.0,4000.0,0.0,,2026-05-16 08:00:00,system,2026-05-16 08:00:00,system
647,137,661,1,848,B26-P0848-000647,1,1.0,1.0,0.0,1000.0,1000.0,0.0,,2026-02-14 08:00:00,system,2026-02-14 08:00:00,system
648,138,662,1,1156,B26-P1156-000648,1,4.0,4.0,0.0,4000.0,4000.0,0.0,,2026-01-17 08:00:00,system,2026-01-17 08:00:00,system
649,138,663,2,1305,B26-P1305-000649,6,1.0,1.0,0.0,210.0,210.0,0.0,,2026-01-17 08:00:00,system,2026-01-17 08:00:00,system
650,139,662,1,1156,B26-P1156-000650,1,2.0,1.0,1.0,2000.0,1000.0,1000.0,,2026-01-18 08:00:00,system,2026-01-18 08:00:00,system
651,139,663,2,1305,B26-P1305-000651,6,1.0,1.0,0.0,210.0,210.0,0.0,,2026-01-18 08:00:00,system,2026-01-18 08:00:00,system
652,140,664,1,714,B26-P0714-000652,6,4.0,4.0,0.0,200.0,200.0,0.0,,2026-06-28 08:00:00,system,2026-06-28 08:00:00,system
653,140,665,2,690,B26-P0690-000653,6,6.0,6.0,0.0,300.0,300.0,0.0,,2026-06-28 08:00:00,system,2026-06-28 08:00:00,system
654,140,666,3,544,B26-P0544-000654,6,6.0,6.0,0.0,1080.0,1080.0,0.0,,2026-06-28 08:00:00,system,2026-06-28 08:00:00,system
655,140,667,4,348,B26-P0348-000655,1,3.0,3.0,0.0,3000.0,3000.0,0.0,,2026-06-28 08:00:00,system,2026-06-28 08:00:00,system
656,140,668,5,1333,B26-P1333-000656,1,2.0,2.0,0.0,4000.0,4000.0,0.0,,2026-06-28 08:00:00,system,2026-06-28 08:00:00,system
657,141,669,1,23,B26-P0023-000657,6,7.0,7.0,0.0,210.0,210.0,0.0,,2026-04-08 08:00:00,system,2026-04-08 08:00:00,system
658,141,670,2,340,B26-P0340-000658,6,21.0,21.0,0.0,315.0,315.0,0.0,,2026-04-08 08:00:00,system,2026-04-08 08:00:00,system
659,141,671,3,206,B26-P0206-000659,6,52.0,52.0,0.0,156.0,156.0,0.0,,2026-04-08 08:00:00,system,2026-04-08 08:00:00,system
660,141,672,4,1339,B26-P1339-000660,6,6.0,5.0,1.0,330.0,275.0,55.0,,2026-04-08 08:00:00,system,2026-04-08 08:00:00,system
661,141,673,5,284,B26-P0284-000661,6,3.0,3.0,0.0,630.0,630.0,0.0,,2026-04-08 08:00:00,system,2026-04-08 08:00:00,system
662,142,674,1,1056,B26-P1056-000662,6,33.0,33.0,0.0,16.5,16.5,0.0,,2026-03-19 08:00:00,system,2026-03-19 08:00:00,system
663,142,675,2,531,B26-P0531-000663,6,5.0,5.0,0.0,1050.0,1050.0,0.0,,2026-03-19 08:00:00,system,2026-03-19 08:00:00,system
664,142,676,3,340,B26-P0340-000664,6,24.0,24.0,0.0,360.0,360.0,0.0,,2026-03-19 08:00:00,system,2026-03-19 08:00:00,system
665,143,677,1,925,B26-P0925-000665,6,12.0,12.0,0.0,240.0,240.0,0.0,,2026-06-02 08:00:00,system,2026-06-02 08:00:00,system
666,143,678,2,620,B26-P0620-000666,1,8.0,8.0,0.0,16000.0,16000.0,0.0,,2026-06-02 08:00:00,system,2026-06-02 08:00:00,system
667,143,679,3,991,B26-P0991-000667,6,2.0,2.0,0.0,1.0,1.0,0.0,,2026-06-02 08:00:00,system,2026-06-02 08:00:00,system
668,144,677,1,925,B26-P0925-000668,6,16.0,15.0,1.0,320.0,300.0,20.0,,2026-06-07 08:00:00,system,2026-06-07 08:00:00,system
669,144,679,2,991,B26-P0991-000669,6,8.0,8.0,0.0,4.0,4.0,0.0,,2026-06-07 08:00:00,system,2026-06-07 08:00:00,system
670,145,680,1,152,B26-P0152-000670,6,30.0,30.0,0.0,600.0,600.0,0.0,,2026-04-30 08:00:00,system,2026-04-30 08:00:00,system
671,145,681,2,53,B26-P0053-000671,6,7.0,7.0,0.0,210.0,210.0,0.0,,2026-04-30 08:00:00,system,2026-04-30 08:00:00,system
672,145,682,3,639,B26-P0639-000672,6,6.0,6.0,0.0,330.0,330.0,0.0,,2026-04-30 08:00:00,system,2026-04-30 08:00:00,system
673,145,683,4,276,B26-P0276-000673,6,7.0,7.0,0.0,70.0,70.0,0.0,,2026-04-30 08:00:00,system,2026-04-30 08:00:00,system
674,145,684,5,255,B26-P0255-000674,1,4.0,4.0,0.0,4000.0,4000.0,0.0,,2026-04-30 08:00:00,system,2026-04-30 08:00:00,system
675,145,685,6,273,B26-P0273-000675,6,65.0,65.0,0.0,78.0,78.0,0.0,,2026-04-30 08:00:00,system,2026-04-30 08:00:00,system
676,146,688,1,1381,B26-P1381-000676,6,24.0,23.0,1.0,240.0,230.0,10.0,,2026-05-29 08:00:00,system,2026-05-29 08:00:00,system
677,146,689,2,574,B26-P0574-000677,6,3.0,3.0,0.0,630.0,630.0,0.0,,2026-05-29 08:00:00,system,2026-05-29 08:00:00,system
678,146,690,3,1047,B26-P1047-000678,6,60.0,60.0,0.0,30.0,30.0,0.0,,2026-05-29 08:00:00,system,2026-05-29 08:00:00,system
679,146,691,4,1111,B26-P1111-000679,6,50.0,50.0,0.0,20.0,20.0,0.0,,2026-05-29 08:00:00,system,2026-05-29 08:00:00,system
680,146,692,5,156,B26-P0156-000680,6,10.0,10.0,0.0,550.0,550.0,0.0,,2026-05-29 08:00:00,system,2026-05-29 08:00:00,system
681,146,693,6,1116,B26-P1116-000681,6,130.0,130.0,0.0,52.0,52.0,0.0,,2026-05-29 08:00:00,system,2026-05-29 08:00:00,system
682,147,694,1,521,B26-P0521-000682,6,24.0,24.0,0.0,72.0,72.0,0.0,,2026-04-03 08:00:00,system,2026-04-03 08:00:00,system
683,147,695,2,265,B26-P0265-000683,6,14.0,14.0,0.0,420.0,420.0,0.0,,2026-04-03 08:00:00,system,2026-04-03 08:00:00,system
684,147,696,3,913,B26-P0913-000684,6,9.0,9.0,0.0,270.0,270.0,0.0,,2026-04-03 08:00:00,system,2026-04-03 08:00:00,system
685,147,697,4,1063,B26-P1063-000685,6,1.0,1.0,0.0,50.0,50.0,0.0,,2026-04-03 08:00:00,system,2026-04-03 08:00:00,system
686,147,698,5,317,B26-P0317-000686,6,4.0,3.0,1.0,840.0,630.0,210.0,,2026-04-03 08:00:00,system,2026-04-03 08:00:00,system
687,148,694,1,521,B26-P0521-000687,6,9.0,9.0,0.0,27.0,27.0,0.0,,2026-04-05 08:00:00,system,2026-04-05 08:00:00,system
688,148,695,2,265,B26-P0265-000688,6,6.0,6.0,0.0,180.0,180.0,0.0,,2026-04-05 08:00:00,system,2026-04-05 08:00:00,system
689,148,696,3,913,B26-P0913-000689,6,1.0,1.0,0.0,30.0,30.0,0.0,,2026-04-05 08:00:00,system,2026-04-05 08:00:00,system
690,148,697,4,1063,B26-P1063-000690,6,7.0,7.0,0.0,350.0,350.0,0.0,,2026-04-05 08:00:00,system,2026-04-05 08:00:00,system
691,149,699,1,555,B26-P0555-000691,6,14.0,14.0,0.0,350.0,350.0,0.0,,2026-01-27 08:00:00,system,2026-01-27 08:00:00,system
692,150,700,1,696,B26-P0696-000692,1,2.0,2.0,0.0,4000.0,4000.0,0.0,,2026-04-27 08:00:00,system,2026-04-27 08:00:00,system
693,150,701,2,1345,B26-P1345-000693,6,15.0,15.0,0.0,75.0,75.0,0.0,,2026-04-27 08:00:00,system,2026-04-27 08:00:00,system
694,150,702,3,1295,B26-P1295-000694,6,9.0,9.0,0.0,180.0,180.0,0.0,,2026-04-27 08:00:00,system,2026-04-27 08:00:00,system
695,151,700,1,696,B26-P0696-000695,1,2.0,2.0,0.0,4000.0,4000.0,0.0,,2026-04-29 08:00:00,system,2026-04-29 08:00:00,system
696,151,701,2,1345,B26-P1345-000696,6,41.0,41.0,0.0,205.0,205.0,0.0,,2026-04-29 08:00:00,system,2026-04-29 08:00:00,system
697,151,702,3,1295,B26-P1295-000697,6,12.0,12.0,0.0,240.0,240.0,0.0,,2026-04-29 08:00:00,system,2026-04-29 08:00:00,system
698,152,703,1,1423,B26-P1423-000698,6,24.0,24.0,0.0,240.0,240.0,0.0,,2026-05-31 08:00:00,system,2026-05-31 08:00:00,system
699,152,704,2,1256,B26-P1256-000699,6,10.0,10.0,0.0,550.0,550.0,0.0,,2026-05-31 08:00:00,system,2026-05-31 08:00:00,system
700,152,705,3,838,B26-P0838-000700,6,24.0,24.0,0.0,360.0,360.0,0.0,,2026-05-31 08:00:00,system,2026-05-31 08:00:00,system
701,152,706,4,996,B26-P0996-000701,6,12.0,12.0,0.0,216.0,216.0,0.0,,2026-05-31 08:00:00,system,2026-05-31 08:00:00,system
702,152,707,5,1018,B26-P1018-000702,6,25.0,25.0,0.0,10.0,10.0,0.0,,2026-05-31 08:00:00,system,2026-05-31 08:00:00,system
703,153,717,1,1477,B26-P1477-000703,6,6.0,6.0,0.0,30.0,30.0,0.0,,2026-03-05 08:00:00,system,2026-03-05 08:00:00,system
704,153,718,2,99,B26-P0099-000704,6,55.0,55.0,0.0,66.0,66.0,0.0,,2026-03-05 08:00:00,system,2026-03-05 08:00:00,system
705,154,723,1,175,B26-P0175-000705,6,14.0,14.0,0.0,11.2,11.2,0.0,,2026-06-30 08:00:00,system,2026-06-30 08:00:00,system
706,155,724,1,235,B26-P0235-000706,6,4.0,4.0,0.0,4.8,4.8,0.0,,2026-06-13 08:00:00,system,2026-06-13 08:00:00,system
707,155,725,2,1159,B26-P1159-000707,6,2.0,2.0,0.0,10.0,10.0,0.0,,2026-06-13 08:00:00,system,2026-06-13 08:00:00,system
708,155,726,3,1372,B26-P1372-000708,6,1.0,1.0,0.0,50.0,50.0,0.0,,2026-06-13 08:00:00,system,2026-06-13 08:00:00,system
709,155,727,4,10,B26-P0010-000709,6,2.0,1.0,1.0,110.0,55.0,55.0,,2026-06-13 08:00:00,system,2026-06-13 08:00:00,system
710,155,728,5,233,B26-P0233-000710,6,1.0,1.0,0.0,0.8,0.8,0.0,,2026-06-13 08:00:00,system,2026-06-13 08:00:00,system
711,156,724,1,235,B26-P0235-000711,6,4.0,4.0,0.0,4.8,4.8,0.0,,2026-06-14 08:00:00,system,2026-06-14 08:00:00,system
712,156,726,2,1372,B26-P1372-000712,6,2.0,2.0,0.0,100.0,100.0,0.0,,2026-06-14 08:00:00,system,2026-06-14 08:00:00,system
713,157,730,1,641,B26-P0641-000713,6,1.0,1.0,0.0,210.0,210.0,0.0,,2026-04-27 08:00:00,system,2026-04-27 08:00:00,system
714,157,731,2,791,B26-P0791-000714,6,12.0,11.0,1.0,240.0,220.0,20.0,,2026-04-27 08:00:00,system,2026-04-27 08:00:00,system
715,157,733,3,1153,B26-P1153-000715,6,5.0,5.0,0.0,100.0,100.0,0.0,,2026-04-27 08:00:00,system,2026-04-27 08:00:00,system
716,157,734,4,1035,B26-P1035-000716,6,3.0,3.0,0.0,150.0,150.0,0.0,,2026-04-27 08:00:00,system,2026-04-27 08:00:00,system
717,157,735,5,420,B26-P0420-000717,6,40.0,40.0,0.0,32.0,32.0,0.0,,2026-04-27 08:00:00,system,2026-04-27 08:00:00,system
718,157,736,6,1213,B26-P1213-000718,6,1.0,1.0,0.0,1.0,1.0,0.0,,2026-04-27 08:00:00,system,2026-04-27 08:00:00,system
719,158,737,1,538,B26-P0538-000719,6,3.0,3.0,0.0,45.0,45.0,0.0,,2026-01-14 08:00:00,system,2026-01-14 08:00:00,system
720,159,738,1,1302,B26-P1302-000720,6,5.0,5.0,0.0,100.0,100.0,0.0,,2026-01-27 08:00:00,system,2026-01-27 08:00:00,system
721,159,739,2,1363,B26-P1363-000721,6,28.0,28.0,0.0,140.0,140.0,0.0,,2026-01-27 08:00:00,system,2026-01-27 08:00:00,system
722,159,740,3,289,B26-P0289-000722,6,3.0,3.0,0.0,9.0,9.0,0.0,,2026-01-27 08:00:00,system,2026-01-27 08:00:00,system
723,159,741,4,1005,B26-P1005-000723,6,7.0,7.0,0.0,70.0,70.0,0.0,,2026-01-27 08:00:00,system,2026-01-27 08:00:00,system
724,159,742,5,1425,B26-P1425-000724,6,25.0,25.0,0.0,500.0,500.0,0.0,,2026-01-27 08:00:00,system,2026-01-27 08:00:00,system
725,159,743,6,200,B26-P0200-000725,6,3.0,3.0,0.0,540.0,540.0,0.0,,2026-01-27 08:00:00,system,2026-01-27 08:00:00,system
726,160,744,1,792,B26-P0792-000726,6,3.0,3.0,0.0,75.0,75.0,0.0,,2026-03-05 08:00:00,system,2026-03-05 08:00:00,system
727,160,745,2,1279,B26-P1279-000727,6,2.0,2.0,0.0,40.0,40.0,0.0,,2026-03-05 08:00:00,system,2026-03-05 08:00:00,system
728,160,747,3,597,B26-P0597-000728,6,5.0,5.0,0.0,100.0,100.0,0.0,,2026-03-05 08:00:00,system,2026-03-05 08:00:00,system
729,160,752,4,525,B26-P0525-000729,6,2.0,2.0,0.0,40.0,40.0,0.0,,2026-03-05 08:00:00,system,2026-03-05 08:00:00,system
730,160,755,5,479,B26-P0479-000730,6,1.0,1.0,0.0,3.0,3.0,0.0,,2026-03-05 08:00:00,system,2026-03-05 08:00:00,system
731,161,744,1,792,B26-P0792-000731,6,14.0,14.0,0.0,350.0,350.0,0.0,,2026-03-09 08:00:00,system,2026-03-09 08:00:00,system
732,161,745,2,1279,B26-P1279-000732,6,3.0,2.0,1.0,60.0,40.0,20.0,,2026-03-09 08:00:00,system,2026-03-09 08:00:00,system
733,161,746,3,1204,B26-P1204-000733,1,1.0,1.0,0.0,1000.0,1000.0,0.0,,2026-03-09 08:00:00,system,2026-03-09 08:00:00,system
734,161,747,4,597,B26-P0597-000734,6,5.0,5.0,0.0,100.0,100.0,0.0,,2026-03-09 08:00:00,system,2026-03-09 08:00:00,system
735,161,748,5,732,B26-P0732-000735,1,3.0,3.0,0.0,1500.0,1500.0,0.0,,2026-03-09 08:00:00,system,2026-03-09 08:00:00,system
736,161,749,6,625,B26-P0625-000736,6,3.0,3.0,0.0,60.0,60.0,0.0,,2026-03-09 08:00:00,system,2026-03-09 08:00:00,system
737,161,753,7,1147,B26-P1147-000737,6,1.0,1.0,0.0,210.0,210.0,0.0,,2026-03-09 08:00:00,system,2026-03-09 08:00:00,system
738,161,755,8,479,B26-P0479-000738,6,6.0,5.0,1.0,18.0,15.0,3.0,,2026-03-09 08:00:00,system,2026-03-09 08:00:00,system
739,162,744,1,792,B26-P0792-000739,6,7.0,7.0,0.0,175.0,175.0,0.0,,2026-03-13 08:00:00,system,2026-03-13 08:00:00,system
740,162,746,2,1204,B26-P1204-000740,1,3.0,3.0,0.0,3000.0,3000.0,0.0,,2026-03-13 08:00:00,system,2026-03-13 08:00:00,system
741,162,747,3,597,B26-P0597-000741,6,8.0,8.0,0.0,160.0,160.0,0.0,,2026-03-13 08:00:00,system,2026-03-13 08:00:00,system
742,162,749,4,625,B26-P0625-000742,6,15.0,15.0,0.0,300.0,300.0,0.0,,2026-03-13 08:00:00,system,2026-03-13 08:00:00,system
743,162,750,5,806,B26-P0806-000743,1,1.0,1.0,0.0,2000.0,2000.0,0.0,,2026-03-13 08:00:00,system,2026-03-13 08:00:00,system
744,162,751,6,1280,B26-P1280-000744,6,4.0,4.0,0.0,220.0,220.0,0.0,,2026-03-13 08:00:00,system,2026-03-13 08:00:00,system
745,162,752,7,525,B26-P0525-000745,6,13.0,13.0,0.0,260.0,260.0,0.0,,2026-03-13 08:00:00,system,2026-03-13 08:00:00,system
746,162,753,8,1147,B26-P1147-000746,6,1.0,1.0,0.0,210.0,210.0,0.0,,2026-03-13 08:00:00,system,2026-03-13 08:00:00,system
747,162,754,9,870,B26-P0870-000747,6,12.0,12.0,0.0,360.0,360.0,0.0,,2026-03-13 08:00:00,system,2026-03-13 08:00:00,system
748,162,755,10,479,B26-P0479-000748,6,13.0,13.0,0.0,39.0,39.0,0.0,,2026-03-13 08:00:00,system,2026-03-13 08:00:00,system
749,163,767,1,107,B26-P0107-000749,6,8.0,8.0,0.0,400.0,400.0,0.0,,2026-04-16 08:00:00,system,2026-04-16 08:00:00,system
750,163,769,2,288,B26-P0288-000750,6,7.0,7.0,0.0,8.4,8.4,0.0,,2026-04-16 08:00:00,system,2026-04-16 08:00:00,system
751,164,767,1,107,B26-P0107-000751,6,4.0,4.0,0.0,200.0,200.0,0.0,,2026-04-17 08:00:00,system,2026-04-17 08:00:00,system
752,164,768,2,958,B26-P0958-000752,1,2.0,2.0,0.0,4000.0,4000.0,0.0,,2026-04-17 08:00:00,system,2026-04-17 08:00:00,system
753,164,769,3,288,B26-P0288-000753,6,8.0,8.0,0.0,9.6,9.6,0.0,,2026-04-17 08:00:00,system,2026-04-17 08:00:00,system
754,165,774,1,1362,B26-P1362-000754,6,1.0,1.0,0.0,1.0,1.0,0.0,,2026-03-16 08:00:00,system,2026-03-16 08:00:00,system
755,165,775,2,304,B26-P0304-000755,6,9.0,9.0,0.0,7.2,7.2,0.0,,2026-03-16 08:00:00,system,2026-03-16 08:00:00,system
756,165,776,3,1342,B26-P1342-000756,1,4.0,4.0,0.0,4000.0,4000.0,0.0,,2026-03-16 08:00:00,system,2026-03-16 08:00:00,system
757,165,778,4,473,B26-P0473-000757,6,1.0,1.0,0.0,180.0,180.0,0.0,,2026-03-16 08:00:00,system,2026-03-16 08:00:00,system
758,165,779,5,1460,B26-P1460-000758,6,2.0,2.0,0.0,100.0,100.0,0.0,,2026-03-16 08:00:00,system,2026-03-16 08:00:00,system
759,165,780,6,118,B26-P0118-000759,6,6.0,6.0,0.0,90.0,90.0,0.0,,2026-03-16 08:00:00,system,2026-03-16 08:00:00,system
760,165,781,7,794,B26-P0794-000760,6,1.0,1.0,0.0,50.0,50.0,0.0,,2026-03-16 08:00:00,system,2026-03-16 08:00:00,system
761,166,774,1,1362,B26-P1362-000761,6,25.0,25.0,0.0,25.0,25.0,0.0,,2026-03-19 08:00:00,system,2026-03-19 08:00:00,system
762,166,775,2,304,B26-P0304-000762,6,3.0,3.0,0.0,2.4,2.4,0.0,,2026-03-19 08:00:00,system,2026-03-19 08:00:00,system
763,166,776,3,1342,B26-P1342-000763,1,2.0,2.0,0.0,2000.0,2000.0,0.0,,2026-03-19 08:00:00,system,2026-03-19 08:00:00,system
764,166,777,4,366,B26-P0366-000764,1,1.0,1.0,0.0,1000.0,1000.0,0.0,,2026-03-19 08:00:00,system,2026-03-19 08:00:00,system
765,166,778,5,473,B26-P0473-000765,6,1.0,1.0,0.0,180.0,180.0,0.0,,2026-03-19 08:00:00,system,2026-03-19 08:00:00,system
766,166,780,6,118,B26-P0118-000766,6,12.0,12.0,0.0,180.0,180.0,0.0,,2026-03-19 08:00:00,system,2026-03-19 08:00:00,system
767,166,781,7,794,B26-P0794-000767,6,7.0,7.0,0.0,350.0,350.0,0.0,,2026-03-19 08:00:00,system,2026-03-19 08:00:00,system
768,167,790,1,394,B26-P0394-000768,6,3.0,3.0,0.0,15.0,15.0,0.0,,2026-01-12 08:00:00,system,2026-01-12 08:00:00,system
769,167,791,2,9,B26-P0009-000769,6,2.0,2.0,0.0,100.0,100.0,0.0,,2026-01-12 08:00:00,system,2026-01-12 08:00:00,system
770,167,792,3,1009,B26-P1009-000770,6,12.0,12.0,0.0,4.8,4.8,0.0,,2026-01-12 08:00:00,system,2026-01-12 08:00:00,system
771,167,793,4,285,B26-P0285-000771,1,2.0,2.0,0.0,2000.0,2000.0,0.0,,2026-01-12 08:00:00,system,2026-01-12 08:00:00,system
772,167,794,5,290,B26-P0290-000772,6,6.0,6.0,0.0,30.0,30.0,0.0,,2026-01-12 08:00:00,system,2026-01-12 08:00:00,system
773,167,795,6,1449,B26-P1449-000773,6,24.0,24.0,0.0,600.0,600.0,0.0,,2026-01-12 08:00:00,system,2026-01-12 08:00:00,system
774,167,796,7,413,B26-P0413-000774,6,14.0,14.0,0.0,350.0,350.0,0.0,,2026-01-12 08:00:00,system,2026-01-12 08:00:00,system
775,167,797,8,288,B26-P0288-000775,6,14.0,14.0,0.0,16.8,16.8,0.0,,2026-01-12 08:00:00,system,2026-01-12 08:00:00,system
776,168,800,1,1268,B26-P1268-000776,6,2.0,2.0,0.0,6.0,6.0,0.0,,2026-06-06 08:00:00,system,2026-06-06 08:00:00,system
777,168,801,2,788,B26-P0788-000777,6,1.0,1.0,0.0,5.0,5.0,0.0,,2026-06-06 08:00:00,system,2026-06-06 08:00:00,system
778,169,818,1,788,B26-P0788-000778,6,14.0,14.0,0.0,70.0,70.0,0.0,,2026-07-01 08:00:00,system,2026-07-01 08:00:00,system
779,170,819,1,356,B26-P0356-000779,6,7.0,7.0,0.0,35.0,35.0,0.0,,2026-02-21 08:00:00,system,2026-02-21 08:00:00,system
780,170,820,2,457,B26-P0457-000780,1,6.0,6.0,0.0,6000.0,6000.0,0.0,,2026-02-21 08:00:00,system,2026-02-21 08:00:00,system
781,171,821,1,355,B26-P0355-000781,6,8.0,8.0,0.0,24.0,24.0,0.0,,2026-03-08 08:00:00,system,2026-03-08 08:00:00,system
782,171,822,2,1097,B26-P1097-000782,6,9.0,9.0,0.0,45.0,45.0,0.0,,2026-03-08 08:00:00,system,2026-03-08 08:00:00,system
783,171,823,3,1482,B26-P1482-000783,6,1.0,1.0,0.0,30.0,30.0,0.0,,2026-03-08 08:00:00,system,2026-03-08 08:00:00,system
784,171,824,4,855,B26-P0855-000784,6,14.0,14.0,0.0,350.0,350.0,0.0,,2026-03-08 08:00:00,system,2026-03-08 08:00:00,system
785,171,825,5,1263,B26-P1263-000785,6,10.0,10.0,0.0,200.0,200.0,0.0,,2026-03-08 08:00:00,system,2026-03-08 08:00:00,system
786,171,826,6,554,B26-P0554-000786,6,7.0,7.0,0.0,140.0,140.0,0.0,,2026-03-08 08:00:00,system,2026-03-08 08:00:00,system
787,171,827,7,563,B26-P0563-000787,1,2.0,2.0,0.0,4000.0,4000.0,0.0,,2026-03-08 08:00:00,system,2026-03-08 08:00:00,system
788,171,828,8,833,B26-P0833-000788,1,7.0,7.0,0.0,7000.0,7000.0,0.0,,2026-03-08 08:00:00,system,2026-03-08 08:00:00,system
789,171,829,9,1059,B26-P1059-000789,6,48.0,48.0,0.0,240.0,240.0,0.0,,2026-03-08 08:00:00,system,2026-03-08 08:00:00,system
790,171,830,10,44,B26-P0044-000790,6,2.0,2.0,0.0,1.6,1.6,0.0,,2026-03-08 08:00:00,system,2026-03-08 08:00:00,system
791,172,821,1,355,B26-P0355-000791,6,8.0,8.0,0.0,24.0,24.0,0.0,,2026-03-13 08:00:00,system,2026-03-13 08:00:00,system
792,172,822,2,1097,B26-P1097-000792,6,81.0,81.0,0.0,405.0,405.0,0.0,,2026-03-13 08:00:00,system,2026-03-13 08:00:00,system
793,172,823,3,1482,B26-P1482-000793,6,17.0,16.0,1.0,510.0,480.0,30.0,,2026-03-13 08:00:00,system,2026-03-13 08:00:00,system
794,172,824,4,855,B26-P0855-000794,6,2.0,2.0,0.0,50.0,50.0,0.0,,2026-03-13 08:00:00,system,2026-03-13 08:00:00,system
795,172,825,5,1263,B26-P1263-000795,6,6.0,6.0,0.0,120.0,120.0,0.0,,2026-03-13 08:00:00,system,2026-03-13 08:00:00,system
796,172,826,6,554,B26-P0554-000796,6,23.0,23.0,0.0,460.0,460.0,0.0,,2026-03-13 08:00:00,system,2026-03-13 08:00:00,system
797,172,827,7,563,B26-P0563-000797,1,2.0,2.0,0.0,4000.0,4000.0,0.0,,2026-03-13 08:00:00,system,2026-03-13 08:00:00,system
798,172,828,8,833,B26-P0833-000798,1,1.0,1.0,0.0,1000.0,1000.0,0.0,,2026-03-13 08:00:00,system,2026-03-13 08:00:00,system
799,172,829,9,1059,B26-P1059-000799,6,6.0,6.0,0.0,30.0,30.0,0.0,,2026-03-13 08:00:00,system,2026-03-13 08:00:00,system
800,172,830,10,44,B26-P0044-000800,6,11.0,11.0,0.0,8.8,8.8,0.0,,2026-03-13 08:00:00,system,2026-03-13 08:00:00,system
801,173,831,1,805,B26-P0805-000801,1,6.0,6.0,0.0,6000.0,6000.0,0.0,,2026-03-28 08:00:00,system,2026-03-28 08:00:00,system
802,174,832,1,494,B26-P0494-000802,6,3.0,3.0,0.0,9.0,9.0,0.0,,2026-06-10 08:00:00,system,2026-06-10 08:00:00,system
803,174,833,2,989,B26-P0989-000803,6,1.0,1.0,0.0,180.0,180.0,0.0,,2026-06-10 08:00:00,system,2026-06-10 08:00:00,system
804,174,834,3,9,B26-P0009-000804,6,3.0,3.0,0.0,150.0,150.0,0.0,,2026-06-10 08:00:00,system,2026-06-10 08:00:00,system
805,174,835,4,660,B26-P0660-000805,6,3.0,3.0,0.0,15.0,15.0,0.0,,2026-06-10 08:00:00,system,2026-06-10 08:00:00,system
806,174,836,5,584,B26-P0584-000806,6,4.0,4.0,0.0,120.0,120.0,0.0,,2026-06-10 08:00:00,system,2026-06-10 08:00:00,system
807,174,837,6,1445,B26-P1445-000807,6,11.0,11.0,0.0,55.0,55.0,0.0,,2026-06-10 08:00:00,system,2026-06-10 08:00:00,system
808,174,838,7,137,B26-P0137-000808,6,1.0,1.0,0.0,20.0,20.0,0.0,,2026-06-10 08:00:00,system,2026-06-10 08:00:00,system
809,174,840,8,82,B26-P0082-000809,6,13.0,13.0,0.0,10.4,10.4,0.0,,2026-06-10 08:00:00,system,2026-06-10 08:00:00,system
810,174,841,9,437,B26-P0437-000810,6,6.0,6.0,0.0,180.0,180.0,0.0,,2026-06-10 08:00:00,system,2026-06-10 08:00:00,system
811,174,842,10,129,B26-P0129-000811,6,5.0,5.0,0.0,6.0,6.0,0.0,,2026-06-10 08:00:00,system,2026-06-10 08:00:00,system
812,174,843,11,997,B26-P0997-000812,6,1.0,1.0,0.0,50.0,50.0,0.0,,2026-06-10 08:00:00,system,2026-06-10 08:00:00,system
813,174,845,12,214,B26-P0214-000813,6,11.0,11.0,0.0,605.0,605.0,0.0,,2026-06-10 08:00:00,system,2026-06-10 08:00:00,system
814,175,832,1,494,B26-P0494-000814,6,27.0,27.0,0.0,81.0,81.0,0.0,,2026-06-15 08:00:00,system,2026-06-15 08:00:00,system
815,175,835,2,660,B26-P0660-000815,6,6.0,6.0,0.0,30.0,30.0,0.0,,2026-06-15 08:00:00,system,2026-06-15 08:00:00,system
816,175,836,3,584,B26-P0584-000816,6,4.0,4.0,0.0,120.0,120.0,0.0,,2026-06-15 08:00:00,system,2026-06-15 08:00:00,system
817,175,838,4,137,B26-P0137-000817,6,6.0,6.0,0.0,120.0,120.0,0.0,,2026-06-15 08:00:00,system,2026-06-15 08:00:00,system
818,175,839,5,1395,B26-P1395-000818,6,4.0,4.0,0.0,40.0,40.0,0.0,,2026-06-15 08:00:00,system,2026-06-15 08:00:00,system
819,175,840,6,82,B26-P0082-000819,6,2.0,2.0,0.0,1.6,1.6,0.0,,2026-06-15 08:00:00,system,2026-06-15 08:00:00,system
820,175,841,7,437,B26-P0437-000820,6,1.0,1.0,0.0,30.0,30.0,0.0,,2026-06-15 08:00:00,system,2026-06-15 08:00:00,system
821,175,842,8,129,B26-P0129-000821,6,25.0,25.0,0.0,30.0,30.0,0.0,,2026-06-15 08:00:00,system,2026-06-15 08:00:00,system
822,175,843,9,997,B26-P0997-000822,6,2.0,2.0,0.0,100.0,100.0,0.0,,2026-06-15 08:00:00,system,2026-06-15 08:00:00,system
823,175,844,10,169,B26-P0169-000823,6,1.0,1.0,0.0,30.0,30.0,0.0,,2026-06-15 08:00:00,system,2026-06-15 08:00:00,system
824,175,845,11,214,B26-P0214-000824,6,2.0,2.0,0.0,110.0,110.0,0.0,,2026-06-15 08:00:00,system,2026-06-15 08:00:00,system
825,176,848,1,227,B26-P0227-000825,6,8.0,7.0,1.0,240.0,210.0,30.0,,2026-04-06 08:00:00,system,2026-04-06 08:00:00,system
826,177,849,1,49,B26-P0049-000826,6,30.0,30.0,0.0,300.0,300.0,0.0,,2026-06-18 08:00:00,system,2026-06-18 08:00:00,system
827,177,850,2,822,B26-P0822-000827,6,30.0,30.0,0.0,150.0,150.0,0.0,,2026-06-18 08:00:00,system,2026-06-18 08:00:00,system
828,177,851,3,194,B26-P0194-000828,6,12.0,12.0,0.0,60.0,60.0,0.0,,2026-06-18 08:00:00,system,2026-06-18 08:00:00,system
829,178,852,1,1284,B26-P1284-000829,1,2.0,2.0,0.0,4000.0,4000.0,0.0,,2026-07-01 08:00:00,system,2026-07-01 08:00:00,system
830,178,853,2,1495,B26-P1495-000830,6,7.0,7.0,0.0,175.0,175.0,0.0,,2026-07-01 08:00:00,system,2026-07-01 08:00:00,system
831,178,854,3,1057,B26-P1057-000831,6,40.0,40.0,0.0,40.0,40.0,0.0,,2026-07-01 08:00:00,system,2026-07-01 08:00:00,system
832,178,856,4,621,B26-P0621-000832,6,3.0,2.0,1.0,9.0,6.0,3.0,,2026-07-01 08:00:00,system,2026-07-01 08:00:00,system
833,179,853,1,1495,B26-P1495-000833,6,4.0,4.0,0.0,100.0,100.0,0.0,,2026-07-04 08:00:00,system,2026-07-04 08:00:00,system
834,179,854,2,1057,B26-P1057-000834,6,24.0,24.0,0.0,24.0,24.0,0.0,,2026-07-04 08:00:00,system,2026-07-04 08:00:00,system
835,179,855,3,1299,B26-P1299-000835,1,3.0,3.0,0.0,6000.0,6000.0,0.0,,2026-07-04 08:00:00,system,2026-07-04 08:00:00,system
836,179,856,4,621,B26-P0621-000836,6,5.0,5.0,0.0,15.0,15.0,0.0,,2026-07-04 08:00:00,system,2026-07-04 08:00:00,system
837,180,857,1,754,B26-P0754-000837,6,6.0,6.0,0.0,1080.0,1080.0,0.0,,2026-04-25 08:00:00,system,2026-04-25 08:00:00,system
838,180,858,2,1381,B26-P1381-000838,6,28.0,28.0,0.0,280.0,280.0,0.0,,2026-04-25 08:00:00,system,2026-04-25 08:00:00,system
839,181,859,1,1304,B26-P1304-000839,6,8.0,8.0,0.0,1440.0,1440.0,0.0,,2026-05-08 08:00:00,system,2026-05-08 08:00:00,system
840,181,860,2,414,B26-P0414-000840,6,35.0,35.0,0.0,1050.0,1050.0,0.0,,2026-05-08 08:00:00,system,2026-05-08 08:00:00,system
841,181,861,3,265,B26-P0265-000841,6,14.0,14.0,0.0,420.0,420.0,0.0,,2026-05-08 08:00:00,system,2026-05-08 08:00:00,system
842,182,862,1,698,B26-P0698-000842,6,16.0,16.0,0.0,80.0,80.0,0.0,,2026-05-03 08:00:00,system,2026-05-03 08:00:00,system
843,183,864,1,1186,B26-P1186-000843,6,4.0,4.0,0.0,12.0,12.0,0.0,,2026-03-02 08:00:00,system,2026-03-02 08:00:00,system
844,183,865,2,1490,B26-P1490-000844,6,43.0,43.0,0.0,129.0,129.0,0.0,,2026-03-02 08:00:00,system,2026-03-02 08:00:00,system
845,183,866,3,1122,B26-P1122-000845,6,2.0,1.0,1.0,36.0,18.0,18.0,,2026-03-02 08:00:00,system,2026-03-02 08:00:00,system
846,183,867,4,492,B26-P0492-000846,6,4.0,4.0,0.0,4.0,4.0,0.0,,2026-03-02 08:00:00,system,2026-03-02 08:00:00,system
847,183,868,5,572,B26-P0572-000847,6,2.0,2.0,0.0,110.0,110.0,0.0,,2026-03-02 08:00:00,system,2026-03-02 08:00:00,system
848,183,869,6,1422,B26-P1422-000848,6,6.0,6.0,0.0,30.0,30.0,0.0,,2026-03-02 08:00:00,system,2026-03-02 08:00:00,system
849,183,870,7,1261,B26-P1261-000849,6,46.0,46.0,0.0,230.0,230.0,0.0,,2026-03-02 08:00:00,system,2026-03-02 08:00:00,system
850,183,871,8,366,B26-P0366-000850,1,7.0,7.0,0.0,7000.0,7000.0,0.0,,2026-03-02 08:00:00,system,2026-03-02 08:00:00,system
851,184,863,1,1500,B26-P1500-000851,6,1.0,1.0,0.0,210.0,210.0,0.0,,2026-03-05 08:00:00,system,2026-03-05 08:00:00,system
852,184,864,2,1186,B26-P1186-000852,6,24.0,23.0,1.0,72.0,69.0,3.0,,2026-03-05 08:00:00,system,2026-03-05 08:00:00,system
853,184,865,3,1490,B26-P1490-000853,6,11.0,11.0,0.0,33.0,33.0,0.0,,2026-03-05 08:00:00,system,2026-03-05 08:00:00,system
854,184,866,4,1122,B26-P1122-000854,6,10.0,10.0,0.0,180.0,180.0,0.0,,2026-03-05 08:00:00,system,2026-03-05 08:00:00,system
855,184,867,5,492,B26-P0492-000855,6,76.0,76.0,0.0,76.0,76.0,0.0,,2026-03-05 08:00:00,system,2026-03-05 08:00:00,system
856,184,868,6,572,B26-P0572-000856,6,7.0,7.0,0.0,385.0,385.0,0.0,,2026-03-05 08:00:00,system,2026-03-05 08:00:00,system
857,184,869,7,1422,B26-P1422-000857,6,18.0,18.0,0.0,90.0,90.0,0.0,,2026-03-05 08:00:00,system,2026-03-05 08:00:00,system
858,184,870,8,1261,B26-P1261-000858,6,39.0,39.0,0.0,195.0,195.0,0.0,,2026-03-05 08:00:00,system,2026-03-05 08:00:00,system
859,184,871,9,366,B26-P0366-000859,1,1.0,1.0,0.0,1000.0,1000.0,0.0,,2026-03-05 08:00:00,system,2026-03-05 08:00:00,system
860,184,872,10,604,B26-P0604-000860,1,6.0,6.0,0.0,3000.0,3000.0,0.0,,2026-03-05 08:00:00,system,2026-03-05 08:00:00,system
861,185,873,1,1022,B26-P1022-000861,6,17.0,17.0,0.0,85.0,85.0,0.0,,2026-03-28 08:00:00,system,2026-03-28 08:00:00,system
862,185,874,2,1053,B26-P1053-000862,6,1.0,1.0,0.0,50.0,50.0,0.0,,2026-03-28 08:00:00,system,2026-03-28 08:00:00,system
863,185,875,3,768,B26-P0768-000863,6,4.0,4.0,0.0,720.0,720.0,0.0,,2026-03-28 08:00:00,system,2026-03-28 08:00:00,system
864,186,873,1,1022,B26-P1022-000864,6,19.0,19.0,0.0,95.0,95.0,0.0,,2026-03-29 08:00:00,system,2026-03-29 08:00:00,system
865,186,874,2,1053,B26-P1053-000865,6,5.0,5.0,0.0,250.0,250.0,0.0,,2026-03-29 08:00:00,system,2026-03-29 08:00:00,system
866,186,875,3,768,B26-P0768-000866,6,2.0,2.0,0.0,360.0,360.0,0.0,,2026-03-29 08:00:00,system,2026-03-29 08:00:00,system
867,187,889,1,373,B26-P0373-000867,6,21.0,20.0,1.0,315.0,300.0,15.0,,2026-05-28 08:00:00,system,2026-05-28 08:00:00,system
868,187,890,2,455,B26-P0455-000868,6,2.0,2.0,0.0,360.0,360.0,0.0,,2026-05-28 08:00:00,system,2026-05-28 08:00:00,system
869,187,891,3,1083,B26-P1083-000869,6,63.0,63.0,0.0,25.2,25.2,0.0,,2026-05-28 08:00:00,system,2026-05-28 08:00:00,system
870,187,892,4,1317,B26-P1317-000870,1,6.0,6.0,0.0,12000.0,12000.0,0.0,,2026-05-28 08:00:00,system,2026-05-28 08:00:00,system
871,187,893,5,10,B26-P0010-000871,6,10.0,10.0,0.0,550.0,550.0,0.0,,2026-05-28 08:00:00,system,2026-05-28 08:00:00,system
872,188,894,1,120,B26-P0120-000872,6,9.0,9.0,0.0,225.0,225.0,0.0,,2026-03-20 08:00:00,system,2026-03-20 08:00:00,system
873,188,895,2,855,B26-P0855-000873,6,32.0,32.0,0.0,800.0,800.0,0.0,,2026-03-20 08:00:00,system,2026-03-20 08:00:00,system
874,188,896,3,1196,B26-P1196-000874,6,21.0,21.0,0.0,210.0,210.0,0.0,,2026-03-20 08:00:00,system,2026-03-20 08:00:00,system
875,188,897,4,1191,B26-P1191-000875,6,2.0,2.0,0.0,420.0,420.0,0.0,,2026-03-20 08:00:00,system,2026-03-20 08:00:00,system
876,189,902,1,862,B26-P0862-000876,1,4.0,4.0,0.0,4000.0,4000.0,0.0,,2026-01-10 08:00:00,system,2026-01-10 08:00:00,system
877,189,903,2,204,B26-P0204-000877,6,28.0,28.0,0.0,28.0,28.0,0.0,,2026-01-10 08:00:00,system,2026-01-10 08:00:00,system
878,190,905,1,1214,B26-P1214-000878,6,5.0,5.0,0.0,15.0,15.0,0.0,,2026-02-25 08:00:00,system,2026-02-25 08:00:00,system
879,190,906,2,349,B26-P0349-000879,6,2.0,2.0,0.0,1.6,1.6,0.0,,2026-02-25 08:00:00,system,2026-02-25 08:00:00,system
880,191,914,1,393,B26-P0393-000880,6,26.0,26.0,0.0,78.0,78.0,0.0,,2026-04-22 08:00:00,system,2026-04-22 08:00:00,system
881,191,915,2,1272,B26-P1272-000881,6,2.0,2.0,0.0,110.0,110.0,0.0,,2026-04-22 08:00:00,system,2026-04-22 08:00:00,system
882,191,916,3,1081,B26-P1081-000882,6,8.0,8.0,0.0,400.0,400.0,0.0,,2026-04-22 08:00:00,system,2026-04-22 08:00:00,system
883,192,917,1,513,B26-P0513-000883,6,30.0,30.0,0.0,900.0,900.0,0.0,,2026-01-28 08:00:00,system,2026-01-28 08:00:00,system
884,192,918,2,923,B26-P0923-000884,6,21.0,21.0,0.0,210.0,210.0,0.0,,2026-01-28 08:00:00,system,2026-01-28 08:00:00,system
885,193,919,1,1204,B26-P1204-000885,1,1.0,1.0,0.0,1000.0,1000.0,0.0,,2026-03-02 08:00:00,system,2026-03-02 08:00:00,system
886,193,920,2,1048,B26-P1048-000886,6,12.0,12.0,0.0,12.0,12.0,0.0,,2026-03-02 08:00:00,system,2026-03-02 08:00:00,system
887,193,921,3,290,B26-P0290-000887,6,11.0,11.0,0.0,55.0,55.0,0.0,,2026-03-02 08:00:00,system,2026-03-02 08:00:00,system
888,193,922,4,1132,B26-P1132-000888,6,5.0,5.0,0.0,250.0,250.0,0.0,,2026-03-02 08:00:00,system,2026-03-02 08:00:00,system
889,193,923,5,220,B26-P0220-000889,6,30.0,29.0,1.0,36.0,34.8,1.2,,2026-03-02 08:00:00,system,2026-03-02 08:00:00,system
890,194,924,1,1022,B26-P1022-000890,6,12.0,12.0,0.0,60.0,60.0,0.0,,2026-07-10 08:00:00,system,2026-07-10 08:00:00,system
891,194,925,2,52,B26-P0052-000891,6,10.0,10.0,0.0,250.0,250.0,0.0,,2026-07-10 08:00:00,system,2026-07-10 08:00:00,system
892,194,926,3,1365,B26-P1365-000892,6,6.0,6.0,0.0,330.0,330.0,0.0,,2026-07-10 08:00:00,system,2026-07-10 08:00:00,system
893,194,927,4,265,B26-P0265-000893,6,7.0,7.0,0.0,210.0,210.0,0.0,,2026-07-10 08:00:00,system,2026-07-10 08:00:00,system
894,194,928,5,10,B26-P0010-000894,6,4.0,4.0,0.0,220.0,220.0,0.0,,2026-07-10 08:00:00,system,2026-07-10 08:00:00,system
895,195,936,1,1343,B26-P1343-000895,1,2.0,2.0,0.0,4000.0,4000.0,0.0,,2026-02-06 08:00:00,system,2026-02-06 08:00:00,system
896,195,937,2,989,B26-P0989-000896,6,2.0,2.0,0.0,360.0,360.0,0.0,,2026-02-06 08:00:00,system,2026-02-06 08:00:00,system
897,195,938,3,1347,B26-P1347-000897,6,10.0,10.0,0.0,550.0,550.0,0.0,,2026-02-06 08:00:00,system,2026-02-06 08:00:00,system
898,196,939,1,1419,B26-P1419-000898,1,4.0,4.0,0.0,4000.0,4000.0,0.0,,2026-03-09 08:00:00,system,2026-03-09 08:00:00,system
899,196,940,2,943,B26-P0943-000899,1,8.0,8.0,0.0,8000.0,8000.0,0.0,,2026-03-09 08:00:00,system,2026-03-09 08:00:00,system
900,196,941,3,955,B26-P0955-000900,6,5.0,5.0,0.0,1050.0,1050.0,0.0,,2026-03-09 08:00:00,system,2026-03-09 08:00:00,system
901,196,942,4,146,B26-P0146-000901,6,40.0,40.0,0.0,40.0,40.0,0.0,,2026-03-09 08:00:00,system,2026-03-09 08:00:00,system
902,196,943,5,1069,B26-P1069-000902,6,48.0,48.0,0.0,240.0,240.0,0.0,,2026-03-09 08:00:00,system,2026-03-09 08:00:00,system
903,196,944,6,1221,B26-P1221-000903,6,65.0,64.0,1.0,65.0,64.0,1.0,,2026-03-09 08:00:00,system,2026-03-09 08:00:00,system
904,197,945,1,1068,B26-P1068-000904,6,10.0,10.0,0.0,20.0,20.0,0.0,,2026-06-03 08:00:00,system,2026-06-03 08:00:00,system
905,198,953,1,1249,B26-P1249-000905,6,10.0,10.0,0.0,550.0,550.0,0.0,,2026-01-19 08:00:00,system,2026-01-19 08:00:00,system
906,198,954,2,387,B26-P0387-000906,6,24.0,24.0,0.0,240.0,240.0,0.0,,2026-01-19 08:00:00,system,2026-01-19 08:00:00,system
907,198,955,3,142,B26-P0142-000907,6,8.0,8.0,0.0,1440.0,1440.0,0.0,,2026-01-19 08:00:00,system,2026-01-19 08:00:00,system
908,198,956,4,1419,B26-P1419-000908,1,6.0,5.0,1.0,6000.0,5000.0,1000.0,,2026-01-19 08:00:00,system,2026-01-19 08:00:00,system
909,198,957,5,1116,B26-P1116-000909,6,26.0,26.0,0.0,10.4,10.4,0.0,,2026-01-19 08:00:00,system,2026-01-19 08:00:00,system
910,199,958,1,269,B26-P0269-000910,6,3.0,3.0,0.0,630.0,630.0,0.0,,2026-07-07 08:00:00,system,2026-07-07 08:00:00,system
911,199,959,2,710,B26-P0710-000911,1,1.0,1.0,0.0,2000.0,2000.0,0.0,,2026-07-07 08:00:00,system,2026-07-07 08:00:00,system
912,199,960,3,528,B26-P0528-000912,6,3.0,3.0,0.0,150.0,150.0,0.0,,2026-07-07 08:00:00,system,2026-07-07 08:00:00,system
913,199,961,4,1134,B26-P1134-000913,6,119.0,118.0,1.0,47.6,47.2,0.4,,2026-07-07 08:00:00,system,2026-07-07 08:00:00,system
914,199,962,5,1057,B26-P1057-000914,6,12.0,12.0,0.0,12.0,12.0,0.0,,2026-07-07 08:00:00,system,2026-07-07 08:00:00,system
915,199,963,6,428,B26-P0428-000915,6,12.0,12.0,0.0,300.0,300.0,0.0,,2026-07-07 08:00:00,system,2026-07-07 08:00:00,system
916,200,964,1,1476,B26-P1476-000916,6,9.0,9.0,0.0,27.0,27.0,0.0,,2026-04-27 08:00:00,system,2026-04-27 08:00:00,system
917,200,965,2,306,B26-P0306-000917,6,23.0,23.0,0.0,27.6,27.6,0.0,,2026-04-27 08:00:00,system,2026-04-27 08:00:00,system
918,200,966,3,579,B26-P0579-000918,6,1.0,1.0,0.0,5.0,5.0,0.0,,2026-04-27 08:00:00,system,2026-04-27 08:00:00,system
919,200,967,4,1287,B26-P1287-000919,6,5.0,4.0,1.0,100.0,80.0,20.0,,2026-04-27 08:00:00,system,2026-04-27 08:00:00,system
920,200,968,5,771,B26-P0771-000920,1,3.0,3.0,0.0,3000.0,3000.0,0.0,,2026-04-27 08:00:00,system,2026-04-27 08:00:00,system
921,200,969,6,244,B26-P0244-000921,6,1.0,1.0,0.0,55.0,55.0,0.0,,2026-04-27 08:00:00,system,2026-04-27 08:00:00,system
922,200,970,7,373,B26-P0373-000922,6,35.0,35.0,0.0,525.0,525.0,0.0,,2026-04-27 08:00:00,system,2026-04-27 08:00:00,system
923,200,972,8,237,B26-P0237-000923,6,2.0,2.0,0.0,10.0,10.0,0.0,,2026-04-27 08:00:00,system,2026-04-27 08:00:00,system
924,200,973,9,1330,B26-P1330-000924,6,1.0,1.0,0.0,180.0,180.0,0.0,,2026-04-27 08:00:00,system,2026-04-27 08:00:00,system
925,200,974,10,35,B26-P0035-000925,6,5.0,4.0,1.0,75.0,60.0,15.0,,2026-04-27 08:00:00,system,2026-04-27 08:00:00,system
926,201,964,1,1476,B26-P1476-000926,6,25.0,25.0,0.0,75.0,75.0,0.0,,2026-05-01 08:00:00,system,2026-05-01 08:00:00,system
927,201,965,2,306,B26-P0306-000927,6,3.0,3.0,0.0,3.6,3.6,0.0,,2026-05-01 08:00:00,system,2026-05-01 08:00:00,system
928,201,966,3,579,B26-P0579-000928,6,4.0,4.0,0.0,20.0,20.0,0.0,,2026-05-01 08:00:00,system,2026-05-01 08:00:00,system
929,201,967,4,1287,B26-P1287-000929,6,1.0,1.0,0.0,20.0,20.0,0.0,,2026-05-01 08:00:00,system,2026-05-01 08:00:00,system
930,201,968,5,771,B26-P0771-000930,1,1.0,1.0,0.0,1000.0,1000.0,0.0,,2026-05-01 08:00:00,system,2026-05-01 08:00:00,system
931,201,971,6,311,B26-P0311-000931,6,10.0,10.0,0.0,200.0,200.0,0.0,,2026-05-01 08:00:00,system,2026-05-01 08:00:00,system
932,201,972,7,237,B26-P0237-000932,6,4.0,4.0,0.0,20.0,20.0,0.0,,2026-05-01 08:00:00,system,2026-05-01 08:00:00,system
933,201,974,8,35,B26-P0035-000933,6,8.0,8.0,0.0,120.0,120.0,0.0,,2026-05-01 08:00:00,system,2026-05-01 08:00:00,system
934,202,964,1,1476,B26-P1476-000934,6,8.0,8.0,0.0,24.0,24.0,0.0,,2026-05-04 08:00:00,system,2026-05-04 08:00:00,system
935,202,965,2,306,B26-P0306-000935,6,29.0,29.0,0.0,34.8,34.8,0.0,,2026-05-04 08:00:00,system,2026-05-04 08:00:00,system
936,202,966,3,579,B26-P0579-000936,6,7.0,7.0,0.0,35.0,35.0,0.0,,2026-05-04 08:00:00,system,2026-05-04 08:00:00,system
937,202,968,4,771,B26-P0771-000937,1,4.0,4.0,0.0,4000.0,4000.0,0.0,,2026-05-04 08:00:00,system,2026-05-04 08:00:00,system
938,202,969,5,244,B26-P0244-000938,6,1.0,1.0,0.0,55.0,55.0,0.0,,2026-05-04 08:00:00,system,2026-05-04 08:00:00,system
939,202,971,6,311,B26-P0311-000939,6,4.0,4.0,0.0,80.0,80.0,0.0,,2026-05-04 08:00:00,system,2026-05-04 08:00:00,system
940,202,973,7,1330,B26-P1330-000940,6,1.0,0.0,1.0,180.0,0.0,180.0,,2026-05-04 08:00:00,system,2026-05-04 08:00:00,system
941,202,974,8,35,B26-P0035-000941,6,8.0,8.0,0.0,120.0,120.0,0.0,,2026-05-04 08:00:00,system,2026-05-04 08:00:00,system
942,203,975,1,512,B26-P0512-000942,6,6.0,6.0,0.0,150.0,150.0,0.0,,2026-06-16 08:00:00,system,2026-06-16 08:00:00,system
943,203,977,2,29,B26-P0029-000943,6,4.0,4.0,0.0,3.2,3.2,0.0,,2026-06-16 08:00:00,system,2026-06-16 08:00:00,system
944,203,978,3,1216,B26-P1216-000944,6,3.0,3.0,0.0,30.0,30.0,0.0,,2026-06-16 08:00:00,system,2026-06-16 08:00:00,system
945,203,979,4,805,B26-P0805-000945,1,1.0,1.0,0.0,1000.0,1000.0,0.0,,2026-06-16 08:00:00,system,2026-06-16 08:00:00,system
946,204,975,1,512,B26-P0512-000946,6,1.0,1.0,0.0,25.0,25.0,0.0,,2026-06-19 08:00:00,system,2026-06-19 08:00:00,system
947,204,976,2,1373,B26-P1373-000947,6,6.0,6.0,0.0,330.0,330.0,0.0,,2026-06-19 08:00:00,system,2026-06-19 08:00:00,system
948,204,977,3,29,B26-P0029-000948,6,9.0,9.0,0.0,7.2,7.2,0.0,,2026-06-19 08:00:00,system,2026-06-19 08:00:00,system
949,204,978,4,1216,B26-P1216-000949,6,4.0,4.0,0.0,40.0,40.0,0.0,,2026-06-19 08:00:00,system,2026-06-19 08:00:00,system
950,205,981,1,690,B26-P0690-000950,6,10.0,10.0,0.0,500.0,500.0,0.0,,2026-06-06 08:00:00,system,2026-06-06 08:00:00,system
951,206,982,1,254,B26-P0254-000951,6,1.0,1.0,0.0,210.0,210.0,0.0,,2026-06-03 08:00:00,system,2026-06-03 08:00:00,system
952,206,983,2,528,B26-P0528-000952,6,2.0,2.0,0.0,100.0,100.0,0.0,,2026-06-03 08:00:00,system,2026-06-03 08:00:00,system
953,207,984,1,749,B26-P0749-000953,6,39.0,39.0,0.0,117.0,117.0,0.0,,2026-05-28 08:00:00,system,2026-05-28 08:00:00,system
954,207,985,2,819,B26-P0819-000954,1,8.0,8.0,0.0,8000.0,8000.0,0.0,,2026-05-28 08:00:00,system,2026-05-28 08:00:00,system
955,207,986,3,79,B26-P0079-000955,6,6.0,6.0,0.0,1080.0,1080.0,0.0,,2026-05-28 08:00:00,system,2026-05-28 08:00:00,system
956,207,987,4,682,B26-P0682-000956,1,4.0,4.0,0.0,8000.0,8000.0,0.0,,2026-05-28 08:00:00,system,2026-05-28 08:00:00,system
957,207,988,5,496,B26-P0496-000957,6,24.0,24.0,0.0,240.0,240.0,0.0,,2026-05-28 08:00:00,system,2026-05-28 08:00:00,system
958,207,989,6,393,B26-P0393-000958,6,39.0,39.0,0.0,117.0,117.0,0.0,,2026-05-28 08:00:00,system,2026-05-28 08:00:00,system
959,208,990,1,231,B26-P0231-000959,6,5.0,5.0,0.0,1050.0,1050.0,0.0,,2026-02-13 08:00:00,system,2026-02-13 08:00:00,system
960,209,991,1,593,B26-P0593-000960,6,26.0,26.0,0.0,78.0,78.0,0.0,,2026-06-21 08:00:00,system,2026-06-21 08:00:00,system
961,209,992,2,162,B26-P0162-000961,6,68.0,68.0,0.0,81.6,81.6,0.0,,2026-06-21 08:00:00,system,2026-06-21 08:00:00,system
962,209,993,3,1457,B26-P1457-000962,6,35.0,35.0,0.0,700.0,700.0,0.0,,2026-06-21 08:00:00,system,2026-06-21 08:00:00,system
963,209,994,4,267,B26-P0267-000963,6,9.0,9.0,0.0,495.0,495.0,0.0,,2026-06-21 08:00:00,system,2026-06-21 08:00:00,system
964,209,995,5,989,B26-P0989-000964,6,6.0,6.0,0.0,1080.0,1080.0,0.0,,2026-06-21 08:00:00,system,2026-06-21 08:00:00,system
965,209,996,6,1422,B26-P1422-000965,6,40.0,40.0,0.0,200.0,200.0,0.0,,2026-06-21 08:00:00,system,2026-06-21 08:00:00,system
966,210,997,1,540,B26-P0540-000966,6,10.0,10.0,0.0,250.0,250.0,0.0,,2026-04-20 08:00:00,system,2026-04-20 08:00:00,system
967,210,998,2,278,B26-P0278-000967,6,4.0,4.0,0.0,80.0,80.0,0.0,,2026-04-20 08:00:00,system,2026-04-20 08:00:00,system
968,210,999,3,957,B26-P0957-000968,1,2.0,2.0,0.0,2000.0,2000.0,0.0,,2026-04-20 08:00:00,system,2026-04-20 08:00:00,system
969,210,1001,4,162,B26-P0162-000969,6,39.0,39.0,0.0,46.8,46.8,0.0,,2026-04-20 08:00:00,system,2026-04-20 08:00:00,system
970,210,1002,5,1205,B26-P1205-000970,6,34.0,34.0,0.0,34.0,34.0,0.0,,2026-04-20 08:00:00,system,2026-04-20 08:00:00,system
971,210,1003,6,1209,B26-P1209-000971,6,5.0,5.0,0.0,100.0,100.0,0.0,,2026-04-20 08:00:00,system,2026-04-20 08:00:00,system
972,210,1005,7,662,B26-P0662-000972,6,3.0,3.0,0.0,45.0,45.0,0.0,,2026-04-20 08:00:00,system,2026-04-20 08:00:00,system
973,210,1006,8,1070,B26-P1070-000973,6,3.0,3.0,0.0,30.0,30.0,0.0,,2026-04-20 08:00:00,system,2026-04-20 08:00:00,system
974,210,1007,9,762,B26-P0762-000974,6,2.0,2.0,0.0,30.0,30.0,0.0,,2026-04-20 08:00:00,system,2026-04-20 08:00:00,system
975,210,1008,10,554,B26-P0554-000975,6,10.0,10.0,0.0,200.0,200.0,0.0,,2026-04-20 08:00:00,system,2026-04-20 08:00:00,system
976,211,997,1,540,B26-P0540-000976,6,14.0,14.0,0.0,350.0,350.0,0.0,,2026-04-24 08:00:00,system,2026-04-24 08:00:00,system
977,211,998,2,278,B26-P0278-000977,6,8.0,8.0,0.0,160.0,160.0,0.0,,2026-04-24 08:00:00,system,2026-04-24 08:00:00,system
978,211,1000,3,1332,B26-P1332-000978,1,4.0,4.0,0.0,4000.0,4000.0,0.0,,2026-04-24 08:00:00,system,2026-04-24 08:00:00,system
979,211,1001,4,162,B26-P0162-000979,6,3.0,3.0,0.0,3.6,3.6,0.0,,2026-04-24 08:00:00,system,2026-04-24 08:00:00,system
980,211,1002,5,1205,B26-P1205-000980,6,18.0,18.0,0.0,18.0,18.0,0.0,,2026-04-24 08:00:00,system,2026-04-24 08:00:00,system
981,211,1003,6,1209,B26-P1209-000981,6,1.0,1.0,0.0,20.0,20.0,0.0,,2026-04-24 08:00:00,system,2026-04-24 08:00:00,system
982,211,1004,7,58,B26-P0058-000982,1,6.0,6.0,0.0,6000.0,6000.0,0.0,,2026-04-24 08:00:00,system,2026-04-24 08:00:00,system
983,211,1005,8,662,B26-P0662-000983,6,3.0,3.0,0.0,45.0,45.0,0.0,,2026-04-24 08:00:00,system,2026-04-24 08:00:00,system
984,211,1006,9,1070,B26-P1070-000984,6,9.0,9.0,0.0,90.0,90.0,0.0,,2026-04-24 08:00:00,system,2026-04-24 08:00:00,system
985,211,1007,10,762,B26-P0762-000985,6,18.0,18.0,0.0,270.0,270.0,0.0,,2026-04-24 08:00:00,system,2026-04-24 08:00:00,system
986,211,1008,11,554,B26-P0554-000986,6,2.0,2.0,0.0,40.0,40.0,0.0,,2026-04-24 08:00:00,system,2026-04-24 08:00:00,system
987,212,1012,1,262,B26-P0262-000987,6,20.0,20.0,0.0,300.0,300.0,0.0,,2026-02-27 08:00:00,system,2026-02-27 08:00:00,system
988,213,1013,1,1449,B26-P1449-000988,6,40.0,40.0,0.0,1000.0,1000.0,0.0,,2026-04-14 08:00:00,system,2026-04-14 08:00:00,system
989,213,1014,2,1458,B26-P1458-000989,6,24.0,24.0,0.0,600.0,600.0,0.0,,2026-04-14 08:00:00,system,2026-04-14 08:00:00,system
990,213,1015,3,888,B26-P0888-000990,6,3.0,3.0,0.0,630.0,630.0,0.0,,2026-04-14 08:00:00,system,2026-04-14 08:00:00,system
991,214,1016,1,615,B26-P0615-000991,6,9.0,9.0,0.0,495.0,495.0,0.0,,2026-02-17 08:00:00,system,2026-02-17 08:00:00,system
992,214,1017,2,1453,B26-P1453-000992,6,44.0,43.0,1.0,132.0,129.0,3.0,,2026-02-17 08:00:00,system,2026-02-17 08:00:00,system
993,214,1018,3,664,B26-P0664-000993,6,1.0,1.0,0.0,25.0,25.0,0.0,,2026-02-17 08:00:00,system,2026-02-17 08:00:00,system
994,214,1019,4,713,B26-P0713-000994,6,13.0,13.0,0.0,390.0,390.0,0.0,,2026-02-17 08:00:00,system,2026-02-17 08:00:00,system
995,214,1020,5,430,B26-P0430-000995,6,5.0,5.0,0.0,250.0,250.0,0.0,,2026-02-17 08:00:00,system,2026-02-17 08:00:00,system
996,214,1021,6,191,B26-P0191-000996,6,22.0,22.0,0.0,22.0,22.0,0.0,,2026-02-17 08:00:00,system,2026-02-17 08:00:00,system
997,214,1022,7,1115,B26-P1115-000997,6,19.0,19.0,0.0,95.0,95.0,0.0,,2026-02-17 08:00:00,system,2026-02-17 08:00:00,system
998,214,1023,8,1476,B26-P1476-000998,6,55.0,55.0,0.0,165.0,165.0,0.0,,2026-02-17 08:00:00,system,2026-02-17 08:00:00,system
999,214,1024,9,864,B26-P0864-000999,6,20.0,20.0,0.0,60.0,60.0,0.0,,2026-02-17 08:00:00,system,2026-02-17 08:00:00,system
1000,215,1017,1,1453,B26-P1453-001000,6,36.0,35.0,1.0,108.0,105.0,3.0,,2026-02-22 08:00:00,system,2026-02-22 08:00:00,system
1001,215,1018,2,664,B26-P0664-001001,6,7.0,7.0,0.0,175.0,175.0,0.0,,2026-02-22 08:00:00,system,2026-02-22 08:00:00,system
1002,215,1019,3,713,B26-P0713-001002,6,1.0,1.0,0.0,30.0,30.0,0.0,,2026-02-22 08:00:00,system,2026-02-22 08:00:00,system
1003,215,1020,4,430,B26-P0430-001003,6,1.0,1.0,0.0,50.0,50.0,0.0,,2026-02-22 08:00:00,system,2026-02-22 08:00:00,system
1004,215,1021,5,191,B26-P0191-001004,6,34.0,34.0,0.0,34.0,34.0,0.0,,2026-02-22 08:00:00,system,2026-02-22 08:00:00,system
1005,215,1022,6,1115,B26-P1115-001005,6,32.0,32.0,0.0,160.0,160.0,0.0,,2026-02-22 08:00:00,system,2026-02-22 08:00:00,system
1006,215,1023,7,1476,B26-P1476-001006,6,9.0,9.0,0.0,27.0,27.0,0.0,,2026-02-22 08:00:00,system,2026-02-22 08:00:00,system
1007,215,1024,8,864,B26-P0864-001007,6,8.0,8.0,0.0,24.0,24.0,0.0,,2026-02-22 08:00:00,system,2026-02-22 08:00:00,system
1008,216,1026,1,565,B26-P0565-001008,6,7.0,7.0,0.0,35.0,35.0,0.0,,2026-04-07 08:00:00,system,2026-04-07 08:00:00,system
1009,216,1027,2,1032,B26-P1032-001009,6,32.0,32.0,0.0,160.0,160.0,0.0,,2026-04-07 08:00:00,system,2026-04-07 08:00:00,system
1010,216,1028,3,1481,B26-P1481-001010,6,3.0,3.0,0.0,75.0,75.0,0.0,,2026-04-07 08:00:00,system,2026-04-07 08:00:00,system
1011,216,1030,4,1,B26-P0001-001011,6,11.0,11.0,0.0,13.2,13.2,0.0,,2026-04-07 08:00:00,system,2026-04-07 08:00:00,system
1012,216,1031,5,152,B26-P0152-001012,6,1.0,1.0,0.0,20.0,20.0,0.0,,2026-04-07 08:00:00,system,2026-04-07 08:00:00,system
1013,216,1032,6,255,B26-P0255-001013,1,1.0,1.0,0.0,1000.0,1000.0,0.0,,2026-04-07 08:00:00,system,2026-04-07 08:00:00,system
1014,216,1033,7,1235,B26-P1235-001014,1,1.0,1.0,0.0,1000.0,1000.0,0.0,,2026-04-07 08:00:00,system,2026-04-07 08:00:00,system
1015,217,1026,1,565,B26-P0565-001015,6,14.0,14.0,0.0,70.0,70.0,0.0,,2026-04-09 08:00:00,system,2026-04-09 08:00:00,system
1016,217,1027,2,1032,B26-P1032-001016,6,31.0,31.0,0.0,155.0,155.0,0.0,,2026-04-09 08:00:00,system,2026-04-09 08:00:00,system
1017,217,1028,3,1481,B26-P1481-001017,6,9.0,9.0,0.0,225.0,225.0,0.0,,2026-04-09 08:00:00,system,2026-04-09 08:00:00,system
1018,217,1029,4,1211,B26-P1211-001018,6,1.0,1.0,0.0,210.0,210.0,0.0,,2026-04-09 08:00:00,system,2026-04-09 08:00:00,system
1019,217,1030,5,1,B26-P0001-001019,6,7.0,7.0,0.0,8.4,8.4,0.0,,2026-04-09 08:00:00,system,2026-04-09 08:00:00,system
1020,217,1031,6,152,B26-P0152-001020,6,2.0,2.0,0.0,40.0,40.0,0.0,,2026-04-09 08:00:00,system,2026-04-09 08:00:00,system
1021,217,1033,7,1235,B26-P1235-001021,1,2.0,2.0,0.0,2000.0,2000.0,0.0,,2026-04-09 08:00:00,system,2026-04-09 08:00:00,system
1022,217,1034,8,856,B26-P0856-001022,6,6.0,5.0,1.0,180.0,150.0,30.0,,2026-04-09 08:00:00,system,2026-04-09 08:00:00,system
1023,218,1035,1,793,B26-P0793-001023,6,14.0,14.0,0.0,420.0,420.0,0.0,,2026-05-23 08:00:00,system,2026-05-23 08:00:00,system
1024,218,1036,2,25,B26-P0025-001024,6,2.0,2.0,0.0,110.0,110.0,0.0,,2026-05-23 08:00:00,system,2026-05-23 08:00:00,system
1025,219,1038,1,1489,B26-P1489-001025,1,3.0,3.0,0.0,6000.0,6000.0,0.0,,2026-06-21 08:00:00,system,2026-06-21 08:00:00,system
1026,220,1040,1,1115,B26-P1115-001026,6,6.0,6.0,0.0,30.0,30.0,0.0,,2026-02-09 08:00:00,system,2026-02-09 08:00:00,system
1027,220,1042,2,310,B26-P0310-001027,6,22.0,22.0,0.0,330.0,330.0,0.0,,2026-02-09 08:00:00,system,2026-02-09 08:00:00,system
1028,220,1043,3,1159,B26-P1159-001028,6,30.0,30.0,0.0,150.0,150.0,0.0,,2026-02-09 08:00:00,system,2026-02-09 08:00:00,system
1029,221,1040,1,1115,B26-P1115-001029,6,12.0,12.0,0.0,60.0,60.0,0.0,,2026-02-14 08:00:00,system,2026-02-14 08:00:00,system
1030,221,1041,2,1341,B26-P1341-001030,6,2.0,2.0,0.0,420.0,420.0,0.0,,2026-02-14 08:00:00,system,2026-02-14 08:00:00,system
1031,221,1042,3,310,B26-P0310-001031,6,4.0,3.0,1.0,60.0,45.0,15.0,,2026-02-14 08:00:00,system,2026-02-14 08:00:00,system
1032,222,1044,1,999,B26-P0999-001032,6,7.0,7.0,0.0,2.8,2.8,0.0,,2026-06-10 08:00:00,system,2026-06-10 08:00:00,system
1033,222,1045,2,1201,B26-P1201-001033,6,8.0,8.0,0.0,160.0,160.0,0.0,,2026-06-10 08:00:00,system,2026-06-10 08:00:00,system
1034,222,1046,3,1085,B26-P1085-001034,6,35.0,35.0,0.0,35.0,35.0,0.0,,2026-06-10 08:00:00,system,2026-06-10 08:00:00,system
1035,222,1048,4,231,B26-P0231-001035,6,1.0,1.0,0.0,210.0,210.0,0.0,,2026-06-10 08:00:00,system,2026-06-10 08:00:00,system
1036,222,1049,5,1327,B26-P1327-001036,6,9.0,9.0,0.0,45.0,45.0,0.0,,2026-06-10 08:00:00,system,2026-06-10 08:00:00,system
1037,223,1044,1,999,B26-P0999-001037,6,16.0,15.0,1.0,6.4,6.0,0.4,,2026-06-13 08:00:00,system,2026-06-13 08:00:00,system
1038,223,1045,2,1201,B26-P1201-001038,6,13.0,13.0,0.0,260.0,260.0,0.0,,2026-06-13 08:00:00,system,2026-06-13 08:00:00,system
1039,223,1046,3,1085,B26-P1085-001039,6,13.0,13.0,0.0,13.0,13.0,0.0,,2026-06-13 08:00:00,system,2026-06-13 08:00:00,system
1040,223,1047,4,681,B26-P0681-001040,1,2.0,2.0,0.0,2000.0,2000.0,0.0,,2026-06-13 08:00:00,system,2026-06-13 08:00:00,system
1041,223,1048,5,231,B26-P0231-001041,6,3.0,3.0,0.0,630.0,630.0,0.0,,2026-06-13 08:00:00,system,2026-06-13 08:00:00,system
1042,223,1049,6,1327,B26-P1327-001042,6,19.0,19.0,0.0,95.0,95.0,0.0,,2026-06-13 08:00:00,system,2026-06-13 08:00:00,system
1043,224,1050,1,987,B26-P0987-001043,6,9.0,9.0,0.0,162.0,162.0,0.0,,2026-05-19 08:00:00,system,2026-05-19 08:00:00,system
1044,224,1051,2,169,B26-P0169-001044,6,35.0,35.0,0.0,1050.0,1050.0,0.0,,2026-05-19 08:00:00,system,2026-05-19 08:00:00,system
1045,224,1052,3,1028,B26-P1028-001045,6,52.0,52.0,0.0,26.0,26.0,0.0,,2026-05-19 08:00:00,system,2026-05-19 08:00:00,system
1046,224,1053,4,1085,B26-P1085-001046,6,42.0,42.0,0.0,42.0,42.0,0.0,,2026-05-19 08:00:00,system,2026-05-19 08:00:00,system
1047,224,1054,5,132,B26-P0132-001047,6,30.0,30.0,0.0,300.0,300.0,0.0,,2026-05-19 08:00:00,system,2026-05-19 08:00:00,system
1048,224,1055,6,542,B26-P0542-001048,6,9.0,9.0,0.0,450.0,450.0,0.0,,2026-05-19 08:00:00,system,2026-05-19 08:00:00,system
1049,225,1056,1,510,B26-P0510-001049,6,12.0,12.0,0.0,180.0,180.0,0.0,,2026-06-12 08:00:00,system,2026-06-12 08:00:00,system
1050,225,1057,2,900,B26-P0900-001050,6,3.0,3.0,0.0,150.0,150.0,0.0,,2026-06-12 08:00:00,system,2026-06-12 08:00:00,system
1051,225,1058,3,844,B26-P0844-001051,6,10.0,10.0,0.0,1800.0,1800.0,0.0,,2026-06-12 08:00:00,system,2026-06-12 08:00:00,system
1052,225,1059,4,756,B26-P0756-001052,1,8.0,8.0,0.0,4000.0,4000.0,0.0,,2026-06-12 08:00:00,system,2026-06-12 08:00:00,system
1053,225,1060,5,380,B26-P0380-001053,6,2.0,1.0,1.0,420.0,210.0,210.0,,2026-06-12 08:00:00,system,2026-06-12 08:00:00,system
1054,226,1065,1,459,B26-P0459-001054,6,27.0,27.0,0.0,27.0,27.0,0.0,,2026-04-20 08:00:00,system,2026-04-20 08:00:00,system
1055,226,1066,2,852,B26-P0852-001055,6,12.0,12.0,0.0,120.0,120.0,0.0,,2026-04-20 08:00:00,system,2026-04-20 08:00:00,system
1056,226,1067,3,1227,B26-P1227-001056,1,7.0,7.0,0.0,7000.0,7000.0,0.0,,2026-04-20 08:00:00,system,2026-04-20 08:00:00,system
1057,227,1064,1,957,B26-P0957-001057,1,3.0,3.0,0.0,3000.0,3000.0,0.0,,2026-04-22 08:00:00,system,2026-04-22 08:00:00,system
1058,227,1065,2,459,B26-P0459-001058,6,1.0,1.0,0.0,1.0,1.0,0.0,,2026-04-22 08:00:00,system,2026-04-22 08:00:00,system
1059,227,1067,3,1227,B26-P1227-001059,1,1.0,1.0,0.0,1000.0,1000.0,0.0,,2026-04-22 08:00:00,system,2026-04-22 08:00:00,system
1060,228,1068,1,35,B26-P0035-001060,6,14.0,14.0,0.0,210.0,210.0,0.0,,2026-03-14 08:00:00,system,2026-03-14 08:00:00,system
1061,229,1069,1,986,B26-P0986-001061,6,5.0,5.0,0.0,50.0,50.0,0.0,,2026-04-10 08:00:00,system,2026-04-10 08:00:00,system
1062,229,1070,2,1139,B26-P1139-001062,6,1.0,1.0,0.0,10.0,10.0,0.0,,2026-04-10 08:00:00,system,2026-04-10 08:00:00,system
1063,229,1071,3,945,B26-P0945-001063,6,16.0,16.0,0.0,48.0,48.0,0.0,,2026-04-10 08:00:00,system,2026-04-10 08:00:00,system
1064,229,1072,4,1028,B26-P1028-001064,6,11.0,11.0,0.0,5.5,5.5,0.0,,2026-04-10 08:00:00,system,2026-04-10 08:00:00,system
1065,229,1073,5,1497,B26-P1497-001065,6,1.0,1.0,0.0,50.0,50.0,0.0,,2026-04-10 08:00:00,system,2026-04-10 08:00:00,system
1066,229,1074,6,1023,B26-P1023-001066,6,5.0,5.0,0.0,50.0,50.0,0.0,,2026-04-10 08:00:00,system,2026-04-10 08:00:00,system
1067,229,1075,7,1240,B26-P1240-001067,6,6.0,6.0,0.0,120.0,120.0,0.0,,2026-04-10 08:00:00,system,2026-04-10 08:00:00,system
1068,230,1069,1,986,B26-P0986-001068,6,11.0,11.0,0.0,110.0,110.0,0.0,,2026-04-11 08:00:00,system,2026-04-11 08:00:00,system
1069,230,1070,2,1139,B26-P1139-001069,6,4.0,4.0,0.0,40.0,40.0,0.0,,2026-04-11 08:00:00,system,2026-04-11 08:00:00,system
1070,230,1071,3,945,B26-P0945-001070,6,29.0,29.0,0.0,87.0,87.0,0.0,,2026-04-11 08:00:00,system,2026-04-11 08:00:00,system
1071,230,1072,4,1028,B26-P1028-001071,6,31.0,31.0,0.0,15.5,15.5,0.0,,2026-04-11 08:00:00,system,2026-04-11 08:00:00,system
1072,230,1073,5,1497,B26-P1497-001072,6,3.0,3.0,0.0,150.0,150.0,0.0,,2026-04-11 08:00:00,system,2026-04-11 08:00:00,system
1073,230,1075,6,1240,B26-P1240-001073,6,8.0,8.0,0.0,160.0,160.0,0.0,,2026-04-11 08:00:00,system,2026-04-11 08:00:00,system
1074,231,1076,1,160,B26-P0160-001074,6,22.0,22.0,0.0,17.6,17.6,0.0,,2026-04-10 08:00:00,system,2026-04-10 08:00:00,system
1075,231,1077,2,194,B26-P0194-001075,6,6.0,6.0,0.0,30.0,30.0,0.0,,2026-04-10 08:00:00,system,2026-04-10 08:00:00,system
1076,231,1078,3,980,B26-P0980-001076,6,10.0,10.0,0.0,1800.0,1800.0,0.0,,2026-04-10 08:00:00,system,2026-04-10 08:00:00,system
1077,232,1079,1,60,B26-P0060-001077,6,70.0,70.0,0.0,70.0,70.0,0.0,,2026-06-16 08:00:00,system,2026-06-16 08:00:00,system
1078,232,1080,2,659,B26-P0659-001078,6,20.0,20.0,0.0,60.0,60.0,0.0,,2026-06-16 08:00:00,system,2026-06-16 08:00:00,system
1079,232,1081,3,704,B26-P0704-001079,6,4.0,4.0,0.0,200.0,200.0,0.0,,2026-06-16 08:00:00,system,2026-06-16 08:00:00,system
1080,232,1082,4,1391,B26-P1391-001080,1,6.0,6.0,0.0,6000.0,6000.0,0.0,,2026-06-16 08:00:00,system,2026-06-16 08:00:00,system
1081,233,1083,1,757,B26-P0757-001081,1,8.0,7.0,1.0,8000.0,7000.0,1000.0,,2026-04-23 08:00:00,system,2026-04-23 08:00:00,system
1082,233,1084,2,1195,B26-P1195-001082,6,30.0,30.0,0.0,150.0,150.0,0.0,,2026-04-23 08:00:00,system,2026-04-23 08:00:00,system
1083,234,1085,1,29,B26-P0029-001083,6,44.0,44.0,0.0,35.2,35.2,0.0,,2026-04-29 08:00:00,system,2026-04-29 08:00:00,system
1084,234,1086,2,1425,B26-P1425-001084,6,12.0,12.0,0.0,240.0,240.0,0.0,,2026-04-29 08:00:00,system,2026-04-29 08:00:00,system
1085,234,1087,3,1369,B26-P1369-001085,1,2.0,2.0,0.0,4000.0,4000.0,0.0,,2026-04-29 08:00:00,system,2026-04-29 08:00:00,system
1086,234,1088,4,378,B26-P0378-001086,6,8.0,8.0,0.0,440.0,440.0,0.0,,2026-04-29 08:00:00,system,2026-04-29 08:00:00,system
1087,235,1089,1,984,B26-P0984-001087,6,19.0,19.0,0.0,38.0,38.0,0.0,,2026-07-02 08:00:00,system,2026-07-02 08:00:00,system
1088,235,1090,2,420,B26-P0420-001088,6,32.0,32.0,0.0,25.6,25.6,0.0,,2026-07-02 08:00:00,system,2026-07-02 08:00:00,system
1089,235,1091,3,1321,B26-P1321-001089,6,4.0,4.0,0.0,220.0,220.0,0.0,,2026-07-02 08:00:00,system,2026-07-02 08:00:00,system
1090,235,1092,4,353,B26-P0353-001090,6,11.0,11.0,0.0,11.0,11.0,0.0,,2026-07-02 08:00:00,system,2026-07-02 08:00:00,system
1091,236,1093,1,1127,B26-P1127-001091,6,40.0,40.0,0.0,40.0,40.0,0.0,,2026-03-21 08:00:00,system,2026-03-21 08:00:00,system
1092,236,1094,2,58,B26-P0058-001092,1,2.0,2.0,0.0,2000.0,2000.0,0.0,,2026-03-21 08:00:00,system,2026-03-21 08:00:00,system
1093,237,1095,1,169,B26-P0169-001093,6,5.0,5.0,0.0,150.0,150.0,0.0,,2026-02-15 08:00:00,system,2026-02-15 08:00:00,system
1094,237,1096,2,1107,B26-P1107-001094,6,14.0,14.0,0.0,140.0,140.0,0.0,,2026-02-15 08:00:00,system,2026-02-15 08:00:00,system
1095,237,1097,3,1270,B26-P1270-001095,6,7.0,7.0,0.0,70.0,70.0,0.0,,2026-02-15 08:00:00,system,2026-02-15 08:00:00,system
1096,237,1098,4,9,B26-P0009-001096,6,7.0,7.0,0.0,350.0,350.0,0.0,,2026-02-15 08:00:00,system,2026-02-15 08:00:00,system
1097,237,1099,5,936,B26-P0936-001097,6,14.0,14.0,0.0,350.0,350.0,0.0,,2026-02-15 08:00:00,system,2026-02-15 08:00:00,system
1098,238,1095,1,169,B26-P0169-001098,6,3.0,3.0,0.0,90.0,90.0,0.0,,2026-02-20 08:00:00,system,2026-02-20 08:00:00,system
1099,238,1096,2,1107,B26-P1107-001099,6,1.0,1.0,0.0,10.0,10.0,0.0,,2026-02-20 08:00:00,system,2026-02-20 08:00:00,system
1100,238,1097,3,1270,B26-P1270-001100,6,17.0,16.0,1.0,170.0,160.0,10.0,,2026-02-20 08:00:00,system,2026-02-20 08:00:00,system
1101,238,1098,4,9,B26-P0009-001101,6,1.0,1.0,0.0,50.0,50.0,0.0,,2026-02-20 08:00:00,system,2026-02-20 08:00:00,system
1102,239,1100,1,172,B26-P0172-001102,6,5.0,5.0,0.0,900.0,900.0,0.0,,2026-03-15 08:00:00,system,2026-03-15 08:00:00,system
1103,239,1101,2,977,B26-P0977-001103,6,11.0,11.0,0.0,110.0,110.0,0.0,,2026-03-15 08:00:00,system,2026-03-15 08:00:00,system
1104,240,1100,1,172,B26-P0172-001104,6,3.0,3.0,0.0,540.0,540.0,0.0,,2026-03-16 08:00:00,system,2026-03-16 08:00:00,system
1105,240,1101,2,977,B26-P0977-001105,6,9.0,8.0,1.0,90.0,80.0,10.0,,2026-03-16 08:00:00,system,2026-03-16 08:00:00,system
1106,241,1103,1,1356,B26-P1356-001106,6,8.0,8.0,0.0,160.0,160.0,0.0,,2026-06-27 08:00:00,system,2026-06-27 08:00:00,system
1107,241,1104,2,895,B26-P0895-001107,6,18.0,18.0,0.0,180.0,180.0,0.0,,2026-06-27 08:00:00,system,2026-06-27 08:00:00,system
1108,241,1105,3,1425,B26-P1425-001108,6,8.0,8.0,0.0,160.0,160.0,0.0,,2026-06-27 08:00:00,system,2026-06-27 08:00:00,system
1109,241,1106,4,1267,B26-P1267-001109,6,8.0,8.0,0.0,8.0,8.0,0.0,,2026-06-27 08:00:00,system,2026-06-27 08:00:00,system
1110,241,1107,5,495,B26-P0495-001110,6,3.0,3.0,0.0,15.0,15.0,0.0,,2026-06-27 08:00:00,system,2026-06-27 08:00:00,system
1111,241,1111,6,280,B26-P0280-001111,6,5.0,5.0,0.0,150.0,150.0,0.0,,2026-06-27 08:00:00,system,2026-06-27 08:00:00,system
1112,241,1112,7,1346,B26-P1346-001112,6,12.0,12.0,0.0,240.0,240.0,0.0,,2026-06-27 08:00:00,system,2026-06-27 08:00:00,system
1113,241,1113,8,1331,B26-P1331-001113,6,3.0,3.0,0.0,630.0,630.0,0.0,,2026-06-27 08:00:00,system,2026-06-27 08:00:00,system
1114,241,1114,9,199,B26-P0199-001114,6,1.0,1.0,0.0,55.0,55.0,0.0,,2026-06-27 08:00:00,system,2026-06-27 08:00:00,system
1115,241,1115,10,60,B26-P0060-001115,6,1.0,1.0,0.0,1.0,1.0,0.0,,2026-06-27 08:00:00,system,2026-06-27 08:00:00,system
1116,242,1102,1,244,B26-P0244-001116,6,8.0,8.0,0.0,440.0,440.0,0.0,,2026-06-28 08:00:00,system,2026-06-28 08:00:00,system
1117,242,1103,2,1356,B26-P1356-001117,6,27.0,27.0,0.0,540.0,540.0,0.0,,2026-06-28 08:00:00,system,2026-06-28 08:00:00,system
1118,242,1104,3,895,B26-P0895-001118,6,17.0,17.0,0.0,170.0,170.0,0.0,,2026-06-28 08:00:00,system,2026-06-28 08:00:00,system
1119,242,1105,4,1425,B26-P1425-001119,6,22.0,22.0,0.0,440.0,440.0,0.0,,2026-06-28 08:00:00,system,2026-06-28 08:00:00,system
1120,242,1106,5,1267,B26-P1267-001120,6,5.0,5.0,0.0,5.0,5.0,0.0,,2026-06-28 08:00:00,system,2026-06-28 08:00:00,system
1121,242,1107,6,495,B26-P0495-001121,6,18.0,17.0,1.0,90.0,85.0,5.0,,2026-06-28 08:00:00,system,2026-06-28 08:00:00,system
1122,242,1108,7,1303,B26-P1303-001122,6,10.0,10.0,0.0,550.0,550.0,0.0,,2026-06-28 08:00:00,system,2026-06-28 08:00:00,system
1123,242,1109,8,1157,B26-P1157-001123,6,24.0,24.0,0.0,24.0,24.0,0.0,,2026-06-28 08:00:00,system,2026-06-28 08:00:00,system
1124,242,1110,9,1298,B26-P1298-001124,1,1.0,1.0,0.0,1000.0,1000.0,0.0,,2026-06-28 08:00:00,system,2026-06-28 08:00:00,system
1125,242,1112,10,1346,B26-P1346-001125,6,16.0,16.0,0.0,320.0,320.0,0.0,,2026-06-28 08:00:00,system,2026-06-28 08:00:00,system
1126,242,1114,11,199,B26-P0199-001126,6,1.0,1.0,0.0,55.0,55.0,0.0,,2026-06-28 08:00:00,system,2026-06-28 08:00:00,system
1127,242,1115,12,60,B26-P0060-001127,6,41.0,41.0,0.0,41.0,41.0,0.0,,2026-06-28 08:00:00,system,2026-06-28 08:00:00,system
1128,242,1116,13,1368,B26-P1368-001128,1,1.0,1.0,0.0,1000.0,1000.0,0.0,,2026-06-28 08:00:00,system,2026-06-28 08:00:00,system
1129,243,1117,1,1005,B26-P1005-001129,6,10.0,10.0,0.0,100.0,100.0,0.0,,2026-04-27 08:00:00,system,2026-04-27 08:00:00,system
1130,244,1118,1,1136,B26-P1136-001130,6,36.0,36.0,0.0,36.0,36.0,0.0,,2026-01-26 08:00:00,system,2026-01-26 08:00:00,system
1131,244,1119,2,321,B26-P0321-001131,6,60.0,60.0,0.0,72.0,72.0,0.0,,2026-01-26 08:00:00,system,2026-01-26 08:00:00,system
1132,244,1120,3,314,B26-P0314-001132,6,15.0,15.0,0.0,750.0,750.0,0.0,,2026-01-26 08:00:00,system,2026-01-26 08:00:00,system
1133,245,1121,1,1149,B26-P1149-001133,6,28.0,28.0,0.0,28.0,28.0,0.0,,2026-05-22 08:00:00,system,2026-05-22 08:00:00,system
1134,246,1122,1,1193,B26-P1193-001134,6,33.0,33.0,0.0,33.0,33.0,0.0,,2026-06-23 08:00:00,system,2026-06-23 08:00:00,system
1135,247,1123,1,1037,B26-P1037-001135,6,58.0,58.0,0.0,23.2,23.2,0.0,,2026-04-15 08:00:00,system,2026-04-15 08:00:00,system
1136,247,1124,2,658,B26-P0658-001136,1,2.0,2.0,0.0,4000.0,4000.0,0.0,,2026-04-15 08:00:00,system,2026-04-15 08:00:00,system
1137,247,1125,3,1076,B26-P1076-001137,6,51.0,51.0,0.0,51.0,51.0,0.0,,2026-04-15 08:00:00,system,2026-04-15 08:00:00,system
1138,247,1126,4,769,B26-P0769-001138,6,2.0,2.0,0.0,420.0,420.0,0.0,,2026-04-15 08:00:00,system,2026-04-15 08:00:00,system
1139,247,1127,5,181,B26-P0181-001139,6,8.0,7.0,1.0,120.0,105.0,15.0,,2026-04-15 08:00:00,system,2026-04-15 08:00:00,system
1140,247,1128,6,1479,B26-P1479-001140,6,16.0,16.0,0.0,240.0,240.0,0.0,,2026-04-15 08:00:00,system,2026-04-15 08:00:00,system
1141,247,1129,7,1469,B26-P1469-001141,6,36.0,35.0,1.0,360.0,350.0,10.0,,2026-04-15 08:00:00,system,2026-04-15 08:00:00,system
1142,248,1130,1,720,B26-P0720-001142,1,1.0,1.0,0.0,2000.0,2000.0,0.0,,2026-05-26 08:00:00,system,2026-05-26 08:00:00,system
1143,248,1131,2,743,B26-P0743-001143,6,2.0,2.0,0.0,110.0,110.0,0.0,,2026-05-26 08:00:00,system,2026-05-26 08:00:00,system
1144,248,1132,3,533,B26-P0533-001144,1,1.0,1.0,0.0,1000.0,1000.0,0.0,,2026-05-26 08:00:00,system,2026-05-26 08:00:00,system
1145,248,1133,4,999,B26-P0999-001145,6,14.0,14.0,0.0,5.6,5.6,0.0,,2026-05-26 08:00:00,system,2026-05-26 08:00:00,system
1146,248,1135,5,543,B26-P0543-001146,6,4.0,4.0,0.0,220.0,220.0,0.0,,2026-05-26 08:00:00,system,2026-05-26 08:00:00,system
1147,248,1137,6,957,B26-P0957-001147,1,1.0,1.0,0.0,1000.0,1000.0,0.0,,2026-05-26 08:00:00,system,2026-05-26 08:00:00,system
1148,248,1138,7,134,B26-P0134-001148,6,10.0,10.0,0.0,200.0,200.0,0.0,,2026-05-26 08:00:00,system,2026-05-26 08:00:00,system
1149,248,1139,8,1169,B26-P1169-001149,6,6.0,6.0,0.0,120.0,120.0,0.0,,2026-05-26 08:00:00,system,2026-05-26 08:00:00,system
1150,248,1140,9,997,B26-P0997-001150,6,4.0,4.0,0.0,200.0,200.0,0.0,,2026-05-26 08:00:00,system,2026-05-26 08:00:00,system
1151,248,1142,10,1271,B26-P1271-001151,6,2.0,2.0,0.0,40.0,40.0,0.0,,2026-05-26 08:00:00,system,2026-05-26 08:00:00,system
1152,248,1143,11,519,B26-P0519-001152,1,2.0,1.0,1.0,2000.0,1000.0,1000.0,,2026-05-26 08:00:00,system,2026-05-26 08:00:00,system
1153,249,1130,1,720,B26-P0720-001153,1,1.0,0.0,1.0,2000.0,0.0,2000.0,,2026-05-29 08:00:00,system,2026-05-29 08:00:00,system
1154,249,1132,2,533,B26-P0533-001154,1,3.0,3.0,0.0,3000.0,3000.0,0.0,,2026-05-29 08:00:00,system,2026-05-29 08:00:00,system
1155,249,1133,3,999,B26-P0999-001155,6,55.0,55.0,0.0,22.0,22.0,0.0,,2026-05-29 08:00:00,system,2026-05-29 08:00:00,system
1156,249,1134,4,906,B26-P0906-001156,1,3.0,3.0,0.0,6000.0,6000.0,0.0,,2026-05-29 08:00:00,system,2026-05-29 08:00:00,system
1157,249,1136,5,643,B26-P0643-001157,1,2.0,2.0,0.0,2000.0,2000.0,0.0,,2026-05-29 08:00:00,system,2026-05-29 08:00:00,system
1158,249,1137,6,957,B26-P0957-001158,1,3.0,3.0,0.0,3000.0,3000.0,0.0,,2026-05-29 08:00:00,system,2026-05-29 08:00:00,system
1159,249,1138,7,134,B26-P0134-001159,6,2.0,2.0,0.0,40.0,40.0,0.0,,2026-05-29 08:00:00,system,2026-05-29 08:00:00,system
1160,249,1140,8,997,B26-P0997-001160,6,6.0,5.0,1.0,300.0,250.0,50.0,,2026-05-29 08:00:00,system,2026-05-29 08:00:00,system
1161,249,1141,9,577,B26-P0577-001161,1,4.0,4.0,0.0,8000.0,8000.0,0.0,,2026-05-29 08:00:00,system,2026-05-29 08:00:00,system
1162,249,1142,10,1271,B26-P1271-001162,6,22.0,22.0,0.0,440.0,440.0,0.0,,2026-05-29 08:00:00,system,2026-05-29 08:00:00,system
1163,249,1143,11,519,B26-P0519-001163,1,6.0,6.0,0.0,6000.0,6000.0,0.0,,2026-05-29 08:00:00,system,2026-05-29 08:00:00,system
1164,250,1156,1,432,B26-P0432-001164,6,7.0,7.0,0.0,35.0,35.0,0.0,,2026-07-10 08:00:00,system,2026-07-10 08:00:00,system
1165,250,1157,2,521,B26-P0521-001165,6,65.0,65.0,0.0,195.0,195.0,0.0,,2026-07-10 08:00:00,system,2026-07-10 08:00:00,system
1166,250,1158,3,1308,B26-P1308-001166,6,39.0,39.0,0.0,39.0,39.0,0.0,,2026-07-10 08:00:00,system,2026-07-10 08:00:00,system
1167,250,1159,4,1088,B26-P1088-001167,6,4.0,4.0,0.0,40.0,40.0,0.0,,2026-07-10 08:00:00,system,2026-07-10 08:00:00,system
1168,250,1160,5,693,B26-P0693-001168,6,1.0,1.0,0.0,210.0,210.0,0.0,,2026-07-10 08:00:00,system,2026-07-10 08:00:00,system
1169,250,1161,6,1020,B26-P1020-001169,6,55.0,55.0,0.0,55.0,55.0,0.0,,2026-07-10 08:00:00,system,2026-07-10 08:00:00,system
1170,250,1162,7,39,B26-P0039-001170,6,4.0,3.0,1.0,200.0,150.0,50.0,,2026-07-10 08:00:00,system,2026-07-10 08:00:00,system
1171,250,1163,8,563,B26-P0563-001171,1,4.0,4.0,0.0,8000.0,8000.0,0.0,,2026-07-10 08:00:00,system,2026-07-10 08:00:00,system
1172,250,1164,9,988,B26-P0988-001172,6,8.0,8.0,0.0,400.0,400.0,0.0,,2026-07-10 08:00:00,system,2026-07-10 08:00:00,system
1173,250,1165,10,573,B26-P0573-001173,6,6.0,6.0,0.0,1080.0,1080.0,0.0,,2026-07-10 08:00:00,system,2026-07-10 08:00:00,system
1174,251,1167,1,1203,B26-P1203-001174,6,5.0,5.0,0.0,1050.0,1050.0,0.0,,2026-01-16 08:00:00,system,2026-01-16 08:00:00,system
1175,251,1168,2,13,B26-P0013-001175,1,2.0,2.0,0.0,2000.0,2000.0,0.0,,2026-01-16 08:00:00,system,2026-01-16 08:00:00,system
1176,251,1169,3,104,B26-P0104-001176,6,12.0,12.0,0.0,240.0,240.0,0.0,,2026-01-16 08:00:00,system,2026-01-16 08:00:00,system
1177,252,1175,1,13,B26-P0013-001177,1,1.0,1.0,0.0,1000.0,1000.0,0.0,,2026-01-21 08:00:00,system,2026-01-21 08:00:00,system
1178,252,1176,2,1373,B26-P1373-001178,6,6.0,6.0,0.0,330.0,330.0,0.0,,2026-01-21 08:00:00,system,2026-01-21 08:00:00,system
1179,252,1177,3,1154,B26-P1154-001179,6,4.0,4.0,0.0,220.0,220.0,0.0,,2026-01-21 08:00:00,system,2026-01-21 08:00:00,system
1180,252,1178,4,771,B26-P0771-001180,1,8.0,8.0,0.0,8000.0,8000.0,0.0,,2026-01-21 08:00:00,system,2026-01-21 08:00:00,system
1181,252,1179,5,120,B26-P0120-001181,6,6.0,6.0,0.0,150.0,150.0,0.0,,2026-01-21 08:00:00,system,2026-01-21 08:00:00,system
1182,252,1180,6,280,B26-P0280-001182,6,6.0,6.0,0.0,180.0,180.0,0.0,,2026-01-21 08:00:00,system,2026-01-21 08:00:00,system
1183,252,1181,7,492,B26-P0492-001183,6,11.0,11.0,0.0,11.0,11.0,0.0,,2026-01-21 08:00:00,system,2026-01-21 08:00:00,system
1184,252,1182,8,23,B26-P0023-001184,6,7.0,7.0,0.0,210.0,210.0,0.0,,2026-01-21 08:00:00,system,2026-01-21 08:00:00,system
1185,252,1183,9,1183,B26-P1183-001185,6,2.0,2.0,0.0,420.0,420.0,0.0,,2026-01-21 08:00:00,system,2026-01-21 08:00:00,system
1186,253,1184,1,565,B26-P0565-001186,6,2.0,1.0,1.0,10.0,5.0,5.0,,2026-05-22 08:00:00,system,2026-05-22 08:00:00,system
1187,253,1185,2,938,B26-P0938-001187,6,1.0,1.0,0.0,50.0,50.0,0.0,,2026-05-22 08:00:00,system,2026-05-22 08:00:00,system
1188,253,1186,3,1490,B26-P1490-001188,6,10.0,10.0,0.0,30.0,30.0,0.0,,2026-05-22 08:00:00,system,2026-05-22 08:00:00,system
1189,253,1187,4,971,B26-P0971-001189,6,6.0,5.0,1.0,1080.0,900.0,180.0,,2026-05-22 08:00:00,system,2026-05-22 08:00:00,system
1190,253,1188,5,1411,B26-P1411-001190,6,3.0,3.0,0.0,60.0,60.0,0.0,,2026-05-22 08:00:00,system,2026-05-22 08:00:00,system
1191,253,1189,6,612,B26-P0612-001191,6,8.0,7.0,1.0,200.0,175.0,25.0,,2026-05-22 08:00:00,system,2026-05-22 08:00:00,system
1192,254,1184,1,565,B26-P0565-001192,6,5.0,5.0,0.0,25.0,25.0,0.0,,2026-05-26 08:00:00,system,2026-05-26 08:00:00,system
1193,254,1185,2,938,B26-P0938-001193,6,2.0,2.0,0.0,100.0,100.0,0.0,,2026-05-26 08:00:00,system,2026-05-26 08:00:00,system
1194,254,1186,3,1490,B26-P1490-001194,6,12.0,12.0,0.0,36.0,36.0,0.0,,2026-05-26 08:00:00,system,2026-05-26 08:00:00,system
1195,254,1188,4,1411,B26-P1411-001195,6,3.0,2.0,1.0,60.0,40.0,20.0,,2026-05-26 08:00:00,system,2026-05-26 08:00:00,system
1196,254,1189,5,612,B26-P0612-001196,6,2.0,2.0,0.0,50.0,50.0,0.0,,2026-05-26 08:00:00,system,2026-05-26 08:00:00,system
1197,255,1191,1,687,B26-P0687-001197,6,19.0,19.0,0.0,380.0,380.0,0.0,,2026-06-17 08:00:00,system,2026-06-17 08:00:00,system
1198,255,1192,2,1205,B26-P1205-001198,6,31.0,31.0,0.0,31.0,31.0,0.0,,2026-06-17 08:00:00,system,2026-06-17 08:00:00,system
1199,255,1193,3,108,B26-P0108-001199,6,7.0,7.0,0.0,385.0,385.0,0.0,,2026-06-17 08:00:00,system,2026-06-17 08:00:00,system
1200,255,1195,4,476,B26-P0476-001200,6,26.0,26.0,0.0,20.8,20.8,0.0,,2026-06-17 08:00:00,system,2026-06-17 08:00:00,system
1201,255,1196,5,1494,B26-P1494-001201,6,19.0,19.0,0.0,380.0,380.0,0.0,,2026-06-17 08:00:00,system,2026-06-17 08:00:00,system
1202,255,1197,6,674,B26-P0674-001202,6,3.0,3.0,0.0,75.0,75.0,0.0,,2026-06-17 08:00:00,system,2026-06-17 08:00:00,system
1203,255,1198,7,1345,B26-P1345-001203,6,35.0,35.0,0.0,175.0,175.0,0.0,,2026-06-17 08:00:00,system,2026-06-17 08:00:00,system
1204,255,1199,8,1282,B26-P1282-001204,6,2.0,2.0,0.0,420.0,420.0,0.0,,2026-06-17 08:00:00,system,2026-06-17 08:00:00,system
1205,255,1200,9,1059,B26-P1059-001205,6,42.0,42.0,0.0,210.0,210.0,0.0,,2026-06-17 08:00:00,system,2026-06-17 08:00:00,system
1206,255,1201,10,69,B26-P0069-001206,6,4.0,4.0,0.0,200.0,200.0,0.0,,2026-06-17 08:00:00,system,2026-06-17 08:00:00,system
1207,255,1203,11,831,B26-P0831-001207,6,1.0,1.0,0.0,210.0,210.0,0.0,,2026-06-17 08:00:00,system,2026-06-17 08:00:00,system
1208,255,1204,12,119,B26-P0119-001208,6,9.0,9.0,0.0,180.0,180.0,0.0,,2026-06-17 08:00:00,system,2026-06-17 08:00:00,system
1209,256,1191,1,687,B26-P0687-001209,6,5.0,5.0,0.0,100.0,100.0,0.0,,2026-06-19 08:00:00,system,2026-06-19 08:00:00,system
1210,256,1192,2,1205,B26-P1205-001210,6,21.0,21.0,0.0,21.0,21.0,0.0,,2026-06-19 08:00:00,system,2026-06-19 08:00:00,system
1211,256,1193,3,108,B26-P0108-001211,6,1.0,1.0,0.0,55.0,55.0,0.0,,2026-06-19 08:00:00,system,2026-06-19 08:00:00,system
1212,256,1194,4,217,B26-P0217-001212,1,2.0,2.0,0.0,2000.0,2000.0,0.0,,2026-06-19 08:00:00,system,2026-06-19 08:00:00,system
1213,256,1195,5,476,B26-P0476-001213,6,22.0,22.0,0.0,17.6,17.6,0.0,,2026-06-19 08:00:00,system,2026-06-19 08:00:00,system
1214,256,1196,6,1494,B26-P1494-001214,6,2.0,2.0,0.0,40.0,40.0,0.0,,2026-06-19 08:00:00,system,2026-06-19 08:00:00,system
1215,256,1197,7,674,B26-P0674-001215,6,11.0,11.0,0.0,275.0,275.0,0.0,,2026-06-19 08:00:00,system,2026-06-19 08:00:00,system
1216,256,1198,8,1345,B26-P1345-001216,6,1.0,0.0,1.0,5.0,0.0,5.0,,2026-06-19 08:00:00,system,2026-06-19 08:00:00,system
1217,256,1199,9,1282,B26-P1282-001217,6,1.0,1.0,0.0,210.0,210.0,0.0,,2026-06-19 08:00:00,system,2026-06-19 08:00:00,system
1218,256,1200,10,1059,B26-P1059-001218,6,6.0,6.0,0.0,30.0,30.0,0.0,,2026-06-19 08:00:00,system,2026-06-19 08:00:00,system
1219,256,1202,11,1188,B26-P1188-001219,6,5.0,5.0,0.0,50.0,50.0,0.0,,2026-06-19 08:00:00,system,2026-06-19 08:00:00,system
1220,256,1204,12,119,B26-P0119-001220,6,3.0,3.0,0.0,60.0,60.0,0.0,,2026-06-19 08:00:00,system,2026-06-19 08:00:00,system
1221,257,1211,1,1408,B26-P1408-001221,6,17.0,17.0,0.0,85.0,85.0,0.0,,2026-03-03 08:00:00,system,2026-03-03 08:00:00,system
1222,258,1212,1,202,B26-P0202-001222,1,3.0,3.0,0.0,3000.0,3000.0,0.0,,2026-01-23 08:00:00,system,2026-01-23 08:00:00,system
1223,258,1213,2,461,B26-P0461-001223,6,25.0,25.0,0.0,75.0,75.0,0.0,,2026-01-23 08:00:00,system,2026-01-23 08:00:00,system
1224,258,1214,3,36,B26-P0036-001224,6,5.0,5.0,0.0,100.0,100.0,0.0,,2026-01-23 08:00:00,system,2026-01-23 08:00:00,system
1225,259,1212,1,202,B26-P0202-001225,1,3.0,3.0,0.0,3000.0,3000.0,0.0,,2026-01-28 08:00:00,system,2026-01-28 08:00:00,system
1226,259,1213,2,461,B26-P0461-001226,6,35.0,35.0,0.0,105.0,105.0,0.0,,2026-01-28 08:00:00,system,2026-01-28 08:00:00,system
1227,259,1214,3,36,B26-P0036-001227,6,9.0,8.0,1.0,180.0,160.0,20.0,,2026-01-28 08:00:00,system,2026-01-28 08:00:00,system
1228,260,1217,1,1026,B26-P1026-001228,6,7.0,7.0,0.0,1260.0,1260.0,0.0,,2026-05-05 08:00:00,system,2026-05-05 08:00:00,system
1229,260,1218,2,991,B26-P0991-001229,6,10.0,10.0,0.0,5.0,5.0,0.0,,2026-05-05 08:00:00,system,2026-05-05 08:00:00,system
1230,260,1219,3,647,B26-P0647-001230,6,28.0,28.0,0.0,280.0,280.0,0.0,,2026-05-05 08:00:00,system,2026-05-05 08:00:00,system
1231,260,1220,4,1015,B26-P1015-001231,6,10.0,10.0,0.0,180.0,180.0,0.0,,2026-05-05 08:00:00,system,2026-05-05 08:00:00,system
1232,260,1221,5,1466,B26-P1466-001232,1,8.0,8.0,0.0,16000.0,16000.0,0.0,,2026-05-05 08:00:00,system,2026-05-05 08:00:00,system
1233,260,1222,6,274,B26-P0274-001233,6,38.0,38.0,0.0,114.0,114.0,0.0,,2026-05-05 08:00:00,system,2026-05-05 08:00:00,system
1234,260,1223,7,580,B26-P0580-001234,6,9.0,9.0,0.0,90.0,90.0,0.0,,2026-05-05 08:00:00,system,2026-05-05 08:00:00,system
1235,261,1217,1,1026,B26-P1026-001235,6,1.0,1.0,0.0,180.0,180.0,0.0,,2026-05-07 08:00:00,system,2026-05-07 08:00:00,system
1236,261,1218,2,991,B26-P0991-001236,6,4.0,4.0,0.0,2.0,2.0,0.0,,2026-05-07 08:00:00,system,2026-05-07 08:00:00,system
1237,261,1219,3,647,B26-P0647-001237,6,2.0,2.0,0.0,20.0,20.0,0.0,,2026-05-07 08:00:00,system,2026-05-07 08:00:00,system
1238,261,1220,4,1015,B26-P1015-001238,6,6.0,6.0,0.0,108.0,108.0,0.0,,2026-05-07 08:00:00,system,2026-05-07 08:00:00,system
1239,261,1222,5,274,B26-P0274-001239,6,2.0,2.0,0.0,6.0,6.0,0.0,,2026-05-07 08:00:00,system,2026-05-07 08:00:00,system
1240,261,1223,6,580,B26-P0580-001240,6,3.0,3.0,0.0,30.0,30.0,0.0,,2026-05-07 08:00:00,system,2026-05-07 08:00:00,system
1241,262,1224,1,556,B26-P0556-001241,6,12.0,12.0,0.0,360.0,360.0,0.0,,2026-05-22 08:00:00,system,2026-05-22 08:00:00,system
1242,263,1227,1,1408,B26-P1408-001242,6,13.0,13.0,0.0,65.0,65.0,0.0,,2026-07-08 08:00:00,system,2026-07-08 08:00:00,system
1243,263,1228,2,1020,B26-P1020-001243,6,13.0,13.0,0.0,13.0,13.0,0.0,,2026-07-08 08:00:00,system,2026-07-08 08:00:00,system
1244,263,1229,3,1210,B26-P1210-001244,6,6.0,6.0,0.0,330.0,330.0,0.0,,2026-07-08 08:00:00,system,2026-07-08 08:00:00,system
1245,263,1230,4,843,B26-P0843-001245,6,4.0,4.0,0.0,220.0,220.0,0.0,,2026-07-08 08:00:00,system,2026-07-08 08:00:00,system
1246,264,1225,1,25,B26-P0025-001246,6,2.0,2.0,0.0,110.0,110.0,0.0,,2026-07-11 08:00:00,system,2026-07-11 08:00:00,system
1247,264,1226,2,988,B26-P0988-001247,6,2.0,1.0,1.0,100.0,50.0,50.0,,2026-07-11 08:00:00,system,2026-07-11 08:00:00,system
1248,264,1227,3,1408,B26-P1408-001248,6,5.0,5.0,0.0,25.0,25.0,0.0,,2026-07-11 08:00:00,system,2026-07-11 08:00:00,system
1249,264,1228,4,1020,B26-P1020-001249,6,9.0,9.0,0.0,9.0,9.0,0.0,,2026-07-11 08:00:00,system,2026-07-11 08:00:00,system
1250,265,1231,1,977,B26-P0977-001250,6,1.0,0.0,1.0,10.0,0.0,10.0,,2026-04-18 08:00:00,system,2026-04-18 08:00:00,system
1251,266,1234,1,190,B26-P0190-001251,6,36.0,36.0,0.0,28.8,28.8,0.0,,2026-06-15 08:00:00,system,2026-06-15 08:00:00,system
1252,266,1237,2,1417,B26-P1417-001252,6,4.0,4.0,0.0,840.0,840.0,0.0,,2026-06-15 08:00:00,system,2026-06-15 08:00:00,system
1253,267,1233,1,1489,B26-P1489-001253,1,1.0,1.0,0.0,2000.0,2000.0,0.0,,2026-06-20 08:00:00,system,2026-06-20 08:00:00,system
1254,267,1234,2,190,B26-P0190-001254,6,28.0,28.0,0.0,22.4,22.4,0.0,,2026-06-20 08:00:00,system,2026-06-20 08:00:00,system
1255,268,1245,1,59,B26-P0059-001255,6,39.0,39.0,0.0,31.2,31.2,0.0,,2026-02-24 08:00:00,system,2026-02-24 08:00:00,system
1256,269,1246,1,1338,B26-P1338-001256,6,7.0,7.0,0.0,140.0,140.0,0.0,,2026-02-02 08:00:00,system,2026-02-02 08:00:00,system
1257,270,1247,1,77,B26-P0077-001257,6,8.0,8.0,0.0,400.0,400.0,0.0,,2026-01-27 08:00:00,system,2026-01-27 08:00:00,system
1258,270,1248,2,1115,B26-P1115-001258,6,22.0,22.0,0.0,110.0,110.0,0.0,,2026-01-27 08:00:00,system,2026-01-27 08:00:00,system
1259,271,1249,1,1274,B26-P1274-001259,6,5.0,5.0,0.0,1050.0,1050.0,0.0,,2026-02-22 08:00:00,system,2026-02-22 08:00:00,system
1260,271,1250,2,858,B26-P0858-001260,6,8.0,8.0,0.0,440.0,440.0,0.0,,2026-02-22 08:00:00,system,2026-02-22 08:00:00,system
1261,271,1251,3,1361,B26-P1361-001261,1,2.0,2.0,0.0,4000.0,4000.0,0.0,,2026-02-22 08:00:00,system,2026-02-22 08:00:00,system
1262,272,1258,1,1286,B26-P1286-001262,6,52.0,52.0,0.0,260.0,260.0,0.0,,2026-04-15 08:00:00,system,2026-04-15 08:00:00,system
1263,272,1259,2,95,B26-P0095-001263,6,1.0,0.0,1.0,210.0,0.0,210.0,,2026-04-15 08:00:00,system,2026-04-15 08:00:00,system
1264,272,1260,3,228,B26-P0228-001264,6,2.0,2.0,0.0,100.0,100.0,0.0,,2026-04-15 08:00:00,system,2026-04-15 08:00:00,system
1265,272,1261,4,1138,B26-P1138-001265,6,22.0,22.0,0.0,110.0,110.0,0.0,,2026-04-15 08:00:00,system,2026-04-15 08:00:00,system
1266,272,1262,5,779,B26-P0779-001266,6,25.0,25.0,0.0,750.0,750.0,0.0,,2026-04-15 08:00:00,system,2026-04-15 08:00:00,system
1267,273,1263,1,1066,B26-P1066-001267,6,72.0,72.0,0.0,36.0,36.0,0.0,,2026-05-05 08:00:00,system,2026-05-05 08:00:00,system
1268,274,1264,1,1266,B26-P1266-001268,1,1.0,1.0,0.0,1000.0,1000.0,0.0,,2026-05-06 08:00:00,system,2026-05-06 08:00:00,system
1269,274,1265,2,4,B26-P0004-001269,6,7.0,7.0,0.0,70.0,70.0,0.0,,2026-05-06 08:00:00,system,2026-05-06 08:00:00,system
1270,274,1266,3,608,B26-P0608-001270,6,27.0,27.0,0.0,135.0,135.0,0.0,,2026-05-06 08:00:00,system,2026-05-06 08:00:00,system
1271,274,1267,4,289,B26-P0289-001271,6,16.0,16.0,0.0,48.0,48.0,0.0,,2026-05-06 08:00:00,system,2026-05-06 08:00:00,system
1272,274,1268,5,244,B26-P0244-001272,6,6.0,6.0,0.0,330.0,330.0,0.0,,2026-05-06 08:00:00,system,2026-05-06 08:00:00,system
1273,275,1272,1,1071,B26-P1071-001273,6,25.0,25.0,0.0,450.0,450.0,0.0,,2026-01-18 08:00:00,system,2026-01-18 08:00:00,system
1274,275,1273,2,1267,B26-P1267-001274,6,42.0,42.0,0.0,42.0,42.0,0.0,,2026-01-18 08:00:00,system,2026-01-18 08:00:00,system
1275,275,1274,3,371,B26-P0371-001275,6,6.0,5.0,1.0,30.0,25.0,5.0,,2026-01-18 08:00:00,system,2026-01-18 08:00:00,system
1276,275,1275,4,328,B26-P0328-001276,6,18.0,17.0,1.0,540.0,510.0,30.0,,2026-01-18 08:00:00,system,2026-01-18 08:00:00,system
1277,275,1276,5,1062,B26-P1062-001277,6,12.0,12.0,0.0,216.0,216.0,0.0,,2026-01-18 08:00:00,system,2026-01-18 08:00:00,system
1278,275,1277,6,930,B26-P0930-001278,6,6.0,6.0,0.0,1080.0,1080.0,0.0,,2026-01-18 08:00:00,system,2026-01-18 08:00:00,system
1279,276,1278,1,1150,B26-P1150-001279,6,32.0,32.0,0.0,96.0,96.0,0.0,,2026-01-10 08:00:00,system,2026-01-10 08:00:00,system
1280,276,1279,2,315,B26-P0315-001280,6,8.0,8.0,0.0,440.0,440.0,0.0,,2026-01-10 08:00:00,system,2026-01-10 08:00:00,system
1281,276,1280,3,553,B26-P0553-001281,6,40.0,40.0,0.0,600.0,600.0,0.0,,2026-01-10 08:00:00,system,2026-01-10 08:00:00,system
1282,276,1281,4,59,B26-P0059-001282,6,26.0,26.0,0.0,20.8,20.8,0.0,,2026-01-10 08:00:00,system,2026-01-10 08:00:00,system
1283,276,1282,5,261,B26-P0261-001283,6,24.0,24.0,0.0,240.0,240.0,0.0,,2026-01-10 08:00:00,system,2026-01-10 08:00:00,system
1284,276,1283,6,328,B26-P0328-001284,6,12.0,12.0,0.0,360.0,360.0,0.0,,2026-01-10 08:00:00,system,2026-01-10 08:00:00,system
1285,276,1284,7,831,B26-P0831-001285,6,1.0,1.0,0.0,210.0,210.0,0.0,,2026-01-10 08:00:00,system,2026-01-10 08:00:00,system
1286,276,1285,8,934,B26-P0934-001286,6,28.0,28.0,0.0,420.0,420.0,0.0,,2026-01-10 08:00:00,system,2026-01-10 08:00:00,system
1287,276,1286,9,824,B26-P0824-001287,6,35.0,35.0,0.0,525.0,525.0,0.0,,2026-01-10 08:00:00,system,2026-01-10 08:00:00,system
1288,276,1287,10,1175,B26-P1175-001288,6,1.0,0.0,1.0,210.0,0.0,210.0,,2026-01-10 08:00:00,system,2026-01-10 08:00:00,system
1289,277,1289,1,1423,B26-P1423-001289,6,3.0,2.0,1.0,30.0,20.0,10.0,,2026-03-15 08:00:00,system,2026-03-15 08:00:00,system
1290,278,1288,1,95,B26-P0095-001290,6,4.0,3.0,1.0,840.0,630.0,210.0,,2026-03-17 08:00:00,system,2026-03-17 08:00:00,system
1291,278,1289,2,1423,B26-P1423-001291,6,3.0,2.0,1.0,30.0,20.0,10.0,,2026-03-17 08:00:00,system,2026-03-17 08:00:00,system
1292,279,1290,1,1224,B26-P1224-001292,6,16.0,16.0,0.0,160.0,160.0,0.0,,2026-04-27 08:00:00,system,2026-04-27 08:00:00,system
1293,279,1291,2,760,B26-P0760-001293,6,35.0,35.0,0.0,175.0,175.0,0.0,,2026-04-27 08:00:00,system,2026-04-27 08:00:00,system
1294,279,1292,3,70,B26-P0070-001294,6,12.0,11.0,1.0,660.0,605.0,55.0,,2026-04-27 08:00:00,system,2026-04-27 08:00:00,system
1295,279,1293,4,478,B26-P0478-001295,6,52.0,52.0,0.0,62.4,62.4,0.0,,2026-04-27 08:00:00,system,2026-04-27 08:00:00,system
1296,279,1294,5,708,B26-P0708-001296,1,3.0,3.0,0.0,1500.0,1500.0,0.0,,2026-04-27 08:00:00,system,2026-04-27 08:00:00,system
1297,279,1295,6,546,B26-P0546-001297,6,1.0,1.0,0.0,210.0,210.0,0.0,,2026-04-27 08:00:00,system,2026-04-27 08:00:00,system
1298,280,1296,1,1248,B26-P1248-001298,6,6.0,6.0,0.0,120.0,120.0,0.0,,2026-03-27 08:00:00,system,2026-03-27 08:00:00,system
1299,280,1297,2,717,B26-P0717-001299,6,4.0,4.0,0.0,840.0,840.0,0.0,,2026-03-27 08:00:00,system,2026-03-27 08:00:00,system
1300,280,1298,3,25,B26-P0025-001300,6,2.0,2.0,0.0,110.0,110.0,0.0,,2026-03-27 08:00:00,system,2026-03-27 08:00:00,system
1301,280,1299,4,1033,B26-P1033-001301,6,10.0,10.0,0.0,100.0,100.0,0.0,,2026-03-27 08:00:00,system,2026-03-27 08:00:00,system
1302,280,1300,5,752,B26-P0752-001302,6,10.0,10.0,0.0,500.0,500.0,0.0,,2026-03-27 08:00:00,system,2026-03-27 08:00:00,system
1303,280,1301,6,823,B26-P0823-001303,6,24.0,24.0,0.0,240.0,240.0,0.0,,2026-03-27 08:00:00,system,2026-03-27 08:00:00,system
1304,281,1302,1,1083,B26-P1083-001304,6,21.0,21.0,0.0,8.4,8.4,0.0,,2026-02-16 08:00:00,system,2026-02-16 08:00:00,system
1305,282,1303,1,274,B26-P0274-001305,6,2.0,2.0,0.0,6.0,6.0,0.0,,2026-05-29 08:00:00,system,2026-05-29 08:00:00,system
1306,282,1304,2,860,B26-P0860-001306,6,2.0,2.0,0.0,420.0,420.0,0.0,,2026-05-29 08:00:00,system,2026-05-29 08:00:00,system
1307,282,1305,3,725,B26-P0725-001307,6,3.0,3.0,0.0,60.0,60.0,0.0,,2026-05-29 08:00:00,system,2026-05-29 08:00:00,system
1308,282,1307,4,1002,B26-P1002-001308,6,6.0,6.0,0.0,6.0,6.0,0.0,,2026-05-29 08:00:00,system,2026-05-29 08:00:00,system
1309,282,1308,5,1115,B26-P1115-001309,6,3.0,3.0,0.0,15.0,15.0,0.0,,2026-05-29 08:00:00,system,2026-05-29 08:00:00,system
1310,282,1309,6,1378,B26-P1378-001310,1,1.0,1.0,0.0,2000.0,2000.0,0.0,,2026-05-29 08:00:00,system,2026-05-29 08:00:00,system
1311,283,1303,1,274,B26-P0274-001311,6,8.0,8.0,0.0,24.0,24.0,0.0,,2026-06-03 08:00:00,system,2026-06-03 08:00:00,system
1312,283,1304,2,860,B26-P0860-001312,6,1.0,1.0,0.0,210.0,210.0,0.0,,2026-06-03 08:00:00,system,2026-06-03 08:00:00,system
1313,283,1305,3,725,B26-P0725-001313,6,7.0,7.0,0.0,140.0,140.0,0.0,,2026-06-03 08:00:00,system,2026-06-03 08:00:00,system
1314,283,1307,4,1002,B26-P1002-001314,6,7.0,7.0,0.0,7.0,7.0,0.0,,2026-06-03 08:00:00,system,2026-06-03 08:00:00,system
1315,283,1308,5,1115,B26-P1115-001315,6,38.0,38.0,0.0,190.0,190.0,0.0,,2026-06-03 08:00:00,system,2026-06-03 08:00:00,system
1316,283,1309,6,1378,B26-P1378-001316,1,5.0,5.0,0.0,10000.0,10000.0,0.0,,2026-06-03 08:00:00,system,2026-06-03 08:00:00,system
1317,284,1303,1,274,B26-P0274-001317,6,3.0,3.0,0.0,9.0,9.0,0.0,,2026-06-04 08:00:00,system,2026-06-04 08:00:00,system
1318,284,1305,2,725,B26-P0725-001318,6,9.0,9.0,0.0,180.0,180.0,0.0,,2026-06-04 08:00:00,system,2026-06-04 08:00:00,system
1319,284,1307,3,1002,B26-P1002-001319,6,2.0,2.0,0.0,2.0,2.0,0.0,,2026-06-04 08:00:00,system,2026-06-04 08:00:00,system
1320,284,1308,4,1115,B26-P1115-001320,6,9.0,9.0,0.0,45.0,45.0,0.0,,2026-06-04 08:00:00,system,2026-06-04 08:00:00,system
1321,284,1309,5,1378,B26-P1378-001321,1,1.0,1.0,0.0,2000.0,2000.0,0.0,,2026-06-04 08:00:00,system,2026-06-04 08:00:00,system
1322,285,1318,1,99,B26-P0099-001322,6,6.0,6.0,0.0,7.2,7.2,0.0,,2026-06-17 08:00:00,system,2026-06-17 08:00:00,system
1323,285,1319,2,1114,B26-P1114-001323,6,53.0,53.0,0.0,106.0,106.0,0.0,,2026-06-17 08:00:00,system,2026-06-17 08:00:00,system
1324,285,1321,3,6,B26-P0006-001324,6,16.0,15.0,1.0,320.0,300.0,20.0,,2026-06-17 08:00:00,system,2026-06-17 08:00:00,system
1325,286,1318,1,99,B26-P0099-001325,6,16.0,16.0,0.0,19.2,19.2,0.0,,2026-06-20 08:00:00,system,2026-06-20 08:00:00,system
1326,286,1319,2,1114,B26-P1114-001326,6,3.0,3.0,0.0,6.0,6.0,0.0,,2026-06-20 08:00:00,system,2026-06-20 08:00:00,system
1327,286,1320,3,1364,B26-P1364-001327,6,12.0,11.0,1.0,240.0,220.0,20.0,,2026-06-20 08:00:00,system,2026-06-20 08:00:00,system
1328,286,1321,4,6,B26-P0006-001328,6,19.0,18.0,1.0,380.0,360.0,20.0,,2026-06-20 08:00:00,system,2026-06-20 08:00:00,system
1329,287,1322,1,764,B26-P0764-001329,6,1.0,1.0,0.0,25.0,25.0,0.0,,2026-06-04 08:00:00,system,2026-06-04 08:00:00,system
1330,287,1323,2,593,B26-P0593-001330,6,13.0,13.0,0.0,39.0,39.0,0.0,,2026-06-04 08:00:00,system,2026-06-04 08:00:00,system
1331,287,1324,3,201,B26-P0201-001331,6,4.0,4.0,0.0,840.0,840.0,0.0,,2026-06-04 08:00:00,system,2026-06-04 08:00:00,system
1332,288,1322,1,764,B26-P0764-001332,6,29.0,29.0,0.0,725.0,725.0,0.0,,2026-06-07 08:00:00,system,2026-06-07 08:00:00,system
1333,288,1323,2,593,B26-P0593-001333,6,20.0,20.0,0.0,60.0,60.0,0.0,,2026-06-07 08:00:00,system,2026-06-07 08:00:00,system
1334,288,1324,3,201,B26-P0201-001334,6,1.0,1.0,0.0,210.0,210.0,0.0,,2026-06-07 08:00:00,system,2026-06-07 08:00:00,system
1335,289,1328,1,368,B26-P0368-001335,6,11.0,11.0,0.0,11.0,11.0,0.0,,2026-06-07 08:00:00,system,2026-06-07 08:00:00,system
1336,289,1329,2,883,B26-P0883-001336,6,12.0,12.0,0.0,300.0,300.0,0.0,,2026-06-07 08:00:00,system,2026-06-07 08:00:00,system
1337,289,1330,3,571,B26-P0571-001337,6,8.0,8.0,0.0,400.0,400.0,0.0,,2026-06-07 08:00:00,system,2026-06-07 08:00:00,system
1338,289,1331,4,1317,B26-P1317-001338,1,6.0,6.0,0.0,12000.0,12000.0,0.0,,2026-06-07 08:00:00,system,2026-06-07 08:00:00,system
1339,289,1332,5,318,B26-P0318-001339,1,1.0,0.0,1.0,1000.0,0.0,1000.0,,2026-06-07 08:00:00,system,2026-06-07 08:00:00,system
1340,290,1333,1,606,B26-P0606-001340,1,2.0,2.0,0.0,4000.0,4000.0,0.0,,2026-06-07 08:00:00,system,2026-06-07 08:00:00,system
1341,290,1334,2,627,B26-P0627-001341,6,9.0,9.0,0.0,270.0,270.0,0.0,,2026-06-07 08:00:00,system,2026-06-07 08:00:00,system
1342,290,1335,3,259,B26-P0259-001342,6,21.0,21.0,0.0,63.0,63.0,0.0,,2026-06-07 08:00:00,system,2026-06-07 08:00:00,system
1343,291,1336,1,718,B26-P0718-001343,1,2.0,2.0,0.0,1000.0,1000.0,0.0,,2026-07-11 08:00:00,system,2026-07-11 08:00:00,system
1344,291,1337,2,1071,B26-P1071-001344,6,6.0,5.0,1.0,108.0,90.0,18.0,,2026-07-11 08:00:00,system,2026-07-11 08:00:00,system
1345,292,1338,1,1069,B26-P1069-001345,6,8.0,8.0,0.0,40.0,40.0,0.0,,2026-03-29 08:00:00,system,2026-03-29 08:00:00,system
1346,292,1339,2,127,B26-P0127-001346,6,6.0,5.0,1.0,4.8,4.0,0.8,,2026-03-29 08:00:00,system,2026-03-29 08:00:00,system
1347,292,1340,3,718,B26-P0718-001347,1,6.0,6.0,0.0,3000.0,3000.0,0.0,,2026-03-29 08:00:00,system,2026-03-29 08:00:00,system
1348,292,1341,4,1160,B26-P1160-001348,6,15.0,14.0,1.0,150.0,140.0,10.0,,2026-03-29 08:00:00,system,2026-03-29 08:00:00,system
1349,292,1342,5,1473,B26-P1473-001349,6,24.0,23.0,1.0,720.0,690.0,30.0,,2026-03-29 08:00:00,system,2026-03-29 08:00:00,system
1350,292,1343,6,361,B26-P0361-001350,6,1.0,1.0,0.0,30.0,30.0,0.0,,2026-03-29 08:00:00,system,2026-03-29 08:00:00,system
1351,292,1345,7,399,B26-P0399-001351,6,5.0,5.0,0.0,150.0,150.0,0.0,,2026-03-29 08:00:00,system,2026-03-29 08:00:00,system
1352,292,1347,8,1494,B26-P1494-001352,6,3.0,3.0,0.0,60.0,60.0,0.0,,2026-03-29 08:00:00,system,2026-03-29 08:00:00,system
1353,292,1348,9,662,B26-P0662-001353,6,12.0,12.0,0.0,180.0,180.0,0.0,,2026-03-29 08:00:00,system,2026-03-29 08:00:00,system
1354,292,1349,10,825,B26-P0825-001354,6,17.0,17.0,0.0,340.0,340.0,0.0,,2026-03-29 08:00:00,system,2026-03-29 08:00:00,system
1355,292,1350,11,284,B26-P0284-001355,6,1.0,0.0,1.0,210.0,0.0,210.0,,2026-03-29 08:00:00,system,2026-03-29 08:00:00,system
1356,292,1351,12,754,B26-P0754-001356,6,1.0,1.0,0.0,180.0,180.0,0.0,,2026-03-29 08:00:00,system,2026-03-29 08:00:00,system
1357,292,1352,13,1221,B26-P1221-001357,6,31.0,31.0,0.0,31.0,31.0,0.0,,2026-03-29 08:00:00,system,2026-03-29 08:00:00,system
1358,293,1338,1,1069,B26-P1069-001358,6,52.0,52.0,0.0,260.0,260.0,0.0,,2026-04-01 08:00:00,system,2026-04-01 08:00:00,system
1359,293,1339,2,127,B26-P0127-001359,6,36.0,36.0,0.0,28.8,28.8,0.0,,2026-04-01 08:00:00,system,2026-04-01 08:00:00,system
1360,293,1341,3,1160,B26-P1160-001360,6,10.0,10.0,0.0,100.0,100.0,0.0,,2026-04-01 08:00:00,system,2026-04-01 08:00:00,system
1361,293,1342,4,1473,B26-P1473-001361,6,4.0,4.0,0.0,120.0,120.0,0.0,,2026-04-01 08:00:00,system,2026-04-01 08:00:00,system
1362,293,1343,5,361,B26-P0361-001362,6,11.0,11.0,0.0,330.0,330.0,0.0,,2026-04-01 08:00:00,system,2026-04-01 08:00:00,system
1363,293,1344,6,1064,B26-P1064-001363,6,2.0,2.0,0.0,360.0,360.0,0.0,,2026-04-01 08:00:00,system,2026-04-01 08:00:00,system
1364,293,1345,7,399,B26-P0399-001364,6,10.0,9.0,1.0,300.0,270.0,30.0,,2026-04-01 08:00:00,system,2026-04-01 08:00:00,system
1365,293,1346,8,58,B26-P0058-001365,1,2.0,2.0,0.0,2000.0,2000.0,0.0,,2026-04-01 08:00:00,system,2026-04-01 08:00:00,system
1366,293,1347,9,1494,B26-P1494-001366,6,25.0,25.0,0.0,500.0,500.0,0.0,,2026-04-01 08:00:00,system,2026-04-01 08:00:00,system
1367,293,1348,10,662,B26-P0662-001367,6,16.0,16.0,0.0,240.0,240.0,0.0,,2026-04-01 08:00:00,system,2026-04-01 08:00:00,system
1368,293,1349,11,825,B26-P0825-001368,6,1.0,0.0,1.0,20.0,0.0,20.0,,2026-04-01 08:00:00,system,2026-04-01 08:00:00,system
1369,293,1350,12,284,B26-P0284-001369,6,2.0,2.0,0.0,420.0,420.0,0.0,,2026-04-01 08:00:00,system,2026-04-01 08:00:00,system
1370,293,1351,13,754,B26-P0754-001370,6,1.0,1.0,0.0,180.0,180.0,0.0,,2026-04-01 08:00:00,system,2026-04-01 08:00:00,system
1371,293,1352,14,1221,B26-P1221-001371,6,8.0,8.0,0.0,8.0,8.0,0.0,,2026-04-01 08:00:00,system,2026-04-01 08:00:00,system
1372,294,1353,1,749,B26-P0749-001372,6,26.0,26.0,0.0,78.0,78.0,0.0,,2026-04-17 08:00:00,system,2026-04-17 08:00:00,system
1373,295,1354,1,615,B26-P0615-001373,6,3.0,3.0,0.0,165.0,165.0,0.0,,2026-05-09 08:00:00,system,2026-05-09 08:00:00,system
1374,296,1358,1,1193,B26-P1193-001374,6,44.0,44.0,0.0,44.0,44.0,0.0,,2026-02-27 08:00:00,system,2026-02-27 08:00:00,system
1375,297,1359,1,600,B26-P0600-001375,6,2.0,1.0,1.0,100.0,50.0,50.0,,2026-03-03 08:00:00,system,2026-03-03 08:00:00,system
1376,297,1360,2,521,B26-P0521-001376,6,20.0,20.0,0.0,60.0,60.0,0.0,,2026-03-03 08:00:00,system,2026-03-03 08:00:00,system
1377,297,1362,3,817,B26-P0817-001377,6,4.0,4.0,0.0,840.0,840.0,0.0,,2026-03-03 08:00:00,system,2026-03-03 08:00:00,system
1378,297,1363,4,631,B26-P0631-001378,6,40.0,40.0,0.0,120.0,120.0,0.0,,2026-03-03 08:00:00,system,2026-03-03 08:00:00,system
1379,297,1364,5,1157,B26-P1157-001379,6,14.0,14.0,0.0,14.0,14.0,0.0,,2026-03-03 08:00:00,system,2026-03-03 08:00:00,system
1380,297,1365,6,894,B26-P0894-001380,6,3.0,3.0,0.0,15.0,15.0,0.0,,2026-03-03 08:00:00,system,2026-03-03 08:00:00,system
1381,298,1359,1,600,B26-P0600-001381,6,6.0,6.0,0.0,300.0,300.0,0.0,,2026-03-04 08:00:00,system,2026-03-04 08:00:00,system
1382,298,1360,2,521,B26-P0521-001382,6,2.0,1.0,1.0,6.0,3.0,3.0,,2026-03-04 08:00:00,system,2026-03-04 08:00:00,system
1383,298,1361,3,302,B26-P0302-001383,6,4.0,4.0,0.0,840.0,840.0,0.0,,2026-03-04 08:00:00,system,2026-03-04 08:00:00,system
1384,298,1364,4,1157,B26-P1157-001384,6,22.0,22.0,0.0,22.0,22.0,0.0,,2026-03-04 08:00:00,system,2026-03-04 08:00:00,system
1385,298,1365,5,894,B26-P0894-001385,6,15.0,15.0,0.0,75.0,75.0,0.0,,2026-03-04 08:00:00,system,2026-03-04 08:00:00,system
1386,299,1366,1,1474,B26-P1474-001386,6,8.0,8.0,0.0,400.0,400.0,0.0,,2026-03-18 08:00:00,system,2026-03-18 08:00:00,system
1387,299,1367,2,273,B26-P0273-001387,6,26.0,26.0,0.0,31.2,31.2,0.0,,2026-03-18 08:00:00,system,2026-03-18 08:00:00,system
1388,299,1368,3,200,B26-P0200-001388,6,8.0,8.0,0.0,1440.0,1440.0,0.0,,2026-03-18 08:00:00,system,2026-03-18 08:00:00,system
1389,300,1369,1,107,B26-P0107-001389,6,4.0,4.0,0.0,200.0,200.0,0.0,,2026-05-26 08:00:00,system,2026-05-26 08:00:00,system
1390,300,1370,2,569,B26-P0569-001390,6,5.0,5.0,0.0,125.0,125.0,0.0,,2026-05-26 08:00:00,system,2026-05-26 08:00:00,system
1391,300,1373,3,193,B26-P0193-001391,6,12.0,12.0,0.0,36.0,36.0,0.0,,2026-05-26 08:00:00,system,2026-05-26 08:00:00,system
1392,301,1369,1,107,B26-P0107-001392,6,11.0,11.0,0.0,550.0,550.0,0.0,,2026-05-27 08:00:00,system,2026-05-27 08:00:00,system
1393,301,1370,2,569,B26-P0569-001393,6,19.0,19.0,0.0,475.0,475.0,0.0,,2026-05-27 08:00:00,system,2026-05-27 08:00:00,system
1394,301,1371,3,845,B26-P0845-001394,6,1.0,1.0,0.0,210.0,210.0,0.0,,2026-05-27 08:00:00,system,2026-05-27 08:00:00,system
1395,301,1372,4,1008,B26-P1008-001395,6,2.0,2.0,0.0,360.0,360.0,0.0,,2026-05-27 08:00:00,system,2026-05-27 08:00:00,system
1396,301,1373,5,193,B26-P0193-001396,6,1.0,1.0,0.0,3.0,3.0,0.0,,2026-05-27 08:00:00,system,2026-05-27 08:00:00,system
1397,302,1375,1,1321,B26-P1321-001397,6,2.0,2.0,0.0,110.0,110.0,0.0,,2026-06-18 08:00:00,system,2026-06-18 08:00:00,system
1398,302,1376,2,277,B26-P0277-001398,6,14.0,14.0,0.0,210.0,210.0,0.0,,2026-06-18 08:00:00,system,2026-06-18 08:00:00,system
1399,302,1377,3,785,B26-P0785-001399,1,2.0,2.0,0.0,2000.0,2000.0,0.0,,2026-06-18 08:00:00,system,2026-06-18 08:00:00,system
1400,302,1378,4,1189,B26-P1189-001400,6,12.0,12.0,0.0,240.0,240.0,0.0,,2026-06-18 08:00:00,system,2026-06-18 08:00:00,system
1401,303,1379,1,541,B26-P0541-001401,6,30.0,30.0,0.0,900.0,900.0,0.0,,2026-05-15 08:00:00,system,2026-05-15 08:00:00,system
1402,303,1380,2,258,B26-P0258-001402,6,52.0,52.0,0.0,62.4,62.4,0.0,,2026-05-15 08:00:00,system,2026-05-15 08:00:00,system
1403,303,1381,3,178,B26-P0178-001403,6,40.0,40.0,0.0,120.0,120.0,0.0,,2026-05-15 08:00:00,system,2026-05-15 08:00:00,system
1404,304,1382,1,447,B26-P0447-001404,6,30.0,30.0,0.0,150.0,150.0,0.0,,2026-03-19 08:00:00,system,2026-03-19 08:00:00,system
1405,304,1383,2,1140,B26-P1140-001405,6,8.0,8.0,0.0,144.0,144.0,0.0,,2026-03-19 08:00:00,system,2026-03-19 08:00:00,system
1406,304,1384,3,203,B26-P0203-001406,6,10.0,10.0,0.0,8.0,8.0,0.0,,2026-03-19 08:00:00,system,2026-03-19 08:00:00,system
1407,305,1385,1,1475,B26-P1475-001407,6,4.0,4.0,0.0,220.0,220.0,0.0,,2026-05-22 08:00:00,system,2026-05-22 08:00:00,system
1408,305,1386,2,1214,B26-P1214-001408,6,50.0,50.0,0.0,150.0,150.0,0.0,,2026-05-22 08:00:00,system,2026-05-22 08:00:00,system
1409,305,1387,3,500,B26-P0500-001409,6,35.0,35.0,0.0,1050.0,1050.0,0.0,,2026-05-22 08:00:00,system,2026-05-22 08:00:00,system
1410,306,1388,1,165,B26-P0165-001410,6,12.0,12.0,0.0,120.0,120.0,0.0,,2026-02-03 08:00:00,system,2026-02-03 08:00:00,system
1411,306,1389,2,518,B26-P0518-001411,1,2.0,1.0,1.0,1000.0,500.0,500.0,,2026-02-03 08:00:00,system,2026-02-03 08:00:00,system
1412,307,1390,1,181,B26-P0181-001412,6,39.0,39.0,0.0,585.0,585.0,0.0,,2026-04-24 08:00:00,system,2026-04-24 08:00:00,system
1413,307,1391,2,608,B26-P0608-001413,6,30.0,30.0,0.0,150.0,150.0,0.0,,2026-04-24 08:00:00,system,2026-04-24 08:00:00,system
1414,307,1392,3,179,B26-P0179-001414,6,25.0,25.0,0.0,125.0,125.0,0.0,,2026-04-24 08:00:00,system,2026-04-24 08:00:00,system
1415,308,1390,1,181,B26-P0181-001415,6,1.0,1.0,0.0,15.0,15.0,0.0,,2026-04-26 08:00:00,system,2026-04-26 08:00:00,system
1416,308,1391,2,608,B26-P0608-001416,6,2.0,2.0,0.0,10.0,10.0,0.0,,2026-04-26 08:00:00,system,2026-04-26 08:00:00,system
1417,308,1392,3,179,B26-P0179-001417,6,7.0,7.0,0.0,35.0,35.0,0.0,,2026-04-26 08:00:00,system,2026-04-26 08:00:00,system
1418,308,1393,4,1073,B26-P1073-001418,6,3.0,3.0,0.0,540.0,540.0,0.0,,2026-04-26 08:00:00,system,2026-04-26 08:00:00,system
1419,309,1394,1,68,B26-P0068-001419,6,6.0,6.0,0.0,180.0,180.0,0.0,,2026-01-18 08:00:00,system,2026-01-18 08:00:00,system
1420,309,1395,2,1283,B26-P1283-001420,1,2.0,2.0,0.0,2000.0,2000.0,0.0,,2026-01-18 08:00:00,system,2026-01-18 08:00:00,system
1421,309,1396,3,1039,B26-P1039-001421,6,22.0,22.0,0.0,22.0,22.0,0.0,,2026-01-18 08:00:00,system,2026-01-18 08:00:00,system
1422,309,1397,4,153,B26-P0153-001422,6,6.0,6.0,0.0,150.0,150.0,0.0,,2026-01-18 08:00:00,system,2026-01-18 08:00:00,system
1423,309,1398,5,645,B26-P0645-001423,6,33.0,33.0,0.0,99.0,99.0,0.0,,2026-01-18 08:00:00,system,2026-01-18 08:00:00,system
1424,309,1399,6,974,B26-P0974-001424,6,39.0,38.0,1.0,39.0,38.0,1.0,,2026-01-18 08:00:00,system,2026-01-18 08:00:00,system
1425,310,1400,1,18,B26-P0018-001425,6,1.0,1.0,0.0,5.0,5.0,0.0,,2026-03-07 08:00:00,system,2026-03-07 08:00:00,system
1426,310,1401,2,927,B26-P0927-001426,6,10.0,10.0,0.0,300.0,300.0,0.0,,2026-03-07 08:00:00,system,2026-03-07 08:00:00,system
1427,310,1402,3,1205,B26-P1205-001427,6,62.0,62.0,0.0,62.0,62.0,0.0,,2026-03-07 08:00:00,system,2026-03-07 08:00:00,system
1428,310,1403,4,1130,B26-P1130-001428,6,1.0,1.0,0.0,10.0,10.0,0.0,,2026-03-07 08:00:00,system,2026-03-07 08:00:00,system
1429,310,1404,5,831,B26-P0831-001429,6,4.0,4.0,0.0,840.0,840.0,0.0,,2026-03-07 08:00:00,system,2026-03-07 08:00:00,system
1430,310,1405,6,1476,B26-P1476-001430,6,45.0,45.0,0.0,135.0,135.0,0.0,,2026-03-07 08:00:00,system,2026-03-07 08:00:00,system
1431,310,1406,7,896,B26-P0896-001431,6,18.0,18.0,0.0,270.0,270.0,0.0,,2026-03-07 08:00:00,system,2026-03-07 08:00:00,system
1432,310,1407,8,1132,B26-P1132-001432,6,1.0,1.0,0.0,50.0,50.0,0.0,,2026-03-07 08:00:00,system,2026-03-07 08:00:00,system
1433,310,1408,9,210,B26-P0210-001433,6,18.0,18.0,0.0,360.0,360.0,0.0,,2026-03-07 08:00:00,system,2026-03-07 08:00:00,system
1434,310,1409,10,902,B26-P0902-001434,6,5.0,5.0,0.0,900.0,900.0,0.0,,2026-03-07 08:00:00,system,2026-03-07 08:00:00,system
1435,310,1410,11,1263,B26-P1263-001435,6,5.0,5.0,0.0,100.0,100.0,0.0,,2026-03-07 08:00:00,system,2026-03-07 08:00:00,system
1436,310,1412,12,278,B26-P0278-001436,6,2.0,2.0,0.0,40.0,40.0,0.0,,2026-03-07 08:00:00,system,2026-03-07 08:00:00,system
1437,310,1413,13,858,B26-P0858-001437,6,3.0,2.0,1.0,165.0,110.0,55.0,,2026-03-07 08:00:00,system,2026-03-07 08:00:00,system
1438,311,1400,1,18,B26-P0018-001438,6,13.0,13.0,0.0,65.0,65.0,0.0,,2026-03-10 08:00:00,system,2026-03-10 08:00:00,system
1439,311,1401,2,927,B26-P0927-001439,6,18.0,18.0,0.0,540.0,540.0,0.0,,2026-03-10 08:00:00,system,2026-03-10 08:00:00,system
1440,311,1402,3,1205,B26-P1205-001440,6,3.0,3.0,0.0,3.0,3.0,0.0,,2026-03-10 08:00:00,system,2026-03-10 08:00:00,system
1441,311,1403,4,1130,B26-P1130-001441,6,3.0,3.0,0.0,30.0,30.0,0.0,,2026-03-10 08:00:00,system,2026-03-10 08:00:00,system
1442,311,1405,5,1476,B26-P1476-001442,6,3.0,3.0,0.0,9.0,9.0,0.0,,2026-03-10 08:00:00,system,2026-03-10 08:00:00,system
1443,311,1407,6,1132,B26-P1132-001443,6,3.0,3.0,0.0,150.0,150.0,0.0,,2026-03-10 08:00:00,system,2026-03-10 08:00:00,system
1444,311,1409,7,902,B26-P0902-001444,6,3.0,3.0,0.0,540.0,540.0,0.0,,2026-03-10 08:00:00,system,2026-03-10 08:00:00,system
1445,311,1410,8,1263,B26-P1263-001445,6,1.0,1.0,0.0,20.0,20.0,0.0,,2026-03-10 08:00:00,system,2026-03-10 08:00:00,system
1446,311,1411,9,1288,B26-P1288-001446,6,2.0,1.0,1.0,110.0,55.0,55.0,,2026-03-10 08:00:00,system,2026-03-10 08:00:00,system
1447,311,1412,10,278,B26-P0278-001447,6,10.0,10.0,0.0,200.0,200.0,0.0,,2026-03-10 08:00:00,system,2026-03-10 08:00:00,system
1448,311,1413,11,858,B26-P0858-001448,6,1.0,1.0,0.0,55.0,55.0,0.0,,2026-03-10 08:00:00,system,2026-03-10 08:00:00,system
1449,312,1414,1,1158,B26-P1158-001449,6,44.0,44.0,0.0,132.0,132.0,0.0,,2026-05-23 08:00:00,system,2026-05-23 08:00:00,system
1450,313,1424,1,453,B26-P0453-001450,6,8.0,8.0,0.0,400.0,400.0,0.0,,2026-06-26 08:00:00,system,2026-06-26 08:00:00,system
1451,313,1425,2,838,B26-P0838-001451,6,18.0,18.0,0.0,270.0,270.0,0.0,,2026-06-26 08:00:00,system,2026-06-26 08:00:00,system
1452,313,1426,3,195,B26-P0195-001452,6,21.0,21.0,0.0,210.0,210.0,0.0,,2026-06-26 08:00:00,system,2026-06-26 08:00:00,system
1453,313,1427,4,1081,B26-P1081-001453,6,4.0,4.0,0.0,200.0,200.0,0.0,,2026-06-26 08:00:00,system,2026-06-26 08:00:00,system
1454,313,1428,5,272,B26-P0272-001454,6,65.0,65.0,0.0,65.0,65.0,0.0,,2026-06-26 08:00:00,system,2026-06-26 08:00:00,system
1455,313,1429,6,109,B26-P0109-001455,6,2.0,2.0,0.0,360.0,360.0,0.0,,2026-06-26 08:00:00,system,2026-06-26 08:00:00,system
1456,313,1430,7,1201,B26-P1201-001456,6,6.0,5.0,1.0,120.0,100.0,20.0,,2026-06-26 08:00:00,system,2026-06-26 08:00:00,system
1457,313,1431,8,78,B26-P0078-001457,6,8.0,8.0,0.0,440.0,440.0,0.0,,2026-06-26 08:00:00,system,2026-06-26 08:00:00,system
1458,313,1432,9,443,B26-P0443-001458,6,70.0,70.0,0.0,56.0,56.0,0.0,,2026-06-26 08:00:00,system,2026-06-26 08:00:00,system
1459,314,1433,1,211,B26-P0211-001459,6,24.0,24.0,0.0,600.0,600.0,0.0,,2026-02-25 08:00:00,system,2026-02-25 08:00:00,system
1460,314,1435,2,883,B26-P0883-001460,6,16.0,16.0,0.0,400.0,400.0,0.0,,2026-02-25 08:00:00,system,2026-02-25 08:00:00,system
1461,314,1436,3,19,B26-P0019-001461,6,6.0,6.0,0.0,60.0,60.0,0.0,,2026-02-25 08:00:00,system,2026-02-25 08:00:00,system
1462,314,1438,4,67,B26-P0067-001462,6,2.0,2.0,0.0,50.0,50.0,0.0,,2026-02-25 08:00:00,system,2026-02-25 08:00:00,system
1463,314,1439,5,515,B26-P0515-001463,6,2.0,2.0,0.0,110.0,110.0,0.0,,2026-02-25 08:00:00,system,2026-02-25 08:00:00,system
1464,314,1440,6,97,B26-P0097-001464,6,1.0,1.0,0.0,0.8,0.8,0.0,,2026-02-25 08:00:00,system,2026-02-25 08:00:00,system
1465,314,1441,7,1396,B26-P1396-001465,6,10.0,10.0,0.0,150.0,150.0,0.0,,2026-02-25 08:00:00,system,2026-02-25 08:00:00,system
1466,314,1442,8,1373,B26-P1373-001466,6,4.0,4.0,0.0,220.0,220.0,0.0,,2026-02-25 08:00:00,system,2026-02-25 08:00:00,system
1467,314,1443,9,870,B26-P0870-001467,6,21.0,20.0,1.0,630.0,600.0,30.0,,2026-02-25 08:00:00,system,2026-02-25 08:00:00,system
1468,314,1444,10,134,B26-P0134-001468,6,6.0,6.0,0.0,120.0,120.0,0.0,,2026-02-25 08:00:00,system,2026-02-25 08:00:00,system
1469,314,1445,11,1409,B26-P1409-001469,6,15.0,15.0,0.0,150.0,150.0,0.0,,2026-02-25 08:00:00,system,2026-02-25 08:00:00,system
1470,315,1433,1,211,B26-P0211-001470,6,16.0,16.0,0.0,400.0,400.0,0.0,,2026-03-02 08:00:00,system,2026-03-02 08:00:00,system
1471,315,1434,2,10,B26-P0010-001471,6,6.0,6.0,0.0,330.0,330.0,0.0,,2026-03-02 08:00:00,system,2026-03-02 08:00:00,system
1472,315,1435,3,883,B26-P0883-001472,6,2.0,2.0,0.0,50.0,50.0,0.0,,2026-03-02 08:00:00,system,2026-03-02 08:00:00,system
1473,315,1436,4,19,B26-P0019-001473,6,8.0,8.0,0.0,80.0,80.0,0.0,,2026-03-02 08:00:00,system,2026-03-02 08:00:00,system
1474,315,1437,5,176,B26-P0176-001474,6,48.0,48.0,0.0,48.0,48.0,0.0,,2026-03-02 08:00:00,system,2026-03-02 08:00:00,system
1475,315,1438,6,67,B26-P0067-001475,6,14.0,14.0,0.0,350.0,350.0,0.0,,2026-03-02 08:00:00,system,2026-03-02 08:00:00,system
1476,315,1439,7,515,B26-P0515-001476,6,8.0,8.0,0.0,440.0,440.0,0.0,,2026-03-02 08:00:00,system,2026-03-02 08:00:00,system
1477,315,1440,8,97,B26-P0097-001477,6,13.0,13.0,0.0,10.4,10.4,0.0,,2026-03-02 08:00:00,system,2026-03-02 08:00:00,system
1478,315,1441,9,1396,B26-P1396-001478,6,4.0,4.0,0.0,60.0,60.0,0.0,,2026-03-02 08:00:00,system,2026-03-02 08:00:00,system
1479,315,1442,10,1373,B26-P1373-001479,6,8.0,8.0,0.0,440.0,440.0,0.0,,2026-03-02 08:00:00,system,2026-03-02 08:00:00,system
1480,315,1444,11,134,B26-P0134-001480,6,24.0,24.0,0.0,480.0,480.0,0.0,,2026-03-02 08:00:00,system,2026-03-02 08:00:00,system
1481,315,1445,12,1409,B26-P1409-001481,6,3.0,3.0,0.0,30.0,30.0,0.0,,2026-03-02 08:00:00,system,2026-03-02 08:00:00,system
1482,316,1446,1,303,B26-P0303-001482,1,1.0,1.0,0.0,1000.0,1000.0,0.0,,2026-02-23 08:00:00,system,2026-02-23 08:00:00,system
1483,316,1447,2,1437,B26-P1437-001483,6,2.0,2.0,0.0,100.0,100.0,0.0,,2026-02-23 08:00:00,system,2026-02-23 08:00:00,system
1484,316,1448,3,1473,B26-P1473-001484,6,15.0,15.0,0.0,450.0,450.0,0.0,,2026-02-23 08:00:00,system,2026-02-23 08:00:00,system
1485,316,1449,4,160,B26-P0160-001485,6,8.0,8.0,0.0,6.4,6.4,0.0,,2026-02-23 08:00:00,system,2026-02-23 08:00:00,system
1486,317,1448,1,1473,B26-P1473-001486,6,20.0,20.0,0.0,600.0,600.0,0.0,,2026-02-24 08:00:00,system,2026-02-24 08:00:00,system
1487,317,1449,2,160,B26-P0160-001487,6,4.0,4.0,0.0,3.2,3.2,0.0,,2026-02-24 08:00:00,system,2026-02-24 08:00:00,system
1488,318,1459,1,273,B26-P0273-001488,6,65.0,65.0,0.0,78.0,78.0,0.0,,2026-04-16 08:00:00,system,2026-04-16 08:00:00,system
1489,318,1460,2,1372,B26-P1372-001489,6,10.0,10.0,0.0,500.0,500.0,0.0,,2026-04-16 08:00:00,system,2026-04-16 08:00:00,system
1490,318,1461,3,59,B26-P0059-001490,6,42.0,42.0,0.0,33.6,33.6,0.0,,2026-04-16 08:00:00,system,2026-04-16 08:00:00,system
1491,318,1462,4,1266,B26-P1266-001491,1,2.0,2.0,0.0,2000.0,2000.0,0.0,,2026-04-16 08:00:00,system,2026-04-16 08:00:00,system
1492,319,1468,1,378,B26-P0378-001492,6,6.0,5.0,1.0,330.0,275.0,55.0,,2026-03-30 08:00:00,system,2026-03-30 08:00:00,system
1493,320,1480,1,356,B26-P0356-001493,6,4.0,4.0,0.0,20.0,20.0,0.0,,2026-01-29 08:00:00,system,2026-01-29 08:00:00,system
1494,320,1482,2,461,B26-P0461-001494,6,45.0,44.0,1.0,135.0,132.0,3.0,,2026-01-29 08:00:00,system,2026-01-29 08:00:00,system
1495,320,1483,3,1149,B26-P1149-001495,6,34.0,34.0,0.0,34.0,34.0,0.0,,2026-01-29 08:00:00,system,2026-01-29 08:00:00,system
1496,320,1484,4,1449,B26-P1449-001496,6,16.0,16.0,0.0,400.0,400.0,0.0,,2026-01-29 08:00:00,system,2026-01-29 08:00:00,system
1497,320,1485,5,135,B26-P0135-001497,6,15.0,15.0,0.0,375.0,375.0,0.0,,2026-01-29 08:00:00,system,2026-01-29 08:00:00,system
1498,320,1486,6,21,B26-P0021-001498,6,10.0,10.0,0.0,200.0,200.0,0.0,,2026-01-29 08:00:00,system,2026-01-29 08:00:00,system
1499,320,1487,7,503,B26-P0503-001499,6,5.0,5.0,0.0,1050.0,1050.0,0.0,,2026-01-29 08:00:00,system,2026-01-29 08:00:00,system
1500,320,1488,8,214,B26-P0214-001500,6,4.0,3.0,1.0,220.0,165.0,55.0,,2026-01-29 08:00:00,system,2026-01-29 08:00:00,system
1501,320,1489,9,1454,B26-P1454-001501,6,16.0,15.0,1.0,80.0,75.0,5.0,,2026-01-29 08:00:00,system,2026-01-29 08:00:00,system
1502,320,1490,10,1127,B26-P1127-001502,6,39.0,39.0,0.0,39.0,39.0,0.0,,2026-01-29 08:00:00,system,2026-01-29 08:00:00,system
1503,321,1480,1,356,B26-P0356-001503,6,3.0,3.0,0.0,15.0,15.0,0.0,,2026-01-31 08:00:00,system,2026-01-31 08:00:00,system
1504,321,1481,2,1204,B26-P1204-001504,1,8.0,8.0,0.0,8000.0,8000.0,0.0,,2026-01-31 08:00:00,system,2026-01-31 08:00:00,system
1505,321,1482,3,461,B26-P0461-001505,6,15.0,15.0,0.0,45.0,45.0,0.0,,2026-01-31 08:00:00,system,2026-01-31 08:00:00,system
1506,321,1483,4,1149,B26-P1149-001506,6,22.0,22.0,0.0,22.0,22.0,0.0,,2026-01-31 08:00:00,system,2026-01-31 08:00:00,system
1507,321,1485,5,135,B26-P0135-001507,6,20.0,20.0,0.0,500.0,500.0,0.0,,2026-01-31 08:00:00,system,2026-01-31 08:00:00,system
1508,321,1486,6,21,B26-P0021-001508,6,18.0,18.0,0.0,360.0,360.0,0.0,,2026-01-31 08:00:00,system,2026-01-31 08:00:00,system
1509,321,1488,7,214,B26-P0214-001509,6,8.0,8.0,0.0,440.0,440.0,0.0,,2026-01-31 08:00:00,system,2026-01-31 08:00:00,system
1510,321,1489,8,1454,B26-P1454-001510,6,8.0,8.0,0.0,40.0,40.0,0.0,,2026-01-31 08:00:00,system,2026-01-31 08:00:00,system
1511,321,1490,9,1127,B26-P1127-001511,6,41.0,41.0,0.0,41.0,41.0,0.0,,2026-01-31 08:00:00,system,2026-01-31 08:00:00,system
1512,322,1504,1,1309,B26-P1309-001512,6,14.0,14.0,0.0,70.0,70.0,0.0,,2026-05-07 08:00:00,system,2026-05-07 08:00:00,system
1513,322,1505,2,1443,B26-P1443-001513,1,4.0,3.0,1.0,8000.0,6000.0,2000.0,,2026-05-07 08:00:00,system,2026-05-07 08:00:00,system
1514,322,1506,3,895,B26-P0895-001514,6,28.0,28.0,0.0,280.0,280.0,0.0,,2026-05-07 08:00:00,system,2026-05-07 08:00:00,system
1515,322,1507,4,519,B26-P0519-001515,1,6.0,6.0,0.0,6000.0,6000.0,0.0,,2026-05-07 08:00:00,system,2026-05-07 08:00:00,system
1516,322,1508,5,1043,B26-P1043-001516,6,16.0,16.0,0.0,288.0,288.0,0.0,,2026-05-07 08:00:00,system,2026-05-07 08:00:00,system
1517,323,1511,1,1195,B26-P1195-001517,6,38.0,38.0,0.0,190.0,190.0,0.0,,2026-03-04 08:00:00,system,2026-03-04 08:00:00,system
1518,323,1513,2,186,B26-P0186-001518,6,8.0,8.0,0.0,440.0,440.0,0.0,,2026-03-04 08:00:00,system,2026-03-04 08:00:00,system
1519,323,1514,3,1145,B26-P1145-001519,6,7.0,7.0,0.0,140.0,140.0,0.0,,2026-03-04 08:00:00,system,2026-03-04 08:00:00,system
1520,323,1515,4,1230,B26-P1230-001520,6,21.0,21.0,0.0,105.0,105.0,0.0,,2026-03-04 08:00:00,system,2026-03-04 08:00:00,system
1521,324,1511,1,1195,B26-P1195-001521,6,14.0,14.0,0.0,70.0,70.0,0.0,,2026-03-06 08:00:00,system,2026-03-06 08:00:00,system
1522,324,1512,2,859,B26-P0859-001522,6,12.0,12.0,0.0,2160.0,2160.0,0.0,,2026-03-06 08:00:00,system,2026-03-06 08:00:00,system
1523,324,1513,3,186,B26-P0186-001523,6,1.0,1.0,0.0,55.0,55.0,0.0,,2026-03-06 08:00:00,system,2026-03-06 08:00:00,system
1524,324,1514,4,1145,B26-P1145-001524,6,1.0,1.0,0.0,20.0,20.0,0.0,,2026-03-06 08:00:00,system,2026-03-06 08:00:00,system
1525,324,1515,5,1230,B26-P1230-001525,6,11.0,11.0,0.0,55.0,55.0,0.0,,2026-03-06 08:00:00,system,2026-03-06 08:00:00,system
1526,325,1517,1,403,B26-P0403-001526,6,1.0,1.0,0.0,210.0,210.0,0.0,,2026-06-22 08:00:00,system,2026-06-22 08:00:00,system
1527,325,1518,2,631,B26-P0631-001527,6,3.0,3.0,0.0,9.0,9.0,0.0,,2026-06-22 08:00:00,system,2026-06-22 08:00:00,system
1528,325,1519,3,168,B26-P0168-001528,6,7.0,7.0,0.0,175.0,175.0,0.0,,2026-06-22 08:00:00,system,2026-06-22 08:00:00,system
1529,325,1520,4,674,B26-P0674-001529,6,1.0,1.0,0.0,25.0,25.0,0.0,,2026-06-22 08:00:00,system,2026-06-22 08:00:00,system
1530,325,1521,5,1295,B26-P1295-001530,6,8.0,8.0,0.0,160.0,160.0,0.0,,2026-06-22 08:00:00,system,2026-06-22 08:00:00,system
1531,325,1522,6,1477,B26-P1477-001531,6,2.0,2.0,0.0,10.0,10.0,0.0,,2026-06-22 08:00:00,system,2026-06-22 08:00:00,system
1532,326,1523,1,1438,B26-P1438-001532,6,3.0,3.0,0.0,165.0,165.0,0.0,,2026-03-15 08:00:00,system,2026-03-15 08:00:00,system
1533,327,1526,1,1280,B26-P1280-001533,6,2.0,2.0,0.0,110.0,110.0,0.0,,2026-03-21 08:00:00,system,2026-03-21 08:00:00,system
1534,328,1526,1,1280,B26-P1280-001534,6,3.0,3.0,0.0,165.0,165.0,0.0,,2026-03-26 08:00:00,system,2026-03-26 08:00:00,system
1535,329,1527,1,373,B26-P0373-001535,6,3.0,3.0,0.0,45.0,45.0,0.0,,2026-02-26 08:00:00,system,2026-02-26 08:00:00,system
1536,329,1528,2,1045,B26-P1045-001536,6,6.0,6.0,0.0,1080.0,1080.0,0.0,,2026-02-26 08:00:00,system,2026-02-26 08:00:00,system
1537,329,1529,3,1373,B26-P1373-001537,6,6.0,6.0,0.0,330.0,330.0,0.0,,2026-02-26 08:00:00,system,2026-02-26 08:00:00,system
1538,329,1530,4,244,B26-P0244-001538,6,3.0,3.0,0.0,165.0,165.0,0.0,,2026-02-26 08:00:00,system,2026-02-26 08:00:00,system
1539,329,1531,5,1078,B26-P1078-001539,6,19.0,19.0,0.0,95.0,95.0,0.0,,2026-02-26 08:00:00,system,2026-02-26 08:00:00,system
1540,329,1532,6,1302,B26-P1302-001540,6,4.0,4.0,0.0,80.0,80.0,0.0,,2026-02-26 08:00:00,system,2026-02-26 08:00:00,system
1541,330,1527,1,373,B26-P0373-001541,6,32.0,32.0,0.0,480.0,480.0,0.0,,2026-02-27 08:00:00,system,2026-02-27 08:00:00,system
1542,330,1529,2,1373,B26-P1373-001542,6,4.0,3.0,1.0,220.0,165.0,55.0,,2026-02-27 08:00:00,system,2026-02-27 08:00:00,system
1543,330,1530,3,244,B26-P0244-001543,6,1.0,1.0,0.0,55.0,55.0,0.0,,2026-02-27 08:00:00,system,2026-02-27 08:00:00,system
1544,330,1531,4,1078,B26-P1078-001544,6,9.0,8.0,1.0,45.0,40.0,5.0,,2026-02-27 08:00:00,system,2026-02-27 08:00:00,system
1545,330,1532,5,1302,B26-P1302-001545,6,10.0,10.0,0.0,200.0,200.0,0.0,,2026-02-27 08:00:00,system,2026-02-27 08:00:00,system
1546,331,1541,1,1327,B26-P1327-001546,6,42.0,42.0,0.0,210.0,210.0,0.0,,2026-04-27 08:00:00,system,2026-04-27 08:00:00,system
1547,331,1542,2,464,B26-P0464-001547,6,25.0,25.0,0.0,375.0,375.0,0.0,,2026-04-27 08:00:00,system,2026-04-27 08:00:00,system
1548,331,1543,3,1285,B26-P1285-001548,6,44.0,44.0,0.0,44.0,44.0,0.0,,2026-04-27 08:00:00,system,2026-04-27 08:00:00,system
1549,331,1544,4,49,B26-P0049-001549,6,28.0,28.0,0.0,280.0,280.0,0.0,,2026-04-27 08:00:00,system,2026-04-27 08:00:00,system
1550,331,1545,5,1029,B26-P1029-001550,6,11.0,11.0,0.0,11.0,11.0,0.0,,2026-04-27 08:00:00,system,2026-04-27 08:00:00,system
1551,331,1546,6,1326,B26-P1326-001551,6,33.0,33.0,0.0,33.0,33.0,0.0,,2026-04-27 08:00:00,system,2026-04-27 08:00:00,system
1552,331,1547,7,542,B26-P0542-001552,6,10.0,10.0,0.0,500.0,500.0,0.0,,2026-04-27 08:00:00,system,2026-04-27 08:00:00,system
1553,331,1548,8,209,B26-P0209-001553,6,7.0,7.0,0.0,105.0,105.0,0.0,,2026-04-27 08:00:00,system,2026-04-27 08:00:00,system
1554,332,1549,1,25,B26-P0025-001554,6,6.0,6.0,0.0,330.0,330.0,0.0,,2026-02-19 08:00:00,system,2026-02-19 08:00:00,system
1555,332,1550,2,1386,B26-P1386-001555,6,7.0,7.0,0.0,350.0,350.0,0.0,,2026-02-19 08:00:00,system,2026-02-19 08:00:00,system
1556,333,1550,1,1386,B26-P1386-001556,6,3.0,3.0,0.0,150.0,150.0,0.0,,2026-02-22 08:00:00,system,2026-02-22 08:00:00,system
1557,334,1551,1,1356,B26-P1356-001557,6,28.0,28.0,0.0,560.0,560.0,0.0,,2026-06-03 08:00:00,system,2026-06-03 08:00:00,system
1558,334,1552,2,1342,B26-P1342-001558,1,6.0,6.0,0.0,6000.0,6000.0,0.0,,2026-06-03 08:00:00,system,2026-06-03 08:00:00,system
1559,334,1553,3,1393,B26-P1393-001559,6,55.0,55.0,0.0,165.0,165.0,0.0,,2026-06-03 08:00:00,system,2026-06-03 08:00:00,system
1560,335,1554,1,543,B26-P0543-001560,6,3.0,3.0,0.0,165.0,165.0,0.0,,2026-03-01 08:00:00,system,2026-03-01 08:00:00,system
1561,336,1586,1,1494,B26-P1494-001561,6,10.0,10.0,0.0,200.0,200.0,0.0,,2026-05-31 08:00:00,system,2026-05-31 08:00:00,system
1562,337,1592,1,696,B26-P0696-001562,1,4.0,3.0,1.0,8000.0,6000.0,2000.0,,2026-03-13 08:00:00,system,2026-03-13 08:00:00,system
1563,337,1593,2,957,B26-P0957-001563,1,2.0,2.0,0.0,2000.0,2000.0,0.0,,2026-03-13 08:00:00,system,2026-03-13 08:00:00,system
1564,337,1594,3,141,B26-P0141-001564,6,2.0,1.0,1.0,110.0,55.0,55.0,,2026-03-13 08:00:00,system,2026-03-13 08:00:00,system
1565,337,1595,4,1290,B26-P1290-001565,6,2.0,2.0,0.0,420.0,420.0,0.0,,2026-03-13 08:00:00,system,2026-03-13 08:00:00,system
1566,337,1596,5,1067,B26-P1067-001566,6,39.0,39.0,0.0,39.0,39.0,0.0,,2026-03-13 08:00:00,system,2026-03-13 08:00:00,system
1567,337,1597,6,610,B26-P0610-001567,6,15.0,15.0,0.0,225.0,225.0,0.0,,2026-03-13 08:00:00,system,2026-03-13 08:00:00,system
1568,338,1598,1,427,B26-P0427-001568,6,40.0,40.0,0.0,800.0,800.0,0.0,,2026-01-07 08:00:00,system,2026-01-07 08:00:00,system
1569,338,1599,2,394,B26-P0394-001569,6,14.0,14.0,0.0,70.0,70.0,0.0,,2026-01-07 08:00:00,system,2026-01-07 08:00:00,system
1570,339,1600,1,884,B26-P0884-001570,6,34.0,34.0,0.0,1020.0,1020.0,0.0,,2026-04-19 08:00:00,system,2026-04-19 08:00:00,system
1571,339,1601,2,576,B26-P0576-001571,1,2.0,2.0,0.0,2000.0,2000.0,0.0,,2026-04-19 08:00:00,system,2026-04-19 08:00:00,system
1572,339,1602,3,1008,B26-P1008-001572,6,10.0,10.0,0.0,1800.0,1800.0,0.0,,2026-04-19 08:00:00,system,2026-04-19 08:00:00,system
1573,339,1603,4,1252,B26-P1252-001573,6,19.0,19.0,0.0,57.0,57.0,0.0,,2026-04-19 08:00:00,system,2026-04-19 08:00:00,system
1574,339,1604,5,574,B26-P0574-001574,6,2.0,2.0,0.0,420.0,420.0,0.0,,2026-04-19 08:00:00,system,2026-04-19 08:00:00,system
1575,340,1605,1,233,B26-P0233-001575,6,13.0,13.0,0.0,10.4,10.4,0.0,,2026-02-23 08:00:00,system,2026-02-23 08:00:00,system
1576,340,1606,2,651,B26-P0651-001576,6,2.0,2.0,0.0,60.0,60.0,0.0,,2026-02-23 08:00:00,system,2026-02-23 08:00:00,system
1577,340,1607,3,1138,B26-P1138-001577,6,12.0,12.0,0.0,60.0,60.0,0.0,,2026-02-23 08:00:00,system,2026-02-23 08:00:00,system
1578,340,1608,4,1304,B26-P1304-001578,6,8.0,8.0,0.0,1440.0,1440.0,0.0,,2026-02-23 08:00:00,system,2026-02-23 08:00:00,system
1579,340,1609,5,304,B26-P0304-001579,6,2.0,2.0,0.0,1.6,1.6,0.0,,2026-02-23 08:00:00,system,2026-02-23 08:00:00,system
1580,340,1610,6,1139,B26-P1139-001580,6,4.0,4.0,0.0,40.0,40.0,0.0,,2026-02-23 08:00:00,system,2026-02-23 08:00:00,system
1581,340,1611,7,200,B26-P0200-001581,6,6.0,5.0,1.0,1080.0,900.0,180.0,,2026-02-23 08:00:00,system,2026-02-23 08:00:00,system
1582,340,1612,8,730,B26-P0730-001582,6,9.0,9.0,0.0,1620.0,1620.0,0.0,,2026-02-23 08:00:00,system,2026-02-23 08:00:00,system
1583,340,1613,9,239,B26-P0239-001583,6,31.0,31.0,0.0,465.0,465.0,0.0,,2026-02-23 08:00:00,system,2026-02-23 08:00:00,system
1584,340,1614,10,1189,B26-P1189-001584,6,16.0,16.0,0.0,320.0,320.0,0.0,,2026-02-23 08:00:00,system,2026-02-23 08:00:00,system
1585,340,1616,11,249,B26-P0249-001585,6,33.0,33.0,0.0,33.0,33.0,0.0,,2026-02-23 08:00:00,system,2026-02-23 08:00:00,system
1586,341,1605,1,233,B26-P0233-001586,6,37.0,37.0,0.0,29.6,29.6,0.0,,2026-02-26 08:00:00,system,2026-02-26 08:00:00,system
1587,341,1606,2,651,B26-P0651-001587,6,16.0,16.0,0.0,480.0,480.0,0.0,,2026-02-26 08:00:00,system,2026-02-26 08:00:00,system
1588,341,1607,3,1138,B26-P1138-001588,6,10.0,9.0,1.0,50.0,45.0,5.0,,2026-02-26 08:00:00,system,2026-02-26 08:00:00,system
1589,341,1610,4,1139,B26-P1139-001589,6,12.0,12.0,0.0,120.0,120.0,0.0,,2026-02-26 08:00:00,system,2026-02-26 08:00:00,system
1590,341,1611,5,200,B26-P0200-001590,6,2.0,2.0,0.0,360.0,360.0,0.0,,2026-02-26 08:00:00,system,2026-02-26 08:00:00,system
1591,341,1612,6,730,B26-P0730-001591,6,1.0,1.0,0.0,180.0,180.0,0.0,,2026-02-26 08:00:00,system,2026-02-26 08:00:00,system
1592,341,1613,7,239,B26-P0239-001592,6,4.0,4.0,0.0,60.0,60.0,0.0,,2026-02-26 08:00:00,system,2026-02-26 08:00:00,system
1593,341,1614,8,1189,B26-P1189-001593,6,8.0,8.0,0.0,160.0,160.0,0.0,,2026-02-26 08:00:00,system,2026-02-26 08:00:00,system
1594,341,1616,9,249,B26-P0249-001594,6,11.0,11.0,0.0,11.0,11.0,0.0,,2026-02-26 08:00:00,system,2026-02-26 08:00:00,system
1595,342,1620,1,1477,B26-P1477-001595,6,3.0,3.0,0.0,15.0,15.0,0.0,,2026-01-30 08:00:00,system,2026-01-30 08:00:00,system
1596,343,1621,1,604,B26-P0604-001596,1,4.0,4.0,0.0,2000.0,2000.0,0.0,,2026-06-25 08:00:00,system,2026-06-25 08:00:00,system
1597,344,1627,1,654,B26-P0654-001597,6,2.0,2.0,0.0,360.0,360.0,0.0,,2026-04-05 08:00:00,system,2026-04-05 08:00:00,system
1598,345,1629,1,1316,B26-P1316-001598,1,3.0,3.0,0.0,3000.0,3000.0,0.0,,2026-05-07 08:00:00,system,2026-05-07 08:00:00,system
1599,345,1630,2,118,B26-P0118-001599,6,6.0,6.0,0.0,90.0,90.0,0.0,,2026-05-07 08:00:00,system,2026-05-07 08:00:00,system
1600,345,1631,3,759,B26-P0759-001600,6,44.0,43.0,1.0,132.0,129.0,3.0,,2026-05-07 08:00:00,system,2026-05-07 08:00:00,system
1601,345,1632,4,1439,B26-P1439-001601,6,2.0,2.0,0.0,360.0,360.0,0.0,,2026-05-07 08:00:00,system,2026-05-07 08:00:00,system
1602,345,1633,5,1210,B26-P1210-001602,6,1.0,1.0,0.0,55.0,55.0,0.0,,2026-05-07 08:00:00,system,2026-05-07 08:00:00,system
1603,346,1634,1,92,B26-P0092-001603,6,4.0,4.0,0.0,200.0,200.0,0.0,,2026-02-09 08:00:00,system,2026-02-09 08:00:00,system
1604,346,1635,2,190,B26-P0190-001604,6,65.0,65.0,0.0,52.0,52.0,0.0,,2026-02-09 08:00:00,system,2026-02-09 08:00:00,system
1605,346,1636,3,987,B26-P0987-001605,6,25.0,25.0,0.0,450.0,450.0,0.0,,2026-02-09 08:00:00,system,2026-02-09 08:00:00,system
1606,346,1637,4,668,B26-P0668-001606,6,2.0,2.0,0.0,360.0,360.0,0.0,,2026-02-09 08:00:00,system,2026-02-09 08:00:00,system
1607,347,1639,1,536,B26-P0536-001607,6,12.0,12.0,0.0,60.0,60.0,0.0,,2026-02-27 08:00:00,system,2026-02-27 08:00:00,system
1608,347,1640,2,1323,B26-P1323-001608,6,2.0,2.0,0.0,420.0,420.0,0.0,,2026-02-27 08:00:00,system,2026-02-27 08:00:00,system
1609,347,1641,3,1393,B26-P1393-001609,6,34.0,34.0,0.0,102.0,102.0,0.0,,2026-02-27 08:00:00,system,2026-02-27 08:00:00,system
1610,347,1642,4,1309,B26-P1309-001610,6,18.0,18.0,0.0,90.0,90.0,0.0,,2026-02-27 08:00:00,system,2026-02-27 08:00:00,system
1611,347,1643,5,1392,B26-P1392-001611,1,4.0,4.0,0.0,8000.0,8000.0,0.0,,2026-02-27 08:00:00,system,2026-02-27 08:00:00,system
1612,347,1644,6,168,B26-P0168-001612,6,8.0,8.0,0.0,200.0,200.0,0.0,,2026-02-27 08:00:00,system,2026-02-27 08:00:00,system
1613,348,1641,1,1393,B26-P1393-001613,6,36.0,36.0,0.0,108.0,108.0,0.0,,2026-03-03 08:00:00,system,2026-03-03 08:00:00,system
1614,348,1642,2,1309,B26-P1309-001614,6,52.0,52.0,0.0,260.0,260.0,0.0,,2026-03-03 08:00:00,system,2026-03-03 08:00:00,system
1615,348,1643,3,1392,B26-P1392-001615,1,2.0,2.0,0.0,4000.0,4000.0,0.0,,2026-03-03 08:00:00,system,2026-03-03 08:00:00,system
1616,348,1644,4,168,B26-P0168-001616,6,4.0,4.0,0.0,100.0,100.0,0.0,,2026-03-03 08:00:00,system,2026-03-03 08:00:00,system
1617,348,1645,5,26,B26-P0026-001617,6,10.0,10.0,0.0,1800.0,1800.0,0.0,,2026-03-03 08:00:00,system,2026-03-03 08:00:00,system
1618,349,1651,1,92,B26-P0092-001618,6,6.0,6.0,0.0,300.0,300.0,0.0,,2026-03-23 08:00:00,system,2026-03-23 08:00:00,system
1619,349,1652,2,756,B26-P0756-001619,1,1.0,1.0,0.0,500.0,500.0,0.0,,2026-03-23 08:00:00,system,2026-03-23 08:00:00,system
1620,350,1653,1,1068,B26-P1068-001620,6,52.0,52.0,0.0,104.0,104.0,0.0,,2026-06-27 08:00:00,system,2026-06-27 08:00:00,system
1621,351,1654,1,1159,B26-P1159-001621,6,39.0,39.0,0.0,195.0,195.0,0.0,,2026-03-17 08:00:00,system,2026-03-17 08:00:00,system
1622,351,1655,2,961,B26-P0961-001622,6,28.0,28.0,0.0,280.0,280.0,0.0,,2026-03-17 08:00:00,system,2026-03-17 08:00:00,system
1623,351,1656,3,273,B26-P0273-001623,6,65.0,65.0,0.0,78.0,78.0,0.0,,2026-03-17 08:00:00,system,2026-03-17 08:00:00,system
1624,352,1657,1,1338,B26-P1338-001624,6,30.0,30.0,0.0,600.0,600.0,0.0,,2026-01-15 08:00:00,system,2026-01-15 08:00:00,system
1625,352,1658,2,1324,B26-P1324-001625,1,4.0,4.0,0.0,4000.0,4000.0,0.0,,2026-01-15 08:00:00,system,2026-01-15 08:00:00,system
1626,352,1659,3,231,B26-P0231-001626,6,5.0,5.0,0.0,1050.0,1050.0,0.0,,2026-01-15 08:00:00,system,2026-01-15 08:00:00,system
1627,352,1660,4,1210,B26-P1210-001627,6,2.0,2.0,0.0,110.0,110.0,0.0,,2026-01-15 08:00:00,system,2026-01-15 08:00:00,system
1628,352,1661,5,316,B26-P0316-001628,6,6.0,6.0,0.0,1080.0,1080.0,0.0,,2026-01-15 08:00:00,system,2026-01-15 08:00:00,system
1629,353,1662,1,659,B26-P0659-001629,6,14.0,14.0,0.0,42.0,42.0,0.0,,2026-03-09 08:00:00,system,2026-03-09 08:00:00,system
1630,353,1663,2,500,B26-P0500-001630,6,21.0,21.0,0.0,630.0,630.0,0.0,,2026-03-09 08:00:00,system,2026-03-09 08:00:00,system
1631,353,1664,3,720,B26-P0720-001631,1,2.0,2.0,0.0,4000.0,4000.0,0.0,,2026-03-09 08:00:00,system,2026-03-09 08:00:00,system
1632,354,1665,1,261,B26-P0261-001632,6,15.0,15.0,0.0,150.0,150.0,0.0,,2026-04-10 08:00:00,system,2026-04-10 08:00:00,system
1633,355,1666,1,57,B26-P0057-001633,6,4.0,4.0,0.0,840.0,840.0,0.0,,2026-02-04 08:00:00,system,2026-02-04 08:00:00,system
1634,355,1667,2,75,B26-P0075-001634,6,27.0,27.0,0.0,675.0,675.0,0.0,,2026-02-04 08:00:00,system,2026-02-04 08:00:00,system
1635,356,1670,1,1317,B26-P1317-001635,1,1.0,1.0,0.0,2000.0,2000.0,0.0,,2026-05-19 08:00:00,system,2026-05-19 08:00:00,system
1636,356,1671,2,1090,B26-P1090-001636,6,4.0,4.0,0.0,200.0,200.0,0.0,,2026-05-19 08:00:00,system,2026-05-19 08:00:00,system
1637,357,1674,1,1105,B26-P1105-001637,6,42.0,42.0,0.0,84.0,84.0,0.0,,2026-01-29 08:00:00,system,2026-01-29 08:00:00,system
1638,357,1675,2,769,B26-P0769-001638,6,1.0,1.0,0.0,210.0,210.0,0.0,,2026-01-29 08:00:00,system,2026-01-29 08:00:00,system
1639,357,1677,3,1115,B26-P1115-001639,6,8.0,7.0,1.0,40.0,35.0,5.0,,2026-01-29 08:00:00,system,2026-01-29 08:00:00,system
1640,357,1678,4,450,B26-P0450-001640,6,4.0,4.0,0.0,80.0,80.0,0.0,,2026-01-29 08:00:00,system,2026-01-29 08:00:00,system
1641,357,1679,5,335,B26-P0335-001641,6,5.0,5.0,0.0,5.0,5.0,0.0,,2026-01-29 08:00:00,system,2026-01-29 08:00:00,system
1642,357,1680,6,1121,B26-P1121-001642,6,1.0,1.0,0.0,10.0,10.0,0.0,,2026-01-29 08:00:00,system,2026-01-29 08:00:00,system
1643,358,1674,1,1105,B26-P1105-001643,6,6.0,6.0,0.0,12.0,12.0,0.0,,2026-01-31 08:00:00,system,2026-01-31 08:00:00,system
1644,358,1676,2,752,B26-P0752-001644,6,7.0,7.0,0.0,350.0,350.0,0.0,,2026-01-31 08:00:00,system,2026-01-31 08:00:00,system
1645,358,1677,3,1115,B26-P1115-001645,6,3.0,3.0,0.0,15.0,15.0,0.0,,2026-01-31 08:00:00,system,2026-01-31 08:00:00,system
1646,358,1678,4,450,B26-P0450-001646,6,3.0,3.0,0.0,60.0,60.0,0.0,,2026-01-31 08:00:00,system,2026-01-31 08:00:00,system
1647,358,1679,5,335,B26-P0335-001647,6,35.0,35.0,0.0,35.0,35.0,0.0,,2026-01-31 08:00:00,system,2026-01-31 08:00:00,system
1648,358,1680,6,1121,B26-P1121-001648,6,3.0,3.0,0.0,30.0,30.0,0.0,,2026-01-31 08:00:00,system,2026-01-31 08:00:00,system
1649,358,1681,7,244,B26-P0244-001649,6,1.0,1.0,0.0,55.0,55.0,0.0,,2026-01-31 08:00:00,system,2026-01-31 08:00:00,system
1650,359,1674,1,1105,B26-P1105-001650,6,17.0,17.0,0.0,34.0,34.0,0.0,,2026-02-02 08:00:00,system,2026-02-02 08:00:00,system
1651,359,1675,2,769,B26-P0769-001651,6,1.0,1.0,0.0,210.0,210.0,0.0,,2026-02-02 08:00:00,system,2026-02-02 08:00:00,system
1652,359,1676,3,752,B26-P0752-001652,6,3.0,3.0,0.0,150.0,150.0,0.0,,2026-02-02 08:00:00,system,2026-02-02 08:00:00,system
1653,359,1677,4,1115,B26-P1115-001653,6,11.0,11.0,0.0,55.0,55.0,0.0,,2026-02-02 08:00:00,system,2026-02-02 08:00:00,system
1654,359,1678,5,450,B26-P0450-001654,6,7.0,7.0,0.0,140.0,140.0,0.0,,2026-02-02 08:00:00,system,2026-02-02 08:00:00,system
1655,359,1679,6,335,B26-P0335-001655,6,4.0,3.0,1.0,4.0,3.0,1.0,,2026-02-02 08:00:00,system,2026-02-02 08:00:00,system
1656,359,1680,7,1121,B26-P1121-001656,6,12.0,12.0,0.0,120.0,120.0,0.0,,2026-02-02 08:00:00,system,2026-02-02 08:00:00,system
1657,359,1681,8,244,B26-P0244-001657,6,1.0,1.0,0.0,55.0,55.0,0.0,,2026-02-02 08:00:00,system,2026-02-02 08:00:00,system
1658,360,1682,1,1195,B26-P1195-001658,6,30.0,30.0,0.0,150.0,150.0,0.0,,2026-05-16 08:00:00,system,2026-05-16 08:00:00,system
1659,360,1683,2,695,B26-P0695-001659,1,6.0,6.0,0.0,6000.0,6000.0,0.0,,2026-05-16 08:00:00,system,2026-05-16 08:00:00,system
1660,361,1689,1,896,B26-P0896-001660,6,4.0,4.0,0.0,60.0,60.0,0.0,,2026-05-15 08:00:00,system,2026-05-15 08:00:00,system
1661,361,1690,2,1473,B26-P1473-001661,6,24.0,23.0,1.0,720.0,690.0,30.0,,2026-05-15 08:00:00,system,2026-05-15 08:00:00,system
1662,362,1689,1,896,B26-P0896-001662,6,1.0,1.0,0.0,15.0,15.0,0.0,,2026-05-18 08:00:00,system,2026-05-18 08:00:00,system
1663,362,1690,2,1473,B26-P1473-001663,6,11.0,11.0,0.0,330.0,330.0,0.0,,2026-05-18 08:00:00,system,2026-05-18 08:00:00,system
1664,363,1691,1,1308,B26-P1308-001664,6,56.0,55.0,1.0,56.0,55.0,1.0,,2026-07-15 08:00:00,system,2026-07-15 08:00:00,system
1665,363,1692,2,203,B26-P0203-001665,6,26.0,25.0,1.0,20.8,20.0,0.8,,2026-07-15 08:00:00,system,2026-07-15 08:00:00,system
1666,363,1693,3,1469,B26-P1469-001666,6,25.0,25.0,0.0,250.0,250.0,0.0,,2026-07-15 08:00:00,system,2026-07-15 08:00:00,system
1667,363,1694,4,272,B26-P0272-001667,6,30.0,30.0,0.0,30.0,30.0,0.0,,2026-07-15 08:00:00,system,2026-07-15 08:00:00,system
1668,363,1695,5,838,B26-P0838-001668,6,18.0,17.0,1.0,270.0,255.0,15.0,,2026-07-15 08:00:00,system,2026-07-15 08:00:00,system
1669,363,1696,6,1078,B26-P1078-001669,6,13.0,13.0,0.0,65.0,65.0,0.0,,2026-07-15 08:00:00,system,2026-07-15 08:00:00,system
1670,363,1697,7,192,B26-P0192-001670,6,45.0,45.0,0.0,54.0,54.0,0.0,,2026-07-15 08:00:00,system,2026-07-15 08:00:00,system
1671,363,1698,8,1011,B26-P1011-001671,6,26.0,26.0,0.0,26.0,26.0,0.0,,2026-07-15 08:00:00,system,2026-07-15 08:00:00,system
1672,363,1699,9,100,B26-P0100-001672,6,60.0,60.0,0.0,180.0,180.0,0.0,,2026-07-15 08:00:00,system,2026-07-15 08:00:00,system
1673,364,1692,1,203,B26-P0203-001673,6,14.0,14.0,0.0,11.2,11.2,0.0,,2026-07-17 08:00:00,system,2026-07-17 08:00:00,system
1674,364,1694,2,272,B26-P0272-001674,6,22.0,22.0,0.0,22.0,22.0,0.0,,2026-07-17 08:00:00,system,2026-07-17 08:00:00,system
1675,364,1695,3,838,B26-P0838-001675,6,6.0,6.0,0.0,90.0,90.0,0.0,,2026-07-17 08:00:00,system,2026-07-17 08:00:00,system
1676,364,1696,4,1078,B26-P1078-001676,6,15.0,15.0,0.0,75.0,75.0,0.0,,2026-07-17 08:00:00,system,2026-07-17 08:00:00,system
1677,364,1697,5,192,B26-P0192-001677,6,10.0,10.0,0.0,12.0,12.0,0.0,,2026-07-17 08:00:00,system,2026-07-17 08:00:00,system
1678,364,1698,6,1011,B26-P1011-001678,6,7.0,7.0,0.0,7.0,7.0,0.0,,2026-07-17 08:00:00,system,2026-07-17 08:00:00,system
1679,364,1700,7,95,B26-P0095-001679,6,3.0,3.0,0.0,630.0,630.0,0.0,,2026-07-17 08:00:00,system,2026-07-17 08:00:00,system
1680,365,1702,1,544,B26-P0544-001680,6,4.0,4.0,0.0,720.0,720.0,0.0,,2026-02-04 08:00:00,system,2026-02-04 08:00:00,system
1681,366,1701,1,714,B26-P0714-001681,6,6.0,6.0,0.0,300.0,300.0,0.0,,2026-02-08 08:00:00,system,2026-02-08 08:00:00,system
1682,366,1702,2,544,B26-P0544-001682,6,4.0,4.0,0.0,720.0,720.0,0.0,,2026-02-08 08:00:00,system,2026-02-08 08:00:00,system
1683,367,1703,1,659,B26-P0659-001683,6,24.0,24.0,0.0,72.0,72.0,0.0,,2026-01-14 08:00:00,system,2026-01-14 08:00:00,system
1684,368,1717,1,552,B26-P0552-001684,6,5.0,5.0,0.0,50.0,50.0,0.0,,2026-05-03 08:00:00,system,2026-05-03 08:00:00,system
1685,368,1718,2,167,B26-P0167-001685,6,7.0,7.0,0.0,140.0,140.0,0.0,,2026-05-03 08:00:00,system,2026-05-03 08:00:00,system
1686,368,1719,3,128,B26-P0128-001686,6,31.0,31.0,0.0,31.0,31.0,0.0,,2026-05-03 08:00:00,system,2026-05-03 08:00:00,system
1687,368,1720,4,101,B26-P0101-001687,6,10.0,10.0,0.0,50.0,50.0,0.0,,2026-05-03 08:00:00,system,2026-05-03 08:00:00,system
1688,368,1721,5,389,B26-P0389-001688,6,4.0,4.0,0.0,80.0,80.0,0.0,,2026-05-03 08:00:00,system,2026-05-03 08:00:00,system
1689,368,1722,6,412,B26-P0412-001689,6,26.0,26.0,0.0,520.0,520.0,0.0,,2026-05-03 08:00:00,system,2026-05-03 08:00:00,system
1690,368,1723,7,776,B26-P0776-001690,6,12.0,12.0,0.0,180.0,180.0,0.0,,2026-05-03 08:00:00,system,2026-05-03 08:00:00,system
1691,368,1724,8,66,B26-P0066-001691,6,4.0,4.0,0.0,80.0,80.0,0.0,,2026-05-03 08:00:00,system,2026-05-03 08:00:00,system
1692,368,1725,9,1400,B26-P1400-001692,6,9.0,9.0,0.0,450.0,450.0,0.0,,2026-05-03 08:00:00,system,2026-05-03 08:00:00,system
1693,369,1716,1,1367,B26-P1367-001693,6,3.0,3.0,0.0,630.0,630.0,0.0,,2026-05-06 08:00:00,system,2026-05-06 08:00:00,system
1694,369,1718,2,167,B26-P0167-001694,6,11.0,11.0,0.0,220.0,220.0,0.0,,2026-05-06 08:00:00,system,2026-05-06 08:00:00,system
1695,369,1719,3,128,B26-P0128-001695,6,13.0,13.0,0.0,13.0,13.0,0.0,,2026-05-06 08:00:00,system,2026-05-06 08:00:00,system
1696,369,1721,4,389,B26-P0389-001696,6,3.0,3.0,0.0,60.0,60.0,0.0,,2026-05-06 08:00:00,system,2026-05-06 08:00:00,system
1697,369,1722,5,412,B26-P0412-001697,6,2.0,2.0,0.0,40.0,40.0,0.0,,2026-05-06 08:00:00,system,2026-05-06 08:00:00,system
1698,369,1724,6,66,B26-P0066-001698,6,10.0,10.0,0.0,200.0,200.0,0.0,,2026-05-06 08:00:00,system,2026-05-06 08:00:00,system
1699,369,1725,7,1400,B26-P1400-001699,6,1.0,1.0,0.0,50.0,50.0,0.0,,2026-05-06 08:00:00,system,2026-05-06 08:00:00,system
1700,370,1726,1,117,B26-P0117-001700,6,10.0,10.0,0.0,100.0,100.0,0.0,,2026-03-07 08:00:00,system,2026-03-07 08:00:00,system
1701,370,1727,2,1117,B26-P1117-001701,6,4.0,4.0,0.0,2.0,2.0,0.0,,2026-03-07 08:00:00,system,2026-03-07 08:00:00,system
1702,371,1736,1,369,B26-P0369-001702,6,14.0,14.0,0.0,16.8,16.8,0.0,,2026-05-12 08:00:00,system,2026-05-12 08:00:00,system
1703,371,1737,2,302,B26-P0302-001703,6,4.0,4.0,0.0,840.0,840.0,0.0,,2026-05-12 08:00:00,system,2026-05-12 08:00:00,system
1704,371,1738,3,508,B26-P0508-001704,6,24.0,24.0,0.0,120.0,120.0,0.0,,2026-05-12 08:00:00,system,2026-05-12 08:00:00,system
1705,371,1739,4,884,B26-P0884-001705,6,24.0,24.0,0.0,720.0,720.0,0.0,,2026-05-12 08:00:00,system,2026-05-12 08:00:00,system
1706,371,1740,5,277,B26-P0277-001706,6,24.0,24.0,0.0,360.0,360.0,0.0,,2026-05-12 08:00:00,system,2026-05-12 08:00:00,system
1707,371,1741,6,368,B26-P0368-001707,6,26.0,26.0,0.0,26.0,26.0,0.0,,2026-05-12 08:00:00,system,2026-05-12 08:00:00,system
1708,371,1742,7,1,B26-P0001-001708,6,80.0,80.0,0.0,96.0,96.0,0.0,,2026-05-12 08:00:00,system,2026-05-12 08:00:00,system
1709,371,1743,8,745,B26-P0745-001709,6,2.0,2.0,0.0,420.0,420.0,0.0,,2026-05-12 08:00:00,system,2026-05-12 08:00:00,system
1710,371,1744,9,104,B26-P0104-001710,6,24.0,24.0,0.0,480.0,480.0,0.0,,2026-05-12 08:00:00,system,2026-05-12 08:00:00,system
1711,371,1745,10,787,B26-P0787-001711,6,39.0,39.0,0.0,117.0,117.0,0.0,,2026-05-12 08:00:00,system,2026-05-12 08:00:00,system
1712,372,1746,1,1417,B26-P1417-001712,6,4.0,4.0,0.0,840.0,840.0,0.0,,2026-06-18 08:00:00,system,2026-06-18 08:00:00,system
1713,372,1747,2,102,B26-P0102-001713,6,35.0,35.0,0.0,350.0,350.0,0.0,,2026-06-18 08:00:00,system,2026-06-18 08:00:00,system
1714,372,1748,3,725,B26-P0725-001714,6,35.0,35.0,0.0,700.0,700.0,0.0,,2026-06-18 08:00:00,system,2026-06-18 08:00:00,system
1715,373,1750,1,274,B26-P0274-001715,6,7.0,7.0,0.0,21.0,21.0,0.0,,2026-03-15 08:00:00,system,2026-03-15 08:00:00,system
1716,373,1751,2,228,B26-P0228-001716,6,1.0,1.0,0.0,50.0,50.0,0.0,,2026-03-15 08:00:00,system,2026-03-15 08:00:00,system
1717,373,1752,3,912,B26-P0912-001717,6,7.0,7.0,0.0,175.0,175.0,0.0,,2026-03-15 08:00:00,system,2026-03-15 08:00:00,system
1718,373,1753,4,755,B26-P0755-001718,6,1.0,1.0,0.0,210.0,210.0,0.0,,2026-03-15 08:00:00,system,2026-03-15 08:00:00,system
1719,374,1750,1,274,B26-P0274-001719,6,8.0,8.0,0.0,24.0,24.0,0.0,,2026-03-18 08:00:00,system,2026-03-18 08:00:00,system
1720,374,1752,2,912,B26-P0912-001720,6,2.0,2.0,0.0,50.0,50.0,0.0,,2026-03-18 08:00:00,system,2026-03-18 08:00:00,system
1721,375,1754,1,1250,B26-P1250-001721,6,2.0,2.0,0.0,420.0,420.0,0.0,,2026-04-13 08:00:00,system,2026-04-13 08:00:00,system
1722,375,1756,2,620,B26-P0620-001722,1,3.0,2.0,1.0,6000.0,4000.0,2000.0,,2026-04-13 08:00:00,system,2026-04-13 08:00:00,system
1723,375,1757,3,611,B26-P0611-001723,6,30.0,30.0,0.0,600.0,600.0,0.0,,2026-04-13 08:00:00,system,2026-04-13 08:00:00,system
1724,375,1758,4,224,B26-P0224-001724,6,25.0,24.0,1.0,375.0,360.0,15.0,,2026-04-13 08:00:00,system,2026-04-13 08:00:00,system
1725,376,1755,1,931,B26-P0931-001725,6,16.0,16.0,0.0,48.0,48.0,0.0,,2026-04-14 08:00:00,system,2026-04-14 08:00:00,system
1726,376,1756,2,620,B26-P0620-001726,1,3.0,3.0,0.0,6000.0,6000.0,0.0,,2026-04-14 08:00:00,system,2026-04-14 08:00:00,system
1727,376,1757,3,611,B26-P0611-001727,6,5.0,5.0,0.0,100.0,100.0,0.0,,2026-04-14 08:00:00,system,2026-04-14 08:00:00,system
1728,376,1758,4,224,B26-P0224-001728,6,5.0,5.0,0.0,75.0,75.0,0.0,,2026-04-14 08:00:00,system,2026-04-14 08:00:00,system
1729,377,1759,1,708,B26-P0708-001729,1,2.0,2.0,0.0,1000.0,1000.0,0.0,,2026-05-03 08:00:00,system,2026-05-03 08:00:00,system
1730,378,1766,1,1382,B26-P1382-001730,6,3.0,3.0,0.0,45.0,45.0,0.0,,2026-05-23 08:00:00,system,2026-05-23 08:00:00,system
1731,378,1767,2,34,B26-P0034-001731,6,10.0,10.0,0.0,100.0,100.0,0.0,,2026-05-23 08:00:00,system,2026-05-23 08:00:00,system
1732,378,1768,3,587,B26-P0587-001732,6,5.0,4.0,1.0,900.0,720.0,180.0,,2026-05-23 08:00:00,system,2026-05-23 08:00:00,system
1733,378,1769,4,233,B26-P0233-001733,6,42.0,42.0,0.0,33.6,33.6,0.0,,2026-05-23 08:00:00,system,2026-05-23 08:00:00,system
1734,378,1770,5,886,B26-P0886-001734,6,3.0,3.0,0.0,165.0,165.0,0.0,,2026-05-23 08:00:00,system,2026-05-23 08:00:00,system
1735,378,1771,6,895,B26-P0895-001735,6,14.0,14.0,0.0,140.0,140.0,0.0,,2026-05-23 08:00:00,system,2026-05-23 08:00:00,system
1736,378,1772,7,1168,B26-P1168-001736,6,1.0,1.0,0.0,10.0,10.0,0.0,,2026-05-23 08:00:00,system,2026-05-23 08:00:00,system
1737,378,1773,8,697,B26-P0697-001737,6,10.0,10.0,0.0,30.0,30.0,0.0,,2026-05-23 08:00:00,system,2026-05-23 08:00:00,system
1738,378,1774,9,854,B26-P0854-001738,6,5.0,5.0,0.0,100.0,100.0,0.0,,2026-05-23 08:00:00,system,2026-05-23 08:00:00,system
1739,378,1775,10,960,B26-P0960-001739,6,2.0,2.0,0.0,10.0,10.0,0.0,,2026-05-23 08:00:00,system,2026-05-23 08:00:00,system
1740,378,1776,11,382,B26-P0382-001740,6,20.0,20.0,0.0,16.0,16.0,0.0,,2026-05-23 08:00:00,system,2026-05-23 08:00:00,system
1741,379,1766,1,1382,B26-P1382-001741,6,4.0,4.0,0.0,60.0,60.0,0.0,,2026-05-26 08:00:00,system,2026-05-26 08:00:00,system
1742,379,1767,2,34,B26-P0034-001742,6,11.0,10.0,1.0,110.0,100.0,10.0,,2026-05-26 08:00:00,system,2026-05-26 08:00:00,system
1743,379,1768,3,587,B26-P0587-001743,6,5.0,4.0,1.0,900.0,720.0,180.0,,2026-05-26 08:00:00,system,2026-05-26 08:00:00,system
1744,379,1769,4,233,B26-P0233-001744,6,10.0,10.0,0.0,8.0,8.0,0.0,,2026-05-26 08:00:00,system,2026-05-26 08:00:00,system
1745,379,1771,5,895,B26-P0895-001745,6,20.0,20.0,0.0,200.0,200.0,0.0,,2026-05-26 08:00:00,system,2026-05-26 08:00:00,system
1746,379,1772,6,1168,B26-P1168-001746,6,3.0,2.0,1.0,30.0,20.0,10.0,,2026-05-26 08:00:00,system,2026-05-26 08:00:00,system
1747,379,1773,7,697,B26-P0697-001747,6,8.0,8.0,0.0,24.0,24.0,0.0,,2026-05-26 08:00:00,system,2026-05-26 08:00:00,system
1748,379,1774,8,854,B26-P0854-001748,6,12.0,12.0,0.0,240.0,240.0,0.0,,2026-05-26 08:00:00,system,2026-05-26 08:00:00,system
1749,379,1775,9,960,B26-P0960-001749,6,4.0,4.0,0.0,20.0,20.0,0.0,,2026-05-26 08:00:00,system,2026-05-26 08:00:00,system
1750,379,1776,10,382,B26-P0382-001750,6,16.0,16.0,0.0,12.8,12.8,0.0,,2026-05-26 08:00:00,system,2026-05-26 08:00:00,system
1751,380,1789,1,1058,B26-P1058-001751,6,12.0,12.0,0.0,24.0,24.0,0.0,,2026-06-17 08:00:00,system,2026-06-17 08:00:00,system
1752,380,1790,2,36,B26-P0036-001752,6,9.0,9.0,0.0,180.0,180.0,0.0,,2026-06-17 08:00:00,system,2026-06-17 08:00:00,system
1753,380,1792,3,432,B26-P0432-001753,6,5.0,5.0,0.0,25.0,25.0,0.0,,2026-06-17 08:00:00,system,2026-06-17 08:00:00,system
1754,380,1793,4,477,B26-P0477-001754,6,5.0,5.0,0.0,5.0,5.0,0.0,,2026-06-17 08:00:00,system,2026-06-17 08:00:00,system
1755,380,1794,5,850,B26-P0850-001755,6,60.0,60.0,0.0,180.0,180.0,0.0,,2026-06-17 08:00:00,system,2026-06-17 08:00:00,system
1756,380,1795,6,1324,B26-P1324-001756,1,4.0,4.0,0.0,4000.0,4000.0,0.0,,2026-06-17 08:00:00,system,2026-06-17 08:00:00,system
1757,380,1796,7,125,B26-P0125-001757,6,1.0,1.0,0.0,210.0,210.0,0.0,,2026-06-17 08:00:00,system,2026-06-17 08:00:00,system
1758,380,1797,8,1305,B26-P1305-001758,6,3.0,2.0,1.0,630.0,420.0,210.0,,2026-06-17 08:00:00,system,2026-06-17 08:00:00,system
1759,380,1798,9,314,B26-P0314-001759,6,2.0,2.0,0.0,100.0,100.0,0.0,,2026-06-17 08:00:00,system,2026-06-17 08:00:00,system
1760,380,1799,10,1210,B26-P1210-001760,6,1.0,1.0,0.0,55.0,55.0,0.0,,2026-06-17 08:00:00,system,2026-06-17 08:00:00,system
1761,380,1800,11,172,B26-P0172-001761,6,5.0,5.0,0.0,900.0,900.0,0.0,,2026-06-17 08:00:00,system,2026-06-17 08:00:00,system
1762,380,1801,12,1002,B26-P1002-001762,6,5.0,5.0,0.0,5.0,5.0,0.0,,2026-06-17 08:00:00,system,2026-06-17 08:00:00,system
1763,381,1789,1,1058,B26-P1058-001763,6,30.0,30.0,0.0,60.0,60.0,0.0,,2026-06-19 08:00:00,system,2026-06-19 08:00:00,system
1764,381,1790,2,36,B26-P0036-001764,6,5.0,5.0,0.0,100.0,100.0,0.0,,2026-06-19 08:00:00,system,2026-06-19 08:00:00,system
1765,381,1791,3,586,B26-P0586-001765,6,8.0,8.0,0.0,440.0,440.0,0.0,,2026-06-19 08:00:00,system,2026-06-19 08:00:00,system
1766,381,1792,4,432,B26-P0432-001766,6,16.0,16.0,0.0,80.0,80.0,0.0,,2026-06-19 08:00:00,system,2026-06-19 08:00:00,system
1767,381,1793,5,477,B26-P0477-001767,6,25.0,25.0,0.0,25.0,25.0,0.0,,2026-06-19 08:00:00,system,2026-06-19 08:00:00,system
1768,381,1797,6,1305,B26-P1305-001768,6,1.0,1.0,0.0,210.0,210.0,0.0,,2026-06-19 08:00:00,system,2026-06-19 08:00:00,system
1769,381,1798,7,314,B26-P0314-001769,6,8.0,7.0,1.0,400.0,350.0,50.0,,2026-06-19 08:00:00,system,2026-06-19 08:00:00,system
1770,381,1799,8,1210,B26-P1210-001770,6,9.0,9.0,0.0,495.0,495.0,0.0,,2026-06-19 08:00:00,system,2026-06-19 08:00:00,system
1771,381,1800,9,172,B26-P0172-001771,6,1.0,1.0,0.0,180.0,180.0,0.0,,2026-06-19 08:00:00,system,2026-06-19 08:00:00,system
1772,381,1801,10,1002,B26-P1002-001772,6,31.0,30.0,1.0,31.0,30.0,1.0,,2026-06-19 08:00:00,system,2026-06-19 08:00:00,system
1773,382,1802,1,614,B26-P0614-001773,6,8.0,8.0,0.0,400.0,400.0,0.0,,2026-04-14 08:00:00,system,2026-04-14 08:00:00,system
1774,382,1803,2,1278,B26-P1278-001774,6,14.0,14.0,0.0,70.0,70.0,0.0,,2026-04-14 08:00:00,system,2026-04-14 08:00:00,system
1775,382,1804,3,1189,B26-P1189-001775,6,6.0,6.0,0.0,120.0,120.0,0.0,,2026-04-14 08:00:00,system,2026-04-14 08:00:00,system
1776,382,1805,4,1047,B26-P1047-001776,6,12.0,12.0,0.0,6.0,6.0,0.0,,2026-04-14 08:00:00,system,2026-04-14 08:00:00,system
1777,382,1806,5,572,B26-P0572-001777,6,6.0,5.0,1.0,330.0,275.0,55.0,,2026-04-14 08:00:00,system,2026-04-14 08:00:00,system
1778,382,1807,6,378,B26-P0378-001778,6,4.0,3.0,1.0,220.0,165.0,55.0,,2026-04-14 08:00:00,system,2026-04-14 08:00:00,system
1779,383,1808,1,1173,B26-P1173-001779,6,1.0,1.0,0.0,20.0,20.0,0.0,,2026-01-27 08:00:00,system,2026-01-27 08:00:00,system
1780,383,1809,2,109,B26-P0109-001780,6,4.0,4.0,0.0,720.0,720.0,0.0,,2026-01-27 08:00:00,system,2026-01-27 08:00:00,system
1781,383,1810,3,4,B26-P0004-001781,6,10.0,10.0,0.0,100.0,100.0,0.0,,2026-01-27 08:00:00,system,2026-01-27 08:00:00,system
1782,383,1811,4,862,B26-P0862-001782,1,1.0,1.0,0.0,1000.0,1000.0,0.0,,2026-01-27 08:00:00,system,2026-01-27 08:00:00,system
1783,383,1812,5,229,B26-P0229-001783,6,5.0,5.0,0.0,275.0,275.0,0.0,,2026-01-27 08:00:00,system,2026-01-27 08:00:00,system
1784,383,1813,6,350,B26-P0350-001784,6,18.0,18.0,0.0,18.0,18.0,0.0,,2026-01-27 08:00:00,system,2026-01-27 08:00:00,system
1785,383,1814,7,469,B26-P0469-001785,6,28.0,28.0,0.0,700.0,700.0,0.0,,2026-01-27 08:00:00,system,2026-01-27 08:00:00,system
1786,384,1808,1,1173,B26-P1173-001786,6,5.0,5.0,0.0,100.0,100.0,0.0,,2026-01-31 08:00:00,system,2026-01-31 08:00:00,system
1787,384,1810,2,4,B26-P0004-001787,6,15.0,14.0,1.0,150.0,140.0,10.0,,2026-01-31 08:00:00,system,2026-01-31 08:00:00,system
1788,384,1812,3,229,B26-P0229-001788,6,3.0,3.0,0.0,165.0,165.0,0.0,,2026-01-31 08:00:00,system,2026-01-31 08:00:00,system
1789,384,1813,4,350,B26-P0350-001789,6,18.0,18.0,0.0,18.0,18.0,0.0,,2026-01-31 08:00:00,system,2026-01-31 08:00:00,system
1790,384,1814,5,469,B26-P0469-001790,6,7.0,6.0,1.0,175.0,150.0,25.0,,2026-01-31 08:00:00,system,2026-01-31 08:00:00,system
1791,385,1815,1,54,B26-P0054-001791,6,3.0,3.0,0.0,150.0,150.0,0.0,,2026-06-18 08:00:00,system,2026-06-18 08:00:00,system
1792,385,1816,2,1127,B26-P1127-001792,6,16.0,16.0,0.0,16.0,16.0,0.0,,2026-06-18 08:00:00,system,2026-06-18 08:00:00,system
1793,386,1818,1,587,B26-P0587-001793,6,2.0,2.0,0.0,360.0,360.0,0.0,,2026-04-03 08:00:00,system,2026-04-03 08:00:00,system
1794,386,1819,2,154,B26-P0154-001794,6,4.0,4.0,0.0,120.0,120.0,0.0,,2026-04-03 08:00:00,system,2026-04-03 08:00:00,system
1795,386,1820,3,1254,B26-P1254-001795,6,13.0,13.0,0.0,130.0,130.0,0.0,,2026-04-03 08:00:00,system,2026-04-03 08:00:00,system
1796,387,1818,1,587,B26-P0587-001796,6,2.0,2.0,0.0,360.0,360.0,0.0,,2026-04-04 08:00:00,system,2026-04-04 08:00:00,system
1797,387,1819,2,154,B26-P0154-001797,6,14.0,14.0,0.0,420.0,420.0,0.0,,2026-04-04 08:00:00,system,2026-04-04 08:00:00,system
1798,387,1820,3,1254,B26-P1254-001798,6,22.0,21.0,1.0,220.0,210.0,10.0,,2026-04-04 08:00:00,system,2026-04-04 08:00:00,system
1799,388,1821,1,309,B26-P0309-001799,6,27.0,27.0,0.0,270.0,270.0,0.0,,2026-02-06 08:00:00,system,2026-02-06 08:00:00,system
1800,388,1822,2,232,B26-P0232-001800,1,1.0,1.0,0.0,1000.0,1000.0,0.0,,2026-02-06 08:00:00,system,2026-02-06 08:00:00,system
1801,388,1823,3,991,B26-P0991-001801,6,18.0,18.0,0.0,9.0,9.0,0.0,,2026-02-06 08:00:00,system,2026-02-06 08:00:00,system
1802,388,1824,4,288,B26-P0288-001802,6,41.0,41.0,0.0,49.2,49.2,0.0,,2026-02-06 08:00:00,system,2026-02-06 08:00:00,system
1803,388,1825,5,266,B26-P0266-001803,6,6.0,6.0,0.0,300.0,300.0,0.0,,2026-02-06 08:00:00,system,2026-02-06 08:00:00,system
1804,388,1826,6,164,B26-P0164-001804,6,12.0,11.0,1.0,60.0,55.0,5.0,,2026-02-06 08:00:00,system,2026-02-06 08:00:00,system
1805,388,1827,7,569,B26-P0569-001805,6,21.0,21.0,0.0,525.0,525.0,0.0,,2026-02-06 08:00:00,system,2026-02-06 08:00:00,system
1806,389,1821,1,309,B26-P0309-001806,6,3.0,3.0,0.0,30.0,30.0,0.0,,2026-02-09 08:00:00,system,2026-02-09 08:00:00,system
1807,389,1822,2,232,B26-P0232-001807,1,2.0,1.0,1.0,2000.0,1000.0,1000.0,,2026-02-09 08:00:00,system,2026-02-09 08:00:00,system
1808,389,1823,3,991,B26-P0991-001808,6,57.0,57.0,0.0,28.5,28.5,0.0,,2026-02-09 08:00:00,system,2026-02-09 08:00:00,system
1809,389,1824,4,288,B26-P0288-001809,6,15.0,15.0,0.0,18.0,18.0,0.0,,2026-02-09 08:00:00,system,2026-02-09 08:00:00,system
1810,389,1825,5,266,B26-P0266-001810,6,2.0,2.0,0.0,100.0,100.0,0.0,,2026-02-09 08:00:00,system,2026-02-09 08:00:00,system
1811,389,1826,6,164,B26-P0164-001811,6,2.0,2.0,0.0,10.0,10.0,0.0,,2026-02-09 08:00:00,system,2026-02-09 08:00:00,system
1812,389,1827,7,569,B26-P0569-001812,6,11.0,11.0,0.0,275.0,275.0,0.0,,2026-02-09 08:00:00,system,2026-02-09 08:00:00,system
1813,389,1828,8,516,B26-P0516-001813,6,2.0,1.0,1.0,360.0,180.0,180.0,,2026-02-09 08:00:00,system,2026-02-09 08:00:00,system
1814,390,1829,1,1190,B26-P1190-001814,6,6.0,6.0,0.0,330.0,330.0,0.0,,2026-06-18 08:00:00,system,2026-06-18 08:00:00,system
1815,390,1830,2,896,B26-P0896-001815,6,18.0,18.0,0.0,270.0,270.0,0.0,,2026-06-18 08:00:00,system,2026-06-18 08:00:00,system
1816,390,1831,3,836,B26-P0836-001816,6,35.0,35.0,0.0,175.0,175.0,0.0,,2026-06-18 08:00:00,system,2026-06-18 08:00:00,system
1817,390,1832,4,1184,B26-P1184-001817,1,1.0,1.0,0.0,1000.0,1000.0,0.0,,2026-06-18 08:00:00,system,2026-06-18 08:00:00,system
1818,390,1833,5,820,B26-P0820-001818,1,2.0,2.0,0.0,4000.0,4000.0,0.0,,2026-06-18 08:00:00,system,2026-06-18 08:00:00,system
1819,390,1834,6,228,B26-P0228-001819,6,6.0,6.0,0.0,300.0,300.0,0.0,,2026-06-18 08:00:00,system,2026-06-18 08:00:00,system
1820,390,1835,7,817,B26-P0817-001820,6,3.0,3.0,0.0,630.0,630.0,0.0,,2026-06-18 08:00:00,system,2026-06-18 08:00:00,system
1821,391,1836,1,1214,B26-P1214-001821,6,8.0,7.0,1.0,24.0,21.0,3.0,,2026-01-22 08:00:00,system,2026-01-22 08:00:00,system
1822,392,1836,1,1214,B26-P1214-001822,6,10.0,10.0,0.0,30.0,30.0,0.0,,2026-01-27 08:00:00,system,2026-01-27 08:00:00,system
1823,393,1838,1,1191,B26-P1191-001823,6,2.0,2.0,0.0,420.0,420.0,0.0,,2026-03-14 08:00:00,system,2026-03-14 08:00:00,system
1824,393,1839,2,687,B26-P0687-001824,6,12.0,12.0,0.0,240.0,240.0,0.0,,2026-03-14 08:00:00,system,2026-03-14 08:00:00,system
1825,394,1841,1,1425,B26-P1425-001825,6,6.0,6.0,0.0,120.0,120.0,0.0,,2026-01-29 08:00:00,system,2026-01-29 08:00:00,system
1826,394,1843,2,912,B26-P0912-001826,6,1.0,1.0,0.0,25.0,25.0,0.0,,2026-01-29 08:00:00,system,2026-01-29 08:00:00,system
1827,395,1841,1,1425,B26-P1425-001827,6,4.0,4.0,0.0,80.0,80.0,0.0,,2026-02-01 08:00:00,system,2026-02-01 08:00:00,system
1828,396,1845,1,142,B26-P0142-001828,6,10.0,10.0,0.0,1800.0,1800.0,0.0,,2026-04-22 08:00:00,system,2026-04-22 08:00:00,system
1829,396,1846,2,949,B26-P0949-001829,6,8.0,8.0,0.0,160.0,160.0,0.0,,2026-04-22 08:00:00,system,2026-04-22 08:00:00,system
1830,396,1847,3,1312,B26-P1312-001830,6,2.0,2.0,0.0,360.0,360.0,0.0,,2026-04-22 08:00:00,system,2026-04-22 08:00:00,system
1831,396,1848,4,117,B26-P0117-001831,6,3.0,3.0,0.0,30.0,30.0,0.0,,2026-04-22 08:00:00,system,2026-04-22 08:00:00,system
1832,396,1849,5,1360,B26-P1360-001832,1,2.0,2.0,0.0,2000.0,2000.0,0.0,,2026-04-22 08:00:00,system,2026-04-22 08:00:00,system
1833,397,1846,1,949,B26-P0949-001833,6,13.0,13.0,0.0,260.0,260.0,0.0,,2026-04-27 08:00:00,system,2026-04-27 08:00:00,system
1834,397,1847,2,1312,B26-P1312-001834,6,4.0,4.0,0.0,720.0,720.0,0.0,,2026-04-27 08:00:00,system,2026-04-27 08:00:00,system
1835,397,1848,3,117,B26-P0117-001835,6,17.0,17.0,0.0,170.0,170.0,0.0,,2026-04-27 08:00:00,system,2026-04-27 08:00:00,system
1836,398,1855,1,1115,B26-P1115-001836,6,3.0,3.0,0.0,15.0,15.0,0.0,,2026-05-27 08:00:00,system,2026-05-27 08:00:00,system
1837,398,1857,2,1249,B26-P1249-001837,6,1.0,1.0,0.0,55.0,55.0,0.0,,2026-05-27 08:00:00,system,2026-05-27 08:00:00,system
1838,398,1858,3,119,B26-P0119-001838,6,3.0,3.0,0.0,60.0,60.0,0.0,,2026-05-27 08:00:00,system,2026-05-27 08:00:00,system
1839,398,1859,4,237,B26-P0237-001839,6,2.0,2.0,0.0,10.0,10.0,0.0,,2026-05-27 08:00:00,system,2026-05-27 08:00:00,system
1840,398,1861,5,244,B26-P0244-001840,6,4.0,4.0,0.0,220.0,220.0,0.0,,2026-05-27 08:00:00,system,2026-05-27 08:00:00,system
1841,398,1863,6,1093,B26-P1093-001841,6,58.0,58.0,0.0,23.2,23.2,0.0,,2026-05-27 08:00:00,system,2026-05-27 08:00:00,system
1842,398,1865,7,1308,B26-P1308-001842,6,6.0,5.0,1.0,6.0,5.0,1.0,,2026-05-27 08:00:00,system,2026-05-27 08:00:00,system
1843,399,1855,1,1115,B26-P1115-001843,6,33.0,33.0,0.0,165.0,165.0,0.0,,2026-05-28 08:00:00,system,2026-05-28 08:00:00,system
1844,399,1856,2,1305,B26-P1305-001844,6,1.0,1.0,0.0,210.0,210.0,0.0,,2026-05-28 08:00:00,system,2026-05-28 08:00:00,system
1845,399,1857,3,1249,B26-P1249-001845,6,1.0,1.0,0.0,55.0,55.0,0.0,,2026-05-28 08:00:00,system,2026-05-28 08:00:00,system
1846,399,1861,4,244,B26-P0244-001846,6,1.0,1.0,0.0,55.0,55.0,0.0,,2026-05-28 08:00:00,system,2026-05-28 08:00:00,system
1847,399,1862,5,133,B26-P0133-001847,6,6.0,6.0,0.0,90.0,90.0,0.0,,2026-05-28 08:00:00,system,2026-05-28 08:00:00,system
1848,399,1863,6,1093,B26-P1093-001848,6,16.0,16.0,0.0,6.4,6.4,0.0,,2026-05-28 08:00:00,system,2026-05-28 08:00:00,system
1849,399,1864,7,803,B26-P0803-001849,6,1.0,1.0,0.0,210.0,210.0,0.0,,2026-05-28 08:00:00,system,2026-05-28 08:00:00,system
1850,399,1865,8,1308,B26-P1308-001850,6,15.0,14.0,1.0,15.0,14.0,1.0,,2026-05-28 08:00:00,system,2026-05-28 08:00:00,system
1851,400,1855,1,1115,B26-P1115-001851,6,6.0,6.0,0.0,30.0,30.0,0.0,,2026-06-01 08:00:00,system,2026-06-01 08:00:00,system
1852,400,1856,2,1305,B26-P1305-001852,6,1.0,1.0,0.0,210.0,210.0,0.0,,2026-06-01 08:00:00,system,2026-06-01 08:00:00,system
1853,400,1858,3,119,B26-P0119-001853,6,4.0,4.0,0.0,80.0,80.0,0.0,,2026-06-01 08:00:00,system,2026-06-01 08:00:00,system
1854,400,1859,4,237,B26-P0237-001854,6,4.0,4.0,0.0,20.0,20.0,0.0,,2026-06-01 08:00:00,system,2026-06-01 08:00:00,system
1855,400,1860,5,13,B26-P0013-001855,1,1.0,1.0,0.0,1000.0,1000.0,0.0,,2026-06-01 08:00:00,system,2026-06-01 08:00:00,system
1856,400,1861,6,244,B26-P0244-001856,6,3.0,3.0,0.0,165.0,165.0,0.0,,2026-06-01 08:00:00,system,2026-06-01 08:00:00,system
1857,400,1862,7,133,B26-P0133-001857,6,12.0,12.0,0.0,180.0,180.0,0.0,,2026-06-01 08:00:00,system,2026-06-01 08:00:00,system
1858,400,1863,8,1093,B26-P1093-001858,6,22.0,22.0,0.0,8.8,8.8,0.0,,2026-06-01 08:00:00,system,2026-06-01 08:00:00,system
1859,400,1865,9,1308,B26-P1308-001859,6,21.0,21.0,0.0,21.0,21.0,0.0,,2026-06-01 08:00:00,system,2026-06-01 08:00:00,system
1860,401,1870,1,1134,B26-P1134-001860,6,32.0,32.0,0.0,12.8,12.8,0.0,,2026-04-11 08:00:00,system,2026-04-11 08:00:00,system
1861,402,1871,1,73,B26-P0073-001861,6,28.0,28.0,0.0,420.0,420.0,0.0,,2026-03-13 08:00:00,system,2026-03-13 08:00:00,system
1862,403,1872,1,1334,B26-P1334-001862,6,38.0,38.0,0.0,38.0,38.0,0.0,,2026-05-26 08:00:00,system,2026-05-26 08:00:00,system
1863,403,1873,2,829,B26-P0829-001863,6,1.0,1.0,0.0,55.0,55.0,0.0,,2026-05-26 08:00:00,system,2026-05-26 08:00:00,system
1864,403,1874,3,343,B26-P0343-001864,6,3.0,3.0,0.0,90.0,90.0,0.0,,2026-05-26 08:00:00,system,2026-05-26 08:00:00,system
1865,403,1875,4,500,B26-P0500-001865,6,15.0,15.0,0.0,450.0,450.0,0.0,,2026-05-26 08:00:00,system,2026-05-26 08:00:00,system
1866,403,1876,5,109,B26-P0109-001866,6,8.0,8.0,0.0,1440.0,1440.0,0.0,,2026-05-26 08:00:00,system,2026-05-26 08:00:00,system
1867,403,1877,6,1367,B26-P1367-001867,6,1.0,1.0,0.0,210.0,210.0,0.0,,2026-05-26 08:00:00,system,2026-05-26 08:00:00,system
1868,404,1872,1,1334,B26-P1334-001868,6,32.0,32.0,0.0,32.0,32.0,0.0,,2026-05-31 08:00:00,system,2026-05-31 08:00:00,system
1869,404,1873,2,829,B26-P0829-001869,6,3.0,3.0,0.0,165.0,165.0,0.0,,2026-05-31 08:00:00,system,2026-05-31 08:00:00,system
1870,404,1874,3,343,B26-P0343-001870,6,27.0,27.0,0.0,810.0,810.0,0.0,,2026-05-31 08:00:00,system,2026-05-31 08:00:00,system
1871,405,1878,1,557,B26-P0557-001871,6,2.0,2.0,0.0,100.0,100.0,0.0,,2026-01-29 08:00:00,system,2026-01-29 08:00:00,system
1872,406,1883,1,688,B26-P0688-001872,6,14.0,14.0,0.0,350.0,350.0,0.0,,2026-06-19 08:00:00,system,2026-06-19 08:00:00,system
1873,406,1884,2,1150,B26-P1150-001873,6,4.0,4.0,0.0,12.0,12.0,0.0,,2026-06-19 08:00:00,system,2026-06-19 08:00:00,system
1874,406,1888,3,689,B26-P0689-001874,6,6.0,6.0,0.0,180.0,180.0,0.0,,2026-06-19 08:00:00,system,2026-06-19 08:00:00,system
1875,406,1889,4,1123,B26-P1123-001875,6,4.0,4.0,0.0,200.0,200.0,0.0,,2026-06-19 08:00:00,system,2026-06-19 08:00:00,system
1876,407,1896,1,421,B26-P0421-001876,6,36.0,36.0,0.0,36.0,36.0,0.0,,2026-06-27 08:00:00,system,2026-06-27 08:00:00,system
1877,407,1897,2,744,B26-P0744-001877,6,2.0,2.0,0.0,360.0,360.0,0.0,,2026-06-27 08:00:00,system,2026-06-27 08:00:00,system
1878,407,1898,3,90,B26-P0090-001878,6,32.0,32.0,0.0,800.0,800.0,0.0,,2026-06-27 08:00:00,system,2026-06-27 08:00:00,system
1879,407,1899,4,513,B26-P0513-001879,6,7.0,7.0,0.0,210.0,210.0,0.0,,2026-06-27 08:00:00,system,2026-06-27 08:00:00,system
1880,407,1900,5,871,B26-P0871-001880,6,12.0,12.0,0.0,600.0,600.0,0.0,,2026-06-27 08:00:00,system,2026-06-27 08:00:00,system
1881,407,1901,6,164,B26-P0164-001881,6,35.0,35.0,0.0,175.0,175.0,0.0,,2026-06-27 08:00:00,system,2026-06-27 08:00:00,system
1882,407,1902,7,750,B26-P0750-001882,6,7.0,7.0,0.0,35.0,35.0,0.0,,2026-06-27 08:00:00,system,2026-06-27 08:00:00,system
1883,407,1903,8,778,B26-P0778-001883,6,28.0,28.0,0.0,700.0,700.0,0.0,,2026-06-27 08:00:00,system,2026-06-27 08:00:00,system
1884,407,1904,9,1383,B26-P1383-001884,6,32.0,32.0,0.0,640.0,640.0,0.0,,2026-06-27 08:00:00,system,2026-06-27 08:00:00,system
1885,407,1905,10,410,B26-P0410-001885,6,24.0,24.0,0.0,240.0,240.0,0.0,,2026-06-27 08:00:00,system,2026-06-27 08:00:00,system
1886,408,1910,1,245,B26-P0245-001886,6,4.0,4.0,0.0,720.0,720.0,0.0,,2026-02-06 08:00:00,system,2026-02-06 08:00:00,system
1887,409,1917,1,1079,B26-P1079-001887,6,5.0,5.0,0.0,50.0,50.0,0.0,,2026-02-06 08:00:00,system,2026-02-06 08:00:00,system
1888,409,1918,2,1054,B26-P1054-001888,6,8.0,8.0,0.0,1440.0,1440.0,0.0,,2026-02-06 08:00:00,system,2026-02-06 08:00:00,system
1889,410,1919,1,169,B26-P0169-001889,6,17.0,17.0,0.0,510.0,510.0,0.0,,2026-03-14 08:00:00,system,2026-03-14 08:00:00,system
1890,411,1920,1,481,B26-P0481-001890,6,6.0,6.0,0.0,60.0,60.0,0.0,,2026-03-23 08:00:00,system,2026-03-23 08:00:00,system
1891,411,1921,2,1214,B26-P1214-001891,6,35.0,35.0,0.0,105.0,105.0,0.0,,2026-03-23 08:00:00,system,2026-03-23 08:00:00,system
1892,411,1923,3,1201,B26-P1201-001892,6,3.0,3.0,0.0,60.0,60.0,0.0,,2026-03-23 08:00:00,system,2026-03-23 08:00:00,system
1893,411,1925,4,676,B26-P0676-001893,6,2.0,2.0,0.0,100.0,100.0,0.0,,2026-03-23 08:00:00,system,2026-03-23 08:00:00,system
1894,411,1928,5,1022,B26-P1022-001894,6,17.0,17.0,0.0,85.0,85.0,0.0,,2026-03-23 08:00:00,system,2026-03-23 08:00:00,system
1895,411,1929,6,1338,B26-P1338-001895,6,6.0,6.0,0.0,120.0,120.0,0.0,,2026-03-23 08:00:00,system,2026-03-23 08:00:00,system
1896,412,1920,1,481,B26-P0481-001896,6,2.0,2.0,0.0,20.0,20.0,0.0,,2026-03-26 08:00:00,system,2026-03-26 08:00:00,system
1897,412,1921,2,1214,B26-P1214-001897,6,5.0,5.0,0.0,15.0,15.0,0.0,,2026-03-26 08:00:00,system,2026-03-26 08:00:00,system
1898,412,1922,3,769,B26-P0769-001898,6,1.0,1.0,0.0,210.0,210.0,0.0,,2026-03-26 08:00:00,system,2026-03-26 08:00:00,system
1899,412,1923,4,1201,B26-P1201-001899,6,1.0,1.0,0.0,20.0,20.0,0.0,,2026-03-26 08:00:00,system,2026-03-26 08:00:00,system
1900,412,1924,5,1317,B26-P1317-001900,1,4.0,4.0,0.0,8000.0,8000.0,0.0,,2026-03-26 08:00:00,system,2026-03-26 08:00:00,system
1901,412,1926,6,997,B26-P0997-001901,6,1.0,1.0,0.0,50.0,50.0,0.0,,2026-03-26 08:00:00,system,2026-03-26 08:00:00,system
1902,412,1927,7,464,B26-P0464-001902,6,19.0,19.0,0.0,285.0,285.0,0.0,,2026-03-26 08:00:00,system,2026-03-26 08:00:00,system
1903,412,1928,8,1022,B26-P1022-001903,6,2.0,2.0,0.0,10.0,10.0,0.0,,2026-03-26 08:00:00,system,2026-03-26 08:00:00,system
1904,412,1929,9,1338,B26-P1338-001904,6,6.0,6.0,0.0,120.0,120.0,0.0,,2026-03-26 08:00:00,system,2026-03-26 08:00:00,system
1905,412,1930,10,1154,B26-P1154-001905,6,6.0,6.0,0.0,330.0,330.0,0.0,,2026-03-26 08:00:00,system,2026-03-26 08:00:00,system
1906,413,1920,1,481,B26-P0481-001906,6,4.0,3.0,1.0,40.0,30.0,10.0,,2026-03-30 08:00:00,system,2026-03-30 08:00:00,system
1907,413,1922,2,769,B26-P0769-001907,6,1.0,1.0,0.0,210.0,210.0,0.0,,2026-03-30 08:00:00,system,2026-03-30 08:00:00,system
1908,413,1923,3,1201,B26-P1201-001908,6,10.0,10.0,0.0,200.0,200.0,0.0,,2026-03-30 08:00:00,system,2026-03-30 08:00:00,system
1909,413,1925,4,676,B26-P0676-001909,6,6.0,6.0,0.0,300.0,300.0,0.0,,2026-03-30 08:00:00,system,2026-03-30 08:00:00,system
1910,413,1926,5,997,B26-P0997-001910,6,1.0,1.0,0.0,50.0,50.0,0.0,,2026-03-30 08:00:00,system,2026-03-30 08:00:00,system
1911,413,1927,6,464,B26-P0464-001911,6,1.0,1.0,0.0,15.0,15.0,0.0,,2026-03-30 08:00:00,system,2026-03-30 08:00:00,system
1912,413,1928,7,1022,B26-P1022-001912,6,9.0,9.0,0.0,45.0,45.0,0.0,,2026-03-30 08:00:00,system,2026-03-30 08:00:00,system
1913,413,1929,8,1338,B26-P1338-001913,6,9.0,9.0,0.0,180.0,180.0,0.0,,2026-03-30 08:00:00,system,2026-03-30 08:00:00,system
1914,413,1930,9,1154,B26-P1154-001914,6,2.0,2.0,0.0,110.0,110.0,0.0,,2026-03-30 08:00:00,system,2026-03-30 08:00:00,system
1915,414,1931,1,175,B26-P0175-001915,6,24.0,23.0,1.0,19.2,18.4,0.8,,2026-06-23 08:00:00,system,2026-06-23 08:00:00,system
1916,415,1938,1,1432,B26-P1432-001916,6,23.0,23.0,0.0,230.0,230.0,0.0,,2026-05-17 08:00:00,system,2026-05-17 08:00:00,system
1917,415,1939,2,239,B26-P0239-001917,6,1.0,1.0,0.0,15.0,15.0,0.0,,2026-05-17 08:00:00,system,2026-05-17 08:00:00,system
1918,415,1940,3,1410,B26-P1410-001918,6,7.0,7.0,0.0,105.0,105.0,0.0,,2026-05-17 08:00:00,system,2026-05-17 08:00:00,system
1919,415,1941,4,315,B26-P0315-001919,6,1.0,1.0,0.0,55.0,55.0,0.0,,2026-05-17 08:00:00,system,2026-05-17 08:00:00,system
1920,415,1942,5,290,B26-P0290-001920,6,18.0,18.0,0.0,90.0,90.0,0.0,,2026-05-17 08:00:00,system,2026-05-17 08:00:00,system
1921,415,1943,6,1159,B26-P1159-001921,6,3.0,3.0,0.0,15.0,15.0,0.0,,2026-05-17 08:00:00,system,2026-05-17 08:00:00,system
1922,416,1938,1,1432,B26-P1432-001922,6,1.0,1.0,0.0,10.0,10.0,0.0,,2026-05-18 08:00:00,system,2026-05-18 08:00:00,system
1923,416,1939,2,239,B26-P0239-001923,6,6.0,5.0,1.0,90.0,75.0,15.0,,2026-05-18 08:00:00,system,2026-05-18 08:00:00,system
1924,416,1940,3,1410,B26-P1410-001924,6,11.0,11.0,0.0,165.0,165.0,0.0,,2026-05-18 08:00:00,system,2026-05-18 08:00:00,system
1925,416,1941,4,315,B26-P0315-001925,6,7.0,7.0,0.0,385.0,385.0,0.0,,2026-05-18 08:00:00,system,2026-05-18 08:00:00,system
1926,416,1942,5,290,B26-P0290-001926,6,6.0,6.0,0.0,30.0,30.0,0.0,,2026-05-18 08:00:00,system,2026-05-18 08:00:00,system
1927,416,1943,6,1159,B26-P1159-001927,6,7.0,7.0,0.0,35.0,35.0,0.0,,2026-05-18 08:00:00,system,2026-05-18 08:00:00,system
1928,417,1944,1,1239,B26-P1239-001928,6,21.0,21.0,0.0,210.0,210.0,0.0,,2026-01-26 08:00:00,system,2026-01-26 08:00:00,system
1929,417,1945,2,507,B26-P0507-001929,6,8.0,8.0,0.0,24.0,24.0,0.0,,2026-01-26 08:00:00,system,2026-01-26 08:00:00,system
1930,417,1946,3,472,B26-P0472-001930,6,2.0,1.0,1.0,110.0,55.0,55.0,,2026-01-26 08:00:00,system,2026-01-26 08:00:00,system
1931,417,1947,4,119,B26-P0119-001931,6,26.0,26.0,0.0,520.0,520.0,0.0,,2026-01-26 08:00:00,system,2026-01-26 08:00:00,system
1932,417,1948,5,742,B26-P0742-001932,6,3.0,3.0,0.0,150.0,150.0,0.0,,2026-01-26 08:00:00,system,2026-01-26 08:00:00,system
1933,417,1949,6,1002,B26-P1002-001933,6,25.0,25.0,0.0,25.0,25.0,0.0,,2026-01-26 08:00:00,system,2026-01-26 08:00:00,system
1934,418,1944,1,1239,B26-P1239-001934,6,9.0,9.0,0.0,90.0,90.0,0.0,,2026-01-27 08:00:00,system,2026-01-27 08:00:00,system
1935,418,1945,2,507,B26-P0507-001935,6,18.0,18.0,0.0,54.0,54.0,0.0,,2026-01-27 08:00:00,system,2026-01-27 08:00:00,system
1936,418,1946,3,472,B26-P0472-001936,6,2.0,2.0,0.0,110.0,110.0,0.0,,2026-01-27 08:00:00,system,2026-01-27 08:00:00,system
1937,418,1947,4,119,B26-P0119-001937,6,2.0,2.0,0.0,40.0,40.0,0.0,,2026-01-27 08:00:00,system,2026-01-27 08:00:00,system
1938,418,1948,5,742,B26-P0742-001938,6,3.0,3.0,0.0,150.0,150.0,0.0,,2026-01-27 08:00:00,system,2026-01-27 08:00:00,system
1939,418,1949,6,1002,B26-P1002-001939,6,3.0,3.0,0.0,3.0,3.0,0.0,,2026-01-27 08:00:00,system,2026-01-27 08:00:00,system
1940,419,1950,1,1026,B26-P1026-001940,6,3.0,3.0,0.0,540.0,540.0,0.0,,2026-05-30 08:00:00,system,2026-05-30 08:00:00,system
1941,419,1952,2,1239,B26-P1239-001941,6,3.0,3.0,0.0,30.0,30.0,0.0,,2026-05-30 08:00:00,system,2026-05-30 08:00:00,system
1942,419,1953,3,727,B26-P0727-001942,6,8.0,8.0,0.0,240.0,240.0,0.0,,2026-05-30 08:00:00,system,2026-05-30 08:00:00,system
1943,419,1954,4,1222,B26-P1222-001943,6,17.0,17.0,0.0,51.0,51.0,0.0,,2026-05-30 08:00:00,system,2026-05-30 08:00:00,system
1944,419,1956,5,1029,B26-P1029-001944,6,2.0,2.0,0.0,2.0,2.0,0.0,,2026-05-30 08:00:00,system,2026-05-30 08:00:00,system
1945,419,1957,6,495,B26-P0495-001945,6,5.0,5.0,0.0,25.0,25.0,0.0,,2026-05-30 08:00:00,system,2026-05-30 08:00:00,system
1946,420,1950,1,1026,B26-P1026-001946,6,1.0,1.0,0.0,180.0,180.0,0.0,,2026-06-03 08:00:00,system,2026-06-03 08:00:00,system
1947,420,1951,2,1267,B26-P1267-001947,6,14.0,14.0,0.0,14.0,14.0,0.0,,2026-06-03 08:00:00,system,2026-06-03 08:00:00,system
1948,420,1953,3,727,B26-P0727-001948,6,4.0,4.0,0.0,120.0,120.0,0.0,,2026-06-03 08:00:00,system,2026-06-03 08:00:00,system
1949,420,1954,4,1222,B26-P1222-001949,6,5.0,5.0,0.0,15.0,15.0,0.0,,2026-06-03 08:00:00,system,2026-06-03 08:00:00,system
1950,420,1956,5,1029,B26-P1029-001950,6,6.0,6.0,0.0,6.0,6.0,0.0,,2026-06-03 08:00:00,system,2026-06-03 08:00:00,system
1951,420,1957,6,495,B26-P0495-001951,6,10.0,10.0,0.0,50.0,50.0,0.0,,2026-06-03 08:00:00,system,2026-06-03 08:00:00,system
1952,421,1950,1,1026,B26-P1026-001952,6,2.0,2.0,0.0,360.0,360.0,0.0,,2026-06-06 08:00:00,system,2026-06-06 08:00:00,system
1953,421,1952,2,1239,B26-P1239-001953,6,3.0,3.0,0.0,30.0,30.0,0.0,,2026-06-06 08:00:00,system,2026-06-06 08:00:00,system
1954,421,1954,3,1222,B26-P1222-001954,6,2.0,2.0,0.0,6.0,6.0,0.0,,2026-06-06 08:00:00,system,2026-06-06 08:00:00,system
1955,421,1955,4,1374,B26-P1374-001955,6,10.0,10.0,0.0,1800.0,1800.0,0.0,,2026-06-06 08:00:00,system,2026-06-06 08:00:00,system
1956,421,1956,5,1029,B26-P1029-001956,6,3.0,3.0,0.0,3.0,3.0,0.0,,2026-06-06 08:00:00,system,2026-06-06 08:00:00,system
1957,421,1957,6,495,B26-P0495-001957,6,9.0,9.0,0.0,45.0,45.0,0.0,,2026-06-06 08:00:00,system,2026-06-06 08:00:00,system
1958,422,1958,1,553,B26-P0553-001958,6,3.0,3.0,0.0,45.0,45.0,0.0,,2026-01-08 08:00:00,system,2026-01-08 08:00:00,system
1959,422,1960,2,1169,B26-P1169-001959,6,5.0,5.0,0.0,100.0,100.0,0.0,,2026-01-08 08:00:00,system,2026-01-08 08:00:00,system
1960,422,1961,3,1090,B26-P1090-001960,6,6.0,6.0,0.0,300.0,300.0,0.0,,2026-01-08 08:00:00,system,2026-01-08 08:00:00,system
1961,422,1962,4,1015,B26-P1015-001961,6,8.0,8.0,0.0,144.0,144.0,0.0,,2026-01-08 08:00:00,system,2026-01-08 08:00:00,system
1962,423,1958,1,553,B26-P0553-001962,6,5.0,5.0,0.0,75.0,75.0,0.0,,2026-01-11 08:00:00,system,2026-01-11 08:00:00,system
1963,423,1959,2,953,B26-P0953-001963,6,4.0,4.0,0.0,220.0,220.0,0.0,,2026-01-11 08:00:00,system,2026-01-11 08:00:00,system
1964,423,1960,3,1169,B26-P1169-001964,6,3.0,3.0,0.0,60.0,60.0,0.0,,2026-01-11 08:00:00,system,2026-01-11 08:00:00,system
1965,423,1962,4,1015,B26-P1015-001965,6,12.0,12.0,0.0,216.0,216.0,0.0,,2026-01-11 08:00:00,system,2026-01-11 08:00:00,system
1966,424,1963,1,963,B26-P0963-001966,6,11.0,11.0,0.0,220.0,220.0,0.0,,2026-02-09 08:00:00,system,2026-02-09 08:00:00,system
1967,424,1964,2,1096,B26-P1096-001967,6,18.0,18.0,0.0,36.0,36.0,0.0,,2026-02-09 08:00:00,system,2026-02-09 08:00:00,system
1968,424,1965,3,718,B26-P0718-001968,1,2.0,2.0,0.0,1000.0,1000.0,0.0,,2026-02-09 08:00:00,system,2026-02-09 08:00:00,system
1969,424,1966,4,910,B26-P0910-001969,6,10.0,10.0,0.0,150.0,150.0,0.0,,2026-02-09 08:00:00,system,2026-02-09 08:00:00,system
1970,424,1967,5,1477,B26-P1477-001970,6,1.0,1.0,0.0,5.0,5.0,0.0,,2026-02-09 08:00:00,system,2026-02-09 08:00:00,system
1971,424,1968,6,1018,B26-P1018-001971,6,40.0,40.0,0.0,16.0,16.0,0.0,,2026-02-09 08:00:00,system,2026-02-09 08:00:00,system
1972,424,1969,7,166,B26-P0166-001972,6,6.0,6.0,0.0,90.0,90.0,0.0,,2026-02-09 08:00:00,system,2026-02-09 08:00:00,system
1973,424,1970,8,1489,B26-P1489-001973,1,2.0,2.0,0.0,4000.0,4000.0,0.0,,2026-02-09 08:00:00,system,2026-02-09 08:00:00,system
1974,424,1971,9,1287,B26-P1287-001974,6,6.0,6.0,0.0,120.0,120.0,0.0,,2026-02-09 08:00:00,system,2026-02-09 08:00:00,system
1975,424,1972,10,361,B26-P0361-001975,6,4.0,4.0,0.0,120.0,120.0,0.0,,2026-02-09 08:00:00,system,2026-02-09 08:00:00,system
1976,425,1963,1,963,B26-P0963-001976,6,17.0,17.0,0.0,340.0,340.0,0.0,,2026-02-14 08:00:00,system,2026-02-14 08:00:00,system
1977,425,1964,2,1096,B26-P1096-001977,6,26.0,26.0,0.0,52.0,52.0,0.0,,2026-02-14 08:00:00,system,2026-02-14 08:00:00,system
1978,425,1965,3,718,B26-P0718-001978,1,2.0,2.0,0.0,1000.0,1000.0,0.0,,2026-02-14 08:00:00,system,2026-02-14 08:00:00,system
1979,425,1966,4,910,B26-P0910-001979,6,4.0,4.0,0.0,60.0,60.0,0.0,,2026-02-14 08:00:00,system,2026-02-14 08:00:00,system
1980,425,1967,5,1477,B26-P1477-001980,6,17.0,17.0,0.0,85.0,85.0,0.0,,2026-02-14 08:00:00,system,2026-02-14 08:00:00,system
1981,425,1968,6,1018,B26-P1018-001981,6,18.0,18.0,0.0,7.2,7.2,0.0,,2026-02-14 08:00:00,system,2026-02-14 08:00:00,system
1982,425,1969,7,166,B26-P0166-001982,6,6.0,6.0,0.0,90.0,90.0,0.0,,2026-02-14 08:00:00,system,2026-02-14 08:00:00,system
1983,425,1971,8,1287,B26-P1287-001983,6,9.0,9.0,0.0,180.0,180.0,0.0,,2026-02-14 08:00:00,system,2026-02-14 08:00:00,system
1984,425,1972,9,361,B26-P0361-001984,6,26.0,26.0,0.0,780.0,780.0,0.0,,2026-02-14 08:00:00,system,2026-02-14 08:00:00,system
1985,426,1973,1,128,B26-P0128-001985,6,5.0,5.0,0.0,5.0,5.0,0.0,,2026-02-24 08:00:00,system,2026-02-24 08:00:00,system
1986,427,1974,1,361,B26-P0361-001986,6,24.0,24.0,0.0,720.0,720.0,0.0,,2026-04-07 08:00:00,system,2026-04-07 08:00:00,system
1987,427,1975,2,73,B26-P0073-001987,6,6.0,6.0,0.0,90.0,90.0,0.0,,2026-04-07 08:00:00,system,2026-04-07 08:00:00,system
1988,427,1976,3,646,B26-P0646-001988,6,30.0,30.0,0.0,150.0,150.0,0.0,,2026-04-07 08:00:00,system,2026-04-07 08:00:00,system
1989,427,1977,4,440,B26-P0440-001989,6,2.0,2.0,0.0,360.0,360.0,0.0,,2026-04-07 08:00:00,system,2026-04-07 08:00:00,system
1990,427,1978,5,143,B26-P0143-001990,6,1.0,1.0,0.0,210.0,210.0,0.0,,2026-04-07 08:00:00,system,2026-04-07 08:00:00,system
1991,428,1991,1,272,B26-P0272-001991,6,19.0,19.0,0.0,19.0,19.0,0.0,,2026-04-15 08:00:00,system,2026-04-15 08:00:00,system
1992,428,1992,2,340,B26-P0340-001992,6,1.0,1.0,0.0,15.0,15.0,0.0,,2026-04-15 08:00:00,system,2026-04-15 08:00:00,system
1993,428,1993,3,324,B26-P0324-001993,6,3.0,3.0,0.0,30.0,30.0,0.0,,2026-04-15 08:00:00,system,2026-04-15 08:00:00,system
1994,428,1995,4,224,B26-P0224-001994,6,1.0,1.0,0.0,15.0,15.0,0.0,,2026-04-15 08:00:00,system,2026-04-15 08:00:00,system
1995,428,1996,5,214,B26-P0214-001995,6,12.0,11.0,1.0,660.0,605.0,55.0,,2026-04-15 08:00:00,system,2026-04-15 08:00:00,system
1996,428,1997,6,167,B26-P0167-001996,6,1.0,1.0,0.0,20.0,20.0,0.0,,2026-04-15 08:00:00,system,2026-04-15 08:00:00,system
1997,428,1998,7,262,B26-P0262-001997,6,1.0,1.0,0.0,15.0,15.0,0.0,,2026-04-15 08:00:00,system,2026-04-15 08:00:00,system
1998,428,1999,8,16,B26-P0016-001998,6,8.0,8.0,0.0,9.6,9.6,0.0,,2026-04-15 08:00:00,system,2026-04-15 08:00:00,system
1999,428,2000,9,238,B26-P0238-001999,6,7.0,7.0,0.0,70.0,70.0,0.0,,2026-04-15 08:00:00,system,2026-04-15 08:00:00,system
2000,428,2003,10,394,B26-P0394-002000,6,5.0,5.0,0.0,25.0,25.0,0.0,,2026-04-15 08:00:00,system,2026-04-15 08:00:00,system
2001,429,1991,1,272,B26-P0272-002001,6,7.0,7.0,0.0,7.0,7.0,0.0,,2026-04-19 08:00:00,system,2026-04-19 08:00:00,system
2002,429,1992,2,340,B26-P0340-002002,6,4.0,4.0,0.0,60.0,60.0,0.0,,2026-04-19 08:00:00,system,2026-04-19 08:00:00,system
2003,429,1994,3,170,B26-P0170-002003,6,1.0,1.0,0.0,50.0,50.0,0.0,,2026-04-19 08:00:00,system,2026-04-19 08:00:00,system
2004,429,1995,4,224,B26-P0224-002004,6,6.0,6.0,0.0,90.0,90.0,0.0,,2026-04-19 08:00:00,system,2026-04-19 08:00:00,system
2005,429,1996,5,214,B26-P0214-002005,6,2.0,2.0,0.0,110.0,110.0,0.0,,2026-04-19 08:00:00,system,2026-04-19 08:00:00,system
2006,429,1997,6,167,B26-P0167-002006,6,10.0,10.0,0.0,200.0,200.0,0.0,,2026-04-19 08:00:00,system,2026-04-19 08:00:00,system
2007,429,2000,7,238,B26-P0238-002007,6,3.0,3.0,0.0,30.0,30.0,0.0,,2026-04-19 08:00:00,system,2026-04-19 08:00:00,system
2008,429,2002,8,845,B26-P0845-002008,6,1.0,0.0,1.0,210.0,0.0,210.0,,2026-04-19 08:00:00,system,2026-04-19 08:00:00,system
2009,429,2003,9,394,B26-P0394-002009,6,18.0,18.0,0.0,90.0,90.0,0.0,,2026-04-19 08:00:00,system,2026-04-19 08:00:00,system
2010,430,1992,1,340,B26-P0340-002010,6,2.0,2.0,0.0,30.0,30.0,0.0,,2026-04-24 08:00:00,system,2026-04-24 08:00:00,system
2011,430,1993,2,324,B26-P0324-002011,6,4.0,4.0,0.0,40.0,40.0,0.0,,2026-04-24 08:00:00,system,2026-04-24 08:00:00,system
2012,430,1994,3,170,B26-P0170-002012,6,5.0,5.0,0.0,250.0,250.0,0.0,,2026-04-24 08:00:00,system,2026-04-24 08:00:00,system
2013,430,1995,4,224,B26-P0224-002013,6,14.0,14.0,0.0,210.0,210.0,0.0,,2026-04-24 08:00:00,system,2026-04-24 08:00:00,system
2014,430,1996,5,214,B26-P0214-002014,6,1.0,1.0,0.0,55.0,55.0,0.0,,2026-04-24 08:00:00,system,2026-04-24 08:00:00,system
2015,430,1997,6,167,B26-P0167-002015,6,3.0,3.0,0.0,60.0,60.0,0.0,,2026-04-24 08:00:00,system,2026-04-24 08:00:00,system
2016,430,1998,7,262,B26-P0262-002016,6,6.0,5.0,1.0,90.0,75.0,15.0,,2026-04-24 08:00:00,system,2026-04-24 08:00:00,system
2017,430,1999,8,16,B26-P0016-002017,6,4.0,4.0,0.0,4.8,4.8,0.0,,2026-04-24 08:00:00,system,2026-04-24 08:00:00,system
2018,430,2000,9,238,B26-P0238-002018,6,11.0,11.0,0.0,110.0,110.0,0.0,,2026-04-24 08:00:00,system,2026-04-24 08:00:00,system
2019,430,2001,10,603,B26-P0603-002019,6,2.0,2.0,0.0,420.0,420.0,0.0,,2026-04-24 08:00:00,system,2026-04-24 08:00:00,system
2020,430,2002,11,845,B26-P0845-002020,6,2.0,2.0,0.0,420.0,420.0,0.0,,2026-04-24 08:00:00,system,2026-04-24 08:00:00,system
2021,430,2003,12,394,B26-P0394-002021,6,5.0,5.0,0.0,25.0,25.0,0.0,,2026-04-24 08:00:00,system,2026-04-24 08:00:00,system
2022,431,2004,1,188,B26-P0188-002022,6,1.0,1.0,0.0,210.0,210.0,0.0,,2026-03-15 08:00:00,system,2026-03-15 08:00:00,system
2023,431,2006,2,407,B26-P0407-002023,6,25.0,25.0,0.0,30.0,30.0,0.0,,2026-03-15 08:00:00,system,2026-03-15 08:00:00,system
2024,431,2007,3,1052,B26-P1052-002024,6,11.0,11.0,0.0,198.0,198.0,0.0,,2026-03-15 08:00:00,system,2026-03-15 08:00:00,system
2025,431,2008,4,1027,B26-P1027-002025,6,8.0,8.0,0.0,3.2,3.2,0.0,,2026-03-15 08:00:00,system,2026-03-15 08:00:00,system
2026,431,2009,5,1007,B26-P1007-002026,6,3.0,3.0,0.0,150.0,150.0,0.0,,2026-03-15 08:00:00,system,2026-03-15 08:00:00,system
2027,431,2010,6,158,B26-P0158-002027,6,2.0,2.0,0.0,420.0,420.0,0.0,,2026-03-15 08:00:00,system,2026-03-15 08:00:00,system
2028,431,2011,7,661,B26-P0661-002028,6,22.0,22.0,0.0,220.0,220.0,0.0,,2026-03-15 08:00:00,system,2026-03-15 08:00:00,system
2029,431,2013,8,830,B26-P0830-002029,6,8.0,7.0,1.0,1440.0,1260.0,180.0,,2026-03-15 08:00:00,system,2026-03-15 08:00:00,system
2030,431,2014,9,855,B26-P0855-002030,6,14.0,14.0,0.0,350.0,350.0,0.0,,2026-03-15 08:00:00,system,2026-03-15 08:00:00,system
2031,431,2015,10,738,B26-P0738-002031,6,25.0,25.0,0.0,375.0,375.0,0.0,,2026-03-15 08:00:00,system,2026-03-15 08:00:00,system
2032,431,2016,11,341,B26-P0341-002032,6,2.0,1.0,1.0,40.0,20.0,20.0,,2026-03-15 08:00:00,system,2026-03-15 08:00:00,system
2033,431,2018,12,996,B26-P0996-002033,6,12.0,12.0,0.0,216.0,216.0,0.0,,2026-03-15 08:00:00,system,2026-03-15 08:00:00,system
2034,432,2005,1,1147,B26-P1147-002034,6,1.0,1.0,0.0,210.0,210.0,0.0,,2026-03-18 08:00:00,system,2026-03-18 08:00:00,system
2035,432,2006,2,407,B26-P0407-002035,6,1.0,1.0,0.0,1.2,1.2,0.0,,2026-03-18 08:00:00,system,2026-03-18 08:00:00,system
2036,432,2007,3,1052,B26-P1052-002036,6,7.0,6.0,1.0,126.0,108.0,18.0,,2026-03-18 08:00:00,system,2026-03-18 08:00:00,system
2037,432,2008,4,1027,B26-P1027-002037,6,1.0,1.0,0.0,0.4,0.4,0.0,,2026-03-18 08:00:00,system,2026-03-18 08:00:00,system
2038,432,2009,5,1007,B26-P1007-002038,6,9.0,9.0,0.0,450.0,450.0,0.0,,2026-03-18 08:00:00,system,2026-03-18 08:00:00,system
2039,432,2010,6,158,B26-P0158-002039,6,3.0,3.0,0.0,630.0,630.0,0.0,,2026-03-18 08:00:00,system,2026-03-18 08:00:00,system
2040,432,2011,7,661,B26-P0661-002040,6,1.0,1.0,0.0,10.0,10.0,0.0,,2026-03-18 08:00:00,system,2026-03-18 08:00:00,system
2041,432,2012,8,1488,B26-P1488-002041,1,2.0,2.0,0.0,2000.0,2000.0,0.0,,2026-03-18 08:00:00,system,2026-03-18 08:00:00,system
2042,432,2013,9,830,B26-P0830-002042,6,3.0,3.0,0.0,540.0,540.0,0.0,,2026-03-18 08:00:00,system,2026-03-18 08:00:00,system
2043,432,2014,10,855,B26-P0855-002043,6,12.0,12.0,0.0,300.0,300.0,0.0,,2026-03-18 08:00:00,system,2026-03-18 08:00:00,system
2044,432,2015,11,738,B26-P0738-002044,6,4.0,4.0,0.0,60.0,60.0,0.0,,2026-03-18 08:00:00,system,2026-03-18 08:00:00,system
2045,432,2016,12,341,B26-P0341-002045,6,30.0,30.0,0.0,600.0,600.0,0.0,,2026-03-18 08:00:00,system,2026-03-18 08:00:00,system
2046,432,2017,13,1398,B26-P1398-002046,6,7.0,7.0,0.0,175.0,175.0,0.0,,2026-03-18 08:00:00,system,2026-03-18 08:00:00,system
2047,432,2018,14,996,B26-P0996-002047,6,6.0,6.0,0.0,108.0,108.0,0.0,,2026-03-18 08:00:00,system,2026-03-18 08:00:00,system
2048,433,2005,1,1147,B26-P1147-002048,6,1.0,1.0,0.0,210.0,210.0,0.0,,2026-03-20 08:00:00,system,2026-03-20 08:00:00,system
2049,433,2008,2,1027,B26-P1027-002049,6,22.0,22.0,0.0,8.8,8.8,0.0,,2026-03-20 08:00:00,system,2026-03-20 08:00:00,system
2050,433,2011,3,661,B26-P0661-002050,6,17.0,17.0,0.0,170.0,170.0,0.0,,2026-03-20 08:00:00,system,2026-03-20 08:00:00,system
2051,433,2013,4,830,B26-P0830-002051,6,4.0,4.0,0.0,720.0,720.0,0.0,,2026-03-20 08:00:00,system,2026-03-20 08:00:00,system
2052,433,2014,5,855,B26-P0855-002052,6,6.0,6.0,0.0,150.0,150.0,0.0,,2026-03-20 08:00:00,system,2026-03-20 08:00:00,system
2053,433,2015,6,738,B26-P0738-002053,6,6.0,6.0,0.0,90.0,90.0,0.0,,2026-03-20 08:00:00,system,2026-03-20 08:00:00,system
2054,433,2018,7,996,B26-P0996-002054,6,2.0,1.0,1.0,36.0,18.0,18.0,,2026-03-20 08:00:00,system,2026-03-20 08:00:00,system
2055,434,2019,1,1111,B26-P1111-002055,6,16.0,16.0,0.0,6.4,6.4,0.0,,2026-05-27 08:00:00,system,2026-05-27 08:00:00,system
2056,434,2020,2,1046,B26-P1046-002056,6,87.0,87.0,0.0,34.8,34.8,0.0,,2026-05-27 08:00:00,system,2026-05-27 08:00:00,system
2057,434,2021,3,1476,B26-P1476-002057,6,11.0,11.0,0.0,33.0,33.0,0.0,,2026-05-27 08:00:00,system,2026-05-27 08:00:00,system
2058,435,2022,1,149,B26-P0149-002058,6,17.0,17.0,0.0,85.0,85.0,0.0,,2026-05-25 08:00:00,system,2026-05-25 08:00:00,system
2059,436,2023,1,461,B26-P0461-002059,6,9.0,9.0,0.0,27.0,27.0,0.0,,2026-02-02 08:00:00,system,2026-02-02 08:00:00,system
2060,437,2024,1,1037,B26-P1037-002060,6,46.0,46.0,0.0,18.4,18.4,0.0,,2026-04-10 08:00:00,system,2026-04-10 08:00:00,system
2061,438,2026,1,225,B26-P0225-002061,6,6.0,6.0,0.0,120.0,120.0,0.0,,2026-05-04 08:00:00,system,2026-05-04 08:00:00,system
2062,438,2027,2,233,B26-P0233-002062,6,4.0,4.0,0.0,3.2,3.2,0.0,,2026-05-04 08:00:00,system,2026-05-04 08:00:00,system
2063,438,2028,3,1149,B26-P1149-002063,6,30.0,30.0,0.0,30.0,30.0,0.0,,2026-05-04 08:00:00,system,2026-05-04 08:00:00,system
2064,438,2029,4,521,B26-P0521-002064,6,26.0,26.0,0.0,78.0,78.0,0.0,,2026-05-04 08:00:00,system,2026-05-04 08:00:00,system
2065,438,2030,5,820,B26-P0820-002065,1,3.0,3.0,0.0,6000.0,6000.0,0.0,,2026-05-04 08:00:00,system,2026-05-04 08:00:00,system
2066,439,2031,1,1361,B26-P1361-002066,1,2.0,2.0,0.0,4000.0,4000.0,0.0,,2026-05-30 08:00:00,system,2026-05-30 08:00:00,system
2067,439,2032,2,1376,B26-P1376-002067,1,2.0,2.0,0.0,1000.0,1000.0,0.0,,2026-05-30 08:00:00,system,2026-05-30 08:00:00,system
2068,439,2033,3,881,B26-P0881-002068,6,21.0,21.0,0.0,315.0,315.0,0.0,,2026-05-30 08:00:00,system,2026-05-30 08:00:00,system
2069,439,2034,4,639,B26-P0639-002069,6,2.0,2.0,0.0,110.0,110.0,0.0,,2026-05-30 08:00:00,system,2026-05-30 08:00:00,system
2070,439,2035,5,449,B26-P0449-002070,6,28.0,28.0,0.0,420.0,420.0,0.0,,2026-05-30 08:00:00,system,2026-05-30 08:00:00,system
2071,439,2036,6,1286,B26-P1286-002071,6,50.0,50.0,0.0,250.0,250.0,0.0,,2026-05-30 08:00:00,system,2026-05-30 08:00:00,system
2072,440,2040,1,120,B26-P0120-002072,6,30.0,30.0,0.0,750.0,750.0,0.0,,2026-06-16 08:00:00,system,2026-06-16 08:00:00,system
2073,441,2042,1,961,B26-P0961-002073,6,10.0,10.0,0.0,100.0,100.0,0.0,,2026-01-24 08:00:00,system,2026-01-24 08:00:00,system
2074,441,2044,2,393,B26-P0393-002074,6,58.0,58.0,0.0,174.0,174.0,0.0,,2026-01-24 08:00:00,system,2026-01-24 08:00:00,system
2075,441,2045,3,1490,B26-P1490-002075,6,1.0,1.0,0.0,3.0,3.0,0.0,,2026-01-24 08:00:00,system,2026-01-24 08:00:00,system
2076,441,2046,4,1186,B26-P1186-002076,6,43.0,43.0,0.0,129.0,129.0,0.0,,2026-01-24 08:00:00,system,2026-01-24 08:00:00,system
2077,441,2047,5,153,B26-P0153-002077,6,2.0,2.0,0.0,50.0,50.0,0.0,,2026-01-24 08:00:00,system,2026-01-24 08:00:00,system
2078,442,2042,1,961,B26-P0961-002078,6,4.0,4.0,0.0,40.0,40.0,0.0,,2026-01-27 08:00:00,system,2026-01-27 08:00:00,system
2079,442,2043,2,656,B26-P0656-002079,1,6.0,6.0,0.0,3000.0,3000.0,0.0,,2026-01-27 08:00:00,system,2026-01-27 08:00:00,system
2080,442,2044,3,393,B26-P0393-002080,6,12.0,12.0,0.0,36.0,36.0,0.0,,2026-01-27 08:00:00,system,2026-01-27 08:00:00,system
2081,442,2045,4,1490,B26-P1490-002081,6,53.0,53.0,0.0,159.0,159.0,0.0,,2026-01-27 08:00:00,system,2026-01-27 08:00:00,system
2082,442,2046,5,1186,B26-P1186-002082,6,27.0,27.0,0.0,81.0,81.0,0.0,,2026-01-27 08:00:00,system,2026-01-27 08:00:00,system
2083,442,2047,6,153,B26-P0153-002083,6,5.0,5.0,0.0,125.0,125.0,0.0,,2026-01-27 08:00:00,system,2026-01-27 08:00:00,system
2084,442,2048,7,9,B26-P0009-002084,6,2.0,1.0,1.0,100.0,50.0,50.0,,2026-01-27 08:00:00,system,2026-01-27 08:00:00,system
2085,443,2055,1,1066,B26-P1066-002085,6,24.0,24.0,0.0,12.0,12.0,0.0,,2026-02-25 08:00:00,system,2026-02-25 08:00:00,system
2086,444,2056,1,1003,B26-P1003-002086,6,56.0,56.0,0.0,112.0,112.0,0.0,,2026-01-30 08:00:00,system,2026-01-30 08:00:00,system
2087,445,2057,1,403,B26-P0403-002087,6,3.0,3.0,0.0,630.0,630.0,0.0,,2026-04-13 08:00:00,system,2026-04-13 08:00:00,system
2088,445,2058,2,339,B26-P0339-002088,6,24.0,24.0,0.0,240.0,240.0,0.0,,2026-04-13 08:00:00,system,2026-04-13 08:00:00,system
2089,445,2059,3,1158,B26-P1158-002089,6,14.0,14.0,0.0,42.0,42.0,0.0,,2026-04-13 08:00:00,system,2026-04-13 08:00:00,system
2090,446,2060,1,435,B26-P0435-002090,6,1.0,1.0,0.0,20.0,20.0,0.0,,2026-05-24 08:00:00,system,2026-05-24 08:00:00,system
2091,447,2062,1,1377,B26-P1377-002091,1,7.0,7.0,0.0,7000.0,7000.0,0.0,,2026-03-15 08:00:00,system,2026-03-15 08:00:00,system
2092,447,2063,2,806,B26-P0806-002092,1,4.0,4.0,0.0,8000.0,8000.0,0.0,,2026-03-15 08:00:00,system,2026-03-15 08:00:00,system
2093,447,2064,3,1260,B26-P1260-002093,6,8.0,8.0,0.0,24.0,24.0,0.0,,2026-03-15 08:00:00,system,2026-03-15 08:00:00,system
2094,447,2066,4,940,B26-P0940-002094,6,2.0,2.0,0.0,360.0,360.0,0.0,,2026-03-15 08:00:00,system,2026-03-15 08:00:00,system
2095,447,2067,5,116,B26-P0116-002095,6,15.0,15.0,0.0,75.0,75.0,0.0,,2026-03-15 08:00:00,system,2026-03-15 08:00:00,system
2096,448,2061,1,417,B26-P0417-002096,6,2.0,2.0,0.0,360.0,360.0,0.0,,2026-03-18 08:00:00,system,2026-03-18 08:00:00,system
2097,448,2062,2,1377,B26-P1377-002097,1,1.0,1.0,0.0,1000.0,1000.0,0.0,,2026-03-18 08:00:00,system,2026-03-18 08:00:00,system
2098,448,2063,3,806,B26-P0806-002098,1,4.0,4.0,0.0,8000.0,8000.0,0.0,,2026-03-18 08:00:00,system,2026-03-18 08:00:00,system
2099,448,2064,4,1260,B26-P1260-002099,6,36.0,36.0,0.0,108.0,108.0,0.0,,2026-03-18 08:00:00,system,2026-03-18 08:00:00,system
2100,448,2065,5,470,B26-P0470-002100,6,5.0,5.0,0.0,150.0,150.0,0.0,,2026-03-18 08:00:00,system,2026-03-18 08:00:00,system
2101,448,2067,6,116,B26-P0116-002101,6,5.0,4.0,1.0,25.0,20.0,5.0,,2026-03-18 08:00:00,system,2026-03-18 08:00:00,system
2102,449,2069,1,1460,B26-P1460-002102,6,10.0,10.0,0.0,500.0,500.0,0.0,,2026-07-03 08:00:00,system,2026-07-03 08:00:00,system
2103,449,2070,2,283,B26-P0283-002103,6,3.0,3.0,0.0,540.0,540.0,0.0,,2026-07-03 08:00:00,system,2026-07-03 08:00:00,system
2104,449,2071,3,236,B26-P0236-002104,6,69.0,69.0,0.0,207.0,207.0,0.0,,2026-07-03 08:00:00,system,2026-07-03 08:00:00,system
2105,449,2072,4,743,B26-P0743-002105,6,2.0,1.0,1.0,110.0,55.0,55.0,,2026-07-03 08:00:00,system,2026-07-03 08:00:00,system
2106,449,2073,5,650,B26-P0650-002106,6,2.0,2.0,0.0,50.0,50.0,0.0,,2026-07-03 08:00:00,system,2026-07-03 08:00:00,system
2107,449,2074,6,1116,B26-P1116-002107,6,56.0,56.0,0.0,22.4,22.4,0.0,,2026-07-03 08:00:00,system,2026-07-03 08:00:00,system
2108,450,2070,1,283,B26-P0283-002108,6,5.0,5.0,0.0,900.0,900.0,0.0,,2026-07-04 08:00:00,system,2026-07-04 08:00:00,system
2109,450,2071,2,236,B26-P0236-002109,6,1.0,1.0,0.0,3.0,3.0,0.0,,2026-07-04 08:00:00,system,2026-07-04 08:00:00,system
2110,450,2072,3,743,B26-P0743-002110,6,2.0,2.0,0.0,110.0,110.0,0.0,,2026-07-04 08:00:00,system,2026-07-04 08:00:00,system
2111,450,2073,4,650,B26-P0650-002111,6,4.0,4.0,0.0,100.0,100.0,0.0,,2026-07-04 08:00:00,system,2026-07-04 08:00:00,system
2112,450,2074,5,1116,B26-P1116-002112,6,22.0,22.0,0.0,8.8,8.8,0.0,,2026-07-04 08:00:00,system,2026-07-04 08:00:00,system
2113,451,2075,1,826,B26-P0826-002113,6,1.0,1.0,0.0,25.0,25.0,0.0,,2026-02-18 08:00:00,system,2026-02-18 08:00:00,system
2114,451,2076,2,986,B26-P0986-002114,6,5.0,5.0,0.0,50.0,50.0,0.0,,2026-02-18 08:00:00,system,2026-02-18 08:00:00,system
2115,451,2077,3,623,B26-P0623-002115,6,1.0,1.0,0.0,10.0,10.0,0.0,,2026-02-18 08:00:00,system,2026-02-18 08:00:00,system
2116,451,2078,4,430,B26-P0430-002116,6,4.0,4.0,0.0,200.0,200.0,0.0,,2026-02-18 08:00:00,system,2026-02-18 08:00:00,system
2117,451,2079,5,466,B26-P0466-002117,6,7.0,7.0,0.0,70.0,70.0,0.0,,2026-02-18 08:00:00,system,2026-02-18 08:00:00,system
2118,451,2080,6,166,B26-P0166-002118,6,27.0,27.0,0.0,405.0,405.0,0.0,,2026-02-18 08:00:00,system,2026-02-18 08:00:00,system
2119,451,2081,7,1010,B26-P1010-002119,6,46.0,46.0,0.0,23.0,23.0,0.0,,2026-02-18 08:00:00,system,2026-02-18 08:00:00,system
2120,451,2082,8,271,B26-P0271-002120,6,12.0,12.0,0.0,9.6,9.6,0.0,,2026-02-18 08:00:00,system,2026-02-18 08:00:00,system
2121,451,2083,9,336,B26-P0336-002121,6,21.0,20.0,1.0,25.2,24.0,1.2,,2026-02-18 08:00:00,system,2026-02-18 08:00:00,system
2122,451,2084,10,1231,B26-P1231-002122,6,7.0,7.0,0.0,70.0,70.0,0.0,,2026-02-18 08:00:00,system,2026-02-18 08:00:00,system
2123,451,2085,11,951,B26-P0951-002123,6,1.0,1.0,0.0,30.0,30.0,0.0,,2026-02-18 08:00:00,system,2026-02-18 08:00:00,system
2124,451,2086,12,568,B26-P0568-002124,6,32.0,32.0,0.0,640.0,640.0,0.0,,2026-02-18 08:00:00,system,2026-02-18 08:00:00,system
2125,451,2087,13,1489,B26-P1489-002125,1,1.0,1.0,0.0,2000.0,2000.0,0.0,,2026-02-18 08:00:00,system,2026-02-18 08:00:00,system
2126,451,2088,14,410,B26-P0410-002126,6,3.0,3.0,0.0,30.0,30.0,0.0,,2026-02-18 08:00:00,system,2026-02-18 08:00:00,system
2127,452,2075,1,826,B26-P0826-002127,6,9.0,9.0,0.0,225.0,225.0,0.0,,2026-02-23 08:00:00,system,2026-02-23 08:00:00,system
2128,452,2076,2,986,B26-P0986-002128,6,8.0,8.0,0.0,80.0,80.0,0.0,,2026-02-23 08:00:00,system,2026-02-23 08:00:00,system
2129,452,2078,3,430,B26-P0430-002129,6,1.0,1.0,0.0,50.0,50.0,0.0,,2026-02-23 08:00:00,system,2026-02-23 08:00:00,system
2130,452,2079,4,466,B26-P0466-002130,6,28.0,28.0,0.0,280.0,280.0,0.0,,2026-02-23 08:00:00,system,2026-02-23 08:00:00,system
2131,452,2080,5,166,B26-P0166-002131,6,1.0,1.0,0.0,15.0,15.0,0.0,,2026-02-23 08:00:00,system,2026-02-23 08:00:00,system
2132,452,2081,6,1010,B26-P1010-002132,6,1.0,1.0,0.0,0.5,0.5,0.0,,2026-02-23 08:00:00,system,2026-02-23 08:00:00,system
2133,452,2083,7,336,B26-P0336-002133,6,16.0,16.0,0.0,19.2,19.2,0.0,,2026-02-23 08:00:00,system,2026-02-23 08:00:00,system
2134,452,2085,8,951,B26-P0951-002134,6,2.0,2.0,0.0,60.0,60.0,0.0,,2026-02-23 08:00:00,system,2026-02-23 08:00:00,system
2135,452,2086,9,568,B26-P0568-002135,6,4.0,4.0,0.0,80.0,80.0,0.0,,2026-02-23 08:00:00,system,2026-02-23 08:00:00,system
2136,452,2087,10,1489,B26-P1489-002136,1,1.0,1.0,0.0,2000.0,2000.0,0.0,,2026-02-23 08:00:00,system,2026-02-23 08:00:00,system
2137,452,2088,11,410,B26-P0410-002137,6,9.0,9.0,0.0,90.0,90.0,0.0,,2026-02-23 08:00:00,system,2026-02-23 08:00:00,system
2138,453,2075,1,826,B26-P0826-002138,6,18.0,18.0,0.0,450.0,450.0,0.0,,2026-02-28 08:00:00,system,2026-02-28 08:00:00,system
2139,453,2076,2,986,B26-P0986-002139,6,3.0,3.0,0.0,30.0,30.0,0.0,,2026-02-28 08:00:00,system,2026-02-28 08:00:00,system
2140,453,2077,3,623,B26-P0623-002140,6,7.0,7.0,0.0,70.0,70.0,0.0,,2026-02-28 08:00:00,system,2026-02-28 08:00:00,system
2141,453,2078,4,430,B26-P0430-002141,6,1.0,1.0,0.0,50.0,50.0,0.0,,2026-02-28 08:00:00,system,2026-02-28 08:00:00,system
2142,453,2081,5,1010,B26-P1010-002142,6,1.0,0.0,1.0,0.5,0.0,0.5,,2026-02-28 08:00:00,system,2026-02-28 08:00:00,system
2143,453,2082,6,271,B26-P0271-002143,6,14.0,14.0,0.0,11.2,11.2,0.0,,2026-02-28 08:00:00,system,2026-02-28 08:00:00,system
2144,453,2083,7,336,B26-P0336-002144,6,11.0,11.0,0.0,13.2,13.2,0.0,,2026-02-28 08:00:00,system,2026-02-28 08:00:00,system
2145,453,2084,8,1231,B26-P1231-002145,6,1.0,1.0,0.0,10.0,10.0,0.0,,2026-02-28 08:00:00,system,2026-02-28 08:00:00,system
2146,453,2085,9,951,B26-P0951-002146,6,4.0,4.0,0.0,120.0,120.0,0.0,,2026-02-28 08:00:00,system,2026-02-28 08:00:00,system
2147,453,2086,10,568,B26-P0568-002147,6,4.0,4.0,0.0,80.0,80.0,0.0,,2026-02-28 08:00:00,system,2026-02-28 08:00:00,system
2148,453,2087,11,1489,B26-P1489-002148,1,2.0,2.0,0.0,4000.0,4000.0,0.0,,2026-02-28 08:00:00,system,2026-02-28 08:00:00,system
2149,453,2088,12,410,B26-P0410-002149,6,4.0,4.0,0.0,40.0,40.0,0.0,,2026-02-28 08:00:00,system,2026-02-28 08:00:00,system
2150,454,2089,1,687,B26-P0687-002150,6,1.0,1.0,0.0,20.0,20.0,0.0,,2026-06-27 08:00:00,system,2026-06-27 08:00:00,system
2151,454,2090,2,119,B26-P0119-002151,6,2.0,2.0,0.0,40.0,40.0,0.0,,2026-06-27 08:00:00,system,2026-06-27 08:00:00,system
2152,454,2092,3,840,B26-P0840-002152,6,3.0,3.0,0.0,75.0,75.0,0.0,,2026-06-27 08:00:00,system,2026-06-27 08:00:00,system
2153,455,2089,1,687,B26-P0687-002153,6,1.0,1.0,0.0,20.0,20.0,0.0,,2026-07-02 08:00:00,system,2026-07-02 08:00:00,system
2154,455,2090,2,119,B26-P0119-002154,6,5.0,5.0,0.0,100.0,100.0,0.0,,2026-07-02 08:00:00,system,2026-07-02 08:00:00,system
2155,455,2091,3,1474,B26-P1474-002155,6,3.0,3.0,0.0,150.0,150.0,0.0,,2026-07-02 08:00:00,system,2026-07-02 08:00:00,system
2156,456,2093,1,1078,B26-P1078-002156,6,4.0,4.0,0.0,20.0,20.0,0.0,,2026-04-15 08:00:00,system,2026-04-15 08:00:00,system
2157,456,2094,2,296,B26-P0296-002157,6,2.0,2.0,0.0,100.0,100.0,0.0,,2026-04-15 08:00:00,system,2026-04-15 08:00:00,system
2158,456,2095,3,225,B26-P0225-002158,6,18.0,18.0,0.0,360.0,360.0,0.0,,2026-04-15 08:00:00,system,2026-04-15 08:00:00,system
2159,456,2096,4,428,B26-P0428-002159,6,28.0,28.0,0.0,700.0,700.0,0.0,,2026-04-15 08:00:00,system,2026-04-15 08:00:00,system
2160,456,2097,5,614,B26-P0614-002160,6,2.0,2.0,0.0,100.0,100.0,0.0,,2026-04-15 08:00:00,system,2026-04-15 08:00:00,system
2161,456,2098,6,1072,B26-P1072-002161,6,5.0,5.0,0.0,250.0,250.0,0.0,,2026-04-15 08:00:00,system,2026-04-15 08:00:00,system
2162,456,2099,7,316,B26-P0316-002162,6,6.0,6.0,0.0,1080.0,1080.0,0.0,,2026-04-15 08:00:00,system,2026-04-15 08:00:00,system
2163,457,2100,1,1321,B26-P1321-002163,6,4.0,4.0,0.0,220.0,220.0,0.0,,2026-03-24 08:00:00,system,2026-03-24 08:00:00,system
2164,457,2101,2,1151,B26-P1151-002164,6,12.0,12.0,0.0,60.0,60.0,0.0,,2026-03-24 08:00:00,system,2026-03-24 08:00:00,system
2165,457,2102,3,311,B26-P0311-002165,6,15.0,15.0,0.0,300.0,300.0,0.0,,2026-03-24 08:00:00,system,2026-03-24 08:00:00,system
2166,457,2103,4,416,B26-P0416-002166,6,4.0,4.0,0.0,220.0,220.0,0.0,,2026-03-24 08:00:00,system,2026-03-24 08:00:00,system
2167,457,2104,5,861,B26-P0861-002167,1,4.0,4.0,0.0,2000.0,2000.0,0.0,,2026-03-24 08:00:00,system,2026-03-24 08:00:00,system
2168,457,2105,6,365,B26-P0365-002168,6,1.0,1.0,0.0,210.0,210.0,0.0,,2026-03-24 08:00:00,system,2026-03-24 08:00:00,system
2169,457,2106,7,756,B26-P0756-002169,1,6.0,6.0,0.0,3000.0,3000.0,0.0,,2026-03-24 08:00:00,system,2026-03-24 08:00:00,system
2170,457,2107,8,288,B26-P0288-002170,6,65.0,65.0,0.0,78.0,78.0,0.0,,2026-03-24 08:00:00,system,2026-03-24 08:00:00,system
2171,457,2108,9,428,B26-P0428-002171,6,30.0,30.0,0.0,750.0,750.0,0.0,,2026-03-24 08:00:00,system,2026-03-24 08:00:00,system
2172,458,2110,1,1135,B26-P1135-002172,6,13.0,13.0,0.0,6.5,6.5,0.0,,2026-06-23 08:00:00,system,2026-06-23 08:00:00,system
2173,458,2113,2,1402,B26-P1402-002173,6,1.0,1.0,0.0,180.0,180.0,0.0,,2026-06-23 08:00:00,system,2026-06-23 08:00:00,system
2174,459,2114,1,1439,B26-P1439-002174,6,7.0,7.0,0.0,1260.0,1260.0,0.0,,2026-05-21 08:00:00,system,2026-05-21 08:00:00,system
2175,459,2115,2,225,B26-P0225-002175,6,26.0,26.0,0.0,520.0,520.0,0.0,,2026-05-21 08:00:00,system,2026-05-21 08:00:00,system
2176,459,2116,3,1149,B26-P1149-002176,6,43.0,43.0,0.0,43.0,43.0,0.0,,2026-05-21 08:00:00,system,2026-05-21 08:00:00,system
2177,459,2117,4,896,B26-P0896-002177,6,24.0,24.0,0.0,360.0,360.0,0.0,,2026-05-21 08:00:00,system,2026-05-21 08:00:00,system
2178,459,2118,5,820,B26-P0820-002178,1,1.0,1.0,0.0,2000.0,2000.0,0.0,,2026-05-21 08:00:00,system,2026-05-21 08:00:00,system
2179,459,2119,6,1291,B26-P1291-002179,1,1.0,1.0,0.0,1000.0,1000.0,0.0,,2026-05-21 08:00:00,system,2026-05-21 08:00:00,system
2180,460,2120,1,785,B26-P0785-002180,1,1.0,1.0,0.0,1000.0,1000.0,0.0,,2026-02-09 08:00:00,system,2026-02-09 08:00:00,system
2181,460,2121,2,1376,B26-P1376-002181,1,4.0,4.0,0.0,2000.0,2000.0,0.0,,2026-02-09 08:00:00,system,2026-02-09 08:00:00,system
2182,460,2122,3,850,B26-P0850-002182,6,24.0,24.0,0.0,72.0,72.0,0.0,,2026-02-09 08:00:00,system,2026-02-09 08:00:00,system
2183,460,2123,4,175,B26-P0175-002183,6,14.0,14.0,0.0,11.2,11.2,0.0,,2026-02-09 08:00:00,system,2026-02-09 08:00:00,system
2184,460,2124,5,1197,B26-P1197-002184,6,20.0,20.0,0.0,400.0,400.0,0.0,,2026-02-09 08:00:00,system,2026-02-09 08:00:00,system
2185,460,2125,6,324,B26-P0324-002185,6,35.0,35.0,0.0,350.0,350.0,0.0,,2026-02-09 08:00:00,system,2026-02-09 08:00:00,system
2186,460,2126,7,1099,B26-P1099-002186,6,25.0,25.0,0.0,450.0,450.0,0.0,,2026-02-09 08:00:00,system,2026-02-09 08:00:00,system
2187,460,2127,8,106,B26-P0106-002187,6,24.0,24.0,0.0,720.0,720.0,0.0,,2026-02-09 08:00:00,system,2026-02-09 08:00:00,system
2188,461,2128,1,964,B26-P0964-002188,6,7.0,7.0,0.0,175.0,175.0,0.0,,2026-04-24 08:00:00,system,2026-04-24 08:00:00,system
2189,461,2129,2,1375,B26-P1375-002189,6,5.0,5.0,0.0,1050.0,1050.0,0.0,,2026-04-24 08:00:00,system,2026-04-24 08:00:00,system
2190,461,2130,3,125,B26-P0125-002190,6,1.0,1.0,0.0,210.0,210.0,0.0,,2026-04-24 08:00:00,system,2026-04-24 08:00:00,system
2191,461,2131,4,15,B26-P0015-002191,6,60.0,60.0,0.0,60.0,60.0,0.0,,2026-04-24 08:00:00,system,2026-04-24 08:00:00,system
2192,462,2132,1,780,B26-P0780-002192,6,1.0,1.0,0.0,50.0,50.0,0.0,,2026-05-27 08:00:00,system,2026-05-27 08:00:00,system
2193,462,2133,2,1240,B26-P1240-002193,6,4.0,4.0,0.0,80.0,80.0,0.0,,2026-05-27 08:00:00,system,2026-05-27 08:00:00,system
2194,462,2134,3,175,B26-P0175-002194,6,32.0,32.0,0.0,25.6,25.6,0.0,,2026-05-27 08:00:00,system,2026-05-27 08:00:00,system
2195,462,2135,4,1127,B26-P1127-002195,6,52.0,52.0,0.0,52.0,52.0,0.0,,2026-05-27 08:00:00,system,2026-05-27 08:00:00,system
2196,462,2136,5,723,B26-P0723-002196,6,3.0,2.0,1.0,30.0,20.0,10.0,,2026-05-27 08:00:00,system,2026-05-27 08:00:00,system
2197,463,2132,1,780,B26-P0780-002197,6,5.0,5.0,0.0,250.0,250.0,0.0,,2026-05-28 08:00:00,system,2026-05-28 08:00:00,system
2198,463,2133,2,1240,B26-P1240-002198,6,2.0,2.0,0.0,40.0,40.0,0.0,,2026-05-28 08:00:00,system,2026-05-28 08:00:00,system
2199,463,2134,3,175,B26-P0175-002199,6,4.0,4.0,0.0,3.2,3.2,0.0,,2026-05-28 08:00:00,system,2026-05-28 08:00:00,system
2200,463,2135,4,1127,B26-P1127-002200,6,4.0,3.0,1.0,4.0,3.0,1.0,,2026-05-28 08:00:00,system,2026-05-28 08:00:00,system
2201,463,2136,5,723,B26-P0723-002201,6,3.0,3.0,0.0,30.0,30.0,0.0,,2026-05-28 08:00:00,system,2026-05-28 08:00:00,system
2202,463,2137,6,1169,B26-P1169-002202,6,16.0,16.0,0.0,320.0,320.0,0.0,,2026-05-28 08:00:00,system,2026-05-28 08:00:00,system
2203,464,2138,1,913,B26-P0913-002203,6,7.0,7.0,0.0,210.0,210.0,0.0,,2026-04-18 08:00:00,system,2026-04-18 08:00:00,system
2204,465,2139,1,235,B26-P0235-002204,6,21.0,21.0,0.0,25.2,25.2,0.0,,2026-05-24 08:00:00,system,2026-05-24 08:00:00,system
2205,466,2139,1,235,B26-P0235-002205,6,27.0,27.0,0.0,32.4,32.4,0.0,,2026-05-26 08:00:00,system,2026-05-26 08:00:00,system
2206,466,2140,2,629,B26-P0629-002206,6,2.0,2.0,0.0,110.0,110.0,0.0,,2026-05-26 08:00:00,system,2026-05-26 08:00:00,system
2207,467,2141,1,395,B26-P0395-002207,6,5.0,5.0,0.0,50.0,50.0,0.0,,2026-02-12 08:00:00,system,2026-02-12 08:00:00,system
2208,467,2142,2,882,B26-P0882-002208,6,13.0,12.0,1.0,260.0,240.0,20.0,,2026-02-12 08:00:00,system,2026-02-12 08:00:00,system
2209,467,2144,3,190,B26-P0190-002209,6,7.0,7.0,0.0,5.6,5.6,0.0,,2026-02-12 08:00:00,system,2026-02-12 08:00:00,system
2210,467,2145,4,167,B26-P0167-002210,6,27.0,27.0,0.0,540.0,540.0,0.0,,2026-02-12 08:00:00,system,2026-02-12 08:00:00,system
2211,467,2146,5,1207,B26-P1207-002211,6,4.0,4.0,0.0,20.0,20.0,0.0,,2026-02-12 08:00:00,system,2026-02-12 08:00:00,system
2212,467,2147,6,1270,B26-P1270-002212,6,12.0,12.0,0.0,120.0,120.0,0.0,,2026-02-12 08:00:00,system,2026-02-12 08:00:00,system
2213,467,2148,7,1054,B26-P1054-002213,6,1.0,1.0,0.0,180.0,180.0,0.0,,2026-02-12 08:00:00,system,2026-02-12 08:00:00,system
2214,467,2149,8,57,B26-P0057-002214,6,1.0,0.0,1.0,210.0,0.0,210.0,,2026-02-12 08:00:00,system,2026-02-12 08:00:00,system
2215,467,2150,9,359,B26-P0359-002215,6,10.0,10.0,0.0,200.0,200.0,0.0,,2026-02-12 08:00:00,system,2026-02-12 08:00:00,system
2216,468,2141,1,395,B26-P0395-002216,6,16.0,16.0,0.0,160.0,160.0,0.0,,2026-02-17 08:00:00,system,2026-02-17 08:00:00,system
2217,468,2142,2,882,B26-P0882-002217,6,11.0,11.0,0.0,220.0,220.0,0.0,,2026-02-17 08:00:00,system,2026-02-17 08:00:00,system
2218,468,2143,3,1445,B26-P1445-002218,6,25.0,25.0,0.0,125.0,125.0,0.0,,2026-02-17 08:00:00,system,2026-02-17 08:00:00,system
2219,468,2144,4,190,B26-P0190-002219,6,35.0,35.0,0.0,28.0,28.0,0.0,,2026-02-17 08:00:00,system,2026-02-17 08:00:00,system
2220,468,2145,5,167,B26-P0167-002220,6,3.0,3.0,0.0,60.0,60.0,0.0,,2026-02-17 08:00:00,system,2026-02-17 08:00:00,system
2221,468,2146,6,1207,B26-P1207-002221,6,7.0,7.0,0.0,35.0,35.0,0.0,,2026-02-17 08:00:00,system,2026-02-17 08:00:00,system
2222,468,2147,7,1270,B26-P1270-002222,6,13.0,12.0,1.0,130.0,120.0,10.0,,2026-02-17 08:00:00,system,2026-02-17 08:00:00,system
2223,468,2148,8,1054,B26-P1054-002223,6,1.0,1.0,0.0,180.0,180.0,0.0,,2026-02-17 08:00:00,system,2026-02-17 08:00:00,system
2224,468,2149,9,57,B26-P0057-002224,6,1.0,1.0,0.0,210.0,210.0,0.0,,2026-02-17 08:00:00,system,2026-02-17 08:00:00,system
2225,468,2150,10,359,B26-P0359-002225,6,14.0,14.0,0.0,280.0,280.0,0.0,,2026-02-17 08:00:00,system,2026-02-17 08:00:00,system
2226,469,2156,1,1022,B26-P1022-002226,6,7.0,7.0,0.0,35.0,35.0,0.0,,2026-06-12 08:00:00,system,2026-06-12 08:00:00,system
2227,469,2157,2,500,B26-P0500-002227,6,2.0,2.0,0.0,60.0,60.0,0.0,,2026-06-12 08:00:00,system,2026-06-12 08:00:00,system
2228,469,2158,3,1344,B26-P1344-002228,6,1.0,1.0,0.0,1.0,1.0,0.0,,2026-06-12 08:00:00,system,2026-06-12 08:00:00,system
2229,469,2159,4,367,B26-P0367-002229,6,4.0,4.0,0.0,3.2,3.2,0.0,,2026-06-12 08:00:00,system,2026-06-12 08:00:00,system
2230,469,2160,5,1368,B26-P1368-002230,1,1.0,1.0,0.0,1000.0,1000.0,0.0,,2026-06-12 08:00:00,system,2026-06-12 08:00:00,system
2231,469,2161,6,509,B26-P0509-002231,6,6.0,6.0,0.0,60.0,60.0,0.0,,2026-06-12 08:00:00,system,2026-06-12 08:00:00,system
2232,469,2162,7,1133,B26-P1133-002232,6,1.0,1.0,0.0,180.0,180.0,0.0,,2026-06-12 08:00:00,system,2026-06-12 08:00:00,system
2233,469,2164,8,1295,B26-P1295-002233,6,1.0,1.0,0.0,20.0,20.0,0.0,,2026-06-12 08:00:00,system,2026-06-12 08:00:00,system
2234,470,2156,1,1022,B26-P1022-002234,6,1.0,1.0,0.0,5.0,5.0,0.0,,2026-06-16 08:00:00,system,2026-06-16 08:00:00,system
2235,470,2157,2,500,B26-P0500-002235,6,12.0,12.0,0.0,360.0,360.0,0.0,,2026-06-16 08:00:00,system,2026-06-16 08:00:00,system
2236,470,2159,3,367,B26-P0367-002236,6,3.0,3.0,0.0,2.4,2.4,0.0,,2026-06-16 08:00:00,system,2026-06-16 08:00:00,system
2237,470,2160,4,1368,B26-P1368-002237,1,1.0,1.0,0.0,1000.0,1000.0,0.0,,2026-06-16 08:00:00,system,2026-06-16 08:00:00,system
2238,470,2162,5,1133,B26-P1133-002238,6,6.0,6.0,0.0,1080.0,1080.0,0.0,,2026-06-16 08:00:00,system,2026-06-16 08:00:00,system
2239,470,2163,6,1367,B26-P1367-002239,6,5.0,5.0,0.0,1050.0,1050.0,0.0,,2026-06-16 08:00:00,system,2026-06-16 08:00:00,system
2240,470,2164,7,1295,B26-P1295-002240,6,10.0,10.0,0.0,200.0,200.0,0.0,,2026-06-16 08:00:00,system,2026-06-16 08:00:00,system
2241,471,2156,1,1022,B26-P1022-002241,6,6.0,6.0,0.0,30.0,30.0,0.0,,2026-06-19 08:00:00,system,2026-06-19 08:00:00,system
2242,471,2158,2,1344,B26-P1344-002242,6,12.0,11.0,1.0,12.0,11.0,1.0,,2026-06-19 08:00:00,system,2026-06-19 08:00:00,system
2243,471,2159,3,367,B26-P0367-002243,6,7.0,7.0,0.0,5.6,5.6,0.0,,2026-06-19 08:00:00,system,2026-06-19 08:00:00,system
2244,471,2160,4,1368,B26-P1368-002244,1,2.0,2.0,0.0,2000.0,2000.0,0.0,,2026-06-19 08:00:00,system,2026-06-19 08:00:00,system
2245,471,2162,5,1133,B26-P1133-002245,6,1.0,1.0,0.0,180.0,180.0,0.0,,2026-06-19 08:00:00,system,2026-06-19 08:00:00,system
2246,471,2164,6,1295,B26-P1295-002246,6,1.0,1.0,0.0,20.0,20.0,0.0,,2026-06-19 08:00:00,system,2026-06-19 08:00:00,system
2247,472,2165,1,832,B26-P0832-002247,1,1.0,1.0,0.0,500.0,500.0,0.0,,2026-04-12 08:00:00,system,2026-04-12 08:00:00,system
2248,472,2166,2,675,B26-P0675-002248,6,7.0,7.0,0.0,210.0,210.0,0.0,,2026-04-12 08:00:00,system,2026-04-12 08:00:00,system
2249,472,2167,3,1258,B26-P1258-002249,1,3.0,3.0,0.0,3000.0,3000.0,0.0,,2026-04-12 08:00:00,system,2026-04-12 08:00:00,system
2250,473,2165,1,832,B26-P0832-002250,1,2.0,2.0,0.0,1000.0,1000.0,0.0,,2026-04-15 08:00:00,system,2026-04-15 08:00:00,system
2251,473,2166,2,675,B26-P0675-002251,6,3.0,3.0,0.0,90.0,90.0,0.0,,2026-04-15 08:00:00,system,2026-04-15 08:00:00,system
2252,473,2167,3,1258,B26-P1258-002252,1,1.0,1.0,0.0,1000.0,1000.0,0.0,,2026-04-15 08:00:00,system,2026-04-15 08:00:00,system
2253,474,2179,1,1387,B26-P1387-002253,6,3.0,3.0,0.0,165.0,165.0,0.0,,2026-05-01 08:00:00,system,2026-05-01 08:00:00,system
2254,475,2189,1,548,B26-P0548-002254,1,4.0,3.0,1.0,4000.0,3000.0,1000.0,,2026-05-14 08:00:00,system,2026-05-14 08:00:00,system
2255,475,2190,2,798,B26-P0798-002255,1,8.0,8.0,0.0,4000.0,4000.0,0.0,,2026-05-14 08:00:00,system,2026-05-14 08:00:00,system
2256,476,2219,1,639,B26-P0639-002256,6,6.0,6.0,0.0,330.0,330.0,0.0,,2026-05-29 08:00:00,system,2026-05-29 08:00:00,system
2257,476,2220,2,1056,B26-P1056-002257,6,28.0,28.0,0.0,14.0,14.0,0.0,,2026-05-29 08:00:00,system,2026-05-29 08:00:00,system
2258,476,2221,3,77,B26-P0077-002258,6,2.0,2.0,0.0,100.0,100.0,0.0,,2026-05-29 08:00:00,system,2026-05-29 08:00:00,system
2259,477,2222,1,242,B26-P0242-002259,6,17.0,16.0,1.0,510.0,480.0,30.0,,2026-03-30 08:00:00,system,2026-03-30 08:00:00,system
2260,477,2223,2,1215,B26-P1215-002260,6,24.0,24.0,0.0,120.0,120.0,0.0,,2026-03-30 08:00:00,system,2026-03-30 08:00:00,system
2261,477,2225,3,719,B26-P0719-002261,1,5.0,5.0,0.0,5000.0,5000.0,0.0,,2026-03-30 08:00:00,system,2026-03-30 08:00:00,system
2262,477,2226,4,145,B26-P0145-002262,6,41.0,41.0,0.0,32.8,32.8,0.0,,2026-03-30 08:00:00,system,2026-03-30 08:00:00,system
2263,477,2227,5,838,B26-P0838-002263,6,17.0,17.0,0.0,255.0,255.0,0.0,,2026-03-30 08:00:00,system,2026-03-30 08:00:00,system
2264,477,2228,6,318,B26-P0318-002264,1,3.0,3.0,0.0,3000.0,3000.0,0.0,,2026-03-30 08:00:00,system,2026-03-30 08:00:00,system
2265,478,2229,1,1410,B26-P1410-002265,6,6.0,6.0,0.0,90.0,90.0,0.0,,2026-05-26 08:00:00,system,2026-05-26 08:00:00,system
2266,479,2236,1,82,B26-P0082-002266,6,8.0,8.0,0.0,6.4,6.4,0.0,,2026-03-08 08:00:00,system,2026-03-08 08:00:00,system
2267,479,2237,2,494,B26-P0494-002267,6,14.0,14.0,0.0,42.0,42.0,0.0,,2026-03-08 08:00:00,system,2026-03-08 08:00:00,system
2268,480,2236,1,82,B26-P0082-002268,6,8.0,7.0,1.0,6.4,5.6,0.8,,2026-03-13 08:00:00,system,2026-03-13 08:00:00,system
2269,480,2237,2,494,B26-P0494-002269,6,25.0,25.0,0.0,75.0,75.0,0.0,,2026-03-13 08:00:00,system,2026-03-13 08:00:00,system
2270,481,2251,1,984,B26-P0984-002270,6,11.0,11.0,0.0,22.0,22.0,0.0,,2026-05-09 08:00:00,system,2026-05-09 08:00:00,system
2271,482,2252,1,790,B26-P0790-002271,6,30.0,30.0,0.0,450.0,450.0,0.0,,2026-04-04 08:00:00,system,2026-04-04 08:00:00,system
2272,482,2253,2,784,B26-P0784-002272,1,1.0,1.0,0.0,500.0,500.0,0.0,,2026-04-04 08:00:00,system,2026-04-04 08:00:00,system
2273,482,2254,3,1488,B26-P1488-002273,1,1.0,0.0,1.0,1000.0,0.0,1000.0,,2026-04-04 08:00:00,system,2026-04-04 08:00:00,system
2274,483,2255,1,945,B26-P0945-002274,6,56.0,56.0,0.0,168.0,168.0,0.0,,2026-06-16 08:00:00,system,2026-06-16 08:00:00,system
2275,484,2259,1,324,B26-P0324-002275,6,14.0,14.0,0.0,140.0,140.0,0.0,,2026-01-24 08:00:00,system,2026-01-24 08:00:00,system
2276,485,2260,1,1147,B26-P1147-002276,6,5.0,4.0,1.0,1050.0,840.0,210.0,,2026-03-10 08:00:00,system,2026-03-10 08:00:00,system
2277,485,2261,2,560,B26-P0560-002277,6,2.0,2.0,0.0,420.0,420.0,0.0,,2026-03-10 08:00:00,system,2026-03-10 08:00:00,system
2278,486,2262,1,523,B26-P0523-002278,6,6.0,6.0,0.0,60.0,60.0,0.0,,2026-06-14 08:00:00,system,2026-06-14 08:00:00,system
2279,486,2263,2,53,B26-P0053-002279,6,18.0,18.0,0.0,540.0,540.0,0.0,,2026-06-14 08:00:00,system,2026-06-14 08:00:00,system
2280,486,2264,3,838,B26-P0838-002280,6,18.0,18.0,0.0,270.0,270.0,0.0,,2026-06-14 08:00:00,system,2026-06-14 08:00:00,system
2281,487,2268,1,1409,B26-P1409-002281,6,13.0,13.0,0.0,130.0,130.0,0.0,,2026-03-27 08:00:00,system,2026-03-27 08:00:00,system
2282,488,2268,1,1409,B26-P1409-002282,6,20.0,20.0,0.0,200.0,200.0,0.0,,2026-03-31 08:00:00,system,2026-03-31 08:00:00,system
2283,488,2269,2,1390,B26-P1390-002283,1,1.0,1.0,0.0,500.0,500.0,0.0,,2026-03-31 08:00:00,system,2026-03-31 08:00:00,system
2284,489,2270,1,1185,B26-P1185-002284,6,28.0,28.0,0.0,28.0,28.0,0.0,,2026-05-17 08:00:00,system,2026-05-17 08:00:00,system
2285,489,2271,2,1457,B26-P1457-002285,6,7.0,7.0,0.0,140.0,140.0,0.0,,2026-05-17 08:00:00,system,2026-05-17 08:00:00,system
2286,489,2272,3,732,B26-P0732-002286,1,4.0,4.0,0.0,2000.0,2000.0,0.0,,2026-05-17 08:00:00,system,2026-05-17 08:00:00,system
2287,489,2273,4,1421,B26-P1421-002287,6,36.0,36.0,0.0,108.0,108.0,0.0,,2026-05-17 08:00:00,system,2026-05-17 08:00:00,system
2288,490,2274,1,869,B26-P0869-002288,6,12.0,12.0,0.0,300.0,300.0,0.0,,2026-04-17 08:00:00,system,2026-04-17 08:00:00,system
2289,490,2275,2,685,B26-P0685-002289,6,8.0,7.0,1.0,80.0,70.0,10.0,,2026-04-17 08:00:00,system,2026-04-17 08:00:00,system
2290,491,2276,1,348,B26-P0348-002290,1,4.0,4.0,0.0,4000.0,4000.0,0.0,,2026-06-18 08:00:00,system,2026-06-18 08:00:00,system
2291,491,2277,2,430,B26-P0430-002291,6,4.0,4.0,0.0,200.0,200.0,0.0,,2026-06-18 08:00:00,system,2026-06-18 08:00:00,system
2292,491,2278,3,939,B26-P0939-002292,6,1.0,1.0,0.0,55.0,55.0,0.0,,2026-06-18 08:00:00,system,2026-06-18 08:00:00,system
2293,491,2279,4,296,B26-P0296-002293,6,7.0,7.0,0.0,350.0,350.0,0.0,,2026-06-18 08:00:00,system,2026-06-18 08:00:00,system
2294,492,2276,1,348,B26-P0348-002294,1,4.0,4.0,0.0,4000.0,4000.0,0.0,,2026-06-20 08:00:00,system,2026-06-20 08:00:00,system
2295,492,2278,2,939,B26-P0939-002295,6,2.0,2.0,0.0,110.0,110.0,0.0,,2026-06-20 08:00:00,system,2026-06-20 08:00:00,system
2296,492,2279,3,296,B26-P0296-002296,6,1.0,1.0,0.0,50.0,50.0,0.0,,2026-06-20 08:00:00,system,2026-06-20 08:00:00,system
2297,493,2280,1,577,B26-P0577-002297,1,3.0,3.0,0.0,6000.0,6000.0,0.0,,2026-04-23 08:00:00,system,2026-04-23 08:00:00,system
2298,493,2281,2,1077,B26-P1077-002298,6,11.0,10.0,1.0,22.0,20.0,2.0,,2026-04-23 08:00:00,system,2026-04-23 08:00:00,system
2299,493,2282,3,349,B26-P0349-002299,6,56.0,56.0,0.0,44.8,44.8,0.0,,2026-04-23 08:00:00,system,2026-04-23 08:00:00,system
2300,494,2286,1,484,B26-P0484-002300,6,1.0,1.0,0.0,25.0,25.0,0.0,,2026-05-17 08:00:00,system,2026-05-17 08:00:00,system
2301,494,2287,2,807,B26-P0807-002301,6,38.0,38.0,0.0,114.0,114.0,0.0,,2026-05-17 08:00:00,system,2026-05-17 08:00:00,system
2302,494,2288,3,1198,B26-P1198-002302,6,8.0,8.0,0.0,440.0,440.0,0.0,,2026-05-17 08:00:00,system,2026-05-17 08:00:00,system
2303,495,2286,1,484,B26-P0484-002303,6,5.0,5.0,0.0,125.0,125.0,0.0,,2026-05-18 08:00:00,system,2026-05-18 08:00:00,system
2304,495,2287,2,807,B26-P0807-002304,6,22.0,21.0,1.0,66.0,63.0,3.0,,2026-05-18 08:00:00,system,2026-05-18 08:00:00,system
2305,495,2288,3,1198,B26-P1198-002305,6,2.0,2.0,0.0,110.0,110.0,0.0,,2026-05-18 08:00:00,system,2026-05-18 08:00:00,system
2306,496,2294,1,1446,B26-P1446-002306,6,10.0,10.0,0.0,100.0,100.0,0.0,,2026-01-25 08:00:00,system,2026-01-25 08:00:00,system
2307,496,2295,2,314,B26-P0314-002307,6,2.0,2.0,0.0,100.0,100.0,0.0,,2026-01-25 08:00:00,system,2026-01-25 08:00:00,system
2308,496,2296,3,20,B26-P0020-002308,6,35.0,35.0,0.0,525.0,525.0,0.0,,2026-01-25 08:00:00,system,2026-01-25 08:00:00,system
2309,496,2297,4,1071,B26-P1071-002309,6,16.0,16.0,0.0,288.0,288.0,0.0,,2026-01-25 08:00:00,system,2026-01-25 08:00:00,system
2310,496,2298,5,1075,B26-P1075-002310,6,10.0,10.0,0.0,5.0,5.0,0.0,,2026-01-25 08:00:00,system,2026-01-25 08:00:00,system
2311,496,2299,6,1041,B26-P1041-002311,6,28.0,28.0,0.0,140.0,140.0,0.0,,2026-01-25 08:00:00,system,2026-01-25 08:00:00,system
2312,496,2300,7,106,B26-P0106-002312,6,18.0,18.0,0.0,540.0,540.0,0.0,,2026-01-25 08:00:00,system,2026-01-25 08:00:00,system
2313,496,2301,8,477,B26-P0477-002313,6,20.0,20.0,0.0,20.0,20.0,0.0,,2026-01-25 08:00:00,system,2026-01-25 08:00:00,system
2314,496,2302,9,620,B26-P0620-002314,1,6.0,6.0,0.0,12000.0,12000.0,0.0,,2026-01-25 08:00:00,system,2026-01-25 08:00:00,system
2315,496,2303,10,838,B26-P0838-002315,6,6.0,6.0,0.0,90.0,90.0,0.0,,2026-01-25 08:00:00,system,2026-01-25 08:00:00,system
2316,497,2304,1,1273,B26-P1273-002316,6,4.0,3.0,1.0,720.0,540.0,180.0,,2026-03-29 08:00:00,system,2026-03-29 08:00:00,system
2317,497,2305,2,811,B26-P0811-002317,6,7.0,7.0,0.0,140.0,140.0,0.0,,2026-03-29 08:00:00,system,2026-03-29 08:00:00,system
2318,497,2306,3,960,B26-P0960-002318,6,8.0,8.0,0.0,40.0,40.0,0.0,,2026-03-29 08:00:00,system,2026-03-29 08:00:00,system
2319,498,2304,1,1273,B26-P1273-002319,6,2.0,1.0,1.0,360.0,180.0,180.0,,2026-04-03 08:00:00,system,2026-04-03 08:00:00,system
2320,498,2305,2,811,B26-P0811-002320,6,23.0,23.0,0.0,460.0,460.0,0.0,,2026-04-03 08:00:00,system,2026-04-03 08:00:00,system
2321,498,2306,3,960,B26-P0960-002321,6,16.0,16.0,0.0,80.0,80.0,0.0,,2026-04-03 08:00:00,system,2026-04-03 08:00:00,system
2322,498,2307,4,658,B26-P0658-002322,1,1.0,1.0,0.0,2000.0,2000.0,0.0,,2026-04-03 08:00:00,system,2026-04-03 08:00:00,system
2323,499,2308,1,1343,B26-P1343-002323,1,1.0,1.0,0.0,2000.0,2000.0,0.0,,2026-06-20 08:00:00,system,2026-06-20 08:00:00,system
2324,499,2309,2,712,B26-P0712-002324,6,18.0,18.0,0.0,450.0,450.0,0.0,,2026-06-20 08:00:00,system,2026-06-20 08:00:00,system
2325,499,2310,3,1076,B26-P1076-002325,6,11.0,11.0,0.0,11.0,11.0,0.0,,2026-06-20 08:00:00,system,2026-06-20 08:00:00,system
2326,499,2311,4,224,B26-P0224-002326,6,2.0,2.0,0.0,30.0,30.0,0.0,,2026-06-20 08:00:00,system,2026-06-20 08:00:00,system
2327,500,2308,1,1343,B26-P1343-002327,1,4.0,3.0,1.0,8000.0,6000.0,2000.0,,2026-06-25 08:00:00,system,2026-06-25 08:00:00,system
2328,500,2309,2,712,B26-P0712-002328,6,7.0,7.0,0.0,175.0,175.0,0.0,,2026-06-25 08:00:00,system,2026-06-25 08:00:00,system
2329,500,2310,3,1076,B26-P1076-002329,6,3.0,2.0,1.0,3.0,2.0,1.0,,2026-06-25 08:00:00,system,2026-06-25 08:00:00,system
2330,500,2311,4,224,B26-P0224-002330,6,8.0,8.0,0.0,120.0,120.0,0.0,,2026-06-25 08:00:00,system,2026-06-25 08:00:00,system
2331,501,2312,1,39,B26-P0039-002331,6,6.0,6.0,0.0,300.0,300.0,0.0,,2026-04-28 08:00:00,system,2026-04-28 08:00:00,system
2332,502,2317,1,1445,B26-P1445-002332,6,5.0,5.0,0.0,25.0,25.0,0.0,,2026-06-12 08:00:00,system,2026-06-12 08:00:00,system
2333,502,2318,2,707,B26-P0707-002333,6,3.0,3.0,0.0,630.0,630.0,0.0,,2026-06-12 08:00:00,system,2026-06-12 08:00:00,system
2334,502,2319,3,1341,B26-P1341-002334,6,5.0,4.0,1.0,1050.0,840.0,210.0,,2026-06-12 08:00:00,system,2026-06-12 08:00:00,system
2335,502,2320,4,1333,B26-P1333-002335,1,1.0,1.0,0.0,2000.0,2000.0,0.0,,2026-06-12 08:00:00,system,2026-06-12 08:00:00,system
2336,502,2321,5,455,B26-P0455-002336,6,10.0,10.0,0.0,1800.0,1800.0,0.0,,2026-06-12 08:00:00,system,2026-06-12 08:00:00,system
2337,502,2322,6,101,B26-P0101-002337,6,20.0,20.0,0.0,100.0,100.0,0.0,,2026-06-12 08:00:00,system,2026-06-12 08:00:00,system
2338,503,2323,1,891,B26-P0891-002338,1,4.0,4.0,0.0,4000.0,4000.0,0.0,,2026-06-04 08:00:00,system,2026-06-04 08:00:00,system
2339,503,2324,2,659,B26-P0659-002339,6,10.0,10.0,0.0,30.0,30.0,0.0,,2026-06-04 08:00:00,system,2026-06-04 08:00:00,system
2340,503,2325,3,877,B26-P0877-002340,1,4.0,4.0,0.0,8000.0,8000.0,0.0,,2026-06-04 08:00:00,system,2026-06-04 08:00:00,system
2341,504,2326,1,428,B26-P0428-002341,6,14.0,14.0,0.0,350.0,350.0,0.0,,2026-04-02 08:00:00,system,2026-04-02 08:00:00,system
2342,504,2327,2,586,B26-P0586-002342,6,1.0,1.0,0.0,55.0,55.0,0.0,,2026-04-02 08:00:00,system,2026-04-02 08:00:00,system
2343,504,2328,3,590,B26-P0590-002343,1,2.0,2.0,0.0,2000.0,2000.0,0.0,,2026-04-02 08:00:00,system,2026-04-02 08:00:00,system
2344,504,2329,4,440,B26-P0440-002344,6,2.0,2.0,0.0,360.0,360.0,0.0,,2026-04-02 08:00:00,system,2026-04-02 08:00:00,system
2345,504,2330,5,829,B26-P0829-002345,6,2.0,2.0,0.0,110.0,110.0,0.0,,2026-04-02 08:00:00,system,2026-04-02 08:00:00,system
2346,504,2331,6,1286,B26-P1286-002346,6,27.0,27.0,0.0,135.0,135.0,0.0,,2026-04-02 08:00:00,system,2026-04-02 08:00:00,system
2347,504,2333,7,204,B26-P0204-002347,6,31.0,31.0,0.0,31.0,31.0,0.0,,2026-04-02 08:00:00,system,2026-04-02 08:00:00,system
2348,505,2326,1,428,B26-P0428-002348,6,10.0,10.0,0.0,250.0,250.0,0.0,,2026-04-07 08:00:00,system,2026-04-07 08:00:00,system
2349,505,2327,2,586,B26-P0586-002349,6,5.0,5.0,0.0,275.0,275.0,0.0,,2026-04-07 08:00:00,system,2026-04-07 08:00:00,system
2350,505,2328,3,590,B26-P0590-002350,1,1.0,1.0,0.0,1000.0,1000.0,0.0,,2026-04-07 08:00:00,system,2026-04-07 08:00:00,system
2351,505,2330,4,829,B26-P0829-002351,6,8.0,8.0,0.0,440.0,440.0,0.0,,2026-04-07 08:00:00,system,2026-04-07 08:00:00,system
2352,505,2331,5,1286,B26-P1286-002352,6,28.0,28.0,0.0,140.0,140.0,0.0,,2026-04-07 08:00:00,system,2026-04-07 08:00:00,system
2353,505,2332,6,1124,B26-P1124-002353,6,10.0,10.0,0.0,1800.0,1800.0,0.0,,2026-04-07 08:00:00,system,2026-04-07 08:00:00,system
2354,505,2333,7,204,B26-P0204-002354,6,25.0,24.0,1.0,25.0,24.0,1.0,,2026-04-07 08:00:00,system,2026-04-07 08:00:00,system
2355,506,2334,1,755,B26-P0755-002355,6,4.0,4.0,0.0,840.0,840.0,0.0,,2026-01-20 08:00:00,system,2026-01-20 08:00:00,system
2356,506,2335,2,194,B26-P0194-002356,6,12.0,12.0,0.0,60.0,60.0,0.0,,2026-01-20 08:00:00,system,2026-01-20 08:00:00,system
2357,506,2336,3,493,B26-P0493-002357,6,42.0,42.0,0.0,50.4,50.4,0.0,,2026-01-20 08:00:00,system,2026-01-20 08:00:00,system
2358,507,2338,1,381,B26-P0381-002358,1,1.0,1.0,0.0,1000.0,1000.0,0.0,,2026-01-12 08:00:00,system,2026-01-12 08:00:00,system
2359,507,2339,2,789,B26-P0789-002359,6,3.0,3.0,0.0,30.0,30.0,0.0,,2026-01-12 08:00:00,system,2026-01-12 08:00:00,system
2360,508,2338,1,381,B26-P0381-002360,1,1.0,1.0,0.0,1000.0,1000.0,0.0,,2026-01-13 08:00:00,system,2026-01-13 08:00:00,system
2361,508,2339,2,789,B26-P0789-002361,6,6.0,6.0,0.0,60.0,60.0,0.0,,2026-01-13 08:00:00,system,2026-01-13 08:00:00,system
2362,509,2351,1,1336,B26-P1336-002362,6,14.0,14.0,0.0,14.0,14.0,0.0,,2026-02-08 08:00:00,system,2026-02-08 08:00:00,system
2363,509,2352,2,779,B26-P0779-002363,6,10.0,10.0,0.0,300.0,300.0,0.0,,2026-02-08 08:00:00,system,2026-02-08 08:00:00,system
2364,510,2353,1,490,B26-P0490-002364,1,4.0,4.0,0.0,4000.0,4000.0,0.0,,2026-07-08 08:00:00,system,2026-07-08 08:00:00,system
2365,510,2354,2,213,B26-P0213-002365,6,9.0,9.0,0.0,450.0,450.0,0.0,,2026-07-08 08:00:00,system,2026-07-08 08:00:00,system
2366,510,2355,3,447,B26-P0447-002366,6,8.0,8.0,0.0,40.0,40.0,0.0,,2026-07-08 08:00:00,system,2026-07-08 08:00:00,system
2367,510,2356,4,1178,B26-P1178-002367,6,36.0,36.0,0.0,108.0,108.0,0.0,,2026-07-08 08:00:00,system,2026-07-08 08:00:00,system
2368,510,2357,5,124,B26-P0124-002368,6,6.0,6.0,0.0,1080.0,1080.0,0.0,,2026-07-08 08:00:00,system,2026-07-08 08:00:00,system
2369,510,2358,6,845,B26-P0845-002369,6,1.0,1.0,0.0,210.0,210.0,0.0,,2026-07-08 08:00:00,system,2026-07-08 08:00:00,system
2370,511,2367,1,46,B26-P0046-002370,6,14.0,14.0,0.0,16.8,16.8,0.0,,2026-06-21 08:00:00,system,2026-06-21 08:00:00,system
2371,511,2368,2,371,B26-P0371-002371,6,24.0,24.0,0.0,120.0,120.0,0.0,,2026-06-21 08:00:00,system,2026-06-21 08:00:00,system
2372,511,2369,3,822,B26-P0822-002372,6,18.0,18.0,0.0,90.0,90.0,0.0,,2026-06-21 08:00:00,system,2026-06-21 08:00:00,system
2373,511,2370,4,886,B26-P0886-002373,6,8.0,8.0,0.0,440.0,440.0,0.0,,2026-06-21 08:00:00,system,2026-06-21 08:00:00,system
2374,511,2371,5,432,B26-P0432-002374,6,28.0,28.0,0.0,140.0,140.0,0.0,,2026-06-21 08:00:00,system,2026-06-21 08:00:00,system
2375,511,2372,6,490,B26-P0490-002375,1,2.0,2.0,0.0,2000.0,2000.0,0.0,,2026-06-21 08:00:00,system,2026-06-21 08:00:00,system
2376,512,2373,1,1320,B26-P1320-002376,6,7.0,7.0,0.0,140.0,140.0,0.0,,2026-05-25 08:00:00,system,2026-05-25 08:00:00,system
2377,512,2374,2,1306,B26-P1306-002377,1,6.0,6.0,0.0,6000.0,6000.0,0.0,,2026-05-25 08:00:00,system,2026-05-25 08:00:00,system
2378,513,2375,1,185,B26-P0185-002378,6,15.0,15.0,0.0,750.0,750.0,0.0,,2026-04-18 08:00:00,system,2026-04-18 08:00:00,system
2379,513,2376,2,481,B26-P0481-002379,6,7.0,7.0,0.0,70.0,70.0,0.0,,2026-04-18 08:00:00,system,2026-04-18 08:00:00,system
2380,513,2377,3,1415,B26-P1415-002380,6,6.0,6.0,0.0,330.0,330.0,0.0,,2026-04-18 08:00:00,system,2026-04-18 08:00:00,system
2381,513,2378,4,1484,B26-P1484-002381,6,8.0,7.0,1.0,440.0,385.0,55.0,,2026-04-18 08:00:00,system,2026-04-18 08:00:00,system
2382,513,2379,5,775,B26-P0775-002382,6,14.0,14.0,0.0,140.0,140.0,0.0,,2026-04-18 08:00:00,system,2026-04-18 08:00:00,system
2383,513,2380,6,1082,B26-P1082-002383,6,9.0,8.0,1.0,1620.0,1440.0,180.0,,2026-04-18 08:00:00,system,2026-04-18 08:00:00,system
2384,513,2381,7,616,B26-P0616-002384,6,2.0,2.0,0.0,360.0,360.0,0.0,,2026-04-18 08:00:00,system,2026-04-18 08:00:00,system
2385,513,2382,8,962,B26-P0962-002385,6,16.0,16.0,0.0,240.0,240.0,0.0,,2026-04-18 08:00:00,system,2026-04-18 08:00:00,system
2386,514,2383,1,447,B26-P0447-002386,6,13.0,13.0,0.0,65.0,65.0,0.0,,2026-04-04 08:00:00,system,2026-04-04 08:00:00,system
2387,514,2384,2,1213,B26-P1213-002387,6,52.0,52.0,0.0,52.0,52.0,0.0,,2026-04-04 08:00:00,system,2026-04-04 08:00:00,system
2388,514,2385,3,1239,B26-P1239-002388,6,15.0,15.0,0.0,150.0,150.0,0.0,,2026-04-04 08:00:00,system,2026-04-04 08:00:00,system
2389,515,2383,1,447,B26-P0447-002389,6,17.0,16.0,1.0,85.0,80.0,5.0,,2026-04-07 08:00:00,system,2026-04-07 08:00:00,system
2390,515,2385,2,1239,B26-P1239-002390,6,9.0,8.0,1.0,90.0,80.0,10.0,,2026-04-07 08:00:00,system,2026-04-07 08:00:00,system
2391,516,2391,1,473,B26-P0473-002391,6,4.0,4.0,0.0,720.0,720.0,0.0,,2026-06-25 08:00:00,system,2026-06-25 08:00:00,system
2392,517,2392,1,1366,B26-P1366-002392,6,10.0,9.0,1.0,1800.0,1620.0,180.0,,2026-01-14 08:00:00,system,2026-01-14 08:00:00,system
2393,517,2393,2,1267,B26-P1267-002393,6,52.0,52.0,0.0,52.0,52.0,0.0,,2026-01-14 08:00:00,system,2026-01-14 08:00:00,system
2394,517,2394,3,199,B26-P0199-002394,6,8.0,8.0,0.0,440.0,440.0,0.0,,2026-01-14 08:00:00,system,2026-01-14 08:00:00,system
2395,518,2396,1,378,B26-P0378-002395,6,4.0,4.0,0.0,220.0,220.0,0.0,,2026-07-06 08:00:00,system,2026-07-06 08:00:00,system
2396,518,2397,2,1464,B26-P1464-002396,1,1.0,1.0,0.0,500.0,500.0,0.0,,2026-07-06 08:00:00,system,2026-07-06 08:00:00,system
2397,519,2395,1,503,B26-P0503-002397,6,2.0,2.0,0.0,420.0,420.0,0.0,,2026-07-09 08:00:00,system,2026-07-09 08:00:00,system
2398,519,2396,2,378,B26-P0378-002398,6,3.0,3.0,0.0,165.0,165.0,0.0,,2026-07-09 08:00:00,system,2026-07-09 08:00:00,system
2399,520,2399,1,285,B26-P0285-002399,1,4.0,4.0,0.0,4000.0,4000.0,0.0,,2026-04-18 08:00:00,system,2026-04-18 08:00:00,system
2400,520,2400,2,654,B26-P0654-002400,6,2.0,2.0,0.0,360.0,360.0,0.0,,2026-04-18 08:00:00,system,2026-04-18 08:00:00,system
2401,520,2401,3,13,B26-P0013-002401,1,1.0,1.0,0.0,1000.0,1000.0,0.0,,2026-04-18 08:00:00,system,2026-04-18 08:00:00,system
2402,520,2402,4,994,B26-P0994-002402,6,9.0,8.0,1.0,45.0,40.0,5.0,,2026-04-18 08:00:00,system,2026-04-18 08:00:00,system
2403,520,2403,5,1116,B26-P1116-002403,6,8.0,8.0,0.0,3.2,3.2,0.0,,2026-04-18 08:00:00,system,2026-04-18 08:00:00,system
2404,520,2405,6,458,B26-P0458-002404,6,21.0,20.0,1.0,16.8,16.0,0.8,,2026-04-18 08:00:00,system,2026-04-18 08:00:00,system
2405,520,2406,7,532,B26-P0532-002405,1,3.0,3.0,0.0,1500.0,1500.0,0.0,,2026-04-18 08:00:00,system,2026-04-18 08:00:00,system
2406,520,2407,8,120,B26-P0120-002406,6,2.0,2.0,0.0,50.0,50.0,0.0,,2026-04-18 08:00:00,system,2026-04-18 08:00:00,system
2407,520,2408,9,1001,B26-P1001-002407,6,3.0,3.0,0.0,1.5,1.5,0.0,,2026-04-18 08:00:00,system,2026-04-18 08:00:00,system
2408,520,2409,10,1140,B26-P1140-002408,6,6.0,6.0,0.0,108.0,108.0,0.0,,2026-04-18 08:00:00,system,2026-04-18 08:00:00,system
2409,520,2410,11,524,B26-P0524-002409,6,14.0,14.0,0.0,210.0,210.0,0.0,,2026-04-18 08:00:00,system,2026-04-18 08:00:00,system
2410,520,2411,12,340,B26-P0340-002410,6,2.0,2.0,0.0,30.0,30.0,0.0,,2026-04-18 08:00:00,system,2026-04-18 08:00:00,system
2411,521,2400,1,654,B26-P0654-002411,6,6.0,6.0,0.0,1080.0,1080.0,0.0,,2026-04-19 08:00:00,system,2026-04-19 08:00:00,system
2412,521,2401,2,13,B26-P0013-002412,1,1.0,1.0,0.0,1000.0,1000.0,0.0,,2026-04-19 08:00:00,system,2026-04-19 08:00:00,system
2413,521,2402,3,994,B26-P0994-002413,6,1.0,1.0,0.0,5.0,5.0,0.0,,2026-04-19 08:00:00,system,2026-04-19 08:00:00,system
2414,521,2403,4,1116,B26-P1116-002414,6,110.0,110.0,0.0,44.0,44.0,0.0,,2026-04-19 08:00:00,system,2026-04-19 08:00:00,system
2415,521,2404,5,617,B26-P0617-002415,6,3.0,3.0,0.0,630.0,630.0,0.0,,2026-04-19 08:00:00,system,2026-04-19 08:00:00,system
2416,521,2408,6,1001,B26-P1001-002416,6,23.0,22.0,1.0,11.5,11.0,0.5,,2026-04-19 08:00:00,system,2026-04-19 08:00:00,system
2417,521,2409,7,1140,B26-P1140-002417,6,2.0,2.0,0.0,36.0,36.0,0.0,,2026-04-19 08:00:00,system,2026-04-19 08:00:00,system
2418,521,2410,8,524,B26-P0524-002418,6,19.0,19.0,0.0,285.0,285.0,0.0,,2026-04-19 08:00:00,system,2026-04-19 08:00:00,system
2419,521,2411,9,340,B26-P0340-002419,6,1.0,1.0,0.0,15.0,15.0,0.0,,2026-04-19 08:00:00,system,2026-04-19 08:00:00,system
2420,522,2400,1,654,B26-P0654-002420,6,2.0,2.0,0.0,360.0,360.0,0.0,,2026-04-24 08:00:00,system,2026-04-24 08:00:00,system
2421,522,2402,2,994,B26-P0994-002421,6,14.0,14.0,0.0,70.0,70.0,0.0,,2026-04-24 08:00:00,system,2026-04-24 08:00:00,system
2422,522,2403,3,1116,B26-P1116-002422,6,12.0,12.0,0.0,4.8,4.8,0.0,,2026-04-24 08:00:00,system,2026-04-24 08:00:00,system
2423,522,2404,4,617,B26-P0617-002423,6,2.0,2.0,0.0,420.0,420.0,0.0,,2026-04-24 08:00:00,system,2026-04-24 08:00:00,system
2424,522,2405,5,458,B26-P0458-002424,6,1.0,1.0,0.0,0.8,0.8,0.0,,2026-04-24 08:00:00,system,2026-04-24 08:00:00,system
2425,522,2406,6,532,B26-P0532-002425,1,5.0,5.0,0.0,2500.0,2500.0,0.0,,2026-04-24 08:00:00,system,2026-04-24 08:00:00,system
2426,522,2407,7,120,B26-P0120-002426,6,10.0,10.0,0.0,250.0,250.0,0.0,,2026-04-24 08:00:00,system,2026-04-24 08:00:00,system
2427,522,2408,8,1001,B26-P1001-002427,6,16.0,16.0,0.0,8.0,8.0,0.0,,2026-04-24 08:00:00,system,2026-04-24 08:00:00,system
2428,522,2410,9,524,B26-P0524-002428,6,2.0,2.0,0.0,30.0,30.0,0.0,,2026-04-24 08:00:00,system,2026-04-24 08:00:00,system
2429,522,2411,10,340,B26-P0340-002429,6,11.0,11.0,0.0,165.0,165.0,0.0,,2026-04-24 08:00:00,system,2026-04-24 08:00:00,system
2430,523,2412,1,85,B26-P0085-002430,6,55.0,55.0,0.0,165.0,165.0,0.0,,2026-04-14 08:00:00,system,2026-04-14 08:00:00,system
2431,523,2413,2,577,B26-P0577-002431,1,8.0,8.0,0.0,16000.0,16000.0,0.0,,2026-04-14 08:00:00,system,2026-04-14 08:00:00,system
2432,523,2414,3,265,B26-P0265-002432,6,21.0,20.0,1.0,630.0,600.0,30.0,,2026-04-14 08:00:00,system,2026-04-14 08:00:00,system
2433,524,2417,1,1230,B26-P1230-002433,6,24.0,24.0,0.0,120.0,120.0,0.0,,2026-02-25 08:00:00,system,2026-02-25 08:00:00,system
2434,524,2418,2,153,B26-P0153-002434,6,1.0,1.0,0.0,25.0,25.0,0.0,,2026-02-25 08:00:00,system,2026-02-25 08:00:00,system
2435,524,2419,3,393,B26-P0393-002435,6,2.0,2.0,0.0,6.0,6.0,0.0,,2026-02-25 08:00:00,system,2026-02-25 08:00:00,system
2436,524,2420,4,169,B26-P0169-002436,6,15.0,15.0,0.0,450.0,450.0,0.0,,2026-02-25 08:00:00,system,2026-02-25 08:00:00,system
2437,525,2416,1,733,B26-P0733-002437,1,5.0,5.0,0.0,5000.0,5000.0,0.0,,2026-02-28 08:00:00,system,2026-02-28 08:00:00,system
2438,525,2417,2,1230,B26-P1230-002438,6,15.0,15.0,0.0,75.0,75.0,0.0,,2026-02-28 08:00:00,system,2026-02-28 08:00:00,system
2439,525,2419,3,393,B26-P0393-002439,6,2.0,2.0,0.0,6.0,6.0,0.0,,2026-02-28 08:00:00,system,2026-02-28 08:00:00,system
2440,525,2420,4,169,B26-P0169-002440,6,4.0,4.0,0.0,120.0,120.0,0.0,,2026-02-28 08:00:00,system,2026-02-28 08:00:00,system
2441,526,2421,1,191,B26-P0191-002441,6,4.0,4.0,0.0,4.0,4.0,0.0,,2026-07-09 08:00:00,system,2026-07-09 08:00:00,system
2442,526,2422,2,1484,B26-P1484-002442,6,4.0,4.0,0.0,220.0,220.0,0.0,,2026-07-09 08:00:00,system,2026-07-09 08:00:00,system
2443,527,2424,1,1159,B26-P1159-002443,6,10.0,10.0,0.0,50.0,50.0,0.0,,2026-03-19 08:00:00,system,2026-03-19 08:00:00,system
2444,527,2425,2,857,B26-P0857-002444,6,2.0,2.0,0.0,100.0,100.0,0.0,,2026-03-19 08:00:00,system,2026-03-19 08:00:00,system
2445,528,2423,1,697,B26-P0697-002445,6,6.0,6.0,0.0,18.0,18.0,0.0,,2026-03-23 08:00:00,system,2026-03-23 08:00:00,system
2446,528,2424,2,1159,B26-P1159-002446,6,23.0,23.0,0.0,115.0,115.0,0.0,,2026-03-23 08:00:00,system,2026-03-23 08:00:00,system
2447,528,2425,3,857,B26-P0857-002447,6,3.0,3.0,0.0,150.0,150.0,0.0,,2026-03-23 08:00:00,system,2026-03-23 08:00:00,system
2448,528,2426,4,442,B26-P0442-002448,1,1.0,1.0,0.0,1000.0,1000.0,0.0,,2026-03-23 08:00:00,system,2026-03-23 08:00:00,system
2449,529,2427,1,324,B26-P0324-002449,6,14.0,14.0,0.0,140.0,140.0,0.0,,2026-03-07 08:00:00,system,2026-03-07 08:00:00,system
2450,529,2428,2,1048,B26-P1048-002450,6,68.0,68.0,0.0,68.0,68.0,0.0,,2026-03-07 08:00:00,system,2026-03-07 08:00:00,system
2451,529,2429,3,619,B26-P0619-002451,1,8.0,8.0,0.0,8000.0,8000.0,0.0,,2026-03-07 08:00:00,system,2026-03-07 08:00:00,system
2452,529,2430,4,1020,B26-P1020-002452,6,28.0,28.0,0.0,28.0,28.0,0.0,,2026-03-07 08:00:00,system,2026-03-07 08:00:00,system
2453,529,2431,5,761,B26-P0761-002453,6,8.0,8.0,0.0,80.0,80.0,0.0,,2026-03-07 08:00:00,system,2026-03-07 08:00:00,system
2454,530,2432,1,977,B26-P0977-002454,6,3.0,3.0,0.0,30.0,30.0,0.0,,2026-05-26 08:00:00,system,2026-05-26 08:00:00,system
2455,530,2433,2,573,B26-P0573-002455,6,7.0,7.0,0.0,1260.0,1260.0,0.0,,2026-05-26 08:00:00,system,2026-05-26 08:00:00,system
2456,531,2434,1,741,B26-P0741-002456,6,21.0,21.0,0.0,630.0,630.0,0.0,,2026-03-26 08:00:00,system,2026-03-26 08:00:00,system
2457,532,2435,1,1498,B26-P1498-002457,6,10.0,10.0,0.0,550.0,550.0,0.0,,2026-02-27 08:00:00,system,2026-02-27 08:00:00,system
2458,532,2436,2,731,B26-P0731-002458,6,3.0,3.0,0.0,630.0,630.0,0.0,,2026-02-27 08:00:00,system,2026-02-27 08:00:00,system
2459,532,2437,3,1212,B26-P1212-002459,1,2.0,2.0,0.0,2000.0,2000.0,0.0,,2026-02-27 08:00:00,system,2026-02-27 08:00:00,system
2460,533,2438,1,1307,B26-P1307-002460,1,3.0,2.0,1.0,6000.0,4000.0,2000.0,,2026-02-14 08:00:00,system,2026-02-14 08:00:00,system
2461,533,2439,2,915,B26-P0915-002461,6,6.0,6.0,0.0,330.0,330.0,0.0,,2026-02-14 08:00:00,system,2026-02-14 08:00:00,system
2462,534,2440,1,172,B26-P0172-002462,6,8.0,8.0,0.0,1440.0,1440.0,0.0,,2026-04-01 08:00:00,system,2026-04-01 08:00:00,system
2463,534,2441,2,1317,B26-P1317-002463,1,8.0,8.0,0.0,16000.0,16000.0,0.0,,2026-04-01 08:00:00,system,2026-04-01 08:00:00,system
2464,534,2442,3,125,B26-P0125-002464,6,5.0,5.0,0.0,1050.0,1050.0,0.0,,2026-04-01 08:00:00,system,2026-04-01 08:00:00,system
2465,534,2443,4,369,B26-P0369-002465,6,33.0,32.0,1.0,39.6,38.4,1.2,,2026-04-01 08:00:00,system,2026-04-01 08:00:00,system
2466,535,2451,1,275,B26-P0275-002466,6,4.0,4.0,0.0,20.0,20.0,0.0,,2026-03-19 08:00:00,system,2026-03-19 08:00:00,system
2467,535,2452,2,639,B26-P0639-002467,6,1.0,1.0,0.0,55.0,55.0,0.0,,2026-03-19 08:00:00,system,2026-03-19 08:00:00,system
2468,535,2453,3,414,B26-P0414-002468,6,7.0,7.0,0.0,210.0,210.0,0.0,,2026-03-19 08:00:00,system,2026-03-19 08:00:00,system
2469,535,2455,4,575,B26-P0575-002469,1,3.0,3.0,0.0,1500.0,1500.0,0.0,,2026-03-19 08:00:00,system,2026-03-19 08:00:00,system
2470,535,2456,5,759,B26-P0759-002470,6,24.0,24.0,0.0,72.0,72.0,0.0,,2026-03-19 08:00:00,system,2026-03-19 08:00:00,system
2471,535,2457,6,118,B26-P0118-002471,6,1.0,1.0,0.0,15.0,15.0,0.0,,2026-03-19 08:00:00,system,2026-03-19 08:00:00,system
2472,536,2451,1,275,B26-P0275-002472,6,6.0,6.0,0.0,30.0,30.0,0.0,,2026-03-20 08:00:00,system,2026-03-20 08:00:00,system
2473,536,2452,2,639,B26-P0639-002473,6,9.0,9.0,0.0,495.0,495.0,0.0,,2026-03-20 08:00:00,system,2026-03-20 08:00:00,system
2474,536,2453,3,414,B26-P0414-002474,6,7.0,7.0,0.0,210.0,210.0,0.0,,2026-03-20 08:00:00,system,2026-03-20 08:00:00,system
2475,536,2454,4,1439,B26-P1439-002475,6,8.0,8.0,0.0,1440.0,1440.0,0.0,,2026-03-20 08:00:00,system,2026-03-20 08:00:00,system
2476,536,2456,5,759,B26-P0759-002476,6,9.0,9.0,0.0,27.0,27.0,0.0,,2026-03-20 08:00:00,system,2026-03-20 08:00:00,system
2477,536,2457,6,118,B26-P0118-002477,6,4.0,4.0,0.0,60.0,60.0,0.0,,2026-03-20 08:00:00,system,2026-03-20 08:00:00,system
2478,537,2458,1,951,B26-P0951-002478,6,21.0,21.0,0.0,630.0,630.0,0.0,,2026-02-02 08:00:00,system,2026-02-02 08:00:00,system
2479,537,2459,2,430,B26-P0430-002479,6,6.0,6.0,0.0,300.0,300.0,0.0,,2026-02-02 08:00:00,system,2026-02-02 08:00:00,system
2480,537,2460,3,1390,B26-P1390-002480,1,6.0,6.0,0.0,3000.0,3000.0,0.0,,2026-02-02 08:00:00,system,2026-02-02 08:00:00,system
2481,538,2462,1,24,B26-P0024-002481,6,1.0,1.0,0.0,50.0,50.0,0.0,,2026-03-13 08:00:00,system,2026-03-13 08:00:00,system
2482,538,2463,2,1073,B26-P1073-002482,6,5.0,4.0,1.0,900.0,720.0,180.0,,2026-03-13 08:00:00,system,2026-03-13 08:00:00,system
2483,538,2464,3,625,B26-P0625-002483,6,2.0,2.0,0.0,40.0,40.0,0.0,,2026-03-13 08:00:00,system,2026-03-13 08:00:00,system
2484,538,2465,4,875,B26-P0875-002484,1,6.0,6.0,0.0,3000.0,3000.0,0.0,,2026-03-13 08:00:00,system,2026-03-13 08:00:00,system
2485,538,2466,5,1177,B26-P1177-002485,6,35.0,34.0,1.0,35.0,34.0,1.0,,2026-03-13 08:00:00,system,2026-03-13 08:00:00,system
2486,538,2467,6,1431,B26-P1431-002486,6,8.0,8.0,0.0,40.0,40.0,0.0,,2026-03-13 08:00:00,system,2026-03-13 08:00:00,system
2487,539,2462,1,24,B26-P0024-002487,6,1.0,1.0,0.0,50.0,50.0,0.0,,2026-03-16 08:00:00,system,2026-03-16 08:00:00,system
2488,539,2463,2,1073,B26-P1073-002488,6,1.0,1.0,0.0,180.0,180.0,0.0,,2026-03-16 08:00:00,system,2026-03-16 08:00:00,system
2489,539,2464,3,625,B26-P0625-002489,6,12.0,12.0,0.0,240.0,240.0,0.0,,2026-03-16 08:00:00,system,2026-03-16 08:00:00,system
2490,539,2466,4,1177,B26-P1177-002490,6,25.0,25.0,0.0,25.0,25.0,0.0,,2026-03-16 08:00:00,system,2026-03-16 08:00:00,system
2491,539,2467,5,1431,B26-P1431-002491,6,4.0,3.0,1.0,20.0,15.0,5.0,,2026-03-16 08:00:00,system,2026-03-16 08:00:00,system
2492,540,2468,1,111,B26-P0111-002492,1,5.0,5.0,0.0,5000.0,5000.0,0.0,,2026-03-03 08:00:00,system,2026-03-03 08:00:00,system
2493,540,2469,2,1453,B26-P1453-002493,6,32.0,32.0,0.0,96.0,96.0,0.0,,2026-03-03 08:00:00,system,2026-03-03 08:00:00,system
2494,540,2470,3,979,B26-P0979-002494,6,3.0,3.0,0.0,150.0,150.0,0.0,,2026-03-03 08:00:00,system,2026-03-03 08:00:00,system
2495,540,2472,4,67,B26-P0067-002495,6,2.0,2.0,0.0,50.0,50.0,0.0,,2026-03-03 08:00:00,system,2026-03-03 08:00:00,system
2496,540,2473,5,1098,B26-P1098-002496,6,1.0,0.0,1.0,10.0,0.0,10.0,,2026-03-03 08:00:00,system,2026-03-03 08:00:00,system
2497,541,2468,1,111,B26-P0111-002497,1,3.0,3.0,0.0,3000.0,3000.0,0.0,,2026-03-04 08:00:00,system,2026-03-04 08:00:00,system
2498,541,2469,2,1453,B26-P1453-002498,6,7.0,7.0,0.0,21.0,21.0,0.0,,2026-03-04 08:00:00,system,2026-03-04 08:00:00,system
2499,541,2471,3,608,B26-P0608-002499,6,8.0,8.0,0.0,40.0,40.0,0.0,,2026-03-04 08:00:00,system,2026-03-04 08:00:00,system
2500,541,2472,4,67,B26-P0067-002500,6,6.0,6.0,0.0,150.0,150.0,0.0,,2026-03-04 08:00:00,system,2026-03-04 08:00:00,system
2501,541,2473,5,1098,B26-P1098-002501,6,7.0,7.0,0.0,70.0,70.0,0.0,,2026-03-04 08:00:00,system,2026-03-04 08:00:00,system
2502,542,2474,1,625,B26-P0625-002502,6,7.0,7.0,0.0,140.0,140.0,0.0,,2026-05-03 08:00:00,system,2026-05-03 08:00:00,system
2503,542,2476,2,1388,B26-P1388-002503,6,5.0,5.0,0.0,900.0,900.0,0.0,,2026-05-03 08:00:00,system,2026-05-03 08:00:00,system
2504,543,2474,1,625,B26-P0625-002504,6,17.0,17.0,0.0,340.0,340.0,0.0,,2026-05-07 08:00:00,system,2026-05-07 08:00:00,system
2505,543,2475,2,1079,B26-P1079-002505,6,20.0,20.0,0.0,200.0,200.0,0.0,,2026-05-07 08:00:00,system,2026-05-07 08:00:00,system
2506,543,2476,3,1388,B26-P1388-002506,6,1.0,1.0,0.0,180.0,180.0,0.0,,2026-05-07 08:00:00,system,2026-05-07 08:00:00,system
2507,544,2477,1,1224,B26-P1224-002507,6,2.0,2.0,0.0,20.0,20.0,0.0,,2026-02-10 08:00:00,system,2026-02-10 08:00:00,system
2508,544,2478,2,545,B26-P0545-002508,6,1.0,0.0,1.0,210.0,0.0,210.0,,2026-02-10 08:00:00,system,2026-02-10 08:00:00,system
2509,545,2479,1,639,B26-P0639-002509,6,2.0,2.0,0.0,110.0,110.0,0.0,,2026-02-16 08:00:00,system,2026-02-16 08:00:00,system
2510,546,2480,1,648,B26-P0648-002510,6,2.0,2.0,0.0,30.0,30.0,0.0,,2026-05-26 08:00:00,system,2026-05-26 08:00:00,system
2511,546,2481,2,910,B26-P0910-002511,6,2.0,2.0,0.0,30.0,30.0,0.0,,2026-05-26 08:00:00,system,2026-05-26 08:00:00,system
2512,546,2482,3,523,B26-P0523-002512,6,14.0,14.0,0.0,140.0,140.0,0.0,,2026-05-26 08:00:00,system,2026-05-26 08:00:00,system
2513,546,2483,4,525,B26-P0525-002513,6,1.0,1.0,0.0,20.0,20.0,0.0,,2026-05-26 08:00:00,system,2026-05-26 08:00:00,system
2514,547,2480,1,648,B26-P0648-002514,6,22.0,22.0,0.0,330.0,330.0,0.0,,2026-05-27 08:00:00,system,2026-05-27 08:00:00,system
2515,547,2481,2,910,B26-P0910-002515,6,5.0,5.0,0.0,75.0,75.0,0.0,,2026-05-27 08:00:00,system,2026-05-27 08:00:00,system
2516,547,2482,3,523,B26-P0523-002516,6,10.0,10.0,0.0,100.0,100.0,0.0,,2026-05-27 08:00:00,system,2026-05-27 08:00:00,system
2517,547,2483,4,525,B26-P0525-002517,6,19.0,19.0,0.0,380.0,380.0,0.0,,2026-05-27 08:00:00,system,2026-05-27 08:00:00,system
2518,547,2484,5,901,B26-P0901-002518,6,8.0,8.0,0.0,440.0,440.0,0.0,,2026-05-27 08:00:00,system,2026-05-27 08:00:00,system
2519,548,2485,1,361,B26-P0361-002519,6,6.0,6.0,0.0,180.0,180.0,0.0,,2026-04-26 08:00:00,system,2026-04-26 08:00:00,system
2520,548,2486,2,1328,B26-P1328-002520,6,7.0,7.0,0.0,140.0,140.0,0.0,,2026-04-26 08:00:00,system,2026-04-26 08:00:00,system
2521,548,2487,3,901,B26-P0901-002521,6,10.0,9.0,1.0,550.0,495.0,55.0,,2026-04-26 08:00:00,system,2026-04-26 08:00:00,system
2522,548,2488,4,1064,B26-P1064-002522,6,8.0,8.0,0.0,1440.0,1440.0,0.0,,2026-04-26 08:00:00,system,2026-04-26 08:00:00,system
2523,549,2489,1,1159,B26-P1159-002523,6,18.0,18.0,0.0,90.0,90.0,0.0,,2026-02-13 08:00:00,system,2026-02-13 08:00:00,system
2524,550,2490,1,1274,B26-P1274-002524,6,1.0,1.0,0.0,210.0,210.0,0.0,,2026-02-27 08:00:00,system,2026-02-27 08:00:00,system
2525,551,2491,1,717,B26-P0717-002525,6,1.0,1.0,0.0,210.0,210.0,0.0,,2026-04-02 08:00:00,system,2026-04-02 08:00:00,system
2526,551,2492,2,1014,B26-P1014-002526,6,4.0,4.0,0.0,40.0,40.0,0.0,,2026-04-02 08:00:00,system,2026-04-02 08:00:00,system
2527,552,2493,1,248,B26-P0248-002527,6,13.0,13.0,0.0,10.4,10.4,0.0,,2026-03-09 08:00:00,system,2026-03-09 08:00:00,system
2528,552,2494,2,1361,B26-P1361-002528,1,3.0,3.0,0.0,6000.0,6000.0,0.0,,2026-03-09 08:00:00,system,2026-03-09 08:00:00,system
2529,552,2495,3,1376,B26-P1376-002529,1,1.0,1.0,0.0,500.0,500.0,0.0,,2026-03-09 08:00:00,system,2026-03-09 08:00:00,system
2530,552,2497,4,850,B26-P0850-002530,6,32.0,32.0,0.0,96.0,96.0,0.0,,2026-03-09 08:00:00,system,2026-03-09 08:00:00,system
2531,552,2498,5,318,B26-P0318-002531,1,3.0,2.0,1.0,3000.0,2000.0,1000.0,,2026-03-09 08:00:00,system,2026-03-09 08:00:00,system
2532,552,2499,6,1413,B26-P1413-002532,6,11.0,11.0,0.0,330.0,330.0,0.0,,2026-03-09 08:00:00,system,2026-03-09 08:00:00,system
2533,552,2500,7,260,B26-P0260-002533,6,10.0,10.0,0.0,50.0,50.0,0.0,,2026-03-09 08:00:00,system,2026-03-09 08:00:00,system
2534,553,2493,1,248,B26-P0248-002534,6,47.0,47.0,0.0,37.6,37.6,0.0,,2026-03-14 08:00:00,system,2026-03-14 08:00:00,system
2535,553,2494,2,1361,B26-P1361-002535,1,3.0,3.0,0.0,6000.0,6000.0,0.0,,2026-03-14 08:00:00,system,2026-03-14 08:00:00,system
2536,553,2495,3,1376,B26-P1376-002536,1,3.0,3.0,0.0,1500.0,1500.0,0.0,,2026-03-14 08:00:00,system,2026-03-14 08:00:00,system
2537,553,2496,4,672,B26-P0672-002537,6,21.0,21.0,0.0,315.0,315.0,0.0,,2026-03-14 08:00:00,system,2026-03-14 08:00:00,system
2538,553,2497,5,850,B26-P0850-002538,6,4.0,4.0,0.0,12.0,12.0,0.0,,2026-03-14 08:00:00,system,2026-03-14 08:00:00,system
2539,553,2498,6,318,B26-P0318-002539,1,1.0,1.0,0.0,1000.0,1000.0,0.0,,2026-03-14 08:00:00,system,2026-03-14 08:00:00,system
2540,553,2499,7,1413,B26-P1413-002540,6,3.0,2.0,1.0,90.0,60.0,30.0,,2026-03-14 08:00:00,system,2026-03-14 08:00:00,system
2541,553,2500,8,260,B26-P0260-002541,6,18.0,18.0,0.0,90.0,90.0,0.0,,2026-03-14 08:00:00,system,2026-03-14 08:00:00,system
2542,554,2501,1,545,B26-P0545-002542,6,2.0,2.0,0.0,420.0,420.0,0.0,,2026-02-24 08:00:00,system,2026-02-24 08:00:00,system
2543,555,2502,1,803,B26-P0803-002543,6,2.0,2.0,0.0,420.0,420.0,0.0,,2026-02-02 08:00:00,system,2026-02-02 08:00:00,system
2544,555,2503,2,112,B26-P0112-002544,6,6.0,6.0,0.0,4.8,4.8,0.0,,2026-02-02 08:00:00,system,2026-02-02 08:00:00,system
2545,555,2504,3,1218,B26-P1218-002545,6,5.0,5.0,0.0,275.0,275.0,0.0,,2026-02-02 08:00:00,system,2026-02-02 08:00:00,system
2546,555,2505,4,948,B26-P0948-002546,6,3.0,3.0,0.0,45.0,45.0,0.0,,2026-02-02 08:00:00,system,2026-02-02 08:00:00,system
2547,555,2506,5,1455,B26-P1455-002547,6,4.0,4.0,0.0,40.0,40.0,0.0,,2026-02-02 08:00:00,system,2026-02-02 08:00:00,system
2548,555,2507,6,1180,B26-P1180-002548,6,16.0,16.0,0.0,160.0,160.0,0.0,,2026-02-02 08:00:00,system,2026-02-02 08:00:00,system
2549,556,2502,1,803,B26-P0803-002549,6,2.0,2.0,0.0,420.0,420.0,0.0,,2026-02-04 08:00:00,system,2026-02-04 08:00:00,system
2550,556,2503,2,112,B26-P0112-002550,6,39.0,39.0,0.0,31.2,31.2,0.0,,2026-02-04 08:00:00,system,2026-02-04 08:00:00,system
2551,556,2504,3,1218,B26-P1218-002551,6,7.0,7.0,0.0,385.0,385.0,0.0,,2026-02-04 08:00:00,system,2026-02-04 08:00:00,system
2552,556,2505,4,948,B26-P0948-002552,6,21.0,21.0,0.0,315.0,315.0,0.0,,2026-02-04 08:00:00,system,2026-02-04 08:00:00,system
2553,556,2506,5,1455,B26-P1455-002553,6,12.0,12.0,0.0,120.0,120.0,0.0,,2026-02-04 08:00:00,system,2026-02-04 08:00:00,system
2554,556,2507,6,1180,B26-P1180-002554,6,5.0,5.0,0.0,50.0,50.0,0.0,,2026-02-04 08:00:00,system,2026-02-04 08:00:00,system
2555,558,2508,1,1338,B26-P1338-002555,6,1.0,1.0,0.0,20.0,20.0,0.0,,2026-07-29 08:00:00,system,2026-07-29 08:00:00,system
2556,558,2510,2,749,B26-P0749-002556,6,1.0,1.0,0.0,3.0,3.0,0.0,,2026-07-29 08:00:00,system,2026-07-29 08:00:00,system
2557,559,2515,1,695,B26-P0695-002557,1,4.0,4.0,0.0,4000.0,4000.0,0.0,,2026-05-03 08:00:00,system,2026-05-03 08:00:00,system
2558,559,2516,2,181,B26-P0181-002558,6,10.0,10.0,0.0,150.0,150.0,0.0,,2026-05-03 08:00:00,system,2026-05-03 08:00:00,system
2559,559,2517,3,1284,B26-P1284-002559,1,1.0,1.0,0.0,2000.0,2000.0,0.0,,2026-05-03 08:00:00,system,2026-05-03 08:00:00,system
2560,559,2518,4,991,B26-P0991-002560,6,6.0,6.0,0.0,3.0,3.0,0.0,,2026-05-03 08:00:00,system,2026-05-03 08:00:00,system
2561,560,2515,1,695,B26-P0695-002561,1,2.0,2.0,0.0,2000.0,2000.0,0.0,,2026-05-05 08:00:00,system,2026-05-05 08:00:00,system
2562,560,2516,2,181,B26-P0181-002562,6,6.0,5.0,1.0,90.0,75.0,15.0,,2026-05-05 08:00:00,system,2026-05-05 08:00:00,system
2563,560,2517,3,1284,B26-P1284-002563,1,4.0,4.0,0.0,8000.0,8000.0,0.0,,2026-05-05 08:00:00,system,2026-05-05 08:00:00,system
2564,560,2518,4,991,B26-P0991-002564,6,8.0,8.0,0.0,4.0,4.0,0.0,,2026-05-05 08:00:00,system,2026-05-05 08:00:00,system
2565,561,2519,1,1274,B26-P1274-002565,6,5.0,5.0,0.0,1050.0,1050.0,0.0,,2026-05-17 08:00:00,system,2026-05-17 08:00:00,system
2566,562,2520,1,979,B26-P0979-002566,6,4.0,4.0,0.0,200.0,200.0,0.0,,2026-03-01 08:00:00,system,2026-03-01 08:00:00,system
2567,563,2526,1,408,B26-P0408-002567,6,48.0,47.0,1.0,144.0,141.0,3.0,,2026-05-12 08:00:00,system,2026-05-12 08:00:00,system
2568,563,2527,2,1158,B26-P1158-002568,6,42.0,42.0,0.0,126.0,126.0,0.0,,2026-05-12 08:00:00,system,2026-05-12 08:00:00,system
2569,563,2528,3,1073,B26-P1073-002569,6,4.0,4.0,0.0,720.0,720.0,0.0,,2026-05-12 08:00:00,system,2026-05-12 08:00:00,system
2570,563,2529,4,938,B26-P0938-002570,6,8.0,8.0,0.0,400.0,400.0,0.0,,2026-05-12 08:00:00,system,2026-05-12 08:00:00,system
2571,563,2530,5,23,B26-P0023-002571,6,28.0,28.0,0.0,840.0,840.0,0.0,,2026-05-12 08:00:00,system,2026-05-12 08:00:00,system
2572,563,2531,6,923,B26-P0923-002572,6,28.0,28.0,0.0,280.0,280.0,0.0,,2026-05-12 08:00:00,system,2026-05-12 08:00:00,system
2573,564,2532,1,1497,B26-P1497-002573,6,8.0,8.0,0.0,400.0,400.0,0.0,,2026-04-23 08:00:00,system,2026-04-23 08:00:00,system
2574,564,2533,2,422,B26-P0422-002574,6,11.0,11.0,0.0,13.2,13.2,0.0,,2026-04-23 08:00:00,system,2026-04-23 08:00:00,system
2575,565,2534,1,181,B26-P0181-002575,6,6.0,6.0,0.0,90.0,90.0,0.0,,2026-02-08 08:00:00,system,2026-02-08 08:00:00,system
2576,566,2535,1,343,B26-P0343-002576,6,1.0,1.0,0.0,30.0,30.0,0.0,,2026-01-17 08:00:00,system,2026-01-17 08:00:00,system
2577,566,2536,2,506,B26-P0506-002577,1,1.0,1.0,0.0,2000.0,2000.0,0.0,,2026-01-17 08:00:00,system,2026-01-17 08:00:00,system
2578,566,2537,3,897,B26-P0897-002578,6,3.0,2.0,1.0,60.0,40.0,20.0,,2026-01-17 08:00:00,system,2026-01-17 08:00:00,system
2579,567,2538,1,148,B26-P0148-002579,6,52.0,52.0,0.0,156.0,156.0,0.0,,2026-03-28 08:00:00,system,2026-03-28 08:00:00,system
2580,568,2546,1,1404,B26-P1404-002580,1,2.0,2.0,0.0,1000.0,1000.0,0.0,,2026-03-10 08:00:00,system,2026-03-10 08:00:00,system
2581,569,2547,1,424,B26-P0424-002581,6,27.0,27.0,0.0,135.0,135.0,0.0,,2026-02-07 08:00:00,system,2026-02-07 08:00:00,system
2582,569,2548,2,125,B26-P0125-002582,6,3.0,3.0,0.0,630.0,630.0,0.0,,2026-02-07 08:00:00,system,2026-02-07 08:00:00,system
2583,569,2549,3,615,B26-P0615-002583,6,3.0,3.0,0.0,165.0,165.0,0.0,,2026-02-07 08:00:00,system,2026-02-07 08:00:00,system
2584,569,2550,4,59,B26-P0059-002584,6,35.0,35.0,0.0,28.0,28.0,0.0,,2026-02-07 08:00:00,system,2026-02-07 08:00:00,system
2585,569,2551,5,952,B26-P0952-002585,6,1.0,1.0,0.0,50.0,50.0,0.0,,2026-02-07 08:00:00,system,2026-02-07 08:00:00,system
2586,570,2547,1,424,B26-P0424-002586,6,8.0,8.0,0.0,40.0,40.0,0.0,,2026-02-12 08:00:00,system,2026-02-12 08:00:00,system
2587,570,2549,2,615,B26-P0615-002587,6,9.0,9.0,0.0,495.0,495.0,0.0,,2026-02-12 08:00:00,system,2026-02-12 08:00:00,system
2588,570,2550,3,59,B26-P0059-002588,6,35.0,34.0,1.0,28.0,27.2,0.8,,2026-02-12 08:00:00,system,2026-02-12 08:00:00,system
2589,570,2551,4,952,B26-P0952-002589,6,2.0,2.0,0.0,100.0,100.0,0.0,,2026-02-12 08:00:00,system,2026-02-12 08:00:00,system
2590,571,2552,1,1055,B26-P1055-002590,6,28.0,28.0,0.0,11.2,11.2,0.0,,2026-03-24 08:00:00,system,2026-03-24 08:00:00,system
2591,571,2553,2,61,B26-P0061-002591,6,45.0,45.0,0.0,54.0,54.0,0.0,,2026-03-24 08:00:00,system,2026-03-24 08:00:00,system
2592,572,2554,1,1354,B26-P1354-002592,6,30.0,30.0,0.0,600.0,600.0,0.0,,2026-05-04 08:00:00,system,2026-05-04 08:00:00,system
2593,573,2555,1,1155,B26-P1155-002593,6,5.0,5.0,0.0,1050.0,1050.0,0.0,,2026-04-25 08:00:00,system,2026-04-25 08:00:00,system
2594,573,2556,2,696,B26-P0696-002594,1,1.0,1.0,0.0,2000.0,2000.0,0.0,,2026-04-25 08:00:00,system,2026-04-25 08:00:00,system
2595,574,2557,1,694,B26-P0694-002595,1,8.0,8.0,0.0,4000.0,4000.0,0.0,,2026-03-17 08:00:00,system,2026-03-17 08:00:00,system
2596,574,2558,2,107,B26-P0107-002596,6,9.0,9.0,0.0,450.0,450.0,0.0,,2026-03-17 08:00:00,system,2026-03-17 08:00:00,system
2597,575,2560,1,315,B26-P0315-002597,6,8.0,8.0,0.0,440.0,440.0,0.0,,2026-01-13 08:00:00,system,2026-01-13 08:00:00,system
2598,575,2561,2,1048,B26-P1048-002598,6,12.0,12.0,0.0,12.0,12.0,0.0,,2026-01-13 08:00:00,system,2026-01-13 08:00:00,system
2599,576,2559,1,403,B26-P0403-002599,6,5.0,5.0,0.0,1050.0,1050.0,0.0,,2026-01-14 08:00:00,system,2026-01-14 08:00:00,system
2600,576,2560,2,315,B26-P0315-002600,6,2.0,2.0,0.0,110.0,110.0,0.0,,2026-01-14 08:00:00,system,2026-01-14 08:00:00,system
2601,576,2561,3,1048,B26-P1048-002601,6,21.0,21.0,0.0,21.0,21.0,0.0,,2026-01-14 08:00:00,system,2026-01-14 08:00:00,system
2602,577,2562,1,1049,B26-P1049-002602,6,19.0,19.0,0.0,38.0,38.0,0.0,,2026-06-16 08:00:00,system,2026-06-16 08:00:00,system
2603,577,2563,2,1064,B26-P1064-002603,6,2.0,2.0,0.0,360.0,360.0,0.0,,2026-06-16 08:00:00,system,2026-06-16 08:00:00,system
2604,577,2564,3,4,B26-P0004-002604,6,22.0,22.0,0.0,220.0,220.0,0.0,,2026-06-16 08:00:00,system,2026-06-16 08:00:00,system
2605,577,2565,4,679,B26-P0679-002605,6,2.0,1.0,1.0,420.0,210.0,210.0,,2026-06-16 08:00:00,system,2026-06-16 08:00:00,system
2606,577,2566,5,1221,B26-P1221-002606,6,11.0,10.0,1.0,11.0,10.0,1.0,,2026-06-16 08:00:00,system,2026-06-16 08:00:00,system
2607,577,2567,6,582,B26-P0582-002607,6,6.0,6.0,0.0,120.0,120.0,0.0,,2026-06-16 08:00:00,system,2026-06-16 08:00:00,system
2608,577,2569,7,995,B26-P0995-002608,6,2.0,2.0,0.0,20.0,20.0,0.0,,2026-06-16 08:00:00,system,2026-06-16 08:00:00,system
2609,577,2570,8,508,B26-P0508-002609,6,8.0,8.0,0.0,40.0,40.0,0.0,,2026-06-16 08:00:00,system,2026-06-16 08:00:00,system
2610,577,2571,9,1151,B26-P1151-002610,6,21.0,21.0,0.0,105.0,105.0,0.0,,2026-06-16 08:00:00,system,2026-06-16 08:00:00,system
2611,577,2572,10,146,B26-P0146-002611,6,8.0,8.0,0.0,8.0,8.0,0.0,,2026-06-16 08:00:00,system,2026-06-16 08:00:00,system
2612,577,2573,11,171,B26-P0171-002612,6,3.0,3.0,0.0,165.0,165.0,0.0,,2026-06-16 08:00:00,system,2026-06-16 08:00:00,system
2613,578,2562,1,1049,B26-P1049-002613,6,5.0,5.0,0.0,10.0,10.0,0.0,,2026-06-18 08:00:00,system,2026-06-18 08:00:00,system
2614,578,2564,2,4,B26-P0004-002614,6,3.0,3.0,0.0,30.0,30.0,0.0,,2026-06-18 08:00:00,system,2026-06-18 08:00:00,system
2615,578,2565,3,679,B26-P0679-002615,6,3.0,3.0,0.0,630.0,630.0,0.0,,2026-06-18 08:00:00,system,2026-06-18 08:00:00,system
2616,578,2566,4,1221,B26-P1221-002616,6,54.0,54.0,0.0,54.0,54.0,0.0,,2026-06-18 08:00:00,system,2026-06-18 08:00:00,system
2617,578,2567,5,582,B26-P0582-002617,6,18.0,18.0,0.0,360.0,360.0,0.0,,2026-06-18 08:00:00,system,2026-06-18 08:00:00,system
2618,578,2568,6,907,B26-P0907-002618,6,55.0,55.0,0.0,165.0,165.0,0.0,,2026-06-18 08:00:00,system,2026-06-18 08:00:00,system
2619,578,2569,7,995,B26-P0995-002619,6,3.0,2.0,1.0,30.0,20.0,10.0,,2026-06-18 08:00:00,system,2026-06-18 08:00:00,system
2620,578,2570,8,508,B26-P0508-002620,6,13.0,13.0,0.0,65.0,65.0,0.0,,2026-06-18 08:00:00,system,2026-06-18 08:00:00,system
2621,578,2571,9,1151,B26-P1151-002621,6,3.0,3.0,0.0,15.0,15.0,0.0,,2026-06-18 08:00:00,system,2026-06-18 08:00:00,system
2622,578,2572,10,146,B26-P0146-002622,6,2.0,2.0,0.0,2.0,2.0,0.0,,2026-06-18 08:00:00,system,2026-06-18 08:00:00,system
2623,578,2573,11,171,B26-P0171-002623,6,7.0,7.0,0.0,385.0,385.0,0.0,,2026-06-18 08:00:00,system,2026-06-18 08:00:00,system
2624,579,2574,1,897,B26-P0897-002624,6,14.0,14.0,0.0,280.0,280.0,0.0,,2026-04-21 08:00:00,system,2026-04-21 08:00:00,system
2625,579,2575,2,900,B26-P0900-002625,6,12.0,12.0,0.0,600.0,600.0,0.0,,2026-04-21 08:00:00,system,2026-04-21 08:00:00,system
2626,580,2576,1,1415,B26-P1415-002626,6,6.0,6.0,0.0,330.0,330.0,0.0,,2026-01-28 08:00:00,system,2026-01-28 08:00:00,system
2627,580,2577,2,513,B26-P0513-002627,6,21.0,21.0,0.0,630.0,630.0,0.0,,2026-01-28 08:00:00,system,2026-01-28 08:00:00,system
2628,580,2578,3,381,B26-P0381-002628,1,4.0,4.0,0.0,4000.0,4000.0,0.0,,2026-01-28 08:00:00,system,2026-01-28 08:00:00,system
2629,580,2579,4,56,B26-P0056-002629,6,6.0,6.0,0.0,1080.0,1080.0,0.0,,2026-01-28 08:00:00,system,2026-01-28 08:00:00,system
2630,580,2580,5,317,B26-P0317-002630,6,5.0,5.0,0.0,1050.0,1050.0,0.0,,2026-01-28 08:00:00,system,2026-01-28 08:00:00,system
2631,581,2581,1,1263,B26-P1263-002631,6,14.0,14.0,0.0,280.0,280.0,0.0,,2026-04-11 08:00:00,system,2026-04-11 08:00:00,system
2632,582,2582,1,949,B26-P0949-002632,6,3.0,3.0,0.0,60.0,60.0,0.0,,2026-03-10 08:00:00,system,2026-03-10 08:00:00,system
2633,582,2583,2,838,B26-P0838-002633,6,18.0,18.0,0.0,270.0,270.0,0.0,,2026-03-10 08:00:00,system,2026-03-10 08:00:00,system
2634,582,2585,3,692,B26-P0692-002634,6,2.0,2.0,0.0,360.0,360.0,0.0,,2026-03-10 08:00:00,system,2026-03-10 08:00:00,system
2635,582,2586,4,523,B26-P0523-002635,6,20.0,20.0,0.0,200.0,200.0,0.0,,2026-03-10 08:00:00,system,2026-03-10 08:00:00,system
2636,582,2587,5,277,B26-P0277-002636,6,10.0,10.0,0.0,150.0,150.0,0.0,,2026-03-10 08:00:00,system,2026-03-10 08:00:00,system
2637,582,2588,6,1041,B26-P1041-002637,6,45.0,45.0,0.0,225.0,225.0,0.0,,2026-03-10 08:00:00,system,2026-03-10 08:00:00,system
2638,582,2589,7,528,B26-P0528-002638,6,10.0,10.0,0.0,500.0,500.0,0.0,,2026-03-10 08:00:00,system,2026-03-10 08:00:00,system
2639,583,2582,1,949,B26-P0949-002639,6,12.0,12.0,0.0,240.0,240.0,0.0,,2026-03-13 08:00:00,system,2026-03-13 08:00:00,system
2640,583,2584,2,831,B26-P0831-002640,6,2.0,1.0,1.0,420.0,210.0,210.0,,2026-03-13 08:00:00,system,2026-03-13 08:00:00,system
2641,583,2585,3,692,B26-P0692-002641,6,2.0,2.0,0.0,360.0,360.0,0.0,,2026-03-13 08:00:00,system,2026-03-13 08:00:00,system
2642,583,2586,4,523,B26-P0523-002642,6,4.0,4.0,0.0,40.0,40.0,0.0,,2026-03-13 08:00:00,system,2026-03-13 08:00:00,system
2643,583,2587,5,277,B26-P0277-002643,6,8.0,8.0,0.0,120.0,120.0,0.0,,2026-03-13 08:00:00,system,2026-03-13 08:00:00,system
2644,583,2588,6,1041,B26-P1041-002644,6,25.0,25.0,0.0,125.0,125.0,0.0,,2026-03-13 08:00:00,system,2026-03-13 08:00:00,system
2645,584,2590,1,937,B26-P0937-002645,6,1.0,1.0,0.0,30.0,30.0,0.0,,2026-06-09 08:00:00,system,2026-06-09 08:00:00,system
2646,584,2592,2,492,B26-P0492-002646,6,16.0,16.0,0.0,16.0,16.0,0.0,,2026-06-09 08:00:00,system,2026-06-09 08:00:00,system
2647,584,2595,3,49,B26-P0049-002647,6,3.0,3.0,0.0,30.0,30.0,0.0,,2026-06-09 08:00:00,system,2026-06-09 08:00:00,system
2648,584,2596,4,645,B26-P0645-002648,6,36.0,36.0,0.0,108.0,108.0,0.0,,2026-06-09 08:00:00,system,2026-06-09 08:00:00,system
2649,584,2598,5,1289,B26-P1289-002649,6,1.0,1.0,0.0,180.0,180.0,0.0,,2026-06-09 08:00:00,system,2026-06-09 08:00:00,system
2650,584,2599,6,1140,B26-P1140-002650,6,2.0,2.0,0.0,36.0,36.0,0.0,,2026-06-09 08:00:00,system,2026-06-09 08:00:00,system
2651,584,2600,7,31,B26-P0031-002651,6,43.0,43.0,0.0,51.6,51.6,0.0,,2026-06-09 08:00:00,system,2026-06-09 08:00:00,system
2652,584,2601,8,1476,B26-P1476-002652,6,45.0,45.0,0.0,135.0,135.0,0.0,,2026-06-09 08:00:00,system,2026-06-09 08:00:00,system
2653,585,2590,1,937,B26-P0937-002653,6,2.0,2.0,0.0,60.0,60.0,0.0,,2026-06-12 08:00:00,system,2026-06-12 08:00:00,system
2654,585,2591,2,1304,B26-P1304-002654,6,6.0,6.0,0.0,1080.0,1080.0,0.0,,2026-06-12 08:00:00,system,2026-06-12 08:00:00,system
2655,585,2592,3,492,B26-P0492-002655,6,17.0,17.0,0.0,17.0,17.0,0.0,,2026-06-12 08:00:00,system,2026-06-12 08:00:00,system
2656,585,2593,4,1051,B26-P1051-002656,6,3.0,3.0,0.0,30.0,30.0,0.0,,2026-06-12 08:00:00,system,2026-06-12 08:00:00,system
2657,585,2594,5,1403,B26-P1403-002657,6,1.0,1.0,0.0,210.0,210.0,0.0,,2026-06-12 08:00:00,system,2026-06-12 08:00:00,system
2658,585,2595,6,49,B26-P0049-002658,6,32.0,32.0,0.0,320.0,320.0,0.0,,2026-06-12 08:00:00,system,2026-06-12 08:00:00,system
2659,585,2596,7,645,B26-P0645-002659,6,8.0,8.0,0.0,24.0,24.0,0.0,,2026-06-12 08:00:00,system,2026-06-12 08:00:00,system
2660,585,2598,8,1289,B26-P1289-002660,6,2.0,2.0,0.0,360.0,360.0,0.0,,2026-06-12 08:00:00,system,2026-06-12 08:00:00,system
2661,585,2599,9,1140,B26-P1140-002661,6,7.0,7.0,0.0,126.0,126.0,0.0,,2026-06-12 08:00:00,system,2026-06-12 08:00:00,system
2662,585,2600,10,31,B26-P0031-002662,6,7.0,7.0,0.0,8.4,8.4,0.0,,2026-06-12 08:00:00,system,2026-06-12 08:00:00,system
2663,585,2601,11,1476,B26-P1476-002663,6,10.0,10.0,0.0,30.0,30.0,0.0,,2026-06-12 08:00:00,system,2026-06-12 08:00:00,system
2664,586,2604,1,725,B26-P0725-002664,6,28.0,28.0,0.0,560.0,560.0,0.0,,2026-02-20 08:00:00,system,2026-02-20 08:00:00,system
2665,587,2605,1,1303,B26-P1303-002665,6,1.0,0.0,1.0,55.0,0.0,55.0,,2026-04-30 08:00:00,system,2026-04-30 08:00:00,system
2666,587,2606,2,519,B26-P0519-002666,1,2.0,2.0,0.0,2000.0,2000.0,0.0,,2026-04-30 08:00:00,system,2026-04-30 08:00:00,system
2667,587,2610,3,432,B26-P0432-002667,6,3.0,3.0,0.0,15.0,15.0,0.0,,2026-04-30 08:00:00,system,2026-04-30 08:00:00,system
2668,587,2611,4,107,B26-P0107-002668,6,4.0,4.0,0.0,200.0,200.0,0.0,,2026-04-30 08:00:00,system,2026-04-30 08:00:00,system
2669,587,2612,5,1369,B26-P1369-002669,1,1.0,1.0,0.0,2000.0,2000.0,0.0,,2026-04-30 08:00:00,system,2026-04-30 08:00:00,system
2670,587,2613,6,567,B26-P0567-002670,6,3.0,3.0,0.0,45.0,45.0,0.0,,2026-04-30 08:00:00,system,2026-04-30 08:00:00,system
2671,587,2614,7,854,B26-P0854-002671,6,1.0,1.0,0.0,20.0,20.0,0.0,,2026-04-30 08:00:00,system,2026-04-30 08:00:00,system
2672,587,2615,8,150,B26-P0150-002672,6,22.0,22.0,0.0,220.0,220.0,0.0,,2026-04-30 08:00:00,system,2026-04-30 08:00:00,system
2673,588,2605,1,1303,B26-P1303-002673,6,1.0,1.0,0.0,55.0,55.0,0.0,,2026-05-02 08:00:00,system,2026-05-02 08:00:00,system
2674,588,2607,2,861,B26-P0861-002674,1,2.0,2.0,0.0,1000.0,1000.0,0.0,,2026-05-02 08:00:00,system,2026-05-02 08:00:00,system
2675,588,2609,3,1394,B26-P1394-002675,6,5.0,5.0,0.0,25.0,25.0,0.0,,2026-05-02 08:00:00,system,2026-05-02 08:00:00,system
2676,588,2610,4,432,B26-P0432-002676,6,11.0,11.0,0.0,55.0,55.0,0.0,,2026-05-02 08:00:00,system,2026-05-02 08:00:00,system
2677,588,2611,5,107,B26-P0107-002677,6,4.0,4.0,0.0,200.0,200.0,0.0,,2026-05-02 08:00:00,system,2026-05-02 08:00:00,system
2678,588,2612,6,1369,B26-P1369-002678,1,1.0,0.0,1.0,2000.0,0.0,2000.0,,2026-05-02 08:00:00,system,2026-05-02 08:00:00,system
2679,588,2613,7,567,B26-P0567-002679,6,21.0,21.0,0.0,315.0,315.0,0.0,,2026-05-02 08:00:00,system,2026-05-02 08:00:00,system
2680,588,2614,8,854,B26-P0854-002680,6,9.0,9.0,0.0,180.0,180.0,0.0,,2026-05-02 08:00:00,system,2026-05-02 08:00:00,system
2681,588,2615,9,150,B26-P0150-002681,6,1.0,1.0,0.0,10.0,10.0,0.0,,2026-05-02 08:00:00,system,2026-05-02 08:00:00,system
2682,589,2608,1,1465,B26-P1465-002682,1,2.0,2.0,0.0,2000.0,2000.0,0.0,,2026-05-04 08:00:00,system,2026-05-04 08:00:00,system
2683,589,2609,2,1394,B26-P1394-002683,6,1.0,1.0,0.0,5.0,5.0,0.0,,2026-05-04 08:00:00,system,2026-05-04 08:00:00,system
2684,589,2610,3,432,B26-P0432-002684,6,1.0,1.0,0.0,5.0,5.0,0.0,,2026-05-04 08:00:00,system,2026-05-04 08:00:00,system
2685,589,2611,4,107,B26-P0107-002685,6,2.0,2.0,0.0,100.0,100.0,0.0,,2026-05-04 08:00:00,system,2026-05-04 08:00:00,system
2686,589,2613,5,567,B26-P0567-002686,6,6.0,6.0,0.0,90.0,90.0,0.0,,2026-05-04 08:00:00,system,2026-05-04 08:00:00,system
2687,589,2615,6,150,B26-P0150-002687,6,2.0,2.0,0.0,20.0,20.0,0.0,,2026-05-04 08:00:00,system,2026-05-04 08:00:00,system
2688,590,2617,1,677,B26-P0677-002688,6,8.0,8.0,0.0,440.0,440.0,0.0,,2026-07-01 08:00:00,system,2026-07-01 08:00:00,system
2689,590,2618,2,60,B26-P0060-002689,6,56.0,56.0,0.0,56.0,56.0,0.0,,2026-07-01 08:00:00,system,2026-07-01 08:00:00,system
2690,590,2619,3,781,B26-P0781-002690,6,10.0,10.0,0.0,550.0,550.0,0.0,,2026-07-01 08:00:00,system,2026-07-01 08:00:00,system
2691,591,2620,1,133,B26-P0133-002691,6,6.0,6.0,0.0,90.0,90.0,0.0,,2026-07-05 08:00:00,system,2026-07-05 08:00:00,system
2692,592,2621,1,318,B26-P0318-002692,1,3.0,3.0,0.0,3000.0,3000.0,0.0,,2026-04-13 08:00:00,system,2026-04-13 08:00:00,system
2693,592,2622,2,995,B26-P0995-002693,6,8.0,8.0,0.0,80.0,80.0,0.0,,2026-04-13 08:00:00,system,2026-04-13 08:00:00,system
2694,592,2623,3,421,B26-P0421-002694,6,4.0,4.0,0.0,4.0,4.0,0.0,,2026-04-13 08:00:00,system,2026-04-13 08:00:00,system
2695,592,2624,4,1419,B26-P1419-002695,1,2.0,2.0,0.0,2000.0,2000.0,0.0,,2026-04-13 08:00:00,system,2026-04-13 08:00:00,system
2696,593,2625,1,70,B26-P0070-002696,6,10.0,10.0,0.0,550.0,550.0,0.0,,2026-02-15 08:00:00,system,2026-02-15 08:00:00,system
2697,593,2626,2,6,B26-P0006-002697,6,7.0,7.0,0.0,140.0,140.0,0.0,,2026-02-15 08:00:00,system,2026-02-15 08:00:00,system
2698,594,2627,1,1416,B26-P1416-002698,6,4.0,4.0,0.0,720.0,720.0,0.0,,2026-05-29 08:00:00,system,2026-05-29 08:00:00,system
2699,594,2628,2,1154,B26-P1154-002699,6,6.0,6.0,0.0,330.0,330.0,0.0,,2026-05-29 08:00:00,system,2026-05-29 08:00:00,system
2700,594,2629,3,134,B26-P0134-002700,6,6.0,5.0,1.0,120.0,100.0,20.0,,2026-05-29 08:00:00,system,2026-05-29 08:00:00,system
2701,594,2630,4,1077,B26-P1077-002701,6,33.0,33.0,0.0,66.0,66.0,0.0,,2026-05-29 08:00:00,system,2026-05-29 08:00:00,system
2702,594,2631,5,1022,B26-P1022-002702,6,56.0,55.0,1.0,280.0,275.0,5.0,,2026-05-29 08:00:00,system,2026-05-29 08:00:00,system
2703,594,2632,6,1290,B26-P1290-002703,6,2.0,2.0,0.0,420.0,420.0,0.0,,2026-05-29 08:00:00,system,2026-05-29 08:00:00,system
2704,595,2635,1,822,B26-P0822-002704,6,18.0,18.0,0.0,90.0,90.0,0.0,,2026-03-20 08:00:00,system,2026-03-20 08:00:00,system
2705,595,2636,2,447,B26-P0447-002705,6,18.0,18.0,0.0,90.0,90.0,0.0,,2026-03-20 08:00:00,system,2026-03-20 08:00:00,system
2706,596,2637,1,440,B26-P0440-002706,6,7.0,7.0,0.0,1260.0,1260.0,0.0,,2026-02-06 08:00:00,system,2026-02-06 08:00:00,system
2707,596,2639,2,196,B26-P0196-002707,6,14.0,14.0,0.0,350.0,350.0,0.0,,2026-02-06 08:00:00,system,2026-02-06 08:00:00,system
2708,596,2640,3,952,B26-P0952-002708,6,6.0,6.0,0.0,300.0,300.0,0.0,,2026-02-06 08:00:00,system,2026-02-06 08:00:00,system
2709,596,2641,4,493,B26-P0493-002709,6,19.0,19.0,0.0,22.8,22.8,0.0,,2026-02-06 08:00:00,system,2026-02-06 08:00:00,system
2710,597,2637,1,440,B26-P0440-002710,6,3.0,3.0,0.0,540.0,540.0,0.0,,2026-02-08 08:00:00,system,2026-02-08 08:00:00,system
2711,597,2638,2,330,B26-P0330-002711,6,3.0,2.0,1.0,165.0,110.0,55.0,,2026-02-08 08:00:00,system,2026-02-08 08:00:00,system
2712,597,2639,3,196,B26-P0196-002712,6,7.0,7.0,0.0,175.0,175.0,0.0,,2026-02-08 08:00:00,system,2026-02-08 08:00:00,system
2713,597,2640,4,952,B26-P0952-002713,6,3.0,3.0,0.0,150.0,150.0,0.0,,2026-02-08 08:00:00,system,2026-02-08 08:00:00,system
2714,597,2641,5,493,B26-P0493-002714,6,13.0,13.0,0.0,15.6,15.6,0.0,,2026-02-08 08:00:00,system,2026-02-08 08:00:00,system
2715,598,2642,1,387,B26-P0387-002715,6,12.0,12.0,0.0,120.0,120.0,0.0,,2026-07-15 08:00:00,system,2026-07-15 08:00:00,system
2716,598,2643,2,1083,B26-P1083-002716,6,3.0,3.0,0.0,1.2,1.2,0.0,,2026-07-15 08:00:00,system,2026-07-15 08:00:00,system
2717,598,2644,3,31,B26-P0031-002717,6,27.0,27.0,0.0,32.4,32.4,0.0,,2026-07-15 08:00:00,system,2026-07-15 08:00:00,system
2718,599,2646,1,823,B26-P0823-002718,6,6.0,6.0,0.0,60.0,60.0,0.0,,2026-05-19 08:00:00,system,2026-05-19 08:00:00,system
2719,599,2647,2,575,B26-P0575-002719,1,1.0,1.0,0.0,500.0,500.0,0.0,,2026-05-19 08:00:00,system,2026-05-19 08:00:00,system
2720,599,2648,3,107,B26-P0107-002720,6,3.0,3.0,0.0,150.0,150.0,0.0,,2026-05-19 08:00:00,system,2026-05-19 08:00:00,system
2721,599,2649,4,501,B26-P0501-002721,6,2.0,2.0,0.0,110.0,110.0,0.0,,2026-05-19 08:00:00,system,2026-05-19 08:00:00,system
2722,599,2650,5,262,B26-P0262-002722,6,11.0,11.0,0.0,165.0,165.0,0.0,,2026-05-19 08:00:00,system,2026-05-19 08:00:00,system
2723,599,2652,6,1491,B26-P1491-002723,6,31.0,30.0,1.0,155.0,150.0,5.0,,2026-05-19 08:00:00,system,2026-05-19 08:00:00,system
2724,599,2653,7,1125,B26-P1125-002724,6,23.0,23.0,0.0,9.2,9.2,0.0,,2026-05-19 08:00:00,system,2026-05-19 08:00:00,system
2725,599,2655,8,630,B26-P0630-002725,6,2.0,2.0,0.0,360.0,360.0,0.0,,2026-05-19 08:00:00,system,2026-05-19 08:00:00,system
2726,599,2656,9,340,B26-P0340-002726,6,1.0,0.0,1.0,15.0,0.0,15.0,,2026-05-19 08:00:00,system,2026-05-19 08:00:00,system
2727,599,2657,10,290,B26-P0290-002727,6,19.0,19.0,0.0,95.0,95.0,0.0,,2026-05-19 08:00:00,system,2026-05-19 08:00:00,system
2728,599,2658,11,212,B26-P0212-002728,6,10.0,10.0,0.0,300.0,300.0,0.0,,2026-05-19 08:00:00,system,2026-05-19 08:00:00,system
2729,599,2659,12,781,B26-P0781-002729,6,4.0,4.0,0.0,220.0,220.0,0.0,,2026-05-19 08:00:00,system,2026-05-19 08:00:00,system
2730,600,2646,1,823,B26-P0823-002730,6,3.0,3.0,0.0,30.0,30.0,0.0,,2026-05-20 08:00:00,system,2026-05-20 08:00:00,system
2731,600,2647,2,575,B26-P0575-002731,1,3.0,3.0,0.0,1500.0,1500.0,0.0,,2026-05-20 08:00:00,system,2026-05-20 08:00:00,system
2732,600,2648,3,107,B26-P0107-002732,6,6.0,6.0,0.0,300.0,300.0,0.0,,2026-05-20 08:00:00,system,2026-05-20 08:00:00,system
2733,600,2649,4,501,B26-P0501-002733,6,2.0,2.0,0.0,110.0,110.0,0.0,,2026-05-20 08:00:00,system,2026-05-20 08:00:00,system
2734,600,2650,5,262,B26-P0262-002734,6,18.0,17.0,1.0,270.0,255.0,15.0,,2026-05-20 08:00:00,system,2026-05-20 08:00:00,system
2735,600,2651,6,54,B26-P0054-002735,6,2.0,2.0,0.0,100.0,100.0,0.0,,2026-05-20 08:00:00,system,2026-05-20 08:00:00,system
2736,600,2653,7,1125,B26-P1125-002736,6,46.0,46.0,0.0,18.4,18.4,0.0,,2026-05-20 08:00:00,system,2026-05-20 08:00:00,system
2737,600,2655,8,630,B26-P0630-002737,6,1.0,1.0,0.0,180.0,180.0,0.0,,2026-05-20 08:00:00,system,2026-05-20 08:00:00,system
2738,600,2656,9,340,B26-P0340-002738,6,2.0,2.0,0.0,30.0,30.0,0.0,,2026-05-20 08:00:00,system,2026-05-20 08:00:00,system
2739,600,2657,10,290,B26-P0290-002739,6,15.0,14.0,1.0,75.0,70.0,5.0,,2026-05-20 08:00:00,system,2026-05-20 08:00:00,system
2740,600,2658,11,212,B26-P0212-002740,6,6.0,6.0,0.0,180.0,180.0,0.0,,2026-05-20 08:00:00,system,2026-05-20 08:00:00,system
2741,600,2659,12,781,B26-P0781-002741,6,2.0,2.0,0.0,110.0,110.0,0.0,,2026-05-20 08:00:00,system,2026-05-20 08:00:00,system
2742,601,2646,1,823,B26-P0823-002742,6,19.0,19.0,0.0,190.0,190.0,0.0,,2026-05-22 08:00:00,system,2026-05-22 08:00:00,system
2743,601,2648,2,107,B26-P0107-002743,6,3.0,3.0,0.0,150.0,150.0,0.0,,2026-05-22 08:00:00,system,2026-05-22 08:00:00,system
2744,601,2650,3,262,B26-P0262-002744,6,6.0,6.0,0.0,90.0,90.0,0.0,,2026-05-22 08:00:00,system,2026-05-22 08:00:00,system
2745,601,2651,4,54,B26-P0054-002745,6,2.0,2.0,0.0,100.0,100.0,0.0,,2026-05-22 08:00:00,system,2026-05-22 08:00:00,system
2746,601,2652,5,1491,B26-P1491-002746,6,1.0,1.0,0.0,5.0,5.0,0.0,,2026-05-22 08:00:00,system,2026-05-22 08:00:00,system
2747,601,2653,6,1125,B26-P1125-002747,6,71.0,71.0,0.0,28.4,28.4,0.0,,2026-05-22 08:00:00,system,2026-05-22 08:00:00,system
2748,601,2654,7,1204,B26-P1204-002748,1,2.0,2.0,0.0,2000.0,2000.0,0.0,,2026-05-22 08:00:00,system,2026-05-22 08:00:00,system
2749,601,2655,8,630,B26-P0630-002749,6,3.0,3.0,0.0,540.0,540.0,0.0,,2026-05-22 08:00:00,system,2026-05-22 08:00:00,system
2750,601,2656,9,340,B26-P0340-002750,6,4.0,4.0,0.0,60.0,60.0,0.0,,2026-05-22 08:00:00,system,2026-05-22 08:00:00,system
2751,601,2657,10,290,B26-P0290-002751,6,1.0,1.0,0.0,5.0,5.0,0.0,,2026-05-22 08:00:00,system,2026-05-22 08:00:00,system
2752,601,2660,11,245,B26-P0245-002752,6,2.0,2.0,0.0,360.0,360.0,0.0,,2026-05-22 08:00:00,system,2026-05-22 08:00:00,system
2753,602,2661,1,339,B26-P0339-002753,6,30.0,30.0,0.0,300.0,300.0,0.0,,2026-03-28 08:00:00,system,2026-03-28 08:00:00,system
2754,602,2662,2,1470,B26-P1470-002754,6,21.0,21.0,0.0,315.0,315.0,0.0,,2026-03-28 08:00:00,system,2026-03-28 08:00:00,system
2755,602,2663,3,302,B26-P0302-002755,6,1.0,1.0,0.0,210.0,210.0,0.0,,2026-03-28 08:00:00,system,2026-03-28 08:00:00,system
2756,602,2664,4,824,B26-P0824-002756,6,15.0,14.0,1.0,225.0,210.0,15.0,,2026-03-28 08:00:00,system,2026-03-28 08:00:00,system
2757,603,2665,1,1160,B26-P1160-002757,6,3.0,3.0,0.0,30.0,30.0,0.0,,2026-02-22 08:00:00,system,2026-02-22 08:00:00,system
2758,604,2665,1,1160,B26-P1160-002758,6,2.0,2.0,0.0,20.0,20.0,0.0,,2026-02-26 08:00:00,system,2026-02-26 08:00:00,system
2759,604,2666,2,1061,B26-P1061-002759,6,3.0,3.0,0.0,30.0,30.0,0.0,,2026-02-26 08:00:00,system,2026-02-26 08:00:00,system
2760,605,2669,1,39,B26-P0039-002760,6,6.0,6.0,0.0,300.0,300.0,0.0,,2026-03-10 08:00:00,system,2026-03-10 08:00:00,system
2761,605,2670,2,90,B26-P0090-002761,6,15.0,15.0,0.0,375.0,375.0,0.0,,2026-03-10 08:00:00,system,2026-03-10 08:00:00,system
2762,605,2671,3,1390,B26-P1390-002762,1,8.0,8.0,0.0,4000.0,4000.0,0.0,,2026-03-10 08:00:00,system,2026-03-10 08:00:00,system
2763,606,2672,1,1381,B26-P1381-002763,6,30.0,30.0,0.0,300.0,300.0,0.0,,2026-06-09 08:00:00,system,2026-06-09 08:00:00,system
2764,606,2673,2,487,B26-P0487-002764,6,6.0,6.0,0.0,330.0,330.0,0.0,,2026-06-09 08:00:00,system,2026-06-09 08:00:00,system
2765,606,2674,3,314,B26-P0314-002765,6,8.0,8.0,0.0,400.0,400.0,0.0,,2026-06-09 08:00:00,system,2026-06-09 08:00:00,system
2766,607,2679,1,1129,B26-P1129-002766,6,10.0,10.0,0.0,50.0,50.0,0.0,,2026-06-20 08:00:00,system,2026-06-20 08:00:00,system
2767,607,2680,2,729,B26-P0729-002767,6,1.0,1.0,0.0,55.0,55.0,0.0,,2026-06-20 08:00:00,system,2026-06-20 08:00:00,system
2768,607,2684,3,1088,B26-P1088-002768,6,7.0,7.0,0.0,70.0,70.0,0.0,,2026-06-20 08:00:00,system,2026-06-20 08:00:00,system
2769,607,2685,4,1206,B26-P1206-002769,6,24.0,24.0,0.0,72.0,72.0,0.0,,2026-06-20 08:00:00,system,2026-06-20 08:00:00,system
2770,608,2678,1,1059,B26-P1059-002770,6,3.0,3.0,0.0,15.0,15.0,0.0,,2026-06-23 08:00:00,system,2026-06-23 08:00:00,system
2771,608,2679,2,1129,B26-P1129-002771,6,8.0,8.0,0.0,40.0,40.0,0.0,,2026-06-23 08:00:00,system,2026-06-23 08:00:00,system
2772,608,2681,3,476,B26-P0476-002772,6,4.0,4.0,0.0,3.2,3.2,0.0,,2026-06-23 08:00:00,system,2026-06-23 08:00:00,system
2773,608,2682,4,1255,B26-P1255-002773,6,4.0,4.0,0.0,80.0,80.0,0.0,,2026-06-23 08:00:00,system,2026-06-23 08:00:00,system
2774,608,2683,5,1494,B26-P1494-002774,6,3.0,3.0,0.0,60.0,60.0,0.0,,2026-06-23 08:00:00,system,2026-06-23 08:00:00,system
2775,608,2684,6,1088,B26-P1088-002775,6,1.0,1.0,0.0,10.0,10.0,0.0,,2026-06-23 08:00:00,system,2026-06-23 08:00:00,system
2776,608,2685,7,1206,B26-P1206-002776,6,15.0,15.0,0.0,45.0,45.0,0.0,,2026-06-23 08:00:00,system,2026-06-23 08:00:00,system
2777,609,2686,1,891,B26-P0891-002777,1,6.0,6.0,0.0,6000.0,6000.0,0.0,,2026-06-01 08:00:00,system,2026-06-01 08:00:00,system
2778,610,2686,1,891,B26-P0891-002778,1,2.0,2.0,0.0,2000.0,2000.0,0.0,,2026-06-05 08:00:00,system,2026-06-05 08:00:00,system
2779,610,2687,2,1474,B26-P1474-002779,6,8.0,8.0,0.0,400.0,400.0,0.0,,2026-06-05 08:00:00,system,2026-06-05 08:00:00,system
2780,611,2688,1,1267,B26-P1267-002780,6,3.0,3.0,0.0,3.0,3.0,0.0,,2026-07-01 08:00:00,system,2026-07-01 08:00:00,system
2781,612,2689,1,864,B26-P0864-002781,6,14.0,14.0,0.0,42.0,42.0,0.0,,2026-07-05 08:00:00,system,2026-07-05 08:00:00,system
2782,612,2690,2,957,B26-P0957-002782,1,6.0,6.0,0.0,6000.0,6000.0,0.0,,2026-07-05 08:00:00,system,2026-07-05 08:00:00,system
2783,613,2694,1,432,B26-P0432-002783,6,14.0,14.0,0.0,70.0,70.0,0.0,,2026-01-17 08:00:00,system,2026-01-17 08:00:00,system
2784,614,2697,1,199,B26-P0199-002784,6,2.0,2.0,0.0,110.0,110.0,0.0,,2026-05-12 08:00:00,system,2026-05-12 08:00:00,system
2785,614,2700,2,1299,B26-P1299-002785,1,1.0,1.0,0.0,2000.0,2000.0,0.0,,2026-05-12 08:00:00,system,2026-05-12 08:00:00,system
2786,615,2695,1,661,B26-P0661-002786,6,6.0,6.0,0.0,60.0,60.0,0.0,,2026-05-16 08:00:00,system,2026-05-16 08:00:00,system
2787,615,2697,2,199,B26-P0199-002787,6,2.0,2.0,0.0,110.0,110.0,0.0,,2026-05-16 08:00:00,system,2026-05-16 08:00:00,system
2788,615,2698,3,980,B26-P0980-002788,6,2.0,2.0,0.0,360.0,360.0,0.0,,2026-05-16 08:00:00,system,2026-05-16 08:00:00,system
2789,615,2699,4,1288,B26-P1288-002789,6,3.0,3.0,0.0,165.0,165.0,0.0,,2026-05-16 08:00:00,system,2026-05-16 08:00:00,system
2790,615,2700,5,1299,B26-P1299-002790,1,1.0,1.0,0.0,2000.0,2000.0,0.0,,2026-05-16 08:00:00,system,2026-05-16 08:00:00,system
2791,616,2712,1,186,B26-P0186-002791,6,7.0,7.0,0.0,385.0,385.0,0.0,,2026-02-07 08:00:00,system,2026-02-07 08:00:00,system
2792,616,2713,2,864,B26-P0864-002792,6,39.0,39.0,0.0,117.0,117.0,0.0,,2026-02-07 08:00:00,system,2026-02-07 08:00:00,system
2793,616,2714,3,81,B26-P0081-002793,1,3.0,3.0,0.0,3000.0,3000.0,0.0,,2026-02-07 08:00:00,system,2026-02-07 08:00:00,system
2794,616,2715,4,1032,B26-P1032-002794,6,7.0,7.0,0.0,35.0,35.0,0.0,,2026-02-07 08:00:00,system,2026-02-07 08:00:00,system
2795,616,2716,5,227,B26-P0227-002795,6,16.0,16.0,0.0,480.0,480.0,0.0,,2026-02-07 08:00:00,system,2026-02-07 08:00:00,system
2796,616,2717,6,430,B26-P0430-002796,6,5.0,5.0,0.0,250.0,250.0,0.0,,2026-02-07 08:00:00,system,2026-02-07 08:00:00,system
2797,617,2710,1,558,B26-P0558-002797,6,8.0,8.0,0.0,440.0,440.0,0.0,,2026-02-10 08:00:00,system,2026-02-10 08:00:00,system
2798,617,2711,2,1115,B26-P1115-002798,6,85.0,85.0,0.0,425.0,425.0,0.0,,2026-02-10 08:00:00,system,2026-02-10 08:00:00,system
2799,617,2712,3,186,B26-P0186-002799,6,2.0,2.0,0.0,110.0,110.0,0.0,,2026-02-10 08:00:00,system,2026-02-10 08:00:00,system
2800,617,2713,4,864,B26-P0864-002800,6,17.0,17.0,0.0,51.0,51.0,0.0,,2026-02-10 08:00:00,system,2026-02-10 08:00:00,system
2801,617,2714,5,81,B26-P0081-002801,1,1.0,1.0,0.0,1000.0,1000.0,0.0,,2026-02-10 08:00:00,system,2026-02-10 08:00:00,system
2802,617,2715,6,1032,B26-P1032-002802,6,32.0,32.0,0.0,160.0,160.0,0.0,,2026-02-10 08:00:00,system,2026-02-10 08:00:00,system
2803,617,2716,7,227,B26-P0227-002803,6,16.0,16.0,0.0,480.0,480.0,0.0,,2026-02-10 08:00:00,system,2026-02-10 08:00:00,system
2804,617,2717,8,430,B26-P0430-002804,6,1.0,1.0,0.0,50.0,50.0,0.0,,2026-02-10 08:00:00,system,2026-02-10 08:00:00,system
2805,618,2718,1,127,B26-P0127-002805,6,12.0,12.0,0.0,9.6,9.6,0.0,,2026-06-20 08:00:00,system,2026-06-20 08:00:00,system
2806,619,2719,1,1126,B26-P1126-002806,6,65.0,65.0,0.0,32.5,32.5,0.0,,2026-01-29 08:00:00,system,2026-01-29 08:00:00,system
2807,619,2720,2,707,B26-P0707-002807,6,2.0,2.0,0.0,420.0,420.0,0.0,,2026-01-29 08:00:00,system,2026-01-29 08:00:00,system
2808,619,2721,3,772,B26-P0772-002808,1,2.0,2.0,0.0,4000.0,4000.0,0.0,,2026-01-29 08:00:00,system,2026-01-29 08:00:00,system
2809,620,2723,1,502,B26-P0502-002809,6,6.0,5.0,1.0,1080.0,900.0,180.0,,2026-05-02 08:00:00,system,2026-05-02 08:00:00,system
2810,620,2724,2,862,B26-P0862-002810,1,3.0,3.0,0.0,3000.0,3000.0,0.0,,2026-05-02 08:00:00,system,2026-05-02 08:00:00,system
2811,621,2725,1,713,B26-P0713-002811,6,18.0,17.0,1.0,540.0,510.0,30.0,,2026-01-21 08:00:00,system,2026-01-21 08:00:00,system
2812,621,2726,2,984,B26-P0984-002812,6,22.0,22.0,0.0,44.0,44.0,0.0,,2026-01-21 08:00:00,system,2026-01-21 08:00:00,system
2813,621,2727,3,369,B26-P0369-002813,6,44.0,44.0,0.0,52.8,52.8,0.0,,2026-01-21 08:00:00,system,2026-01-21 08:00:00,system
2814,621,2728,4,1127,B26-P1127-002814,6,55.0,55.0,0.0,55.0,55.0,0.0,,2026-01-21 08:00:00,system,2026-01-21 08:00:00,system
2815,621,2729,5,314,B26-P0314-002815,6,4.0,4.0,0.0,200.0,200.0,0.0,,2026-01-21 08:00:00,system,2026-01-21 08:00:00,system
2816,622,2731,1,1198,B26-P1198-002816,6,1.0,1.0,0.0,55.0,55.0,0.0,,2026-01-24 08:00:00,system,2026-01-24 08:00:00,system
2817,623,2735,1,260,B26-P0260-002817,6,13.0,13.0,0.0,65.0,65.0,0.0,,2026-03-12 08:00:00,system,2026-03-12 08:00:00,system
2818,623,2736,2,1344,B26-P1344-002818,6,3.0,3.0,0.0,3.0,3.0,0.0,,2026-03-12 08:00:00,system,2026-03-12 08:00:00,system
2819,623,2738,3,172,B26-P0172-002819,6,7.0,7.0,0.0,1260.0,1260.0,0.0,,2026-03-12 08:00:00,system,2026-03-12 08:00:00,system
2820,623,2739,4,1285,B26-P1285-002820,6,7.0,7.0,0.0,7.0,7.0,0.0,,2026-03-12 08:00:00,system,2026-03-12 08:00:00,system
2821,623,2740,5,367,B26-P0367-002821,6,10.0,10.0,0.0,8.0,8.0,0.0,,2026-03-12 08:00:00,system,2026-03-12 08:00:00,system
2822,623,2741,6,1210,B26-P1210-002822,6,1.0,1.0,0.0,55.0,55.0,0.0,,2026-03-12 08:00:00,system,2026-03-12 08:00:00,system
2823,624,2735,1,260,B26-P0260-002823,6,18.0,18.0,0.0,90.0,90.0,0.0,,2026-03-15 08:00:00,system,2026-03-15 08:00:00,system
2824,624,2736,2,1344,B26-P1344-002824,6,1.0,1.0,0.0,1.0,1.0,0.0,,2026-03-15 08:00:00,system,2026-03-15 08:00:00,system
2825,624,2738,3,172,B26-P0172-002825,6,1.0,1.0,0.0,180.0,180.0,0.0,,2026-03-15 08:00:00,system,2026-03-15 08:00:00,system
2826,624,2739,4,1285,B26-P1285-002826,6,8.0,8.0,0.0,8.0,8.0,0.0,,2026-03-15 08:00:00,system,2026-03-15 08:00:00,system
2827,624,2740,5,367,B26-P0367-002827,6,37.0,37.0,0.0,29.6,29.6,0.0,,2026-03-15 08:00:00,system,2026-03-15 08:00:00,system
2828,625,2746,1,838,B26-P0838-002828,6,12.0,12.0,0.0,180.0,180.0,0.0,,2026-06-15 08:00:00,system,2026-06-15 08:00:00,system
2829,626,2747,1,1410,B26-P1410-002829,6,14.0,14.0,0.0,210.0,210.0,0.0,,2026-03-27 08:00:00,system,2026-03-27 08:00:00,system
2830,627,2748,1,214,B26-P0214-002830,6,4.0,4.0,0.0,220.0,220.0,0.0,,2026-03-30 08:00:00,system,2026-03-30 08:00:00,system
2831,627,2749,2,1285,B26-P1285-002831,6,11.0,11.0,0.0,11.0,11.0,0.0,,2026-03-30 08:00:00,system,2026-03-30 08:00:00,system
2832,627,2750,3,939,B26-P0939-002832,6,4.0,4.0,0.0,220.0,220.0,0.0,,2026-03-30 08:00:00,system,2026-03-30 08:00:00,system
2833,628,2751,1,644,B26-P0644-002833,1,8.0,8.0,0.0,16000.0,16000.0,0.0,,2026-02-05 08:00:00,system,2026-02-05 08:00:00,system
2834,628,2752,2,398,B26-P0398-002834,6,28.0,28.0,0.0,700.0,700.0,0.0,,2026-02-05 08:00:00,system,2026-02-05 08:00:00,system
2835,628,2753,3,564,B26-P0564-002835,6,26.0,26.0,0.0,78.0,78.0,0.0,,2026-02-05 08:00:00,system,2026-02-05 08:00:00,system
2836,628,2754,4,1142,B26-P1142-002836,6,13.0,13.0,0.0,39.0,39.0,0.0,,2026-02-05 08:00:00,system,2026-02-05 08:00:00,system
2837,629,2755,1,1488,B26-P1488-002837,1,1.0,1.0,0.0,1000.0,1000.0,0.0,,2026-01-13 08:00:00,system,2026-01-13 08:00:00,system
2838,630,2756,1,794,B26-P0794-002838,6,6.0,6.0,0.0,300.0,300.0,0.0,,2026-07-01 08:00:00,system,2026-07-01 08:00:00,system
2839,630,2758,2,802,B26-P0802-002839,6,9.0,9.0,0.0,1620.0,1620.0,0.0,,2026-07-01 08:00:00,system,2026-07-01 08:00:00,system
2840,630,2759,3,127,B26-P0127-002840,6,16.0,16.0,0.0,12.8,12.8,0.0,,2026-07-01 08:00:00,system,2026-07-01 08:00:00,system
2841,630,2760,4,1287,B26-P1287-002841,6,20.0,20.0,0.0,400.0,400.0,0.0,,2026-07-01 08:00:00,system,2026-07-01 08:00:00,system
2842,630,2761,5,1311,B26-P1311-002842,6,1.0,1.0,0.0,55.0,55.0,0.0,,2026-07-01 08:00:00,system,2026-07-01 08:00:00,system
2843,630,2762,6,1306,B26-P1306-002843,1,2.0,1.0,1.0,2000.0,1000.0,1000.0,,2026-07-01 08:00:00,system,2026-07-01 08:00:00,system
2844,630,2763,7,368,B26-P0368-002844,6,9.0,9.0,0.0,9.0,9.0,0.0,,2026-07-01 08:00:00,system,2026-07-01 08:00:00,system
2845,630,2765,8,1409,B26-P1409-002845,6,4.0,4.0,0.0,40.0,40.0,0.0,,2026-07-01 08:00:00,system,2026-07-01 08:00:00,system
2846,631,2756,1,794,B26-P0794-002846,6,4.0,4.0,0.0,200.0,200.0,0.0,,2026-07-02 08:00:00,system,2026-07-02 08:00:00,system
2847,631,2757,2,1317,B26-P1317-002847,1,2.0,2.0,0.0,4000.0,4000.0,0.0,,2026-07-02 08:00:00,system,2026-07-02 08:00:00,system
2848,631,2758,3,802,B26-P0802-002848,6,1.0,1.0,0.0,180.0,180.0,0.0,,2026-07-02 08:00:00,system,2026-07-02 08:00:00,system
2849,631,2759,4,127,B26-P0127-002849,6,20.0,20.0,0.0,16.0,16.0,0.0,,2026-07-02 08:00:00,system,2026-07-02 08:00:00,system
2850,631,2761,5,1311,B26-P1311-002850,6,7.0,7.0,0.0,385.0,385.0,0.0,,2026-07-02 08:00:00,system,2026-07-02 08:00:00,system
2851,631,2762,6,1306,B26-P1306-002851,1,2.0,2.0,0.0,2000.0,2000.0,0.0,,2026-07-02 08:00:00,system,2026-07-02 08:00:00,system
2852,631,2763,7,368,B26-P0368-002852,6,2.0,2.0,0.0,2.0,2.0,0.0,,2026-07-02 08:00:00,system,2026-07-02 08:00:00,system
2853,631,2764,8,165,B26-P0165-002853,6,20.0,20.0,0.0,200.0,200.0,0.0,,2026-07-02 08:00:00,system,2026-07-02 08:00:00,system
2854,631,2765,9,1409,B26-P1409-002854,6,2.0,2.0,0.0,20.0,20.0,0.0,,2026-07-02 08:00:00,system,2026-07-02 08:00:00,system
2855,632,2766,1,193,B26-P0193-002855,6,37.0,37.0,0.0,111.0,111.0,0.0,,2026-02-26 08:00:00,system,2026-02-26 08:00:00,system
2856,632,2767,2,312,B26-P0312-002856,6,19.0,19.0,0.0,475.0,475.0,0.0,,2026-02-26 08:00:00,system,2026-02-26 08:00:00,system
2857,632,2768,3,1389,B26-P1389-002857,6,4.0,4.0,0.0,840.0,840.0,0.0,,2026-02-26 08:00:00,system,2026-02-26 08:00:00,system
2858,632,2769,4,1485,B26-P1485-002858,6,9.0,9.0,0.0,1620.0,1620.0,0.0,,2026-02-26 08:00:00,system,2026-02-26 08:00:00,system
2859,632,2770,5,457,B26-P0457-002859,1,4.0,4.0,0.0,4000.0,4000.0,0.0,,2026-02-26 08:00:00,system,2026-02-26 08:00:00,system
2860,632,2772,6,1445,B26-P1445-002860,6,6.0,6.0,0.0,30.0,30.0,0.0,,2026-02-26 08:00:00,system,2026-02-26 08:00:00,system
2861,633,2766,1,193,B26-P0193-002861,6,23.0,23.0,0.0,69.0,69.0,0.0,,2026-03-03 08:00:00,system,2026-03-03 08:00:00,system
2862,633,2767,2,312,B26-P0312-002862,6,5.0,5.0,0.0,125.0,125.0,0.0,,2026-03-03 08:00:00,system,2026-03-03 08:00:00,system
2863,633,2768,3,1389,B26-P1389-002863,6,1.0,1.0,0.0,210.0,210.0,0.0,,2026-03-03 08:00:00,system,2026-03-03 08:00:00,system
2864,633,2771,4,481,B26-P0481-002864,6,35.0,35.0,0.0,350.0,350.0,0.0,,2026-03-03 08:00:00,system,2026-03-03 08:00:00,system
2865,633,2772,5,1445,B26-P1445-002865,6,8.0,8.0,0.0,40.0,40.0,0.0,,2026-03-03 08:00:00,system,2026-03-03 08:00:00,system
2866,634,2774,1,399,B26-P0399-002866,6,3.0,3.0,0.0,90.0,90.0,0.0,,2026-01-24 08:00:00,system,2026-01-24 08:00:00,system
2867,634,2775,2,1184,B26-P1184-002867,1,1.0,1.0,0.0,1000.0,1000.0,0.0,,2026-01-24 08:00:00,system,2026-01-24 08:00:00,system
2868,634,2776,3,343,B26-P0343-002868,6,1.0,1.0,0.0,30.0,30.0,0.0,,2026-01-24 08:00:00,system,2026-01-24 08:00:00,system
2869,635,2773,1,663,B26-P0663-002869,6,12.0,12.0,0.0,240.0,240.0,0.0,,2026-01-26 08:00:00,system,2026-01-26 08:00:00,system
2870,635,2774,2,399,B26-P0399-002870,6,2.0,2.0,0.0,60.0,60.0,0.0,,2026-01-26 08:00:00,system,2026-01-26 08:00:00,system
2871,635,2775,3,1184,B26-P1184-002871,1,2.0,2.0,0.0,2000.0,2000.0,0.0,,2026-01-26 08:00:00,system,2026-01-26 08:00:00,system
2872,635,2776,4,343,B26-P0343-002872,6,23.0,23.0,0.0,690.0,690.0,0.0,,2026-01-26 08:00:00,system,2026-01-26 08:00:00,system
2873,636,2788,1,512,B26-P0512-002873,6,35.0,35.0,0.0,875.0,875.0,0.0,,2026-05-11 08:00:00,system,2026-05-11 08:00:00,system
2874,636,2789,2,447,B26-P0447-002874,6,12.0,12.0,0.0,60.0,60.0,0.0,,2026-05-11 08:00:00,system,2026-05-11 08:00:00,system
2875,636,2790,3,254,B26-P0254-002875,6,2.0,2.0,0.0,420.0,420.0,0.0,,2026-05-11 08:00:00,system,2026-05-11 08:00:00,system
2876,636,2791,4,742,B26-P0742-002876,6,10.0,10.0,0.0,500.0,500.0,0.0,,2026-05-11 08:00:00,system,2026-05-11 08:00:00,system
2877,636,2792,5,324,B26-P0324-002877,6,18.0,17.0,1.0,180.0,170.0,10.0,,2026-05-11 08:00:00,system,2026-05-11 08:00:00,system
2878,637,2803,1,793,B26-P0793-002878,6,4.0,4.0,0.0,120.0,120.0,0.0,,2026-05-26 08:00:00,system,2026-05-26 08:00:00,system
2879,638,2804,1,1165,B26-P1165-002879,6,4.0,4.0,0.0,4.0,4.0,0.0,,2026-06-17 08:00:00,system,2026-06-17 08:00:00,system
2880,638,2805,2,309,B26-P0309-002880,6,4.0,4.0,0.0,40.0,40.0,0.0,,2026-06-17 08:00:00,system,2026-06-17 08:00:00,system
2881,638,2806,3,103,B26-P0103-002881,6,15.0,15.0,0.0,225.0,225.0,0.0,,2026-06-17 08:00:00,system,2026-06-17 08:00:00,system
2882,638,2807,4,141,B26-P0141-002882,6,3.0,3.0,0.0,165.0,165.0,0.0,,2026-06-17 08:00:00,system,2026-06-17 08:00:00,system
2883,638,2808,5,694,B26-P0694-002883,1,8.0,8.0,0.0,4000.0,4000.0,0.0,,2026-06-17 08:00:00,system,2026-06-17 08:00:00,system
2884,639,2804,1,1165,B26-P1165-002884,6,20.0,20.0,0.0,20.0,20.0,0.0,,2026-06-21 08:00:00,system,2026-06-21 08:00:00,system
2885,639,2805,2,309,B26-P0309-002885,6,14.0,14.0,0.0,140.0,140.0,0.0,,2026-06-21 08:00:00,system,2026-06-21 08:00:00,system
2886,639,2806,3,103,B26-P0103-002886,6,9.0,9.0,0.0,135.0,135.0,0.0,,2026-06-21 08:00:00,system,2026-06-21 08:00:00,system
2887,639,2807,4,141,B26-P0141-002887,6,1.0,1.0,0.0,55.0,55.0,0.0,,2026-06-21 08:00:00,system,2026-06-21 08:00:00,system
2888,640,2809,1,1216,B26-P1216-002888,6,14.0,14.0,0.0,140.0,140.0,0.0,,2026-03-26 08:00:00,system,2026-03-26 08:00:00,system
2889,640,2810,2,1304,B26-P1304-002889,6,8.0,8.0,0.0,1440.0,1440.0,0.0,,2026-03-26 08:00:00,system,2026-03-26 08:00:00,system
2890,640,2811,3,96,B26-P0096-002890,1,4.0,4.0,0.0,4000.0,4000.0,0.0,,2026-03-26 08:00:00,system,2026-03-26 08:00:00,system
2891,640,2812,4,1159,B26-P1159-002891,6,52.0,52.0,0.0,260.0,260.0,0.0,,2026-03-26 08:00:00,system,2026-03-26 08:00:00,system
2892,640,2813,5,206,B26-P0206-002892,6,26.0,26.0,0.0,78.0,78.0,0.0,,2026-03-26 08:00:00,system,2026-03-26 08:00:00,system
2893,640,2814,6,997,B26-P0997-002893,6,8.0,8.0,0.0,400.0,400.0,0.0,,2026-03-26 08:00:00,system,2026-03-26 08:00:00,system
2894,641,2815,1,544,B26-P0544-002894,6,4.0,4.0,0.0,720.0,720.0,0.0,,2026-07-13 08:00:00,system,2026-07-13 08:00:00,system
2895,641,2817,2,1213,B26-P1213-002895,6,36.0,36.0,0.0,36.0,36.0,0.0,,2026-07-13 08:00:00,system,2026-07-13 08:00:00,system
2896,641,2818,3,59,B26-P0059-002896,6,9.0,9.0,0.0,7.2,7.2,0.0,,2026-07-13 08:00:00,system,2026-07-13 08:00:00,system
2897,642,2819,1,370,B26-P0370-002897,6,24.0,24.0,0.0,72.0,72.0,0.0,,2026-06-17 08:00:00,system,2026-06-17 08:00:00,system
2898,642,2820,2,185,B26-P0185-002898,6,3.0,3.0,0.0,150.0,150.0,0.0,,2026-06-17 08:00:00,system,2026-06-17 08:00:00,system
2899,642,2821,3,448,B26-P0448-002899,6,2.0,2.0,0.0,20.0,20.0,0.0,,2026-06-17 08:00:00,system,2026-06-17 08:00:00,system
2900,642,2822,4,644,B26-P0644-002900,1,2.0,2.0,0.0,4000.0,4000.0,0.0,,2026-06-17 08:00:00,system,2026-06-17 08:00:00,system
2901,642,2824,5,1014,B26-P1014-002901,6,8.0,8.0,0.0,80.0,80.0,0.0,,2026-06-17 08:00:00,system,2026-06-17 08:00:00,system
2902,642,2825,6,1231,B26-P1231-002902,6,6.0,6.0,0.0,60.0,60.0,0.0,,2026-06-17 08:00:00,system,2026-06-17 08:00:00,system
2903,643,2819,1,370,B26-P0370-002903,6,51.0,51.0,0.0,153.0,153.0,0.0,,2026-06-18 08:00:00,system,2026-06-18 08:00:00,system
2904,643,2820,2,185,B26-P0185-002904,6,6.0,6.0,0.0,300.0,300.0,0.0,,2026-06-18 08:00:00,system,2026-06-18 08:00:00,system
2905,643,2821,3,448,B26-P0448-002905,6,6.0,5.0,1.0,60.0,50.0,10.0,,2026-06-18 08:00:00,system,2026-06-18 08:00:00,system
2906,643,2822,4,644,B26-P0644-002906,1,2.0,2.0,0.0,4000.0,4000.0,0.0,,2026-06-18 08:00:00,system,2026-06-18 08:00:00,system
2907,643,2823,5,312,B26-P0312-002907,6,7.0,7.0,0.0,175.0,175.0,0.0,,2026-06-18 08:00:00,system,2026-06-18 08:00:00,system
2908,643,2824,6,1014,B26-P1014-002908,6,3.0,3.0,0.0,30.0,30.0,0.0,,2026-06-18 08:00:00,system,2026-06-18 08:00:00,system
2909,643,2825,7,1231,B26-P1231-002909,6,11.0,11.0,0.0,110.0,110.0,0.0,,2026-06-18 08:00:00,system,2026-06-18 08:00:00,system
2910,644,2826,1,762,B26-P0762-002910,6,5.0,4.0,1.0,75.0,60.0,15.0,,2026-07-05 08:00:00,system,2026-07-05 08:00:00,system
2911,644,2827,2,546,B26-P0546-002911,6,1.0,1.0,0.0,210.0,210.0,0.0,,2026-07-05 08:00:00,system,2026-07-05 08:00:00,system
2912,644,2830,3,823,B26-P0823-002912,6,1.0,1.0,0.0,10.0,10.0,0.0,,2026-07-05 08:00:00,system,2026-07-05 08:00:00,system
2913,645,2826,1,762,B26-P0762-002913,6,2.0,2.0,0.0,30.0,30.0,0.0,,2026-07-06 08:00:00,system,2026-07-06 08:00:00,system
2914,645,2829,2,238,B26-P0238-002914,6,6.0,6.0,0.0,60.0,60.0,0.0,,2026-07-06 08:00:00,system,2026-07-06 08:00:00,system
2915,646,2831,1,1068,B26-P1068-002915,6,12.0,12.0,0.0,24.0,24.0,0.0,,2026-03-19 08:00:00,system,2026-03-19 08:00:00,system
2916,647,2832,1,50,B26-P0050-002916,6,6.0,6.0,0.0,90.0,90.0,0.0,,2026-02-26 08:00:00,system,2026-02-26 08:00:00,system
2917,647,2833,2,1383,B26-P1383-002917,6,1.0,1.0,0.0,20.0,20.0,0.0,,2026-02-26 08:00:00,system,2026-02-26 08:00:00,system
2918,647,2834,3,859,B26-P0859-002918,6,5.0,5.0,0.0,900.0,900.0,0.0,,2026-02-26 08:00:00,system,2026-02-26 08:00:00,system
2919,647,2837,4,88,B26-P0088-002919,6,2.0,2.0,0.0,30.0,30.0,0.0,,2026-02-26 08:00:00,system,2026-02-26 08:00:00,system
2920,647,2838,5,884,B26-P0884-002920,6,16.0,16.0,0.0,480.0,480.0,0.0,,2026-02-26 08:00:00,system,2026-02-26 08:00:00,system
2921,647,2839,6,674,B26-P0674-002921,6,27.0,27.0,0.0,675.0,675.0,0.0,,2026-02-26 08:00:00,system,2026-02-26 08:00:00,system
2922,648,2833,1,1383,B26-P1383-002922,6,6.0,5.0,1.0,120.0,100.0,20.0,,2026-02-27 08:00:00,system,2026-02-27 08:00:00,system
2923,648,2834,2,859,B26-P0859-002923,6,5.0,5.0,0.0,900.0,900.0,0.0,,2026-02-27 08:00:00,system,2026-02-27 08:00:00,system
2924,648,2835,3,561,B26-P0561-002924,1,2.0,2.0,0.0,1000.0,1000.0,0.0,,2026-02-27 08:00:00,system,2026-02-27 08:00:00,system
2925,648,2836,4,1297,B26-P1297-002925,6,3.0,3.0,0.0,630.0,630.0,0.0,,2026-02-27 08:00:00,system,2026-02-27 08:00:00,system
2926,648,2837,5,88,B26-P0088-002926,6,10.0,10.0,0.0,150.0,150.0,0.0,,2026-02-27 08:00:00,system,2026-02-27 08:00:00,system
2927,648,2838,6,884,B26-P0884-002927,6,2.0,2.0,0.0,60.0,60.0,0.0,,2026-02-27 08:00:00,system,2026-02-27 08:00:00,system
2928,648,2839,7,674,B26-P0674-002928,6,3.0,3.0,0.0,75.0,75.0,0.0,,2026-02-27 08:00:00,system,2026-02-27 08:00:00,system
2929,649,2840,1,1145,B26-P1145-002929,6,24.0,24.0,0.0,480.0,480.0,0.0,,2026-03-02 08:00:00,system,2026-03-02 08:00:00,system
2930,650,2841,1,723,B26-P0723-002930,6,8.0,8.0,0.0,80.0,80.0,0.0,,2026-05-20 08:00:00,system,2026-05-20 08:00:00,system
2931,650,2842,2,356,B26-P0356-002931,6,4.0,4.0,0.0,20.0,20.0,0.0,,2026-05-20 08:00:00,system,2026-05-20 08:00:00,system
2932,650,2843,3,120,B26-P0120-002932,6,4.0,4.0,0.0,100.0,100.0,0.0,,2026-05-20 08:00:00,system,2026-05-20 08:00:00,system
2933,650,2844,4,1097,B26-P1097-002933,6,50.0,50.0,0.0,250.0,250.0,0.0,,2026-05-20 08:00:00,system,2026-05-20 08:00:00,system
2934,650,2845,5,673,B26-P0673-002934,6,11.0,11.0,0.0,220.0,220.0,0.0,,2026-05-20 08:00:00,system,2026-05-20 08:00:00,system
2935,650,2846,6,424,B26-P0424-002935,6,3.0,3.0,0.0,15.0,15.0,0.0,,2026-05-20 08:00:00,system,2026-05-20 08:00:00,system
2936,650,2847,7,257,B26-P0257-002936,6,22.0,22.0,0.0,22.0,22.0,0.0,,2026-05-20 08:00:00,system,2026-05-20 08:00:00,system
2937,650,2848,8,855,B26-P0855-002937,6,13.0,13.0,0.0,325.0,325.0,0.0,,2026-05-20 08:00:00,system,2026-05-20 08:00:00,system
2938,650,2849,9,515,B26-P0515-002938,6,5.0,5.0,0.0,275.0,275.0,0.0,,2026-05-20 08:00:00,system,2026-05-20 08:00:00,system
2939,650,2850,10,330,B26-P0330-002939,6,3.0,3.0,0.0,165.0,165.0,0.0,,2026-05-20 08:00:00,system,2026-05-20 08:00:00,system
2940,650,2852,11,365,B26-P0365-002940,6,1.0,1.0,0.0,210.0,210.0,0.0,,2026-05-20 08:00:00,system,2026-05-20 08:00:00,system
2941,650,2853,12,738,B26-P0738-002941,6,5.0,5.0,0.0,75.0,75.0,0.0,,2026-05-20 08:00:00,system,2026-05-20 08:00:00,system
2942,650,2854,13,1191,B26-P1191-002942,6,1.0,1.0,0.0,210.0,210.0,0.0,,2026-05-20 08:00:00,system,2026-05-20 08:00:00,system
2943,650,2855,14,776,B26-P0776-002943,6,3.0,3.0,0.0,45.0,45.0,0.0,,2026-05-20 08:00:00,system,2026-05-20 08:00:00,system
2944,651,2841,1,723,B26-P0723-002944,6,27.0,27.0,0.0,270.0,270.0,0.0,,2026-05-24 08:00:00,system,2026-05-24 08:00:00,system
2945,651,2842,2,356,B26-P0356-002945,6,3.0,3.0,0.0,15.0,15.0,0.0,,2026-05-24 08:00:00,system,2026-05-24 08:00:00,system
2946,651,2843,3,120,B26-P0120-002946,6,5.0,5.0,0.0,125.0,125.0,0.0,,2026-05-24 08:00:00,system,2026-05-24 08:00:00,system
2947,651,2844,4,1097,B26-P1097-002947,6,40.0,40.0,0.0,200.0,200.0,0.0,,2026-05-24 08:00:00,system,2026-05-24 08:00:00,system
2948,651,2845,5,673,B26-P0673-002948,6,21.0,21.0,0.0,420.0,420.0,0.0,,2026-05-24 08:00:00,system,2026-05-24 08:00:00,system
2949,651,2846,6,424,B26-P0424-002949,6,32.0,32.0,0.0,160.0,160.0,0.0,,2026-05-24 08:00:00,system,2026-05-24 08:00:00,system
2950,651,2847,7,257,B26-P0257-002950,6,29.0,29.0,0.0,29.0,29.0,0.0,,2026-05-24 08:00:00,system,2026-05-24 08:00:00,system
2951,651,2848,8,855,B26-P0855-002951,6,19.0,19.0,0.0,475.0,475.0,0.0,,2026-05-24 08:00:00,system,2026-05-24 08:00:00,system
2952,651,2849,9,515,B26-P0515-002952,6,1.0,1.0,0.0,55.0,55.0,0.0,,2026-05-24 08:00:00,system,2026-05-24 08:00:00,system
2953,651,2850,10,330,B26-P0330-002953,6,3.0,3.0,0.0,165.0,165.0,0.0,,2026-05-24 08:00:00,system,2026-05-24 08:00:00,system
2954,651,2851,11,1123,B26-P1123-002954,6,2.0,2.0,0.0,100.0,100.0,0.0,,2026-05-24 08:00:00,system,2026-05-24 08:00:00,system
2955,651,2852,12,365,B26-P0365-002955,6,1.0,1.0,0.0,210.0,210.0,0.0,,2026-05-24 08:00:00,system,2026-05-24 08:00:00,system
2956,651,2853,13,738,B26-P0738-002956,6,30.0,30.0,0.0,450.0,450.0,0.0,,2026-05-24 08:00:00,system,2026-05-24 08:00:00,system
2957,651,2855,14,776,B26-P0776-002957,6,4.0,3.0,1.0,60.0,45.0,15.0,,2026-05-24 08:00:00,system,2026-05-24 08:00:00,system
2958,652,2857,1,763,B26-P0763-002958,6,1.0,0.0,1.0,20.0,0.0,20.0,,2026-06-10 08:00:00,system,2026-06-10 08:00:00,system
2959,652,2858,2,1094,B26-P1094-002959,6,20.0,20.0,0.0,10.0,10.0,0.0,,2026-06-10 08:00:00,system,2026-06-10 08:00:00,system
2960,652,2859,3,129,B26-P0129-002960,6,17.0,17.0,0.0,20.4,20.4,0.0,,2026-06-10 08:00:00,system,2026-06-10 08:00:00,system
2961,652,2861,4,1438,B26-P1438-002961,6,3.0,2.0,1.0,165.0,110.0,55.0,,2026-06-10 08:00:00,system,2026-06-10 08:00:00,system
2962,652,2862,5,884,B26-P0884-002962,6,8.0,8.0,0.0,240.0,240.0,0.0,,2026-06-10 08:00:00,system,2026-06-10 08:00:00,system
2963,652,2863,6,292,B26-P0292-002963,6,4.0,4.0,0.0,60.0,60.0,0.0,,2026-06-10 08:00:00,system,2026-06-10 08:00:00,system
2964,652,2864,7,711,B26-P0711-002964,6,4.0,4.0,0.0,80.0,80.0,0.0,,2026-06-10 08:00:00,system,2026-06-10 08:00:00,system
2965,652,2865,8,202,B26-P0202-002965,1,1.0,1.0,0.0,1000.0,1000.0,0.0,,2026-06-10 08:00:00,system,2026-06-10 08:00:00,system
2966,653,2866,1,418,B26-P0418-002966,6,4.0,4.0,0.0,840.0,840.0,0.0,,2026-05-07 08:00:00,system,2026-05-07 08:00:00,system
2967,654,2867,1,1195,B26-P1195-002967,6,10.0,10.0,0.0,50.0,50.0,0.0,,2026-06-05 08:00:00,system,2026-06-05 08:00:00,system
2968,654,2868,2,1374,B26-P1374-002968,6,10.0,10.0,0.0,1800.0,1800.0,0.0,,2026-06-05 08:00:00,system,2026-06-05 08:00:00,system
2969,654,2869,3,692,B26-P0692-002969,6,2.0,2.0,0.0,360.0,360.0,0.0,,2026-06-05 08:00:00,system,2026-06-05 08:00:00,system
2970,654,2870,4,1284,B26-P1284-002970,1,2.0,2.0,0.0,4000.0,4000.0,0.0,,2026-06-05 08:00:00,system,2026-06-05 08:00:00,system
2971,654,2871,5,699,B26-P0699-002971,6,21.0,21.0,0.0,210.0,210.0,0.0,,2026-06-05 08:00:00,system,2026-06-05 08:00:00,system
2972,654,2872,6,1203,B26-P1203-002972,6,4.0,4.0,0.0,840.0,840.0,0.0,,2026-06-05 08:00:00,system,2026-06-05 08:00:00,system
2973,654,2873,7,165,B26-P0165-002973,6,30.0,30.0,0.0,300.0,300.0,0.0,,2026-06-05 08:00:00,system,2026-06-05 08:00:00,system
2974,655,2874,1,1130,B26-P1130-002974,6,20.0,20.0,0.0,200.0,200.0,0.0,,2026-06-25 08:00:00,system,2026-06-25 08:00:00,system
2975,655,2875,2,325,B26-P0325-002975,6,29.0,29.0,0.0,435.0,435.0,0.0,,2026-06-25 08:00:00,system,2026-06-25 08:00:00,system
2976,655,2876,3,11,B26-P0011-002976,6,7.0,7.0,0.0,1260.0,1260.0,0.0,,2026-06-25 08:00:00,system,2026-06-25 08:00:00,system
2977,655,2877,4,512,B26-P0512-002977,6,19.0,19.0,0.0,475.0,475.0,0.0,,2026-06-25 08:00:00,system,2026-06-25 08:00:00,system
2978,655,2878,5,1014,B26-P1014-002978,6,6.0,6.0,0.0,60.0,60.0,0.0,,2026-06-25 08:00:00,system,2026-06-25 08:00:00,system
2979,655,2879,6,847,B26-P0847-002979,1,5.0,5.0,0.0,2500.0,2500.0,0.0,,2026-06-25 08:00:00,system,2026-06-25 08:00:00,system
2980,656,2874,1,1130,B26-P1130-002980,6,5.0,5.0,0.0,50.0,50.0,0.0,,2026-06-28 08:00:00,system,2026-06-28 08:00:00,system
2981,656,2875,2,325,B26-P0325-002981,6,6.0,6.0,0.0,90.0,90.0,0.0,,2026-06-28 08:00:00,system,2026-06-28 08:00:00,system
2982,656,2876,3,11,B26-P0011-002982,6,5.0,5.0,0.0,900.0,900.0,0.0,,2026-06-28 08:00:00,system,2026-06-28 08:00:00,system
2983,656,2877,4,512,B26-P0512-002983,6,9.0,9.0,0.0,225.0,225.0,0.0,,2026-06-28 08:00:00,system,2026-06-28 08:00:00,system
2984,656,2878,5,1014,B26-P1014-002984,6,2.0,2.0,0.0,20.0,20.0,0.0,,2026-06-28 08:00:00,system,2026-06-28 08:00:00,system
2985,656,2879,6,847,B26-P0847-002985,1,1.0,1.0,0.0,500.0,500.0,0.0,,2026-06-28 08:00:00,system,2026-06-28 08:00:00,system
2986,657,2880,1,211,B26-P0211-002986,6,3.0,3.0,0.0,75.0,75.0,0.0,,2026-05-15 08:00:00,system,2026-05-15 08:00:00,system
2987,657,2881,2,1398,B26-P1398-002987,6,23.0,23.0,0.0,575.0,575.0,0.0,,2026-05-15 08:00:00,system,2026-05-15 08:00:00,system
2988,657,2882,3,1059,B26-P1059-002988,6,63.0,62.0,1.0,315.0,310.0,5.0,,2026-05-15 08:00:00,system,2026-05-15 08:00:00,system
2989,657,2883,4,1102,B26-P1102-002989,6,13.0,13.0,0.0,5.2,5.2,0.0,,2026-05-15 08:00:00,system,2026-05-15 08:00:00,system
2990,657,2884,5,1097,B26-P1097-002990,6,10.0,10.0,0.0,50.0,50.0,0.0,,2026-05-15 08:00:00,system,2026-05-15 08:00:00,system
2991,657,2885,6,840,B26-P0840-002991,6,3.0,3.0,0.0,75.0,75.0,0.0,,2026-05-15 08:00:00,system,2026-05-15 08:00:00,system
2992,657,2886,7,729,B26-P0729-002992,6,6.0,6.0,0.0,330.0,330.0,0.0,,2026-05-15 08:00:00,system,2026-05-15 08:00:00,system
2993,658,2880,1,211,B26-P0211-002993,6,15.0,15.0,0.0,375.0,375.0,0.0,,2026-05-18 08:00:00,system,2026-05-18 08:00:00,system
2994,658,2881,2,1398,B26-P1398-002994,6,4.0,3.0,1.0,100.0,75.0,25.0,,2026-05-18 08:00:00,system,2026-05-18 08:00:00,system
2995,658,2882,3,1059,B26-P1059-002995,6,18.0,18.0,0.0,90.0,90.0,0.0,,2026-05-18 08:00:00,system,2026-05-18 08:00:00,system
2996,658,2883,4,1102,B26-P1102-002996,6,9.0,9.0,0.0,3.6,3.6,0.0,,2026-05-18 08:00:00,system,2026-05-18 08:00:00,system
2997,658,2884,5,1097,B26-P1097-002997,6,1.0,1.0,0.0,5.0,5.0,0.0,,2026-05-18 08:00:00,system,2026-05-18 08:00:00,system
2998,658,2885,6,840,B26-P0840-002998,6,9.0,9.0,0.0,225.0,225.0,0.0,,2026-05-18 08:00:00,system,2026-05-18 08:00:00,system
2999,659,2880,1,211,B26-P0211-002999,6,6.0,6.0,0.0,150.0,150.0,0.0,,2026-05-23 08:00:00,system,2026-05-23 08:00:00,system
3000,659,2881,2,1398,B26-P1398-003000,6,1.0,1.0,0.0,25.0,25.0,0.0,,2026-05-23 08:00:00,system,2026-05-23 08:00:00,system
3001,659,2882,3,1059,B26-P1059-003001,6,9.0,9.0,0.0,45.0,45.0,0.0,,2026-05-23 08:00:00,system,2026-05-23 08:00:00,system
3002,659,2883,4,1102,B26-P1102-003002,6,4.0,4.0,0.0,1.6,1.6,0.0,,2026-05-23 08:00:00,system,2026-05-23 08:00:00,system
3003,659,2884,5,1097,B26-P1097-003003,6,7.0,7.0,0.0,35.0,35.0,0.0,,2026-05-23 08:00:00,system,2026-05-23 08:00:00,system
3004,659,2885,6,840,B26-P0840-003004,6,2.0,2.0,0.0,50.0,50.0,0.0,,2026-05-23 08:00:00,system,2026-05-23 08:00:00,system
3005,660,2887,1,339,B26-P0339-003005,6,12.0,12.0,0.0,120.0,120.0,0.0,,2026-05-24 08:00:00,system,2026-05-24 08:00:00,system
3006,660,2888,2,267,B26-P0267-003006,6,8.0,7.0,1.0,440.0,385.0,55.0,,2026-05-24 08:00:00,system,2026-05-24 08:00:00,system
3007,660,2889,3,475,B26-P0475-003007,1,6.0,6.0,0.0,6000.0,6000.0,0.0,,2026-05-24 08:00:00,system,2026-05-24 08:00:00,system
3008,661,2900,1,1404,B26-P1404-003008,1,2.0,2.0,0.0,1000.0,1000.0,0.0,,2026-04-24 08:00:00,system,2026-04-24 08:00:00,system
3009,661,2901,2,1199,B26-P1199-003009,6,1.0,1.0,0.0,210.0,210.0,0.0,,2026-04-24 08:00:00,system,2026-04-24 08:00:00,system
3010,661,2902,3,638,B26-P0638-003010,6,6.0,6.0,0.0,300.0,300.0,0.0,,2026-04-24 08:00:00,system,2026-04-24 08:00:00,system
3011,661,2903,4,1003,B26-P1003-003011,6,14.0,14.0,0.0,28.0,28.0,0.0,,2026-04-24 08:00:00,system,2026-04-24 08:00:00,system
3012,662,2904,1,792,B26-P0792-003012,6,3.0,2.0,1.0,75.0,50.0,25.0,,2026-05-14 08:00:00,system,2026-05-14 08:00:00,system
3013,662,2905,2,732,B26-P0732-003013,1,1.0,1.0,0.0,500.0,500.0,0.0,,2026-05-14 08:00:00,system,2026-05-14 08:00:00,system
3014,662,2906,3,1279,B26-P1279-003014,6,11.0,10.0,1.0,220.0,200.0,20.0,,2026-05-14 08:00:00,system,2026-05-14 08:00:00,system
3015,662,2907,4,1197,B26-P1197-003015,6,18.0,18.0,0.0,360.0,360.0,0.0,,2026-05-14 08:00:00,system,2026-05-14 08:00:00,system
3016,663,2904,1,792,B26-P0792-003016,6,9.0,8.0,1.0,225.0,200.0,25.0,,2026-05-15 08:00:00,system,2026-05-15 08:00:00,system
3017,663,2906,2,1279,B26-P1279-003017,6,4.0,4.0,0.0,80.0,80.0,0.0,,2026-05-15 08:00:00,system,2026-05-15 08:00:00,system
3018,664,2908,1,1305,B26-P1305-003018,6,1.0,1.0,0.0,210.0,210.0,0.0,,2026-01-24 08:00:00,system,2026-01-24 08:00:00,system
3019,664,2910,2,556,B26-P0556-003019,6,16.0,16.0,0.0,480.0,480.0,0.0,,2026-01-24 08:00:00,system,2026-01-24 08:00:00,system
3020,664,2912,3,127,B26-P0127-003020,6,40.0,40.0,0.0,32.0,32.0,0.0,,2026-01-24 08:00:00,system,2026-01-24 08:00:00,system
3021,664,2915,4,183,B26-P0183-003021,6,16.0,16.0,0.0,400.0,400.0,0.0,,2026-01-24 08:00:00,system,2026-01-24 08:00:00,system
3022,664,2916,5,646,B26-P0646-003022,6,7.0,7.0,0.0,35.0,35.0,0.0,,2026-01-24 08:00:00,system,2026-01-24 08:00:00,system
3023,665,2908,1,1305,B26-P1305-003023,6,3.0,3.0,0.0,630.0,630.0,0.0,,2026-01-27 08:00:00,system,2026-01-27 08:00:00,system
3024,665,2909,2,1357,B26-P1357-003024,6,2.0,2.0,0.0,110.0,110.0,0.0,,2026-01-27 08:00:00,system,2026-01-27 08:00:00,system
3025,665,2910,3,556,B26-P0556-003025,6,1.0,1.0,0.0,30.0,30.0,0.0,,2026-01-27 08:00:00,system,2026-01-27 08:00:00,system
3026,665,2911,4,382,B26-P0382-003026,6,38.0,38.0,0.0,30.4,30.4,0.0,,2026-01-27 08:00:00,system,2026-01-27 08:00:00,system
3027,665,2912,5,127,B26-P0127-003027,6,14.0,14.0,0.0,11.2,11.2,0.0,,2026-01-27 08:00:00,system,2026-01-27 08:00:00,system
3028,665,2914,6,754,B26-P0754-003028,6,7.0,7.0,0.0,1260.0,1260.0,0.0,,2026-01-27 08:00:00,system,2026-01-27 08:00:00,system
3029,665,2915,7,183,B26-P0183-003029,6,6.0,6.0,0.0,150.0,150.0,0.0,,2026-01-27 08:00:00,system,2026-01-27 08:00:00,system
3030,665,2916,8,646,B26-P0646-003030,6,21.0,21.0,0.0,105.0,105.0,0.0,,2026-01-27 08:00:00,system,2026-01-27 08:00:00,system
3031,666,2922,1,476,B26-P0476-003031,6,6.0,6.0,0.0,4.8,4.8,0.0,,2026-06-07 08:00:00,system,2026-06-07 08:00:00,system
3032,666,2923,2,165,B26-P0165-003032,6,2.0,2.0,0.0,20.0,20.0,0.0,,2026-06-07 08:00:00,system,2026-06-07 08:00:00,system
3033,666,2924,3,390,B26-P0390-003033,6,24.0,24.0,0.0,600.0,600.0,0.0,,2026-06-07 08:00:00,system,2026-06-07 08:00:00,system
3034,666,2925,4,1080,B26-P1080-003034,6,6.0,6.0,0.0,108.0,108.0,0.0,,2026-06-07 08:00:00,system,2026-06-07 08:00:00,system
3035,667,2922,1,476,B26-P0476-003035,6,24.0,24.0,0.0,19.2,19.2,0.0,,2026-06-08 08:00:00,system,2026-06-08 08:00:00,system
3036,667,2923,2,165,B26-P0165-003036,6,16.0,16.0,0.0,160.0,160.0,0.0,,2026-06-08 08:00:00,system,2026-06-08 08:00:00,system
3037,667,2925,3,1080,B26-P1080-003037,6,10.0,10.0,0.0,180.0,180.0,0.0,,2026-06-08 08:00:00,system,2026-06-08 08:00:00,system
3038,668,2932,1,771,B26-P0771-003038,1,4.0,4.0,0.0,4000.0,4000.0,0.0,,2026-02-28 08:00:00,system,2026-02-28 08:00:00,system
3039,668,2933,2,542,B26-P0542-003039,6,4.0,4.0,0.0,200.0,200.0,0.0,,2026-02-28 08:00:00,system,2026-02-28 08:00:00,system
3040,668,2934,3,655,B26-P0655-003040,6,3.0,3.0,0.0,630.0,630.0,0.0,,2026-02-28 08:00:00,system,2026-02-28 08:00:00,system
3041,669,2935,1,220,B26-P0220-003041,6,1.0,1.0,0.0,1.2,1.2,0.0,,2026-06-02 08:00:00,system,2026-06-02 08:00:00,system
3042,669,2940,2,224,B26-P0224-003042,6,10.0,10.0,0.0,150.0,150.0,0.0,,2026-06-02 08:00:00,system,2026-06-02 08:00:00,system
3043,669,2941,3,1465,B26-P1465-003043,1,2.0,2.0,0.0,2000.0,2000.0,0.0,,2026-06-02 08:00:00,system,2026-06-02 08:00:00,system
3044,669,2943,4,252,B26-P0252-003044,6,3.0,3.0,0.0,165.0,165.0,0.0,,2026-06-02 08:00:00,system,2026-06-02 08:00:00,system
3045,670,2935,1,220,B26-P0220-003045,6,3.0,3.0,0.0,3.6,3.6,0.0,,2026-06-04 08:00:00,system,2026-06-04 08:00:00,system
3046,670,2937,2,770,B26-P0770-003046,1,1.0,1.0,0.0,500.0,500.0,0.0,,2026-06-04 08:00:00,system,2026-06-04 08:00:00,system
3047,670,2938,3,547,B26-P0547-003047,1,1.0,1.0,0.0,500.0,500.0,0.0,,2026-06-04 08:00:00,system,2026-06-04 08:00:00,system
3048,670,2939,4,503,B26-P0503-003048,6,2.0,2.0,0.0,420.0,420.0,0.0,,2026-06-04 08:00:00,system,2026-06-04 08:00:00,system
3049,670,2940,5,224,B26-P0224-003049,6,10.0,10.0,0.0,150.0,150.0,0.0,,2026-06-04 08:00:00,system,2026-06-04 08:00:00,system
3050,671,2944,1,424,B26-P0424-003050,6,2.0,2.0,0.0,10.0,10.0,0.0,,2026-03-31 08:00:00,system,2026-03-31 08:00:00,system
3051,671,2945,2,516,B26-P0516-003051,6,12.0,12.0,0.0,2160.0,2160.0,0.0,,2026-03-31 08:00:00,system,2026-03-31 08:00:00,system
3052,671,2946,3,347,B26-P0347-003052,6,3.0,3.0,0.0,630.0,630.0,0.0,,2026-03-31 08:00:00,system,2026-03-31 08:00:00,system
3053,671,2947,4,830,B26-P0830-003053,6,4.0,4.0,0.0,720.0,720.0,0.0,,2026-03-31 08:00:00,system,2026-03-31 08:00:00,system
3054,671,2948,5,1381,B26-P1381-003054,6,20.0,20.0,0.0,200.0,200.0,0.0,,2026-03-31 08:00:00,system,2026-03-31 08:00:00,system
3055,671,2951,6,1027,B26-P1027-003055,6,27.0,27.0,0.0,10.8,10.8,0.0,,2026-03-31 08:00:00,system,2026-03-31 08:00:00,system
3056,672,2944,1,424,B26-P0424-003056,6,5.0,5.0,0.0,25.0,25.0,0.0,,2026-04-01 08:00:00,system,2026-04-01 08:00:00,system
3057,672,2947,2,830,B26-P0830-003057,6,2.0,2.0,0.0,360.0,360.0,0.0,,2026-04-01 08:00:00,system,2026-04-01 08:00:00,system
3058,672,2948,3,1381,B26-P1381-003058,6,7.0,6.0,1.0,70.0,60.0,10.0,,2026-04-01 08:00:00,system,2026-04-01 08:00:00,system
3059,672,2949,4,687,B26-P0687-003059,6,16.0,15.0,1.0,320.0,300.0,20.0,,2026-04-01 08:00:00,system,2026-04-01 08:00:00,system
3060,672,2950,5,554,B26-P0554-003060,6,18.0,18.0,0.0,360.0,360.0,0.0,,2026-04-01 08:00:00,system,2026-04-01 08:00:00,system
3061,672,2951,6,1027,B26-P1027-003061,6,35.0,35.0,0.0,14.0,14.0,0.0,,2026-04-01 08:00:00,system,2026-04-01 08:00:00,system
3062,673,2952,1,447,B26-P0447-003062,6,24.0,24.0,0.0,120.0,120.0,0.0,,2026-04-13 08:00:00,system,2026-04-13 08:00:00,system
3063,673,2953,2,497,B26-P0497-003063,6,30.0,30.0,0.0,450.0,450.0,0.0,,2026-04-13 08:00:00,system,2026-04-13 08:00:00,system
3064,673,2954,3,897,B26-P0897-003064,6,18.0,18.0,0.0,360.0,360.0,0.0,,2026-04-13 08:00:00,system,2026-04-13 08:00:00,system
3065,673,2955,4,1025,B26-P1025-003065,6,15.0,15.0,0.0,750.0,750.0,0.0,,2026-04-13 08:00:00,system,2026-04-13 08:00:00,system
3066,673,2956,5,905,B26-P0905-003066,1,4.0,4.0,0.0,4000.0,4000.0,0.0,,2026-04-13 08:00:00,system,2026-04-13 08:00:00,system
3067,673,2957,6,129,B26-P0129-003067,6,42.0,42.0,0.0,50.4,50.4,0.0,,2026-04-13 08:00:00,system,2026-04-13 08:00:00,system
3068,673,2958,7,19,B26-P0019-003068,6,28.0,28.0,0.0,280.0,280.0,0.0,,2026-04-13 08:00:00,system,2026-04-13 08:00:00,system
3069,674,2959,1,713,B26-P0713-003069,6,3.0,3.0,0.0,90.0,90.0,0.0,,2026-03-30 08:00:00,system,2026-03-30 08:00:00,system
3070,674,2960,2,895,B26-P0895-003070,6,7.0,7.0,0.0,70.0,70.0,0.0,,2026-03-30 08:00:00,system,2026-03-30 08:00:00,system
3071,674,2961,3,905,B26-P0905-003071,1,1.0,1.0,0.0,1000.0,1000.0,0.0,,2026-03-30 08:00:00,system,2026-03-30 08:00:00,system
3072,674,2962,4,443,B26-P0443-003072,6,31.0,31.0,0.0,24.8,24.8,0.0,,2026-03-30 08:00:00,system,2026-03-30 08:00:00,system
3073,674,2964,5,1076,B26-P1076-003073,6,72.0,72.0,0.0,72.0,72.0,0.0,,2026-03-30 08:00:00,system,2026-03-30 08:00:00,system
3074,674,2965,6,126,B26-P0126-003074,1,3.0,3.0,0.0,3000.0,3000.0,0.0,,2026-03-30 08:00:00,system,2026-03-30 08:00:00,system
3075,674,2966,7,453,B26-P0453-003075,6,1.0,0.0,1.0,50.0,0.0,50.0,,2026-03-30 08:00:00,system,2026-03-30 08:00:00,system
3076,674,2967,8,336,B26-P0336-003076,6,2.0,2.0,0.0,2.4,2.4,0.0,,2026-03-30 08:00:00,system,2026-03-30 08:00:00,system
3077,675,2959,1,713,B26-P0713-003077,6,33.0,33.0,0.0,990.0,990.0,0.0,,2026-04-04 08:00:00,system,2026-04-04 08:00:00,system
3078,675,2960,2,895,B26-P0895-003078,6,14.0,14.0,0.0,140.0,140.0,0.0,,2026-04-04 08:00:00,system,2026-04-04 08:00:00,system
3079,675,2961,3,905,B26-P0905-003079,1,3.0,3.0,0.0,3000.0,3000.0,0.0,,2026-04-04 08:00:00,system,2026-04-04 08:00:00,system
3080,675,2962,4,443,B26-P0443-003080,6,41.0,41.0,0.0,32.8,32.8,0.0,,2026-04-04 08:00:00,system,2026-04-04 08:00:00,system
3081,675,2963,5,179,B26-P0179-003081,6,16.0,16.0,0.0,80.0,80.0,0.0,,2026-04-04 08:00:00,system,2026-04-04 08:00:00,system
3082,675,2964,6,1076,B26-P1076-003082,6,8.0,8.0,0.0,8.0,8.0,0.0,,2026-04-04 08:00:00,system,2026-04-04 08:00:00,system
3083,675,2965,7,126,B26-P0126-003083,1,1.0,1.0,0.0,1000.0,1000.0,0.0,,2026-04-04 08:00:00,system,2026-04-04 08:00:00,system
3084,675,2966,8,453,B26-P0453-003084,6,3.0,3.0,0.0,150.0,150.0,0.0,,2026-04-04 08:00:00,system,2026-04-04 08:00:00,system
3085,675,2967,9,336,B26-P0336-003085,6,73.0,73.0,0.0,87.6,87.6,0.0,,2026-04-04 08:00:00,system,2026-04-04 08:00:00,system
3086,676,2968,1,263,B26-P0263-003086,6,12.0,12.0,0.0,240.0,240.0,0.0,,2026-03-13 08:00:00,system,2026-03-13 08:00:00,system
3087,676,2969,2,1231,B26-P1231-003087,6,6.0,6.0,0.0,60.0,60.0,0.0,,2026-03-13 08:00:00,system,2026-03-13 08:00:00,system
3088,676,2970,3,1130,B26-P1130-003088,6,10.0,10.0,0.0,100.0,100.0,0.0,,2026-03-13 08:00:00,system,2026-03-13 08:00:00,system
3089,676,2971,4,741,B26-P0741-003089,6,8.0,8.0,0.0,240.0,240.0,0.0,,2026-03-13 08:00:00,system,2026-03-13 08:00:00,system
3090,676,2972,5,340,B26-P0340-003090,6,14.0,14.0,0.0,210.0,210.0,0.0,,2026-03-13 08:00:00,system,2026-03-13 08:00:00,system
3091,676,2973,6,742,B26-P0742-003091,6,6.0,5.0,1.0,300.0,250.0,50.0,,2026-03-13 08:00:00,system,2026-03-13 08:00:00,system
3092,676,2974,7,534,B26-P0534-003092,1,8.0,8.0,0.0,16000.0,16000.0,0.0,,2026-03-13 08:00:00,system,2026-03-13 08:00:00,system
3093,676,2975,8,477,B26-P0477-003093,6,36.0,35.0,1.0,36.0,35.0,1.0,,2026-03-13 08:00:00,system,2026-03-13 08:00:00,system
3094,676,2976,9,104,B26-P0104-003094,6,24.0,24.0,0.0,480.0,480.0,0.0,,2026-03-13 08:00:00,system,2026-03-13 08:00:00,system
3095,676,2977,10,751,B26-P0751-003095,6,28.0,28.0,0.0,840.0,840.0,0.0,,2026-03-13 08:00:00,system,2026-03-13 08:00:00,system
3096,677,2978,1,1345,B26-P1345-003096,6,15.0,15.0,0.0,75.0,75.0,0.0,,2026-04-12 08:00:00,system,2026-04-12 08:00:00,system
3097,677,2979,2,697,B26-P0697-003097,6,37.0,37.0,0.0,111.0,111.0,0.0,,2026-04-12 08:00:00,system,2026-04-12 08:00:00,system
3098,677,2980,3,639,B26-P0639-003098,6,3.0,3.0,0.0,165.0,165.0,0.0,,2026-04-12 08:00:00,system,2026-04-12 08:00:00,system
3099,677,2981,4,884,B26-P0884-003099,6,16.0,16.0,0.0,480.0,480.0,0.0,,2026-04-12 08:00:00,system,2026-04-12 08:00:00,system
3100,677,2982,5,1470,B26-P1470-003100,6,2.0,2.0,0.0,30.0,30.0,0.0,,2026-04-12 08:00:00,system,2026-04-12 08:00:00,system
3101,677,2983,6,303,B26-P0303-003101,1,2.0,2.0,0.0,2000.0,2000.0,0.0,,2026-04-12 08:00:00,system,2026-04-12 08:00:00,system
3102,677,2984,7,99,B26-P0099-003102,6,15.0,15.0,0.0,18.0,18.0,0.0,,2026-04-12 08:00:00,system,2026-04-12 08:00:00,system
3103,678,2978,1,1345,B26-P1345-003103,6,13.0,13.0,0.0,65.0,65.0,0.0,,2026-04-14 08:00:00,system,2026-04-14 08:00:00,system
3104,678,2979,2,697,B26-P0697-003104,6,28.0,28.0,0.0,84.0,84.0,0.0,,2026-04-14 08:00:00,system,2026-04-14 08:00:00,system
3105,678,2980,3,639,B26-P0639-003105,6,1.0,1.0,0.0,55.0,55.0,0.0,,2026-04-14 08:00:00,system,2026-04-14 08:00:00,system
3106,678,2981,4,884,B26-P0884-003106,6,2.0,2.0,0.0,60.0,60.0,0.0,,2026-04-14 08:00:00,system,2026-04-14 08:00:00,system
3107,678,2982,5,1470,B26-P1470-003107,6,5.0,5.0,0.0,75.0,75.0,0.0,,2026-04-14 08:00:00,system,2026-04-14 08:00:00,system
3108,678,2983,6,303,B26-P0303-003108,1,2.0,2.0,0.0,2000.0,2000.0,0.0,,2026-04-14 08:00:00,system,2026-04-14 08:00:00,system
3109,678,2984,7,99,B26-P0099-003109,6,7.0,7.0,0.0,8.4,8.4,0.0,,2026-04-14 08:00:00,system,2026-04-14 08:00:00,system
3110,679,2995,1,490,B26-P0490-003110,1,2.0,2.0,0.0,2000.0,2000.0,0.0,,2026-01-17 08:00:00,system,2026-01-17 08:00:00,system
3111,680,3006,1,1325,B26-P1325-003111,1,2.0,2.0,0.0,4000.0,4000.0,0.0,,2026-06-08 08:00:00,system,2026-06-08 08:00:00,system
3112,681,3007,1,582,B26-P0582-003112,6,21.0,21.0,0.0,420.0,420.0,0.0,,2026-01-07 08:00:00,system,2026-01-07 08:00:00,system
3113,681,3008,2,249,B26-P0249-003113,6,15.0,15.0,0.0,15.0,15.0,0.0,,2026-01-07 08:00:00,system,2026-01-07 08:00:00,system
3114,681,3009,3,499,B26-P0499-003114,6,21.0,21.0,0.0,525.0,525.0,0.0,,2026-01-07 08:00:00,system,2026-01-07 08:00:00,system
3115,682,3011,1,464,B26-P0464-003115,6,10.0,10.0,0.0,150.0,150.0,0.0,,2026-03-29 08:00:00,system,2026-03-29 08:00:00,system
3116,682,3012,2,731,B26-P0731-003116,6,2.0,2.0,0.0,420.0,420.0,0.0,,2026-03-29 08:00:00,system,2026-03-29 08:00:00,system
3117,682,3013,3,149,B26-P0149-003117,6,15.0,15.0,0.0,75.0,75.0,0.0,,2026-03-29 08:00:00,system,2026-03-29 08:00:00,system
3118,682,3014,4,1349,B26-P1349-003118,6,1.0,1.0,0.0,210.0,210.0,0.0,,2026-03-29 08:00:00,system,2026-03-29 08:00:00,system
3119,683,3015,1,900,B26-P0900-003119,6,15.0,15.0,0.0,750.0,750.0,0.0,,2026-04-06 08:00:00,system,2026-04-06 08:00:00,system
3120,684,3016,1,366,B26-P0366-003120,1,8.0,8.0,0.0,8000.0,8000.0,0.0,,2026-01-29 08:00:00,system,2026-01-29 08:00:00,system
3121,684,3017,2,93,B26-P0093-003121,6,8.0,8.0,0.0,440.0,440.0,0.0,,2026-01-29 08:00:00,system,2026-01-29 08:00:00,system
3122,684,3018,3,1345,B26-P1345-003122,6,60.0,60.0,0.0,300.0,300.0,0.0,,2026-01-29 08:00:00,system,2026-01-29 08:00:00,system
3123,684,3019,4,459,B26-P0459-003123,6,70.0,70.0,0.0,70.0,70.0,0.0,,2026-01-29 08:00:00,system,2026-01-29 08:00:00,system
3124,684,3020,5,558,B26-P0558-003124,6,6.0,6.0,0.0,330.0,330.0,0.0,,2026-01-29 08:00:00,system,2026-01-29 08:00:00,system
3125,685,3021,1,435,B26-P0435-003125,6,18.0,18.0,0.0,360.0,360.0,0.0,,2026-01-22 08:00:00,system,2026-01-22 08:00:00,system
3126,685,3022,2,277,B26-P0277-003126,6,14.0,14.0,0.0,210.0,210.0,0.0,,2026-01-22 08:00:00,system,2026-01-22 08:00:00,system
3127,685,3023,3,86,B26-P0086-003127,6,24.0,24.0,0.0,120.0,120.0,0.0,,2026-01-22 08:00:00,system,2026-01-22 08:00:00,system
3128,685,3024,4,536,B26-P0536-003128,6,30.0,30.0,0.0,150.0,150.0,0.0,,2026-01-22 08:00:00,system,2026-01-22 08:00:00,system
3129,686,3025,1,629,B26-P0629-003129,6,10.0,10.0,0.0,550.0,550.0,0.0,,2026-01-18 08:00:00,system,2026-01-18 08:00:00,system
3130,686,3026,2,1312,B26-P1312-003130,6,8.0,8.0,0.0,1440.0,1440.0,0.0,,2026-01-18 08:00:00,system,2026-01-18 08:00:00,system
3131,686,3027,3,168,B26-P0168-003131,6,14.0,13.0,1.0,350.0,325.0,25.0,,2026-01-18 08:00:00,system,2026-01-18 08:00:00,system
3132,686,3028,4,1403,B26-P1403-003132,6,3.0,3.0,0.0,630.0,630.0,0.0,,2026-01-18 08:00:00,system,2026-01-18 08:00:00,system
3133,686,3029,5,1423,B26-P1423-003133,6,18.0,18.0,0.0,180.0,180.0,0.0,,2026-01-18 08:00:00,system,2026-01-18 08:00:00,system
3134,686,3030,6,280,B26-P0280-003134,6,24.0,24.0,0.0,720.0,720.0,0.0,,2026-01-18 08:00:00,system,2026-01-18 08:00:00,system
3135,686,3031,7,1221,B26-P1221-003135,6,11.0,10.0,1.0,11.0,10.0,1.0,,2026-01-18 08:00:00,system,2026-01-18 08:00:00,system
3136,686,3032,8,232,B26-P0232-003136,1,1.0,1.0,0.0,1000.0,1000.0,0.0,,2026-01-18 08:00:00,system,2026-01-18 08:00:00,system
3137,686,3033,9,472,B26-P0472-003137,6,6.0,6.0,0.0,330.0,330.0,0.0,,2026-01-18 08:00:00,system,2026-01-18 08:00:00,system
3138,687,3034,1,421,B26-P0421-003138,6,24.0,24.0,0.0,24.0,24.0,0.0,,2026-02-25 08:00:00,system,2026-02-25 08:00:00,system
3139,687,3035,2,156,B26-P0156-003139,6,2.0,1.0,1.0,110.0,55.0,55.0,,2026-02-25 08:00:00,system,2026-02-25 08:00:00,system
3140,687,3036,3,580,B26-P0580-003140,6,24.0,24.0,0.0,240.0,240.0,0.0,,2026-02-25 08:00:00,system,2026-02-25 08:00:00,system
3141,687,3037,4,1499,B26-P1499-003141,6,2.0,2.0,0.0,360.0,360.0,0.0,,2026-02-25 08:00:00,system,2026-02-25 08:00:00,system
3142,687,3038,5,593,B26-P0593-003142,6,80.0,80.0,0.0,240.0,240.0,0.0,,2026-02-25 08:00:00,system,2026-02-25 08:00:00,system
3143,687,3039,6,1415,B26-P1415-003143,6,2.0,2.0,0.0,110.0,110.0,0.0,,2026-02-25 08:00:00,system,2026-02-25 08:00:00,system
3144,688,3040,1,1432,B26-P1432-003144,6,3.0,3.0,0.0,30.0,30.0,0.0,,2026-06-28 08:00:00,system,2026-06-28 08:00:00,system
3145,688,3041,2,493,B26-P0493-003145,6,32.0,32.0,0.0,38.4,38.4,0.0,,2026-06-28 08:00:00,system,2026-06-28 08:00:00,system
3146,688,3042,3,980,B26-P0980-003146,6,7.0,7.0,0.0,1260.0,1260.0,0.0,,2026-06-28 08:00:00,system,2026-06-28 08:00:00,system
3147,688,3043,4,1159,B26-P1159-003147,6,7.0,6.0,1.0,35.0,30.0,5.0,,2026-06-28 08:00:00,system,2026-06-28 08:00:00,system
3148,688,3044,5,896,B26-P0896-003148,6,25.0,25.0,0.0,375.0,375.0,0.0,,2026-06-28 08:00:00,system,2026-06-28 08:00:00,system
3149,689,3040,1,1432,B26-P1432-003149,6,7.0,7.0,0.0,70.0,70.0,0.0,,2026-06-30 08:00:00,system,2026-06-30 08:00:00,system
3150,689,3041,2,493,B26-P0493-003150,6,38.0,38.0,0.0,45.6,45.6,0.0,,2026-06-30 08:00:00,system,2026-06-30 08:00:00,system
3151,689,3042,3,980,B26-P0980-003151,6,1.0,1.0,0.0,180.0,180.0,0.0,,2026-06-30 08:00:00,system,2026-06-30 08:00:00,system
3152,689,3043,4,1159,B26-P1159-003152,6,4.0,4.0,0.0,20.0,20.0,0.0,,2026-06-30 08:00:00,system,2026-06-30 08:00:00,system
3153,689,3044,5,896,B26-P0896-003153,6,10.0,10.0,0.0,150.0,150.0,0.0,,2026-06-30 08:00:00,system,2026-06-30 08:00:00,system
3154,690,3045,1,343,B26-P0343-003154,6,18.0,18.0,0.0,540.0,540.0,0.0,,2026-03-08 08:00:00,system,2026-03-08 08:00:00,system
3155,691,3049,1,902,B26-P0902-003155,6,10.0,10.0,0.0,1800.0,1800.0,0.0,,2026-06-27 08:00:00,system,2026-06-27 08:00:00,system
3156,692,3050,1,350,B26-P0350-003156,6,60.0,60.0,0.0,60.0,60.0,0.0,,2026-04-21 08:00:00,system,2026-04-21 08:00:00,system
3157,693,3056,1,1421,B26-P1421-003157,6,60.0,60.0,0.0,180.0,180.0,0.0,,2026-06-09 08:00:00,system,2026-06-09 08:00:00,system
3158,694,3057,1,548,B26-P0548-003158,1,8.0,8.0,0.0,8000.0,8000.0,0.0,,2026-06-22 08:00:00,system,2026-06-22 08:00:00,system
3159,694,3058,2,1426,B26-P1426-003159,6,4.0,4.0,0.0,840.0,840.0,0.0,,2026-06-22 08:00:00,system,2026-06-22 08:00:00,system
3160,694,3059,3,231,B26-P0231-003160,6,2.0,2.0,0.0,420.0,420.0,0.0,,2026-06-22 08:00:00,system,2026-06-22 08:00:00,system
3161,695,3065,1,1475,B26-P1475-003161,6,3.0,2.0,1.0,165.0,110.0,55.0,,2026-04-14 08:00:00,system,2026-04-14 08:00:00,system
3162,695,3067,2,583,B26-P0583-003162,6,1.0,1.0,0.0,25.0,25.0,0.0,,2026-04-14 08:00:00,system,2026-04-14 08:00:00,system
3163,695,3068,3,680,B26-P0680-003163,1,2.0,2.0,0.0,1000.0,1000.0,0.0,,2026-04-14 08:00:00,system,2026-04-14 08:00:00,system
3164,695,3069,4,687,B26-P0687-003164,6,7.0,6.0,1.0,140.0,120.0,20.0,,2026-04-14 08:00:00,system,2026-04-14 08:00:00,system
3165,695,3073,5,380,B26-P0380-003165,6,2.0,2.0,0.0,420.0,420.0,0.0,,2026-04-14 08:00:00,system,2026-04-14 08:00:00,system
3166,696,3067,1,583,B26-P0583-003166,6,2.0,2.0,0.0,50.0,50.0,0.0,,2026-04-19 08:00:00,system,2026-04-19 08:00:00,system
3167,696,3069,2,687,B26-P0687-003167,6,9.0,9.0,0.0,180.0,180.0,0.0,,2026-04-19 08:00:00,system,2026-04-19 08:00:00,system
3168,696,3070,3,873,B26-P0873-003168,6,5.0,5.0,0.0,900.0,900.0,0.0,,2026-04-19 08:00:00,system,2026-04-19 08:00:00,system
3169,696,3072,4,985,B26-P0985-003169,6,3.0,2.0,1.0,15.0,10.0,5.0,,2026-04-19 08:00:00,system,2026-04-19 08:00:00,system
3170,696,3073,5,380,B26-P0380-003170,6,1.0,0.0,1.0,210.0,0.0,210.0,,2026-04-19 08:00:00,system,2026-04-19 08:00:00,system
3171,697,3074,1,533,B26-P0533-003171,1,1.0,0.0,1.0,1000.0,0.0,1000.0,,2026-01-12 08:00:00,system,2026-01-12 08:00:00,system
3172,698,3085,1,269,B26-P0269-003172,6,1.0,1.0,0.0,210.0,210.0,0.0,,2026-03-23 08:00:00,system,2026-03-23 08:00:00,system
3173,699,3087,1,1011,B26-P1011-003173,6,42.0,42.0,0.0,42.0,42.0,0.0,,2026-03-20 08:00:00,system,2026-03-20 08:00:00,system
3174,700,3091,1,1190,B26-P1190-003174,6,2.0,2.0,0.0,110.0,110.0,0.0,,2026-01-15 08:00:00,system,2026-01-15 08:00:00,system
3175,700,3092,2,775,B26-P0775-003175,6,12.0,12.0,0.0,120.0,120.0,0.0,,2026-01-15 08:00:00,system,2026-01-15 08:00:00,system
3176,701,3093,1,443,B26-P0443-003176,6,39.0,39.0,0.0,31.2,31.2,0.0,,2026-07-01 08:00:00,system,2026-07-01 08:00:00,system
3177,701,3094,2,34,B26-P0034-003177,6,20.0,20.0,0.0,200.0,200.0,0.0,,2026-07-01 08:00:00,system,2026-07-01 08:00:00,system
3178,702,3093,1,443,B26-P0443-003178,6,31.0,31.0,0.0,24.8,24.8,0.0,,2026-07-04 08:00:00,system,2026-07-04 08:00:00,system
3179,702,3094,2,34,B26-P0034-003179,6,8.0,8.0,0.0,80.0,80.0,0.0,,2026-07-04 08:00:00,system,2026-07-04 08:00:00,system
3180,703,3095,1,1316,B26-P1316-003180,1,1.0,1.0,0.0,1000.0,1000.0,0.0,,2026-04-16 08:00:00,system,2026-04-16 08:00:00,system
3181,703,3096,2,50,B26-P0050-003181,6,6.0,6.0,0.0,90.0,90.0,0.0,,2026-04-16 08:00:00,system,2026-04-16 08:00:00,system
3182,703,3098,3,279,B26-P0279-003182,6,5.0,5.0,0.0,125.0,125.0,0.0,,2026-04-16 08:00:00,system,2026-04-16 08:00:00,system
3183,703,3100,4,90,B26-P0090-003183,6,2.0,1.0,1.0,50.0,25.0,25.0,,2026-04-16 08:00:00,system,2026-04-16 08:00:00,system
3184,704,3095,1,1316,B26-P1316-003184,1,3.0,3.0,0.0,3000.0,3000.0,0.0,,2026-04-18 08:00:00,system,2026-04-18 08:00:00,system
3185,704,3096,2,50,B26-P0050-003185,6,8.0,8.0,0.0,120.0,120.0,0.0,,2026-04-18 08:00:00,system,2026-04-18 08:00:00,system
3186,704,3097,3,70,B26-P0070-003186,6,2.0,2.0,0.0,110.0,110.0,0.0,,2026-04-18 08:00:00,system,2026-04-18 08:00:00,system
3187,704,3098,4,279,B26-P0279-003187,6,23.0,23.0,0.0,575.0,575.0,0.0,,2026-04-18 08:00:00,system,2026-04-18 08:00:00,system
3188,704,3100,5,90,B26-P0090-003188,6,5.0,5.0,0.0,125.0,125.0,0.0,,2026-04-18 08:00:00,system,2026-04-18 08:00:00,system
3189,705,3102,1,9,B26-P0009-003189,6,1.0,0.0,1.0,50.0,0.0,50.0,,2026-05-12 08:00:00,system,2026-05-12 08:00:00,system
3190,705,3103,2,65,B26-P0065-003190,6,8.0,8.0,0.0,120.0,120.0,0.0,,2026-05-12 08:00:00,system,2026-05-12 08:00:00,system
3191,705,3104,3,374,B26-P0374-003191,6,7.0,7.0,0.0,140.0,140.0,0.0,,2026-05-12 08:00:00,system,2026-05-12 08:00:00,system
3192,706,3101,1,1401,B26-P1401-003192,6,8.0,8.0,0.0,440.0,440.0,0.0,,2026-05-14 08:00:00,system,2026-05-14 08:00:00,system
3193,706,3102,2,9,B26-P0009-003193,6,2.0,2.0,0.0,100.0,100.0,0.0,,2026-05-14 08:00:00,system,2026-05-14 08:00:00,system
3194,706,3103,3,65,B26-P0065-003194,6,3.0,3.0,0.0,45.0,45.0,0.0,,2026-05-14 08:00:00,system,2026-05-14 08:00:00,system
3195,706,3104,4,374,B26-P0374-003195,6,1.0,1.0,0.0,20.0,20.0,0.0,,2026-05-14 08:00:00,system,2026-05-14 08:00:00,system
3196,707,3102,1,9,B26-P0009-003196,6,1.0,1.0,0.0,50.0,50.0,0.0,,2026-05-16 08:00:00,system,2026-05-16 08:00:00,system
3197,707,3103,2,65,B26-P0065-003197,6,13.0,13.0,0.0,195.0,195.0,0.0,,2026-05-16 08:00:00,system,2026-05-16 08:00:00,system
3198,707,3104,3,374,B26-P0374-003198,6,4.0,4.0,0.0,80.0,80.0,0.0,,2026-05-16 08:00:00,system,2026-05-16 08:00:00,system
3199,708,3118,1,1049,B26-P1049-003199,6,1.0,1.0,0.0,2.0,2.0,0.0,,2026-02-05 08:00:00,system,2026-02-05 08:00:00,system
3200,708,3119,2,660,B26-P0660-003200,6,21.0,21.0,0.0,105.0,105.0,0.0,,2026-02-05 08:00:00,system,2026-02-05 08:00:00,system
3201,708,3120,3,190,B26-P0190-003201,6,11.0,11.0,0.0,8.8,8.8,0.0,,2026-02-05 08:00:00,system,2026-02-05 08:00:00,system
3202,708,3121,4,512,B26-P0512-003202,6,1.0,1.0,0.0,25.0,25.0,0.0,,2026-02-05 08:00:00,system,2026-02-05 08:00:00,system
3203,708,3122,5,1487,B26-P1487-003203,1,1.0,1.0,0.0,500.0,500.0,0.0,,2026-02-05 08:00:00,system,2026-02-05 08:00:00,system
3204,708,3123,6,1172,B26-P1172-003204,6,3.0,3.0,0.0,30.0,30.0,0.0,,2026-02-05 08:00:00,system,2026-02-05 08:00:00,system
3205,708,3124,7,553,B26-P0553-003205,6,3.0,3.0,0.0,45.0,45.0,0.0,,2026-02-05 08:00:00,system,2026-02-05 08:00:00,system
3206,709,3120,1,190,B26-P0190-003206,6,34.0,34.0,0.0,27.2,27.2,0.0,,2026-02-07 08:00:00,system,2026-02-07 08:00:00,system
3207,709,3121,2,512,B26-P0512-003207,6,9.0,9.0,0.0,225.0,225.0,0.0,,2026-02-07 08:00:00,system,2026-02-07 08:00:00,system
3208,709,3123,3,1172,B26-P1172-003208,6,2.0,2.0,0.0,20.0,20.0,0.0,,2026-02-07 08:00:00,system,2026-02-07 08:00:00,system
3209,709,3124,4,553,B26-P0553-003209,6,4.0,3.0,1.0,60.0,45.0,15.0,,2026-02-07 08:00:00,system,2026-02-07 08:00:00,system
3210,710,3118,1,1049,B26-P1049-003210,6,27.0,27.0,0.0,54.0,54.0,0.0,,2026-02-11 08:00:00,system,2026-02-11 08:00:00,system
3211,710,3120,2,190,B26-P0190-003211,6,3.0,3.0,0.0,2.4,2.4,0.0,,2026-02-11 08:00:00,system,2026-02-11 08:00:00,system
3212,710,3121,3,512,B26-P0512-003212,6,4.0,4.0,0.0,100.0,100.0,0.0,,2026-02-11 08:00:00,system,2026-02-11 08:00:00,system
3213,710,3123,4,1172,B26-P1172-003213,6,30.0,30.0,0.0,300.0,300.0,0.0,,2026-02-11 08:00:00,system,2026-02-11 08:00:00,system
3214,711,3125,1,1342,B26-P1342-003214,1,3.0,3.0,0.0,3000.0,3000.0,0.0,,2026-06-22 08:00:00,system,2026-06-22 08:00:00,system
3215,712,3126,1,533,B26-P0533-003215,1,1.0,1.0,0.0,1000.0,1000.0,0.0,,2026-03-04 08:00:00,system,2026-03-04 08:00:00,system
3216,712,3127,2,940,B26-P0940-003216,6,2.0,2.0,0.0,360.0,360.0,0.0,,2026-03-04 08:00:00,system,2026-03-04 08:00:00,system
3217,713,3127,1,940,B26-P0940-003217,6,2.0,2.0,0.0,360.0,360.0,0.0,,2026-03-05 08:00:00,system,2026-03-05 08:00:00,system
3218,714,3128,1,1273,B26-P1273-003218,6,5.0,5.0,0.0,900.0,900.0,0.0,,2026-06-30 08:00:00,system,2026-06-30 08:00:00,system
3219,714,3129,2,1158,B26-P1158-003219,6,24.0,24.0,0.0,72.0,72.0,0.0,,2026-06-30 08:00:00,system,2026-06-30 08:00:00,system
3220,715,3130,1,609,B26-P0609-003220,6,14.0,14.0,0.0,140.0,140.0,0.0,,2026-03-10 08:00:00,system,2026-03-10 08:00:00,system
3221,716,3131,1,1013,B26-P1013-003221,6,85.0,85.0,0.0,425.0,425.0,0.0,,2026-06-13 08:00:00,system,2026-06-13 08:00:00,system
3222,716,3132,2,727,B26-P0727-003222,6,28.0,28.0,0.0,840.0,840.0,0.0,,2026-06-13 08:00:00,system,2026-06-13 08:00:00,system
3223,716,3133,3,1481,B26-P1481-003223,6,35.0,35.0,0.0,875.0,875.0,0.0,,2026-06-13 08:00:00,system,2026-06-13 08:00:00,system
3224,716,3134,4,1402,B26-P1402-003224,6,12.0,12.0,0.0,2160.0,2160.0,0.0,,2026-06-13 08:00:00,system,2026-06-13 08:00:00,system
3225,716,3135,5,542,B26-P0542-003225,6,3.0,3.0,0.0,150.0,150.0,0.0,,2026-06-13 08:00:00,system,2026-06-13 08:00:00,system
3226,717,3146,1,772,B26-P0772-003226,1,2.0,2.0,0.0,4000.0,4000.0,0.0,,2026-02-18 08:00:00,system,2026-02-18 08:00:00,system
3227,718,3147,1,421,B26-P0421-003227,6,45.0,45.0,0.0,45.0,45.0,0.0,,2026-01-19 08:00:00,system,2026-01-19 08:00:00,system
3228,719,3148,1,913,B26-P0913-003228,6,10.0,9.0,1.0,300.0,270.0,30.0,,2026-05-03 08:00:00,system,2026-05-03 08:00:00,system
3229,720,3149,1,672,B26-P0672-003229,6,21.0,21.0,0.0,315.0,315.0,0.0,,2026-05-19 08:00:00,system,2026-05-19 08:00:00,system
3230,720,3150,2,1376,B26-P1376-003230,1,6.0,5.0,1.0,3000.0,2500.0,500.0,,2026-05-19 08:00:00,system,2026-05-19 08:00:00,system
3231,721,3152,1,1079,B26-P1079-003231,6,4.0,4.0,0.0,40.0,40.0,0.0,,2026-01-28 08:00:00,system,2026-01-28 08:00:00,system
3232,721,3153,2,1338,B26-P1338-003232,6,28.0,28.0,0.0,560.0,560.0,0.0,,2026-01-28 08:00:00,system,2026-01-28 08:00:00,system
3233,721,3154,3,1435,B26-P1435-003233,6,24.0,24.0,0.0,600.0,600.0,0.0,,2026-01-28 08:00:00,system,2026-01-28 08:00:00,system
3234,721,3155,4,445,B26-P0445-003234,6,42.0,42.0,0.0,50.4,50.4,0.0,,2026-01-28 08:00:00,system,2026-01-28 08:00:00,system
3235,722,3156,1,1349,B26-P1349-003235,6,2.0,2.0,0.0,420.0,420.0,0.0,,2026-01-18 08:00:00,system,2026-01-18 08:00:00,system
3236,722,3157,2,1367,B26-P1367-003236,6,2.0,2.0,0.0,420.0,420.0,0.0,,2026-01-18 08:00:00,system,2026-01-18 08:00:00,system
3237,722,3158,3,545,B26-P0545-003237,6,1.0,1.0,0.0,210.0,210.0,0.0,,2026-01-18 08:00:00,system,2026-01-18 08:00:00,system
3238,722,3159,4,1154,B26-P1154-003238,6,8.0,7.0,1.0,440.0,385.0,55.0,,2026-01-18 08:00:00,system,2026-01-18 08:00:00,system
3239,723,3160,1,1320,B26-P1320-003239,6,28.0,28.0,0.0,560.0,560.0,0.0,,2026-01-27 08:00:00,system,2026-01-27 08:00:00,system
3240,723,3161,2,817,B26-P0817-003240,6,4.0,4.0,0.0,840.0,840.0,0.0,,2026-01-27 08:00:00,system,2026-01-27 08:00:00,system
3241,723,3162,3,523,B26-P0523-003241,6,30.0,30.0,0.0,300.0,300.0,0.0,,2026-01-27 08:00:00,system,2026-01-27 08:00:00,system
3242,724,3163,1,884,B26-P0884-003242,6,4.0,4.0,0.0,120.0,120.0,0.0,,2026-02-07 08:00:00,system,2026-02-07 08:00:00,system
3243,724,3164,2,951,B26-P0951-003243,6,14.0,14.0,0.0,420.0,420.0,0.0,,2026-02-07 08:00:00,system,2026-02-07 08:00:00,system
3244,724,3165,3,539,B26-P0539-003244,6,35.0,35.0,0.0,700.0,700.0,0.0,,2026-02-07 08:00:00,system,2026-02-07 08:00:00,system
3245,724,3166,4,1432,B26-P1432-003245,6,4.0,4.0,0.0,40.0,40.0,0.0,,2026-02-07 08:00:00,system,2026-02-07 08:00:00,system
3246,724,3167,5,490,B26-P0490-003246,1,1.0,1.0,0.0,1000.0,1000.0,0.0,,2026-02-07 08:00:00,system,2026-02-07 08:00:00,system
3247,724,3168,6,1073,B26-P1073-003247,6,7.0,7.0,0.0,1260.0,1260.0,0.0,,2026-02-07 08:00:00,system,2026-02-07 08:00:00,system
3248,725,3163,1,884,B26-P0884-003248,6,8.0,8.0,0.0,240.0,240.0,0.0,,2026-02-09 08:00:00,system,2026-02-09 08:00:00,system
3249,725,3164,2,951,B26-P0951-003249,6,6.0,5.0,1.0,180.0,150.0,30.0,,2026-02-09 08:00:00,system,2026-02-09 08:00:00,system
3250,725,3166,3,1432,B26-P1432-003250,6,10.0,10.0,0.0,100.0,100.0,0.0,,2026-02-09 08:00:00,system,2026-02-09 08:00:00,system
3251,725,3167,4,490,B26-P0490-003251,1,1.0,1.0,0.0,1000.0,1000.0,0.0,,2026-02-09 08:00:00,system,2026-02-09 08:00:00,system
3252,725,3168,5,1073,B26-P1073-003252,6,1.0,1.0,0.0,180.0,180.0,0.0,,2026-02-09 08:00:00,system,2026-02-09 08:00:00,system
3253,726,3169,1,409,B26-P0409-003253,6,12.0,12.0,0.0,60.0,60.0,0.0,,2026-05-19 08:00:00,system,2026-05-19 08:00:00,system
3254,726,3170,2,341,B26-P0341-003254,6,32.0,32.0,0.0,640.0,640.0,0.0,,2026-05-19 08:00:00,system,2026-05-19 08:00:00,system
3255,726,3171,3,355,B26-P0355-003255,6,80.0,80.0,0.0,240.0,240.0,0.0,,2026-05-19 08:00:00,system,2026-05-19 08:00:00,system
3256,727,3178,1,237,B26-P0237-003256,6,25.0,25.0,0.0,125.0,125.0,0.0,,2026-03-28 08:00:00,system,2026-03-28 08:00:00,system
3257,727,3179,2,778,B26-P0778-003257,6,6.0,5.0,1.0,150.0,125.0,25.0,,2026-03-28 08:00:00,system,2026-03-28 08:00:00,system
3258,727,3180,3,432,B26-P0432-003258,6,7.0,7.0,0.0,35.0,35.0,0.0,,2026-03-28 08:00:00,system,2026-03-28 08:00:00,system
3259,727,3181,4,982,B26-P0982-003259,6,13.0,13.0,0.0,6.5,6.5,0.0,,2026-03-28 08:00:00,system,2026-03-28 08:00:00,system
3260,727,3182,5,598,B26-P0598-003260,6,35.0,35.0,0.0,875.0,875.0,0.0,,2026-03-28 08:00:00,system,2026-03-28 08:00:00,system
3261,728,3183,1,1142,B26-P1142-003261,6,37.0,36.0,1.0,111.0,108.0,3.0,,2026-04-27 08:00:00,system,2026-04-27 08:00:00,system
3262,729,3184,1,316,B26-P0316-003262,6,2.0,2.0,0.0,360.0,360.0,0.0,,2026-02-15 08:00:00,system,2026-02-15 08:00:00,system
3263,729,3185,2,524,B26-P0524-003263,6,15.0,15.0,0.0,225.0,225.0,0.0,,2026-02-15 08:00:00,system,2026-02-15 08:00:00,system
3264,730,3186,1,29,B26-P0029-003264,6,19.0,19.0,0.0,15.2,15.2,0.0,,2026-05-26 08:00:00,system,2026-05-26 08:00:00,system
3265,730,3187,2,1112,B26-P1112-003265,6,35.0,35.0,0.0,17.5,17.5,0.0,,2026-05-26 08:00:00,system,2026-05-26 08:00:00,system
3266,731,3188,1,492,B26-P0492-003266,6,19.0,19.0,0.0,19.0,19.0,0.0,,2026-03-05 08:00:00,system,2026-03-05 08:00:00,system
3267,731,3189,2,702,B26-P0702-003267,6,11.0,11.0,0.0,275.0,275.0,0.0,,2026-03-05 08:00:00,system,2026-03-05 08:00:00,system
3268,731,3190,3,1093,B26-P1093-003268,6,71.0,71.0,0.0,28.4,28.4,0.0,,2026-03-05 08:00:00,system,2026-03-05 08:00:00,system
3269,732,3194,1,637,B26-P0637-003269,6,21.0,21.0,0.0,630.0,630.0,0.0,,2026-05-12 08:00:00,system,2026-05-12 08:00:00,system
3270,732,3195,2,400,B26-P0400-003270,6,8.0,8.0,0.0,400.0,400.0,0.0,,2026-05-12 08:00:00,system,2026-05-12 08:00:00,system
3271,732,3196,3,1423,B26-P1423-003271,6,14.0,14.0,0.0,140.0,140.0,0.0,,2026-05-12 08:00:00,system,2026-05-12 08:00:00,system
3272,732,3197,4,362,B26-P0362-003272,6,3.0,3.0,0.0,150.0,150.0,0.0,,2026-05-12 08:00:00,system,2026-05-12 08:00:00,system
3273,733,3198,1,764,B26-P0764-003273,6,1.0,1.0,0.0,25.0,25.0,0.0,,2026-04-18 08:00:00,system,2026-04-18 08:00:00,system
3274,733,3201,2,887,B26-P0887-003274,6,1.0,1.0,0.0,180.0,180.0,0.0,,2026-04-18 08:00:00,system,2026-04-18 08:00:00,system
3275,733,3202,3,1218,B26-P1218-003275,6,6.0,6.0,0.0,330.0,330.0,0.0,,2026-04-18 08:00:00,system,2026-04-18 08:00:00,system
3276,734,3198,1,764,B26-P0764-003276,6,17.0,17.0,0.0,425.0,425.0,0.0,,2026-04-21 08:00:00,system,2026-04-21 08:00:00,system
3277,734,3199,2,705,B26-P0705-003277,6,2.0,2.0,0.0,110.0,110.0,0.0,,2026-04-21 08:00:00,system,2026-04-21 08:00:00,system
3278,734,3200,3,319,B26-P0319-003278,6,11.0,11.0,0.0,8.8,8.8,0.0,,2026-04-21 08:00:00,system,2026-04-21 08:00:00,system
3279,734,3201,4,887,B26-P0887-003279,6,3.0,3.0,0.0,540.0,540.0,0.0,,2026-04-21 08:00:00,system,2026-04-21 08:00:00,system
3280,734,3202,5,1218,B26-P1218-003280,6,4.0,4.0,0.0,220.0,220.0,0.0,,2026-04-21 08:00:00,system,2026-04-21 08:00:00,system
3281,735,3203,1,860,B26-P0860-003281,6,3.0,3.0,0.0,630.0,630.0,0.0,,2026-05-31 08:00:00,system,2026-05-31 08:00:00,system
3282,735,3204,2,455,B26-P0455-003282,6,2.0,2.0,0.0,360.0,360.0,0.0,,2026-05-31 08:00:00,system,2026-05-31 08:00:00,system
3283,735,3205,3,532,B26-P0532-003283,1,8.0,8.0,0.0,4000.0,4000.0,0.0,,2026-05-31 08:00:00,system,2026-05-31 08:00:00,system
3284,735,3206,4,1353,B26-P1353-003284,6,13.0,13.0,0.0,65.0,65.0,0.0,,2026-05-31 08:00:00,system,2026-05-31 08:00:00,system
3285,736,3208,1,70,B26-P0070-003285,6,10.0,10.0,0.0,550.0,550.0,0.0,,2026-01-16 08:00:00,system,2026-01-16 08:00:00,system
3286,736,3209,2,1146,B26-P1146-003286,6,2.0,2.0,0.0,110.0,110.0,0.0,,2026-01-16 08:00:00,system,2026-01-16 08:00:00,system
3287,736,3212,3,226,B26-P0226-003287,6,3.0,3.0,0.0,75.0,75.0,0.0,,2026-01-16 08:00:00,system,2026-01-16 08:00:00,system
3288,736,3213,4,1015,B26-P1015-003288,6,10.0,9.0,1.0,180.0,162.0,18.0,,2026-01-16 08:00:00,system,2026-01-16 08:00:00,system
3289,736,3214,5,440,B26-P0440-003289,6,1.0,1.0,0.0,180.0,180.0,0.0,,2026-01-16 08:00:00,system,2026-01-16 08:00:00,system
3290,736,3215,6,1066,B26-P1066-003290,6,2.0,2.0,0.0,1.0,1.0,0.0,,2026-01-16 08:00:00,system,2026-01-16 08:00:00,system
3291,736,3216,7,693,B26-P0693-003291,6,1.0,1.0,0.0,210.0,210.0,0.0,,2026-01-16 08:00:00,system,2026-01-16 08:00:00,system
3292,736,3217,8,1188,B26-P1188-003292,6,4.0,4.0,0.0,40.0,40.0,0.0,,2026-01-16 08:00:00,system,2026-01-16 08:00:00,system
3293,737,3207,1,1084,B26-P1084-003293,6,10.0,9.0,1.0,5.0,4.5,0.5,,2026-01-20 08:00:00,system,2026-01-20 08:00:00,system
3294,737,3208,2,70,B26-P0070-003294,6,5.0,5.0,0.0,275.0,275.0,0.0,,2026-01-20 08:00:00,system,2026-01-20 08:00:00,system
3295,737,3209,3,1146,B26-P1146-003295,6,2.0,1.0,1.0,110.0,55.0,55.0,,2026-01-20 08:00:00,system,2026-01-20 08:00:00,system
3296,737,3210,4,690,B26-P0690-003296,6,3.0,3.0,0.0,150.0,150.0,0.0,,2026-01-20 08:00:00,system,2026-01-20 08:00:00,system
3297,737,3211,5,747,B26-P0747-003297,1,1.0,0.0,1.0,1000.0,0.0,1000.0,,2026-01-20 08:00:00,system,2026-01-20 08:00:00,system
3298,737,3212,6,226,B26-P0226-003298,6,4.0,4.0,0.0,100.0,100.0,0.0,,2026-01-20 08:00:00,system,2026-01-20 08:00:00,system
3299,737,3213,7,1015,B26-P1015-003299,6,4.0,4.0,0.0,72.0,72.0,0.0,,2026-01-20 08:00:00,system,2026-01-20 08:00:00,system
3300,737,3214,8,440,B26-P0440-003300,6,1.0,1.0,0.0,180.0,180.0,0.0,,2026-01-20 08:00:00,system,2026-01-20 08:00:00,system
3301,737,3215,9,1066,B26-P1066-003301,6,8.0,8.0,0.0,4.0,4.0,0.0,,2026-01-20 08:00:00,system,2026-01-20 08:00:00,system
3302,737,3217,10,1188,B26-P1188-003302,6,9.0,9.0,0.0,90.0,90.0,0.0,,2026-01-20 08:00:00,system,2026-01-20 08:00:00,system
3303,738,3207,1,1084,B26-P1084-003303,6,38.0,38.0,0.0,19.0,19.0,0.0,,2026-01-23 08:00:00,system,2026-01-23 08:00:00,system
3304,738,3210,2,690,B26-P0690-003304,6,1.0,1.0,0.0,50.0,50.0,0.0,,2026-01-23 08:00:00,system,2026-01-23 08:00:00,system
3305,738,3211,3,747,B26-P0747-003305,1,3.0,3.0,0.0,3000.0,3000.0,0.0,,2026-01-23 08:00:00,system,2026-01-23 08:00:00,system
3306,738,3212,4,226,B26-P0226-003306,6,9.0,9.0,0.0,225.0,225.0,0.0,,2026-01-23 08:00:00,system,2026-01-23 08:00:00,system
3307,738,3213,5,1015,B26-P1015-003307,6,2.0,2.0,0.0,36.0,36.0,0.0,,2026-01-23 08:00:00,system,2026-01-23 08:00:00,system
3308,738,3215,6,1066,B26-P1066-003308,6,2.0,2.0,0.0,1.0,1.0,0.0,,2026-01-23 08:00:00,system,2026-01-23 08:00:00,system
3309,738,3216,7,693,B26-P0693-003309,6,3.0,3.0,0.0,630.0,630.0,0.0,,2026-01-23 08:00:00,system,2026-01-23 08:00:00,system
3310,738,3217,8,1188,B26-P1188-003310,6,5.0,5.0,0.0,50.0,50.0,0.0,,2026-01-23 08:00:00,system,2026-01-23 08:00:00,system
3311,739,3218,1,1265,B26-P1265-003311,6,5.0,5.0,0.0,1050.0,1050.0,0.0,,2026-05-07 08:00:00,system,2026-05-07 08:00:00,system
3312,740,3220,1,502,B26-P0502-003312,6,2.0,2.0,0.0,360.0,360.0,0.0,,2026-04-19 08:00:00,system,2026-04-19 08:00:00,system
3313,740,3221,2,718,B26-P0718-003313,1,3.0,3.0,0.0,1500.0,1500.0,0.0,,2026-04-19 08:00:00,system,2026-04-19 08:00:00,system
3314,740,3222,3,886,B26-P0886-003314,6,1.0,0.0,1.0,55.0,0.0,55.0,,2026-04-19 08:00:00,system,2026-04-19 08:00:00,system
3315,740,3223,4,501,B26-P0501-003315,6,6.0,6.0,0.0,330.0,330.0,0.0,,2026-04-19 08:00:00,system,2026-04-19 08:00:00,system
3316,740,3224,5,1118,B26-P1118-003316,6,25.0,24.0,1.0,25.0,24.0,1.0,,2026-04-19 08:00:00,system,2026-04-19 08:00:00,system
3317,740,3225,6,566,B26-P0566-003317,6,12.0,12.0,0.0,120.0,120.0,0.0,,2026-04-19 08:00:00,system,2026-04-19 08:00:00,system
3318,741,3219,1,590,B26-P0590-003318,1,1.0,1.0,0.0,1000.0,1000.0,0.0,,2026-04-23 08:00:00,system,2026-04-23 08:00:00,system
3319,741,3220,2,502,B26-P0502-003319,6,8.0,8.0,0.0,1440.0,1440.0,0.0,,2026-04-23 08:00:00,system,2026-04-23 08:00:00,system
3320,741,3221,3,718,B26-P0718-003320,1,3.0,3.0,0.0,1500.0,1500.0,0.0,,2026-04-23 08:00:00,system,2026-04-23 08:00:00,system
3321,741,3222,4,886,B26-P0886-003321,6,1.0,1.0,0.0,55.0,55.0,0.0,,2026-04-23 08:00:00,system,2026-04-23 08:00:00,system
3322,741,3223,5,501,B26-P0501-003322,6,2.0,2.0,0.0,110.0,110.0,0.0,,2026-04-23 08:00:00,system,2026-04-23 08:00:00,system
3323,741,3224,6,1118,B26-P1118-003323,6,25.0,25.0,0.0,25.0,25.0,0.0,,2026-04-23 08:00:00,system,2026-04-23 08:00:00,system
3324,742,3226,1,1481,B26-P1481-003324,6,1.0,1.0,0.0,25.0,25.0,0.0,,2026-01-28 08:00:00,system,2026-01-28 08:00:00,system
3325,743,3227,1,14,B26-P0014-003325,6,70.0,70.0,0.0,56.0,56.0,0.0,,2026-03-07 08:00:00,system,2026-03-07 08:00:00,system
3326,743,3228,2,229,B26-P0229-003326,6,8.0,8.0,0.0,440.0,440.0,0.0,,2026-03-07 08:00:00,system,2026-03-07 08:00:00,system
3327,743,3229,3,1419,B26-P1419-003327,1,6.0,6.0,0.0,6000.0,6000.0,0.0,,2026-03-07 08:00:00,system,2026-03-07 08:00:00,system
3328,744,3230,1,389,B26-P0389-003328,6,2.0,2.0,0.0,40.0,40.0,0.0,,2026-05-06 08:00:00,system,2026-05-06 08:00:00,system
3329,745,3234,1,478,B26-P0478-003329,6,14.0,14.0,0.0,16.8,16.8,0.0,,2026-01-11 08:00:00,system,2026-01-11 08:00:00,system
3330,745,3235,2,489,B26-P0489-003330,6,1.0,1.0,0.0,210.0,210.0,0.0,,2026-01-11 08:00:00,system,2026-01-11 08:00:00,system
3331,745,3237,3,793,B26-P0793-003331,6,9.0,9.0,0.0,270.0,270.0,0.0,,2026-01-11 08:00:00,system,2026-01-11 08:00:00,system
3332,746,3234,1,478,B26-P0478-003332,6,51.0,51.0,0.0,61.2,61.2,0.0,,2026-01-12 08:00:00,system,2026-01-12 08:00:00,system
3333,746,3235,2,489,B26-P0489-003333,6,4.0,4.0,0.0,840.0,840.0,0.0,,2026-01-12 08:00:00,system,2026-01-12 08:00:00,system
3334,746,3236,3,929,B26-P0929-003334,6,2.0,2.0,0.0,110.0,110.0,0.0,,2026-01-12 08:00:00,system,2026-01-12 08:00:00,system
3335,746,3237,4,793,B26-P0793-003335,6,26.0,26.0,0.0,780.0,780.0,0.0,,2026-01-12 08:00:00,system,2026-01-12 08:00:00,system
3336,747,3238,1,557,B26-P0557-003336,6,5.0,5.0,0.0,250.0,250.0,0.0,,2026-05-13 08:00:00,system,2026-05-13 08:00:00,system
3337,747,3239,2,269,B26-P0269-003337,6,2.0,2.0,0.0,420.0,420.0,0.0,,2026-05-13 08:00:00,system,2026-05-13 08:00:00,system
3338,748,3238,1,557,B26-P0557-003338,6,5.0,5.0,0.0,250.0,250.0,0.0,,2026-05-17 08:00:00,system,2026-05-17 08:00:00,system
3339,748,3239,2,269,B26-P0269-003339,6,1.0,1.0,0.0,210.0,210.0,0.0,,2026-05-17 08:00:00,system,2026-05-17 08:00:00,system
3340,749,3240,1,1204,B26-P1204-003340,1,2.0,2.0,0.0,2000.0,2000.0,0.0,,2026-04-15 08:00:00,system,2026-04-15 08:00:00,system
3341,749,3241,2,821,B26-P0821-003341,6,11.0,11.0,0.0,33.0,33.0,0.0,,2026-04-15 08:00:00,system,2026-04-15 08:00:00,system
3342,749,3242,3,450,B26-P0450-003342,6,1.0,1.0,0.0,20.0,20.0,0.0,,2026-04-15 08:00:00,system,2026-04-15 08:00:00,system
3343,750,3240,1,1204,B26-P1204-003343,1,1.0,1.0,0.0,1000.0,1000.0,0.0,,2026-04-16 08:00:00,system,2026-04-16 08:00:00,system
3344,750,3241,2,821,B26-P0821-003344,6,8.0,8.0,0.0,24.0,24.0,0.0,,2026-04-16 08:00:00,system,2026-04-16 08:00:00,system
3345,750,3242,3,450,B26-P0450-003345,6,4.0,4.0,0.0,80.0,80.0,0.0,,2026-04-16 08:00:00,system,2026-04-16 08:00:00,system
3346,751,3243,1,1259,B26-P1259-003346,6,12.0,12.0,0.0,12.0,12.0,0.0,,2026-02-16 08:00:00,system,2026-02-16 08:00:00,system
3347,753,3244,1,590,B26-P0590-003347,1,1.0,1.0,0.0,1000.0,1000.0,0.0,,2026-06-15 08:00:00,system,2026-06-15 08:00:00,system
3348,753,3245,2,170,B26-P0170-003348,6,1.0,1.0,0.0,50.0,50.0,0.0,,2026-06-15 08:00:00,system,2026-06-15 08:00:00,system
3349,754,3246,1,109,B26-P0109-003349,6,8.0,8.0,0.0,1440.0,1440.0,0.0,,2026-05-10 08:00:00,system,2026-05-10 08:00:00,system
3350,754,3247,2,1296,B26-P1296-003350,6,6.0,6.0,0.0,1080.0,1080.0,0.0,,2026-05-10 08:00:00,system,2026-05-10 08:00:00,system
3351,754,3248,3,524,B26-P0524-003351,6,35.0,35.0,0.0,525.0,525.0,0.0,,2026-05-10 08:00:00,system,2026-05-10 08:00:00,system
3352,754,3249,4,9,B26-P0009-003352,6,8.0,8.0,0.0,400.0,400.0,0.0,,2026-05-10 08:00:00,system,2026-05-10 08:00:00,system
3353,755,3250,1,440,B26-P0440-003353,6,4.0,4.0,0.0,720.0,720.0,0.0,,2026-01-30 08:00:00,system,2026-01-30 08:00:00,system
3354,755,3251,2,985,B26-P0985-003354,6,15.0,14.0,1.0,75.0,70.0,5.0,,2026-01-30 08:00:00,system,2026-01-30 08:00:00,system
3355,755,3252,3,1256,B26-P1256-003355,6,8.0,8.0,0.0,440.0,440.0,0.0,,2026-01-30 08:00:00,system,2026-01-30 08:00:00,system
3356,755,3253,4,254,B26-P0254-003356,6,5.0,5.0,0.0,1050.0,1050.0,0.0,,2026-01-30 08:00:00,system,2026-01-30 08:00:00,system
3357,755,3254,5,102,B26-P0102-003357,6,9.0,9.0,0.0,90.0,90.0,0.0,,2026-01-30 08:00:00,system,2026-01-30 08:00:00,system
3358,756,3256,1,862,B26-P0862-003358,1,4.0,4.0,0.0,4000.0,4000.0,0.0,,2026-07-04 08:00:00,system,2026-07-04 08:00:00,system
3359,756,3257,2,974,B26-P0974-003359,6,20.0,20.0,0.0,20.0,20.0,0.0,,2026-07-04 08:00:00,system,2026-07-04 08:00:00,system
3360,756,3258,3,1400,B26-P1400-003360,6,2.0,2.0,0.0,100.0,100.0,0.0,,2026-07-04 08:00:00,system,2026-07-04 08:00:00,system
3361,757,3259,1,600,B26-P0600-003361,6,2.0,2.0,0.0,100.0,100.0,0.0,,2026-01-24 08:00:00,system,2026-01-24 08:00:00,system
3362,757,3261,2,1342,B26-P1342-003362,1,1.0,1.0,0.0,1000.0,1000.0,0.0,,2026-01-24 08:00:00,system,2026-01-24 08:00:00,system
3363,757,3263,3,1280,B26-P1280-003363,6,4.0,4.0,0.0,220.0,220.0,0.0,,2026-01-24 08:00:00,system,2026-01-24 08:00:00,system
3364,758,3261,1,1342,B26-P1342-003364,1,1.0,1.0,0.0,1000.0,1000.0,0.0,,2026-01-25 08:00:00,system,2026-01-25 08:00:00,system
3365,758,3263,2,1280,B26-P1280-003365,6,2.0,2.0,0.0,110.0,110.0,0.0,,2026-01-25 08:00:00,system,2026-01-25 08:00:00,system
3366,759,3264,1,1328,B26-P1328-003366,6,1.0,1.0,0.0,20.0,20.0,0.0,,2026-07-06 08:00:00,system,2026-07-06 08:00:00,system
3367,759,3265,2,881,B26-P0881-003367,6,18.0,18.0,0.0,270.0,270.0,0.0,,2026-07-06 08:00:00,system,2026-07-06 08:00:00,system
3368,759,3266,3,1444,B26-P1444-003368,6,18.0,18.0,0.0,54.0,54.0,0.0,,2026-07-06 08:00:00,system,2026-07-06 08:00:00,system
3369,759,3267,4,639,B26-P0639-003369,6,1.0,1.0,0.0,55.0,55.0,0.0,,2026-07-06 08:00:00,system,2026-07-06 08:00:00,system
3370,759,3269,5,476,B26-P0476-003370,6,12.0,12.0,0.0,9.6,9.6,0.0,,2026-07-06 08:00:00,system,2026-07-06 08:00:00,system
3371,759,3270,6,1476,B26-P1476-003371,6,11.0,11.0,0.0,33.0,33.0,0.0,,2026-07-06 08:00:00,system,2026-07-06 08:00:00,system
3372,759,3271,7,606,B26-P0606-003372,1,3.0,3.0,0.0,6000.0,6000.0,0.0,,2026-07-06 08:00:00,system,2026-07-06 08:00:00,system
3373,759,3272,8,896,B26-P0896-003373,6,4.0,4.0,0.0,60.0,60.0,0.0,,2026-07-06 08:00:00,system,2026-07-06 08:00:00,system
3374,759,3273,9,1299,B26-P1299-003374,1,2.0,2.0,0.0,4000.0,4000.0,0.0,,2026-07-06 08:00:00,system,2026-07-06 08:00:00,system
3375,760,3264,1,1328,B26-P1328-003375,6,20.0,20.0,0.0,400.0,400.0,0.0,,2026-07-07 08:00:00,system,2026-07-07 08:00:00,system
3376,760,3265,2,881,B26-P0881-003376,6,6.0,6.0,0.0,90.0,90.0,0.0,,2026-07-07 08:00:00,system,2026-07-07 08:00:00,system
3377,760,3266,3,1444,B26-P1444-003377,6,30.0,30.0,0.0,90.0,90.0,0.0,,2026-07-07 08:00:00,system,2026-07-07 08:00:00,system
3378,760,3267,4,639,B26-P0639-003378,6,9.0,9.0,0.0,495.0,495.0,0.0,,2026-07-07 08:00:00,system,2026-07-07 08:00:00,system
3379,760,3268,5,1428,B26-P1428-003379,1,6.0,6.0,0.0,6000.0,6000.0,0.0,,2026-07-07 08:00:00,system,2026-07-07 08:00:00,system
3380,760,3270,6,1476,B26-P1476-003380,6,13.0,13.0,0.0,39.0,39.0,0.0,,2026-07-07 08:00:00,system,2026-07-07 08:00:00,system
3381,760,3271,7,606,B26-P0606-003381,1,5.0,5.0,0.0,10000.0,10000.0,0.0,,2026-07-07 08:00:00,system,2026-07-07 08:00:00,system
3382,760,3272,8,896,B26-P0896-003382,6,2.0,2.0,0.0,30.0,30.0,0.0,,2026-07-07 08:00:00,system,2026-07-07 08:00:00,system
3383,761,3274,1,1201,B26-P1201-003383,6,6.0,6.0,0.0,120.0,120.0,0.0,,2026-02-08 08:00:00,system,2026-02-08 08:00:00,system
3384,761,3275,2,579,B26-P0579-003384,6,12.0,12.0,0.0,60.0,60.0,0.0,,2026-02-08 08:00:00,system,2026-02-08 08:00:00,system
3385,762,3276,1,690,B26-P0690-003385,6,4.0,4.0,0.0,200.0,200.0,0.0,,2026-06-19 08:00:00,system,2026-06-19 08:00:00,system
3386,762,3277,2,25,B26-P0025-003386,6,10.0,9.0,1.0,550.0,495.0,55.0,,2026-06-19 08:00:00,system,2026-06-19 08:00:00,system
3387,763,3281,1,515,B26-P0515-003387,6,2.0,2.0,0.0,110.0,110.0,0.0,,2026-01-17 08:00:00,system,2026-01-17 08:00:00,system
3388,763,3282,2,1329,B26-P1329-003388,6,2.0,2.0,0.0,110.0,110.0,0.0,,2026-01-17 08:00:00,system,2026-01-17 08:00:00,system
3389,763,3283,3,1286,B26-P1286-003389,6,39.0,39.0,0.0,195.0,195.0,0.0,,2026-01-17 08:00:00,system,2026-01-17 08:00:00,system
3390,763,3284,4,1171,B26-P1171-003390,6,26.0,26.0,0.0,130.0,130.0,0.0,,2026-01-17 08:00:00,system,2026-01-17 08:00:00,system
3391,764,3285,1,1022,B26-P1022-003391,6,42.0,41.0,1.0,210.0,205.0,5.0,,2026-04-12 08:00:00,system,2026-04-12 08:00:00,system
3392,764,3286,2,96,B26-P0096-003392,1,4.0,4.0,0.0,4000.0,4000.0,0.0,,2026-04-12 08:00:00,system,2026-04-12 08:00:00,system
3393,764,3287,3,29,B26-P0029-003393,6,39.0,39.0,0.0,31.2,31.2,0.0,,2026-04-12 08:00:00,system,2026-04-12 08:00:00,system
3394,764,3288,4,1081,B26-P1081-003394,6,10.0,10.0,0.0,500.0,500.0,0.0,,2026-04-12 08:00:00,system,2026-04-12 08:00:00,system
3395,764,3289,5,195,B26-P0195-003395,6,35.0,35.0,0.0,350.0,350.0,0.0,,2026-04-12 08:00:00,system,2026-04-12 08:00:00,system
3396,765,3290,1,525,B26-P0525-003396,6,5.0,5.0,0.0,100.0,100.0,0.0,,2026-02-23 08:00:00,system,2026-02-23 08:00:00,system
3397,765,3291,2,1333,B26-P1333-003397,1,1.0,1.0,0.0,2000.0,2000.0,0.0,,2026-02-23 08:00:00,system,2026-02-23 08:00:00,system
3398,765,3292,3,350,B26-P0350-003398,6,3.0,3.0,0.0,3.0,3.0,0.0,,2026-02-23 08:00:00,system,2026-02-23 08:00:00,system
3399,765,3293,4,272,B26-P0272-003399,6,15.0,15.0,0.0,15.0,15.0,0.0,,2026-02-23 08:00:00,system,2026-02-23 08:00:00,system
3400,765,3294,5,204,B26-P0204-003400,6,13.0,13.0,0.0,13.0,13.0,0.0,,2026-02-23 08:00:00,system,2026-02-23 08:00:00,system
3401,765,3295,6,648,B26-P0648-003401,6,12.0,12.0,0.0,180.0,180.0,0.0,,2026-02-23 08:00:00,system,2026-02-23 08:00:00,system
3402,765,3296,7,1207,B26-P1207-003402,6,38.0,38.0,0.0,190.0,190.0,0.0,,2026-02-23 08:00:00,system,2026-02-23 08:00:00,system
3403,765,3297,8,1018,B26-P1018-003403,6,30.0,30.0,0.0,12.0,12.0,0.0,,2026-02-23 08:00:00,system,2026-02-23 08:00:00,system
3404,765,3298,9,1292,B26-P1292-003404,1,1.0,1.0,0.0,2000.0,2000.0,0.0,,2026-02-23 08:00:00,system,2026-02-23 08:00:00,system
3405,766,3291,1,1333,B26-P1333-003405,1,2.0,2.0,0.0,4000.0,4000.0,0.0,,2026-02-24 08:00:00,system,2026-02-24 08:00:00,system
3406,766,3292,2,350,B26-P0350-003406,6,9.0,9.0,0.0,9.0,9.0,0.0,,2026-02-24 08:00:00,system,2026-02-24 08:00:00,system
3407,766,3293,3,272,B26-P0272-003407,6,18.0,18.0,0.0,18.0,18.0,0.0,,2026-02-24 08:00:00,system,2026-02-24 08:00:00,system
3408,766,3294,4,204,B26-P0204-003408,6,1.0,1.0,0.0,1.0,1.0,0.0,,2026-02-24 08:00:00,system,2026-02-24 08:00:00,system
3409,766,3295,5,648,B26-P0648-003409,6,12.0,12.0,0.0,180.0,180.0,0.0,,2026-02-24 08:00:00,system,2026-02-24 08:00:00,system
3410,766,3296,6,1207,B26-P1207-003410,6,17.0,17.0,0.0,85.0,85.0,0.0,,2026-02-24 08:00:00,system,2026-02-24 08:00:00,system
3411,766,3297,7,1018,B26-P1018-003411,6,28.0,28.0,0.0,11.2,11.2,0.0,,2026-02-24 08:00:00,system,2026-02-24 08:00:00,system
3412,766,3298,8,1292,B26-P1292-003412,1,7.0,7.0,0.0,14000.0,14000.0,0.0,,2026-02-24 08:00:00,system,2026-02-24 08:00:00,system
3413,767,3299,1,776,B26-P0776-003413,6,10.0,9.0,1.0,150.0,135.0,15.0,,2026-05-16 08:00:00,system,2026-05-16 08:00:00,system
3414,767,3300,2,1341,B26-P1341-003414,6,2.0,2.0,0.0,420.0,420.0,0.0,,2026-05-16 08:00:00,system,2026-05-16 08:00:00,system
3415,767,3301,3,373,B26-P0373-003415,6,2.0,2.0,0.0,30.0,30.0,0.0,,2026-05-16 08:00:00,system,2026-05-16 08:00:00,system
3416,768,3299,1,776,B26-P0776-003416,6,20.0,20.0,0.0,300.0,300.0,0.0,,2026-05-17 08:00:00,system,2026-05-17 08:00:00,system
3417,768,3301,2,373,B26-P0373-003417,6,12.0,12.0,0.0,180.0,180.0,0.0,,2026-05-17 08:00:00,system,2026-05-17 08:00:00,system
3418,769,3304,1,61,B26-P0061-003418,6,25.0,25.0,0.0,30.0,30.0,0.0,,2026-05-23 08:00:00,system,2026-05-23 08:00:00,system
3419,770,3305,1,793,B26-P0793-003419,6,7.0,7.0,0.0,210.0,210.0,0.0,,2026-06-24 08:00:00,system,2026-06-24 08:00:00,system
3420,771,3310,1,153,B26-P0153-003420,6,6.0,6.0,0.0,150.0,150.0,0.0,,2026-06-14 08:00:00,system,2026-06-14 08:00:00,system
3421,771,3311,2,54,B26-P0054-003421,6,6.0,6.0,0.0,300.0,300.0,0.0,,2026-06-14 08:00:00,system,2026-06-14 08:00:00,system
3422,772,3314,1,1127,B26-P1127-003422,6,6.0,6.0,0.0,6.0,6.0,0.0,,2026-06-16 08:00:00,system,2026-06-16 08:00:00,system
3423,772,3315,2,1388,B26-P1388-003423,6,4.0,4.0,0.0,720.0,720.0,0.0,,2026-06-16 08:00:00,system,2026-06-16 08:00:00,system
3424,772,3317,3,838,B26-P0838-003424,6,2.0,2.0,0.0,30.0,30.0,0.0,,2026-06-16 08:00:00,system,2026-06-16 08:00:00,system
3425,773,3314,1,1127,B26-P1127-003425,6,5.0,5.0,0.0,5.0,5.0,0.0,,2026-06-20 08:00:00,system,2026-06-20 08:00:00,system
3426,773,3315,2,1388,B26-P1388-003426,6,2.0,2.0,0.0,360.0,360.0,0.0,,2026-06-20 08:00:00,system,2026-06-20 08:00:00,system
3427,773,3316,3,1215,B26-P1215-003427,6,13.0,13.0,0.0,65.0,65.0,0.0,,2026-06-20 08:00:00,system,2026-06-20 08:00:00,system
3428,773,3317,4,838,B26-P0838-003428,6,4.0,4.0,0.0,60.0,60.0,0.0,,2026-06-20 08:00:00,system,2026-06-20 08:00:00,system
3429,774,3318,1,473,B26-P0473-003429,6,2.0,2.0,0.0,360.0,360.0,0.0,,2026-05-02 08:00:00,system,2026-05-02 08:00:00,system
3430,774,3319,2,1417,B26-P1417-003430,6,2.0,2.0,0.0,420.0,420.0,0.0,,2026-05-02 08:00:00,system,2026-05-02 08:00:00,system
3431,775,3320,1,571,B26-P0571-003431,6,4.0,4.0,0.0,200.0,200.0,0.0,,2026-05-02 08:00:00,system,2026-05-02 08:00:00,system
3432,775,3321,2,1465,B26-P1465-003432,1,2.0,2.0,0.0,2000.0,2000.0,0.0,,2026-05-02 08:00:00,system,2026-05-02 08:00:00,system
3433,775,3322,3,1020,B26-P1020-003433,6,44.0,44.0,0.0,44.0,44.0,0.0,,2026-05-02 08:00:00,system,2026-05-02 08:00:00,system
3434,775,3323,4,314,B26-P0314-003434,6,4.0,3.0,1.0,200.0,150.0,50.0,,2026-05-02 08:00:00,system,2026-05-02 08:00:00,system
3435,776,3324,1,54,B26-P0054-003435,6,6.0,6.0,0.0,300.0,300.0,0.0,,2026-03-17 08:00:00,system,2026-03-17 08:00:00,system
3436,776,3325,2,610,B26-P0610-003436,6,17.0,17.0,0.0,255.0,255.0,0.0,,2026-03-17 08:00:00,system,2026-03-17 08:00:00,system
3437,776,3326,3,496,B26-P0496-003437,6,14.0,14.0,0.0,140.0,140.0,0.0,,2026-03-17 08:00:00,system,2026-03-17 08:00:00,system
3438,776,3327,4,324,B26-P0324-003438,6,13.0,13.0,0.0,130.0,130.0,0.0,,2026-03-17 08:00:00,system,2026-03-17 08:00:00,system
3439,776,3328,5,508,B26-P0508-003439,6,13.0,13.0,0.0,65.0,65.0,0.0,,2026-03-17 08:00:00,system,2026-03-17 08:00:00,system
3440,776,3329,6,1446,B26-P1446-003440,6,5.0,5.0,0.0,50.0,50.0,0.0,,2026-03-17 08:00:00,system,2026-03-17 08:00:00,system
3441,777,3324,1,54,B26-P0054-003441,6,2.0,2.0,0.0,100.0,100.0,0.0,,2026-03-19 08:00:00,system,2026-03-19 08:00:00,system
3442,777,3325,2,610,B26-P0610-003442,6,4.0,4.0,0.0,60.0,60.0,0.0,,2026-03-19 08:00:00,system,2026-03-19 08:00:00,system
3443,777,3326,3,496,B26-P0496-003443,6,16.0,16.0,0.0,160.0,160.0,0.0,,2026-03-19 08:00:00,system,2026-03-19 08:00:00,system
3444,777,3327,4,324,B26-P0324-003444,6,1.0,1.0,0.0,10.0,10.0,0.0,,2026-03-19 08:00:00,system,2026-03-19 08:00:00,system
3445,777,3328,5,508,B26-P0508-003445,6,11.0,11.0,0.0,55.0,55.0,0.0,,2026-03-19 08:00:00,system,2026-03-19 08:00:00,system
3446,777,3329,6,1446,B26-P1446-003446,6,10.0,10.0,0.0,100.0,100.0,0.0,,2026-03-19 08:00:00,system,2026-03-19 08:00:00,system
3447,778,3330,1,1424,B26-P1424-003447,6,8.0,8.0,0.0,120.0,120.0,0.0,,2026-02-06 08:00:00,system,2026-02-06 08:00:00,system
3448,778,3331,2,307,B26-P0307-003448,6,11.0,11.0,0.0,33.0,33.0,0.0,,2026-02-06 08:00:00,system,2026-02-06 08:00:00,system
3449,778,3332,3,1314,B26-P1314-003449,1,2.0,2.0,0.0,2000.0,2000.0,0.0,,2026-02-06 08:00:00,system,2026-02-06 08:00:00,system
3450,778,3333,4,779,B26-P0779-003450,6,4.0,4.0,0.0,120.0,120.0,0.0,,2026-02-06 08:00:00,system,2026-02-06 08:00:00,system
3451,778,3334,5,477,B26-P0477-003451,6,27.0,26.0,1.0,27.0,26.0,1.0,,2026-02-06 08:00:00,system,2026-02-06 08:00:00,system
3452,778,3335,6,850,B26-P0850-003452,6,22.0,22.0,0.0,66.0,66.0,0.0,,2026-02-06 08:00:00,system,2026-02-06 08:00:00,system
3453,779,3330,1,1424,B26-P1424-003453,6,7.0,7.0,0.0,105.0,105.0,0.0,,2026-02-07 08:00:00,system,2026-02-07 08:00:00,system
3454,779,3331,2,307,B26-P0307-003454,6,44.0,44.0,0.0,132.0,132.0,0.0,,2026-02-07 08:00:00,system,2026-02-07 08:00:00,system
3455,779,3332,3,1314,B26-P1314-003455,1,2.0,2.0,0.0,2000.0,2000.0,0.0,,2026-02-07 08:00:00,system,2026-02-07 08:00:00,system
3456,779,3333,4,779,B26-P0779-003456,6,3.0,3.0,0.0,90.0,90.0,0.0,,2026-02-07 08:00:00,system,2026-02-07 08:00:00,system
3457,779,3334,5,477,B26-P0477-003457,6,3.0,3.0,0.0,3.0,3.0,0.0,,2026-02-07 08:00:00,system,2026-02-07 08:00:00,system
3458,779,3335,6,850,B26-P0850-003458,6,38.0,38.0,0.0,114.0,114.0,0.0,,2026-02-07 08:00:00,system,2026-02-07 08:00:00,system
3459,780,3336,1,1494,B26-P1494-003459,6,21.0,21.0,0.0,420.0,420.0,0.0,,2026-06-07 08:00:00,system,2026-06-07 08:00:00,system
3460,781,3340,1,539,B26-P0539-003460,6,2.0,1.0,1.0,40.0,20.0,20.0,,2026-03-06 08:00:00,system,2026-03-06 08:00:00,system
3461,781,3341,2,1008,B26-P1008-003461,6,3.0,3.0,0.0,540.0,540.0,0.0,,2026-03-06 08:00:00,system,2026-03-06 08:00:00,system
3462,782,3339,1,1471,B26-P1471-003462,6,6.0,6.0,0.0,120.0,120.0,0.0,,2026-03-08 08:00:00,system,2026-03-08 08:00:00,system
3463,782,3340,2,539,B26-P0539-003463,6,1.0,1.0,0.0,20.0,20.0,0.0,,2026-03-08 08:00:00,system,2026-03-08 08:00:00,system
3464,783,3342,1,916,B26-P0916-003464,6,6.0,6.0,0.0,1080.0,1080.0,0.0,,2026-02-26 08:00:00,system,2026-02-26 08:00:00,system
3465,783,3343,2,765,B26-P0765-003465,6,12.0,12.0,0.0,360.0,360.0,0.0,,2026-02-26 08:00:00,system,2026-02-26 08:00:00,system
3466,783,3344,3,272,B26-P0272-003466,6,65.0,65.0,0.0,65.0,65.0,0.0,,2026-02-26 08:00:00,system,2026-02-26 08:00:00,system
3467,784,3345,1,1460,B26-P1460-003467,6,1.0,1.0,0.0,50.0,50.0,0.0,,2026-04-15 08:00:00,system,2026-04-15 08:00:00,system
3468,784,3346,2,650,B26-P0650-003468,6,1.0,1.0,0.0,25.0,25.0,0.0,,2026-04-15 08:00:00,system,2026-04-15 08:00:00,system
3469,784,3347,3,1331,B26-P1331-003469,6,2.0,1.0,1.0,420.0,210.0,210.0,,2026-04-15 08:00:00,system,2026-04-15 08:00:00,system
3470,784,3348,4,233,B26-P0233-003470,6,25.0,25.0,0.0,20.0,20.0,0.0,,2026-04-15 08:00:00,system,2026-04-15 08:00:00,system
3471,784,3349,5,321,B26-P0321-003471,6,23.0,23.0,0.0,27.6,27.6,0.0,,2026-04-15 08:00:00,system,2026-04-15 08:00:00,system
3472,784,3350,6,794,B26-P0794-003472,6,3.0,3.0,0.0,150.0,150.0,0.0,,2026-04-15 08:00:00,system,2026-04-15 08:00:00,system
3473,784,3351,7,293,B26-P0293-003473,6,10.0,10.0,0.0,200.0,200.0,0.0,,2026-04-15 08:00:00,system,2026-04-15 08:00:00,system
3474,785,3345,1,1460,B26-P1460-003474,6,3.0,2.0,1.0,150.0,100.0,50.0,,2026-04-16 08:00:00,system,2026-04-16 08:00:00,system
3475,785,3346,2,650,B26-P0650-003475,6,5.0,5.0,0.0,125.0,125.0,0.0,,2026-04-16 08:00:00,system,2026-04-16 08:00:00,system
3476,785,3348,3,233,B26-P0233-003476,6,1.0,1.0,0.0,0.8,0.8,0.0,,2026-04-16 08:00:00,system,2026-04-16 08:00:00,system
3477,785,3349,4,321,B26-P0321-003477,6,1.0,1.0,0.0,1.2,1.2,0.0,,2026-04-16 08:00:00,system,2026-04-16 08:00:00,system
3478,785,3350,5,794,B26-P0794-003478,6,7.0,7.0,0.0,350.0,350.0,0.0,,2026-04-16 08:00:00,system,2026-04-16 08:00:00,system
3479,785,3351,6,293,B26-P0293-003479,6,2.0,1.0,1.0,40.0,20.0,20.0,,2026-04-16 08:00:00,system,2026-04-16 08:00:00,system
3480,786,3352,1,1098,B26-P1098-003480,6,12.0,12.0,0.0,120.0,120.0,0.0,,2026-04-17 08:00:00,system,2026-04-17 08:00:00,system
3481,786,3353,2,624,B26-P0624-003481,6,7.0,7.0,0.0,105.0,105.0,0.0,,2026-04-17 08:00:00,system,2026-04-17 08:00:00,system
3482,786,3354,3,166,B26-P0166-003482,6,15.0,15.0,0.0,225.0,225.0,0.0,,2026-04-17 08:00:00,system,2026-04-17 08:00:00,system
3483,787,3355,1,1411,B26-P1411-003483,6,23.0,23.0,0.0,460.0,460.0,0.0,,2026-04-15 08:00:00,system,2026-04-15 08:00:00,system
3484,787,3356,2,952,B26-P0952-003484,6,12.0,12.0,0.0,600.0,600.0,0.0,,2026-04-15 08:00:00,system,2026-04-15 08:00:00,system
3485,787,3357,3,664,B26-P0664-003485,6,5.0,5.0,0.0,125.0,125.0,0.0,,2026-04-15 08:00:00,system,2026-04-15 08:00:00,system
3486,787,3358,4,1453,B26-P1453-003486,6,29.0,29.0,0.0,87.0,87.0,0.0,,2026-04-15 08:00:00,system,2026-04-15 08:00:00,system
3487,787,3359,5,1490,B26-P1490-003487,6,12.0,12.0,0.0,36.0,36.0,0.0,,2026-04-15 08:00:00,system,2026-04-15 08:00:00,system
3488,787,3360,6,233,B26-P0233-003488,6,25.0,25.0,0.0,20.0,20.0,0.0,,2026-04-15 08:00:00,system,2026-04-15 08:00:00,system
3489,787,3361,7,864,B26-P0864-003489,6,4.0,3.0,1.0,12.0,9.0,3.0,,2026-04-15 08:00:00,system,2026-04-15 08:00:00,system
3490,788,3355,1,1411,B26-P1411-003490,6,5.0,5.0,0.0,100.0,100.0,0.0,,2026-04-16 08:00:00,system,2026-04-16 08:00:00,system
3491,788,3357,2,664,B26-P0664-003491,6,3.0,3.0,0.0,75.0,75.0,0.0,,2026-04-16 08:00:00,system,2026-04-16 08:00:00,system
3492,788,3358,3,1453,B26-P1453-003492,6,3.0,3.0,0.0,9.0,9.0,0.0,,2026-04-16 08:00:00,system,2026-04-16 08:00:00,system
3493,788,3359,4,1490,B26-P1490-003493,6,20.0,19.0,1.0,60.0,57.0,3.0,,2026-04-16 08:00:00,system,2026-04-16 08:00:00,system
3494,788,3360,5,233,B26-P0233-003494,6,20.0,20.0,0.0,16.0,16.0,0.0,,2026-04-16 08:00:00,system,2026-04-16 08:00:00,system
3495,788,3361,6,864,B26-P0864-003495,6,10.0,10.0,0.0,30.0,30.0,0.0,,2026-04-16 08:00:00,system,2026-04-16 08:00:00,system
3496,789,3362,1,238,B26-P0238-003496,6,35.0,35.0,0.0,350.0,350.0,0.0,,2026-07-02 08:00:00,system,2026-07-02 08:00:00,system
3497,789,3363,2,72,B26-P0072-003497,6,24.0,24.0,0.0,240.0,240.0,0.0,,2026-07-02 08:00:00,system,2026-07-02 08:00:00,system
3498,790,3366,1,538,B26-P0538-003498,6,8.0,7.0,1.0,120.0,105.0,15.0,,2026-05-20 08:00:00,system,2026-05-20 08:00:00,system
3499,790,3367,2,1366,B26-P1366-003499,6,1.0,0.0,1.0,180.0,0.0,180.0,,2026-05-20 08:00:00,system,2026-05-20 08:00:00,system
3500,790,3368,3,993,B26-P0993-003500,6,55.0,55.0,0.0,110.0,110.0,0.0,,2026-05-20 08:00:00,system,2026-05-20 08:00:00,system
3501,790,3369,4,983,B26-P0983-003501,6,19.0,19.0,0.0,19.0,19.0,0.0,,2026-05-20 08:00:00,system,2026-05-20 08:00:00,system
3502,790,3370,5,9,B26-P0009-003502,6,5.0,5.0,0.0,250.0,250.0,0.0,,2026-05-20 08:00:00,system,2026-05-20 08:00:00,system
3503,790,3371,6,1085,B26-P1085-003503,6,13.0,13.0,0.0,13.0,13.0,0.0,,2026-05-20 08:00:00,system,2026-05-20 08:00:00,system
3504,790,3372,7,354,B26-P0354-003504,6,25.0,25.0,0.0,30.0,30.0,0.0,,2026-05-20 08:00:00,system,2026-05-20 08:00:00,system
3505,790,3373,8,1480,B26-P1480-003505,6,30.0,29.0,1.0,600.0,580.0,20.0,,2026-05-20 08:00:00,system,2026-05-20 08:00:00,system
3506,790,3374,9,210,B26-P0210-003506,6,20.0,20.0,0.0,400.0,400.0,0.0,,2026-05-20 08:00:00,system,2026-05-20 08:00:00,system
3507,790,3375,10,863,B26-P0863-003507,1,2.0,2.0,0.0,4000.0,4000.0,0.0,,2026-05-20 08:00:00,system,2026-05-20 08:00:00,system
3508,791,3366,1,538,B26-P0538-003508,6,20.0,20.0,0.0,300.0,300.0,0.0,,2026-05-24 08:00:00,system,2026-05-24 08:00:00,system
3509,791,3367,2,1366,B26-P1366-003509,6,1.0,1.0,0.0,180.0,180.0,0.0,,2026-05-24 08:00:00,system,2026-05-24 08:00:00,system
3510,791,3368,3,993,B26-P0993-003510,6,1.0,1.0,0.0,2.0,2.0,0.0,,2026-05-24 08:00:00,system,2026-05-24 08:00:00,system
3511,791,3369,4,983,B26-P0983-003511,6,5.0,5.0,0.0,5.0,5.0,0.0,,2026-05-24 08:00:00,system,2026-05-24 08:00:00,system
3512,791,3370,5,9,B26-P0009-003512,6,3.0,2.0,1.0,150.0,100.0,50.0,,2026-05-24 08:00:00,system,2026-05-24 08:00:00,system
3513,791,3371,6,1085,B26-P1085-003513,6,47.0,47.0,0.0,47.0,47.0,0.0,,2026-05-24 08:00:00,system,2026-05-24 08:00:00,system
3514,791,3372,7,354,B26-P0354-003514,6,1.0,1.0,0.0,1.2,1.2,0.0,,2026-05-24 08:00:00,system,2026-05-24 08:00:00,system
3515,792,3377,1,191,B26-P0191-003515,6,43.0,43.0,0.0,43.0,43.0,0.0,,2026-06-26 08:00:00,system,2026-06-26 08:00:00,system
3516,792,3378,2,929,B26-P0929-003516,6,3.0,3.0,0.0,165.0,165.0,0.0,,2026-06-26 08:00:00,system,2026-06-26 08:00:00,system
3517,792,3379,3,226,B26-P0226-003517,6,1.0,1.0,0.0,25.0,25.0,0.0,,2026-06-26 08:00:00,system,2026-06-26 08:00:00,system
3518,792,3380,4,48,B26-P0048-003518,6,1.0,1.0,0.0,5.0,5.0,0.0,,2026-06-26 08:00:00,system,2026-06-26 08:00:00,system
3519,792,3381,5,478,B26-P0478-003519,6,12.0,12.0,0.0,14.4,14.4,0.0,,2026-06-26 08:00:00,system,2026-06-26 08:00:00,system
3520,793,3376,1,1132,B26-P1132-003520,6,2.0,2.0,0.0,100.0,100.0,0.0,,2026-06-28 08:00:00,system,2026-06-28 08:00:00,system
3521,793,3377,2,191,B26-P0191-003521,6,2.0,2.0,0.0,2.0,2.0,0.0,,2026-06-28 08:00:00,system,2026-06-28 08:00:00,system
3522,793,3378,3,929,B26-P0929-003522,6,5.0,4.0,1.0,275.0,220.0,55.0,,2026-06-28 08:00:00,system,2026-06-28 08:00:00,system
3523,793,3379,4,226,B26-P0226-003523,6,15.0,15.0,0.0,375.0,375.0,0.0,,2026-06-28 08:00:00,system,2026-06-28 08:00:00,system
3524,793,3380,5,48,B26-P0048-003524,6,6.0,6.0,0.0,30.0,30.0,0.0,,2026-06-28 08:00:00,system,2026-06-28 08:00:00,system
3525,793,3381,6,478,B26-P0478-003525,6,53.0,53.0,0.0,63.6,63.6,0.0,,2026-06-28 08:00:00,system,2026-06-28 08:00:00,system
3526,794,3382,1,629,B26-P0629-003526,6,4.0,4.0,0.0,220.0,220.0,0.0,,2026-01-20 08:00:00,system,2026-01-20 08:00:00,system
3527,795,3385,1,272,B26-P0272-003527,6,9.0,9.0,0.0,9.0,9.0,0.0,,2026-05-24 08:00:00,system,2026-05-24 08:00:00,system
3528,796,3388,1,392,B26-P0392-003528,6,3.0,3.0,0.0,3.6,3.6,0.0,,2026-04-19 08:00:00,system,2026-04-19 08:00:00,system
3529,796,3389,2,976,B26-P0976-003529,6,29.0,29.0,0.0,145.0,145.0,0.0,,2026-04-19 08:00:00,system,2026-04-19 08:00:00,system
3530,796,3390,3,347,B26-P0347-003530,6,1.0,1.0,0.0,210.0,210.0,0.0,,2026-04-19 08:00:00,system,2026-04-19 08:00:00,system
3531,797,3391,1,1414,B26-P1414-003531,6,2.0,2.0,0.0,100.0,100.0,0.0,,2026-02-03 08:00:00,system,2026-02-03 08:00:00,system
3532,797,3392,2,350,B26-P0350-003532,6,3.0,3.0,0.0,3.0,3.0,0.0,,2026-02-03 08:00:00,system,2026-02-03 08:00:00,system
3533,797,3393,3,1018,B26-P1018-003533,6,45.0,45.0,0.0,18.0,18.0,0.0,,2026-02-03 08:00:00,system,2026-02-03 08:00:00,system
3534,797,3394,4,999,B26-P0999-003534,6,66.0,66.0,0.0,26.4,26.4,0.0,,2026-02-03 08:00:00,system,2026-02-03 08:00:00,system
3535,798,3392,1,350,B26-P0350-003535,6,9.0,9.0,0.0,9.0,9.0,0.0,,2026-02-08 08:00:00,system,2026-02-08 08:00:00,system
3536,798,3393,2,1018,B26-P1018-003536,6,71.0,71.0,0.0,28.4,28.4,0.0,,2026-02-08 08:00:00,system,2026-02-08 08:00:00,system
3537,799,3397,1,823,B26-P0823-003537,6,24.0,24.0,0.0,240.0,240.0,0.0,,2026-03-27 08:00:00,system,2026-03-27 08:00:00,system
3538,799,3398,2,1111,B26-P1111-003538,6,21.0,21.0,0.0,8.4,8.4,0.0,,2026-03-27 08:00:00,system,2026-03-27 08:00:00,system
3539,799,3399,3,1046,B26-P1046-003539,6,88.0,88.0,0.0,35.2,35.2,0.0,,2026-03-27 08:00:00,system,2026-03-27 08:00:00,system
3540,799,3400,4,1428,B26-P1428-003540,1,8.0,8.0,0.0,8000.0,8000.0,0.0,,2026-03-27 08:00:00,system,2026-03-27 08:00:00,system
3541,799,3401,5,1081,B26-P1081-003541,6,8.0,8.0,0.0,400.0,400.0,0.0,,2026-03-27 08:00:00,system,2026-03-27 08:00:00,system
3542,800,3402,1,1409,B26-P1409-003542,6,8.0,8.0,0.0,80.0,80.0,0.0,,2026-03-15 08:00:00,system,2026-03-15 08:00:00,system
3543,800,3403,2,20,B26-P0020-003543,6,16.0,16.0,0.0,240.0,240.0,0.0,,2026-03-15 08:00:00,system,2026-03-15 08:00:00,system
3544,800,3404,3,1286,B26-P1286-003544,6,16.0,16.0,0.0,80.0,80.0,0.0,,2026-03-15 08:00:00,system,2026-03-15 08:00:00,system
3545,800,3405,4,165,B26-P0165-003545,6,3.0,3.0,0.0,30.0,30.0,0.0,,2026-03-15 08:00:00,system,2026-03-15 08:00:00,system
3546,800,3406,5,714,B26-P0714-003546,6,1.0,1.0,0.0,50.0,50.0,0.0,,2026-03-15 08:00:00,system,2026-03-15 08:00:00,system
3547,801,3402,1,1409,B26-P1409-003547,6,16.0,16.0,0.0,160.0,160.0,0.0,,2026-03-19 08:00:00,system,2026-03-19 08:00:00,system
3548,801,3403,2,20,B26-P0020-003548,6,5.0,5.0,0.0,75.0,75.0,0.0,,2026-03-19 08:00:00,system,2026-03-19 08:00:00,system
3549,801,3404,3,1286,B26-P1286-003549,6,24.0,24.0,0.0,120.0,120.0,0.0,,2026-03-19 08:00:00,system,2026-03-19 08:00:00,system
3550,801,3405,4,165,B26-P0165-003550,6,22.0,22.0,0.0,220.0,220.0,0.0,,2026-03-19 08:00:00,system,2026-03-19 08:00:00,system
3551,801,3406,5,714,B26-P0714-003551,6,3.0,2.0,1.0,150.0,100.0,50.0,,2026-03-19 08:00:00,system,2026-03-19 08:00:00,system
3552,802,3407,1,1017,B26-P1017-003552,6,15.0,15.0,0.0,2700.0,2700.0,0.0,,2026-05-18 08:00:00,system,2026-05-18 08:00:00,system
3553,802,3408,2,268,B26-P0268-003553,6,15.0,15.0,0.0,2700.0,2700.0,0.0,,2026-05-18 08:00:00,system,2026-05-18 08:00:00,system
3554,802,3409,3,221,B26-P0221-003554,6,42.0,42.0,0.0,126.0,126.0,0.0,,2026-05-18 08:00:00,system,2026-05-18 08:00:00,system
3555,802,3410,4,598,B26-P0598-003555,6,28.0,28.0,0.0,700.0,700.0,0.0,,2026-05-18 08:00:00,system,2026-05-18 08:00:00,system
3556,803,3413,1,1321,B26-P1321-003556,6,6.0,6.0,0.0,330.0,330.0,0.0,,2026-03-23 08:00:00,system,2026-03-23 08:00:00,system
3557,804,3414,1,601,B26-P0601-003557,6,10.0,10.0,0.0,550.0,550.0,0.0,,2026-05-26 08:00:00,system,2026-05-26 08:00:00,system
3558,804,3417,2,1047,B26-P1047-003558,6,6.0,6.0,0.0,3.0,3.0,0.0,,2026-05-26 08:00:00,system,2026-05-26 08:00:00,system
3559,804,3418,3,34,B26-P0034-003559,6,11.0,11.0,0.0,110.0,110.0,0.0,,2026-05-26 08:00:00,system,2026-05-26 08:00:00,system
3560,804,3419,4,1317,B26-P1317-003560,1,1.0,1.0,0.0,2000.0,2000.0,0.0,,2026-05-26 08:00:00,system,2026-05-26 08:00:00,system
3561,804,3421,5,492,B26-P0492-003561,6,3.0,3.0,0.0,3.0,3.0,0.0,,2026-05-26 08:00:00,system,2026-05-26 08:00:00,system
3562,805,3415,1,222,B26-P0222-003562,6,1.0,1.0,0.0,5.0,5.0,0.0,,2026-05-29 08:00:00,system,2026-05-29 08:00:00,system
3563,805,3416,2,356,B26-P0356-003563,6,24.0,24.0,0.0,120.0,120.0,0.0,,2026-05-29 08:00:00,system,2026-05-29 08:00:00,system
3564,805,3418,3,34,B26-P0034-003564,6,1.0,1.0,0.0,10.0,10.0,0.0,,2026-05-29 08:00:00,system,2026-05-29 08:00:00,system
3565,805,3419,4,1317,B26-P1317-003565,1,5.0,5.0,0.0,10000.0,10000.0,0.0,,2026-05-29 08:00:00,system,2026-05-29 08:00:00,system
3566,805,3421,5,492,B26-P0492-003566,6,5.0,4.0,1.0,5.0,4.0,1.0,,2026-05-29 08:00:00,system,2026-05-29 08:00:00,system
3567,806,3415,1,222,B26-P0222-003567,6,17.0,17.0,0.0,85.0,85.0,0.0,,2026-06-02 08:00:00,system,2026-06-02 08:00:00,system
3568,806,3416,2,356,B26-P0356-003568,6,4.0,4.0,0.0,20.0,20.0,0.0,,2026-06-02 08:00:00,system,2026-06-02 08:00:00,system
3569,806,3417,3,1047,B26-P1047-003569,6,42.0,42.0,0.0,21.0,21.0,0.0,,2026-06-02 08:00:00,system,2026-06-02 08:00:00,system
3570,806,3418,4,34,B26-P0034-003570,6,16.0,16.0,0.0,160.0,160.0,0.0,,2026-06-02 08:00:00,system,2026-06-02 08:00:00,system
3571,806,3419,5,1317,B26-P1317-003571,1,2.0,2.0,0.0,4000.0,4000.0,0.0,,2026-06-02 08:00:00,system,2026-06-02 08:00:00,system
3572,806,3420,6,1302,B26-P1302-003572,6,5.0,5.0,0.0,100.0,100.0,0.0,,2026-06-02 08:00:00,system,2026-06-02 08:00:00,system
3573,806,3421,7,492,B26-P0492-003573,6,2.0,2.0,0.0,2.0,2.0,0.0,,2026-06-02 08:00:00,system,2026-06-02 08:00:00,system
3574,807,3422,1,272,B26-P0272-003574,6,3.0,3.0,0.0,3.0,3.0,0.0,,2026-04-30 08:00:00,system,2026-04-30 08:00:00,system
3575,807,3423,2,1488,B26-P1488-003575,1,3.0,3.0,0.0,3000.0,3000.0,0.0,,2026-04-30 08:00:00,system,2026-04-30 08:00:00,system
3576,807,3425,3,359,B26-P0359-003576,6,1.0,1.0,0.0,20.0,20.0,0.0,,2026-04-30 08:00:00,system,2026-04-30 08:00:00,system
3577,808,3422,1,272,B26-P0272-003577,6,1.0,1.0,0.0,1.0,1.0,0.0,,2026-05-03 08:00:00,system,2026-05-03 08:00:00,system
3578,808,3425,2,359,B26-P0359-003578,6,2.0,1.0,1.0,40.0,20.0,20.0,,2026-05-03 08:00:00,system,2026-05-03 08:00:00,system
3579,809,3424,1,1041,B26-P1041-003579,6,2.0,2.0,0.0,10.0,10.0,0.0,,2026-05-08 08:00:00,system,2026-05-08 08:00:00,system
3580,810,3431,1,73,B26-P0073-003580,6,2.0,2.0,0.0,30.0,30.0,0.0,,2026-05-27 08:00:00,system,2026-05-27 08:00:00,system
3581,810,3433,2,762,B26-P0762-003581,6,8.0,8.0,0.0,120.0,120.0,0.0,,2026-05-27 08:00:00,system,2026-05-27 08:00:00,system
3582,810,3434,3,1268,B26-P1268-003582,6,10.0,10.0,0.0,30.0,30.0,0.0,,2026-05-27 08:00:00,system,2026-05-27 08:00:00,system
3583,811,3431,1,73,B26-P0073-003583,6,1.0,1.0,0.0,15.0,15.0,0.0,,2026-05-29 08:00:00,system,2026-05-29 08:00:00,system
3584,811,3433,2,762,B26-P0762-003584,6,1.0,0.0,1.0,15.0,0.0,15.0,,2026-05-29 08:00:00,system,2026-05-29 08:00:00,system
3585,811,3434,3,1268,B26-P1268-003585,6,7.0,7.0,0.0,21.0,21.0,0.0,,2026-05-29 08:00:00,system,2026-05-29 08:00:00,system
3586,812,3437,1,824,B26-P0824-003586,6,3.0,3.0,0.0,45.0,45.0,0.0,,2026-06-25 08:00:00,system,2026-06-25 08:00:00,system
3587,812,3438,2,175,B26-P0175-003587,6,19.0,19.0,0.0,15.2,15.2,0.0,,2026-06-25 08:00:00,system,2026-06-25 08:00:00,system
3588,812,3439,3,1211,B26-P1211-003588,6,1.0,1.0,0.0,210.0,210.0,0.0,,2026-06-25 08:00:00,system,2026-06-25 08:00:00,system
3589,812,3440,4,1458,B26-P1458-003589,6,3.0,3.0,0.0,75.0,75.0,0.0,,2026-06-25 08:00:00,system,2026-06-25 08:00:00,system
3590,812,3441,5,1017,B26-P1017-003590,6,2.0,2.0,0.0,360.0,360.0,0.0,,2026-06-25 08:00:00,system,2026-06-25 08:00:00,system
3591,813,3437,1,824,B26-P0824-003591,6,9.0,9.0,0.0,135.0,135.0,0.0,,2026-06-26 08:00:00,system,2026-06-26 08:00:00,system
3592,813,3438,2,175,B26-P0175-003592,6,19.0,19.0,0.0,15.2,15.2,0.0,,2026-06-26 08:00:00,system,2026-06-26 08:00:00,system
3593,813,3440,3,1458,B26-P1458-003593,6,3.0,3.0,0.0,75.0,75.0,0.0,,2026-06-26 08:00:00,system,2026-06-26 08:00:00,system
3594,813,3441,4,1017,B26-P1017-003594,6,2.0,2.0,0.0,360.0,360.0,0.0,,2026-06-26 08:00:00,system,2026-06-26 08:00:00,system
3595,814,3437,1,824,B26-P0824-003595,6,2.0,2.0,0.0,30.0,30.0,0.0,,2026-06-28 08:00:00,system,2026-06-28 08:00:00,system
3596,814,3438,2,175,B26-P0175-003596,6,10.0,10.0,0.0,8.0,8.0,0.0,,2026-06-28 08:00:00,system,2026-06-28 08:00:00,system
3597,814,3440,3,1458,B26-P1458-003597,6,26.0,26.0,0.0,650.0,650.0,0.0,,2026-06-28 08:00:00,system,2026-06-28 08:00:00,system
3598,815,3456,1,1431,B26-P1431-003598,6,30.0,29.0,1.0,150.0,145.0,5.0,,2026-02-10 08:00:00,system,2026-02-10 08:00:00,system
3599,815,3457,2,936,B26-P0936-003599,6,24.0,24.0,0.0,600.0,600.0,0.0,,2026-02-10 08:00:00,system,2026-02-10 08:00:00,system
3600,815,3458,3,1088,B26-P1088-003600,6,20.0,19.0,1.0,200.0,190.0,10.0,,2026-02-10 08:00:00,system,2026-02-10 08:00:00,system
3601,815,3459,4,466,B26-P0466-003601,6,14.0,14.0,0.0,140.0,140.0,0.0,,2026-02-10 08:00:00,system,2026-02-10 08:00:00,system
3602,815,3460,5,98,B26-P0098-003602,6,32.0,32.0,0.0,32.0,32.0,0.0,,2026-02-10 08:00:00,system,2026-02-10 08:00:00,system
3603,816,3461,1,495,B26-P0495-003603,6,6.0,5.0,1.0,30.0,25.0,5.0,,2026-06-09 08:00:00,system,2026-06-09 08:00:00,system
3604,816,3463,2,315,B26-P0315-003604,6,1.0,1.0,0.0,55.0,55.0,0.0,,2026-06-09 08:00:00,system,2026-06-09 08:00:00,system
3605,816,3464,3,392,B26-P0392-003605,6,31.0,31.0,0.0,37.2,37.2,0.0,,2026-06-09 08:00:00,system,2026-06-09 08:00:00,system
3606,817,3461,1,495,B26-P0495-003606,6,2.0,1.0,1.0,10.0,5.0,5.0,,2026-06-13 08:00:00,system,2026-06-13 08:00:00,system
3607,817,3464,2,392,B26-P0392-003607,6,7.0,7.0,0.0,8.4,8.4,0.0,,2026-06-13 08:00:00,system,2026-06-13 08:00:00,system
3608,818,3474,1,731,B26-P0731-003608,6,1.0,1.0,0.0,210.0,210.0,0.0,,2026-06-16 08:00:00,system,2026-06-16 08:00:00,system
3609,819,3475,1,217,B26-P0217-003609,1,8.0,8.0,0.0,8000.0,8000.0,0.0,,2026-02-07 08:00:00,system,2026-02-07 08:00:00,system
3610,819,3476,2,1105,B26-P1105-003610,6,18.0,17.0,1.0,36.0,34.0,2.0,,2026-02-07 08:00:00,system,2026-02-07 08:00:00,system
3611,819,3477,3,1373,B26-P1373-003611,6,15.0,15.0,0.0,825.0,825.0,0.0,,2026-02-07 08:00:00,system,2026-02-07 08:00:00,system
3612,820,3478,1,564,B26-P0564-003612,6,28.0,28.0,0.0,84.0,84.0,0.0,,2026-04-04 08:00:00,system,2026-04-04 08:00:00,system
3613,821,3479,1,1345,B26-P1345-003613,6,48.0,48.0,0.0,240.0,240.0,0.0,,2026-03-04 08:00:00,system,2026-03-04 08:00:00,system
3614,821,3480,2,663,B26-P0663-003614,6,24.0,24.0,0.0,480.0,480.0,0.0,,2026-03-04 08:00:00,system,2026-03-04 08:00:00,system
3615,821,3481,3,764,B26-P0764-003615,6,18.0,18.0,0.0,450.0,450.0,0.0,,2026-03-04 08:00:00,system,2026-03-04 08:00:00,system
3616,821,3482,4,959,B26-P0959-003616,6,14.0,14.0,0.0,42.0,42.0,0.0,,2026-03-04 08:00:00,system,2026-03-04 08:00:00,system
3617,821,3483,5,622,B26-P0622-003617,6,24.0,24.0,0.0,120.0,120.0,0.0,,2026-03-04 08:00:00,system,2026-03-04 08:00:00,system
3618,821,3484,6,945,B26-P0945-003618,6,28.0,28.0,0.0,84.0,84.0,0.0,,2026-03-04 08:00:00,system,2026-03-04 08:00:00,system
3619,822,3485,1,523,B26-P0523-003619,6,10.0,10.0,0.0,100.0,100.0,0.0,,2026-02-21 08:00:00,system,2026-02-21 08:00:00,system
3620,822,3486,2,367,B26-P0367-003620,6,1.0,1.0,0.0,0.8,0.8,0.0,,2026-02-21 08:00:00,system,2026-02-21 08:00:00,system
3621,823,3487,1,156,B26-P0156-003621,6,5.0,5.0,0.0,275.0,275.0,0.0,,2026-01-28 08:00:00,system,2026-01-28 08:00:00,system
3622,823,3488,2,1388,B26-P1388-003622,6,4.0,4.0,0.0,720.0,720.0,0.0,,2026-01-28 08:00:00,system,2026-01-28 08:00:00,system
3623,823,3489,3,1215,B26-P1215-003623,6,9.0,9.0,0.0,45.0,45.0,0.0,,2026-01-28 08:00:00,system,2026-01-28 08:00:00,system
3624,824,3487,1,156,B26-P0156-003624,6,3.0,3.0,0.0,165.0,165.0,0.0,,2026-02-02 08:00:00,system,2026-02-02 08:00:00,system
3625,824,3489,2,1215,B26-P1215-003625,6,4.0,4.0,0.0,20.0,20.0,0.0,,2026-02-02 08:00:00,system,2026-02-02 08:00:00,system
3626,825,3492,1,824,B26-P0824-003626,6,6.0,6.0,0.0,90.0,90.0,0.0,,2026-05-25 08:00:00,system,2026-05-25 08:00:00,system
3627,825,3493,2,1261,B26-P1261-003627,6,5.0,5.0,0.0,25.0,25.0,0.0,,2026-05-25 08:00:00,system,2026-05-25 08:00:00,system
3628,825,3494,3,214,B26-P0214-003628,6,1.0,1.0,0.0,55.0,55.0,0.0,,2026-05-25 08:00:00,system,2026-05-25 08:00:00,system
3629,827,3495,1,216,B26-P0216-003629,6,4.0,4.0,0.0,840.0,840.0,0.0,,2026-02-04 08:00:00,system,2026-02-04 08:00:00,system
3630,827,3496,2,713,B26-P0713-003630,6,24.0,24.0,0.0,720.0,720.0,0.0,,2026-02-04 08:00:00,system,2026-02-04 08:00:00,system
3631,828,3497,1,750,B26-P0750-003631,6,6.0,6.0,0.0,30.0,30.0,0.0,,2026-06-29 08:00:00,system,2026-06-29 08:00:00,system
3632,828,3498,2,720,B26-P0720-003632,1,4.0,4.0,0.0,8000.0,8000.0,0.0,,2026-06-29 08:00:00,system,2026-06-29 08:00:00,system
3633,828,3499,3,519,B26-P0519-003633,1,8.0,8.0,0.0,8000.0,8000.0,0.0,,2026-06-29 08:00:00,system,2026-06-29 08:00:00,system
3634,829,3500,1,1096,B26-P1096-003634,6,55.0,55.0,0.0,110.0,110.0,0.0,,2026-06-09 08:00:00,system,2026-06-09 08:00:00,system
3635,829,3501,2,109,B26-P0109-003635,6,2.0,2.0,0.0,360.0,360.0,0.0,,2026-06-09 08:00:00,system,2026-06-09 08:00:00,system
3636,829,3502,3,373,B26-P0373-003636,6,7.0,7.0,0.0,105.0,105.0,0.0,,2026-06-09 08:00:00,system,2026-06-09 08:00:00,system
3637,829,3503,4,1328,B26-P1328-003637,6,14.0,14.0,0.0,280.0,280.0,0.0,,2026-06-09 08:00:00,system,2026-06-09 08:00:00,system
3638,829,3504,5,1489,B26-P1489-003638,1,1.0,1.0,0.0,2000.0,2000.0,0.0,,2026-06-09 08:00:00,system,2026-06-09 08:00:00,system
3639,830,3505,1,270,B26-P0270-003639,1,6.0,6.0,0.0,6000.0,6000.0,0.0,,2026-01-20 08:00:00,system,2026-01-20 08:00:00,system
3640,830,3506,2,798,B26-P0798-003640,1,6.0,6.0,0.0,3000.0,3000.0,0.0,,2026-01-20 08:00:00,system,2026-01-20 08:00:00,system
3641,831,3507,1,1017,B26-P1017-003641,6,3.0,3.0,0.0,540.0,540.0,0.0,,2026-02-22 08:00:00,system,2026-02-22 08:00:00,system
3642,831,3508,2,1230,B26-P1230-003642,6,1.0,1.0,0.0,5.0,5.0,0.0,,2026-02-22 08:00:00,system,2026-02-22 08:00:00,system
3643,831,3509,3,542,B26-P0542-003643,6,4.0,3.0,1.0,200.0,150.0,50.0,,2026-02-22 08:00:00,system,2026-02-22 08:00:00,system
3644,832,3508,1,1230,B26-P1230-003644,6,1.0,1.0,0.0,5.0,5.0,0.0,,2026-02-24 08:00:00,system,2026-02-24 08:00:00,system
3645,832,3509,2,542,B26-P0542-003645,6,10.0,10.0,0.0,500.0,500.0,0.0,,2026-02-24 08:00:00,system,2026-02-24 08:00:00,system
3646,833,3514,1,585,B26-P0585-003646,6,1.0,1.0,0.0,50.0,50.0,0.0,,2026-07-09 08:00:00,system,2026-07-09 08:00:00,system
3647,833,3515,2,258,B26-P0258-003647,6,3.0,3.0,0.0,3.6,3.6,0.0,,2026-07-09 08:00:00,system,2026-07-09 08:00:00,system
3648,833,3516,3,857,B26-P0857-003648,6,1.0,1.0,0.0,50.0,50.0,0.0,,2026-07-09 08:00:00,system,2026-07-09 08:00:00,system
3649,833,3517,4,1078,B26-P1078-003649,6,1.0,1.0,0.0,5.0,5.0,0.0,,2026-07-09 08:00:00,system,2026-07-09 08:00:00,system
3650,833,3518,5,711,B26-P0711-003650,6,7.0,7.0,0.0,140.0,140.0,0.0,,2026-07-09 08:00:00,system,2026-07-09 08:00:00,system
3651,834,3523,1,1432,B26-P1432-003651,6,5.0,5.0,0.0,50.0,50.0,0.0,,2026-02-28 08:00:00,system,2026-02-28 08:00:00,system
3652,834,3524,2,1068,B26-P1068-003652,6,16.0,16.0,0.0,32.0,32.0,0.0,,2026-02-28 08:00:00,system,2026-02-28 08:00:00,system
3653,834,3526,3,1138,B26-P1138-003653,6,4.0,4.0,0.0,20.0,20.0,0.0,,2026-02-28 08:00:00,system,2026-02-28 08:00:00,system
3654,834,3527,4,1185,B26-P1185-003654,6,7.0,7.0,0.0,7.0,7.0,0.0,,2026-02-28 08:00:00,system,2026-02-28 08:00:00,system
3655,835,3523,1,1432,B26-P1432-003655,6,7.0,7.0,0.0,70.0,70.0,0.0,,2026-03-02 08:00:00,system,2026-03-02 08:00:00,system
3656,835,3524,2,1068,B26-P1068-003656,6,20.0,20.0,0.0,40.0,40.0,0.0,,2026-03-02 08:00:00,system,2026-03-02 08:00:00,system
3657,835,3525,3,1303,B26-P1303-003657,6,6.0,6.0,0.0,330.0,330.0,0.0,,2026-03-02 08:00:00,system,2026-03-02 08:00:00,system
3658,835,3526,4,1138,B26-P1138-003658,6,51.0,51.0,0.0,255.0,255.0,0.0,,2026-03-02 08:00:00,system,2026-03-02 08:00:00,system
3659,835,3527,5,1185,B26-P1185-003659,6,7.0,7.0,0.0,7.0,7.0,0.0,,2026-03-02 08:00:00,system,2026-03-02 08:00:00,system
3660,836,3528,1,13,B26-P0013-003660,1,1.0,1.0,0.0,1000.0,1000.0,0.0,,2026-03-24 08:00:00,system,2026-03-24 08:00:00,system
3661,837,3539,1,672,B26-P0672-003661,6,35.0,35.0,0.0,525.0,525.0,0.0,,2026-03-27 08:00:00,system,2026-03-27 08:00:00,system
3662,838,3540,1,825,B26-P0825-003662,6,18.0,18.0,0.0,360.0,360.0,0.0,,2026-05-03 08:00:00,system,2026-05-03 08:00:00,system
3663,838,3541,2,991,B26-P0991-003663,6,15.0,15.0,0.0,7.5,7.5,0.0,,2026-05-03 08:00:00,system,2026-05-03 08:00:00,system
3664,838,3542,3,1471,B26-P1471-003664,6,21.0,21.0,0.0,420.0,420.0,0.0,,2026-05-03 08:00:00,system,2026-05-03 08:00:00,system
3665,839,3543,1,325,B26-P0325-003665,6,16.0,15.0,1.0,240.0,225.0,15.0,,2026-05-22 08:00:00,system,2026-05-22 08:00:00,system
3666,839,3544,2,438,B26-P0438-003666,6,6.0,6.0,0.0,300.0,300.0,0.0,,2026-05-22 08:00:00,system,2026-05-22 08:00:00,system
3667,839,3545,3,141,B26-P0141-003667,6,7.0,7.0,0.0,385.0,385.0,0.0,,2026-05-22 08:00:00,system,2026-05-22 08:00:00,system
3668,839,3546,4,26,B26-P0026-003668,6,6.0,6.0,0.0,1080.0,1080.0,0.0,,2026-05-22 08:00:00,system,2026-05-22 08:00:00,system
3669,839,3547,5,597,B26-P0597-003669,6,14.0,14.0,0.0,280.0,280.0,0.0,,2026-05-22 08:00:00,system,2026-05-22 08:00:00,system
3670,839,3548,6,1028,B26-P1028-003670,6,13.0,13.0,0.0,6.5,6.5,0.0,,2026-05-22 08:00:00,system,2026-05-22 08:00:00,system
3671,839,3549,7,1023,B26-P1023-003671,6,3.0,3.0,0.0,30.0,30.0,0.0,,2026-05-22 08:00:00,system,2026-05-22 08:00:00,system
3672,840,3543,1,325,B26-P0325-003672,6,5.0,5.0,0.0,75.0,75.0,0.0,,2026-05-25 08:00:00,system,2026-05-25 08:00:00,system
3673,840,3545,2,141,B26-P0141-003673,6,3.0,3.0,0.0,165.0,165.0,0.0,,2026-05-25 08:00:00,system,2026-05-25 08:00:00,system
3674,840,3546,3,26,B26-P0026-003674,6,4.0,4.0,0.0,720.0,720.0,0.0,,2026-05-25 08:00:00,system,2026-05-25 08:00:00,system
3675,840,3547,4,597,B26-P0597-003675,6,21.0,21.0,0.0,420.0,420.0,0.0,,2026-05-25 08:00:00,system,2026-05-25 08:00:00,system
3676,840,3548,5,1028,B26-P1028-003676,6,57.0,56.0,1.0,28.5,28.0,0.5,,2026-05-25 08:00:00,system,2026-05-25 08:00:00,system
3677,840,3549,6,1023,B26-P1023-003677,6,17.0,17.0,0.0,170.0,170.0,0.0,,2026-05-25 08:00:00,system,2026-05-25 08:00:00,system
3678,841,3550,1,151,B26-P0151-003678,6,3.0,3.0,0.0,45.0,45.0,0.0,,2026-04-18 08:00:00,system,2026-04-18 08:00:00,system
3679,842,3551,1,324,B26-P0324-003679,6,30.0,30.0,0.0,300.0,300.0,0.0,,2026-03-18 08:00:00,system,2026-03-18 08:00:00,system
3680,843,3552,1,53,B26-P0053-003680,6,30.0,30.0,0.0,900.0,900.0,0.0,,2026-01-11 08:00:00,system,2026-01-11 08:00:00,system
3681,844,3553,1,640,B26-P0640-003681,6,7.0,7.0,0.0,1260.0,1260.0,0.0,,2026-06-06 08:00:00,system,2026-06-06 08:00:00,system
3682,844,3554,2,890,B26-P0890-003682,1,2.0,1.0,1.0,2000.0,1000.0,1000.0,,2026-06-06 08:00:00,system,2026-06-06 08:00:00,system
3683,844,3555,3,111,B26-P0111-003683,1,1.0,1.0,0.0,1000.0,1000.0,0.0,,2026-06-06 08:00:00,system,2026-06-06 08:00:00,system
3684,845,3556,1,1168,B26-P1168-003684,6,25.0,25.0,0.0,250.0,250.0,0.0,,2026-03-30 08:00:00,system,2026-03-30 08:00:00,system
3685,845,3557,2,1314,B26-P1314-003685,1,2.0,2.0,0.0,2000.0,2000.0,0.0,,2026-03-30 08:00:00,system,2026-03-30 08:00:00,system
3686,845,3558,3,312,B26-P0312-003686,6,20.0,20.0,0.0,500.0,500.0,0.0,,2026-03-30 08:00:00,system,2026-03-30 08:00:00,system
3687,845,3559,4,427,B26-P0427-003687,6,20.0,20.0,0.0,400.0,400.0,0.0,,2026-03-30 08:00:00,system,2026-03-30 08:00:00,system
3688,845,3560,5,752,B26-P0752-003688,6,6.0,6.0,0.0,300.0,300.0,0.0,,2026-03-30 08:00:00,system,2026-03-30 08:00:00,system
3689,846,3561,1,73,B26-P0073-003689,6,30.0,30.0,0.0,450.0,450.0,0.0,,2026-06-15 08:00:00,system,2026-06-15 08:00:00,system
3690,846,3562,2,1333,B26-P1333-003690,1,2.0,2.0,0.0,4000.0,4000.0,0.0,,2026-06-15 08:00:00,system,2026-06-15 08:00:00,system
3691,846,3563,3,697,B26-P0697-003691,6,44.0,44.0,0.0,132.0,132.0,0.0,,2026-06-15 08:00:00,system,2026-06-15 08:00:00,system
3692,846,3564,4,115,B26-P0115-003692,6,36.0,36.0,0.0,108.0,108.0,0.0,,2026-06-15 08:00:00,system,2026-06-15 08:00:00,system
3693,846,3565,5,991,B26-P0991-003693,6,40.0,40.0,0.0,20.0,20.0,0.0,,2026-06-15 08:00:00,system,2026-06-15 08:00:00,system
3694,846,3566,6,639,B26-P0639-003694,6,6.0,6.0,0.0,330.0,330.0,0.0,,2026-06-15 08:00:00,system,2026-06-15 08:00:00,system
3695,847,3568,1,587,B26-P0587-003695,6,1.0,1.0,0.0,180.0,180.0,0.0,,2026-06-01 08:00:00,system,2026-06-01 08:00:00,system
3696,847,3569,2,1370,B26-P1370-003696,6,9.0,9.0,0.0,9.0,9.0,0.0,,2026-06-01 08:00:00,system,2026-06-01 08:00:00,system
3697,847,3570,3,403,B26-P0403-003697,6,2.0,2.0,0.0,420.0,420.0,0.0,,2026-06-01 08:00:00,system,2026-06-01 08:00:00,system
3698,847,3571,4,264,B26-P0264-003698,6,3.0,3.0,0.0,75.0,75.0,0.0,,2026-06-01 08:00:00,system,2026-06-01 08:00:00,system
3699,847,3572,5,511,B26-P0511-003699,6,2.0,2.0,0.0,40.0,40.0,0.0,,2026-06-01 08:00:00,system,2026-06-01 08:00:00,system
3700,847,3573,6,378,B26-P0378-003700,6,2.0,2.0,0.0,110.0,110.0,0.0,,2026-06-01 08:00:00,system,2026-06-01 08:00:00,system
3701,847,3574,7,1356,B26-P1356-003701,6,1.0,1.0,0.0,20.0,20.0,0.0,,2026-06-01 08:00:00,system,2026-06-01 08:00:00,system
3702,847,3575,8,280,B26-P0280-003702,6,4.0,4.0,0.0,120.0,120.0,0.0,,2026-06-01 08:00:00,system,2026-06-01 08:00:00,system
3703,847,3576,9,1267,B26-P1267-003703,6,5.0,5.0,0.0,5.0,5.0,0.0,,2026-06-01 08:00:00,system,2026-06-01 08:00:00,system
3704,847,3577,10,1346,B26-P1346-003704,6,3.0,3.0,0.0,60.0,60.0,0.0,,2026-06-01 08:00:00,system,2026-06-01 08:00:00,system
3705,847,3579,11,1048,B26-P1048-003705,6,11.0,11.0,0.0,11.0,11.0,0.0,,2026-06-01 08:00:00,system,2026-06-01 08:00:00,system
3706,847,3580,12,741,B26-P0741-003706,6,9.0,9.0,0.0,270.0,270.0,0.0,,2026-06-01 08:00:00,system,2026-06-01 08:00:00,system
3707,847,3581,13,205,B26-P0205-003707,6,7.0,7.0,0.0,8.4,8.4,0.0,,2026-06-01 08:00:00,system,2026-06-01 08:00:00,system
3708,847,3582,14,1394,B26-P1394-003708,6,2.0,2.0,0.0,10.0,10.0,0.0,,2026-06-01 08:00:00,system,2026-06-01 08:00:00,system
3709,848,3568,1,587,B26-P0587-003709,6,7.0,7.0,0.0,1260.0,1260.0,0.0,,2026-06-03 08:00:00,system,2026-06-03 08:00:00,system
3710,848,3569,2,1370,B26-P1370-003710,6,1.0,1.0,0.0,1.0,1.0,0.0,,2026-06-03 08:00:00,system,2026-06-03 08:00:00,system
3711,848,3570,3,403,B26-P0403-003711,6,1.0,1.0,0.0,210.0,210.0,0.0,,2026-06-03 08:00:00,system,2026-06-03 08:00:00,system
3712,848,3571,4,264,B26-P0264-003712,6,15.0,15.0,0.0,375.0,375.0,0.0,,2026-06-03 08:00:00,system,2026-06-03 08:00:00,system
3713,848,3574,5,1356,B26-P1356-003713,6,34.0,34.0,0.0,680.0,680.0,0.0,,2026-06-03 08:00:00,system,2026-06-03 08:00:00,system
3714,848,3575,6,280,B26-P0280-003714,6,1.0,1.0,0.0,30.0,30.0,0.0,,2026-06-03 08:00:00,system,2026-06-03 08:00:00,system
3715,848,3576,7,1267,B26-P1267-003715,6,5.0,5.0,0.0,5.0,5.0,0.0,,2026-06-03 08:00:00,system,2026-06-03 08:00:00,system
3716,848,3577,8,1346,B26-P1346-003716,6,7.0,7.0,0.0,140.0,140.0,0.0,,2026-06-03 08:00:00,system,2026-06-03 08:00:00,system
3717,848,3580,9,741,B26-P0741-003717,6,2.0,2.0,0.0,60.0,60.0,0.0,,2026-06-03 08:00:00,system,2026-06-03 08:00:00,system
3718,848,3582,10,1394,B26-P1394-003718,6,1.0,1.0,0.0,5.0,5.0,0.0,,2026-06-03 08:00:00,system,2026-06-03 08:00:00,system
3719,849,3569,1,1370,B26-P1370-003719,6,32.0,32.0,0.0,32.0,32.0,0.0,,2026-06-05 08:00:00,system,2026-06-05 08:00:00,system
3720,849,3571,2,264,B26-P0264-003720,6,3.0,3.0,0.0,75.0,75.0,0.0,,2026-06-05 08:00:00,system,2026-06-05 08:00:00,system
3721,849,3572,3,511,B26-P0511-003721,6,22.0,22.0,0.0,440.0,440.0,0.0,,2026-06-05 08:00:00,system,2026-06-05 08:00:00,system
3722,849,3576,4,1267,B26-P1267-003722,6,16.0,16.0,0.0,16.0,16.0,0.0,,2026-06-05 08:00:00,system,2026-06-05 08:00:00,system
3723,849,3577,5,1346,B26-P1346-003723,6,4.0,4.0,0.0,80.0,80.0,0.0,,2026-06-05 08:00:00,system,2026-06-05 08:00:00,system
3724,849,3578,6,1313,B26-P1313-003724,6,5.0,5.0,0.0,1050.0,1050.0,0.0,,2026-06-05 08:00:00,system,2026-06-05 08:00:00,system
3725,849,3580,7,741,B26-P0741-003725,6,17.0,17.0,0.0,510.0,510.0,0.0,,2026-06-05 08:00:00,system,2026-06-05 08:00:00,system
3726,849,3581,8,205,B26-P0205-003726,6,35.0,35.0,0.0,42.0,42.0,0.0,,2026-06-05 08:00:00,system,2026-06-05 08:00:00,system
3727,849,3582,9,1394,B26-P1394-003727,6,3.0,3.0,0.0,15.0,15.0,0.0,,2026-06-05 08:00:00,system,2026-06-05 08:00:00,system
3728,850,3583,1,152,B26-P0152-003728,6,5.0,4.0,1.0,100.0,80.0,20.0,,2026-01-23 08:00:00,system,2026-01-23 08:00:00,system
3729,851,3584,1,1095,B26-P1095-003729,6,41.0,41.0,0.0,41.0,41.0,0.0,,2026-02-10 08:00:00,system,2026-02-10 08:00:00,system
3730,852,3585,1,1313,B26-P1313-003730,6,4.0,4.0,0.0,840.0,840.0,0.0,,2026-05-25 08:00:00,system,2026-05-25 08:00:00,system
3731,852,3586,2,741,B26-P0741-003731,6,14.0,14.0,0.0,420.0,420.0,0.0,,2026-05-25 08:00:00,system,2026-05-25 08:00:00,system
3732,852,3587,3,1157,B26-P1157-003732,6,36.0,36.0,0.0,36.0,36.0,0.0,,2026-05-25 08:00:00,system,2026-05-25 08:00:00,system
3733,852,3588,4,504,B26-P0504-003733,1,4.0,4.0,0.0,2000.0,2000.0,0.0,,2026-05-25 08:00:00,system,2026-05-25 08:00:00,system
3734,852,3589,5,1356,B26-P1356-003734,6,14.0,14.0,0.0,280.0,280.0,0.0,,2026-05-25 08:00:00,system,2026-05-25 08:00:00,system
3735,853,3590,1,455,B26-P0455-003735,6,4.0,4.0,0.0,720.0,720.0,0.0,,2026-02-21 08:00:00,system,2026-02-21 08:00:00,system
3736,853,3591,2,1437,B26-P1437-003736,6,8.0,8.0,0.0,400.0,400.0,0.0,,2026-02-21 08:00:00,system,2026-02-21 08:00:00,system
3737,853,3592,3,1221,B26-P1221-003737,6,33.0,33.0,0.0,33.0,33.0,0.0,,2026-02-21 08:00:00,system,2026-02-21 08:00:00,system
3738,853,3593,4,87,B26-P0087-003738,6,12.0,12.0,0.0,120.0,120.0,0.0,,2026-02-21 08:00:00,system,2026-02-21 08:00:00,system
3739,853,3594,5,109,B26-P0109-003739,6,6.0,6.0,0.0,1080.0,1080.0,0.0,,2026-02-21 08:00:00,system,2026-02-21 08:00:00,system
3740,853,3595,6,31,B26-P0031-003740,6,10.0,10.0,0.0,12.0,12.0,0.0,,2026-02-21 08:00:00,system,2026-02-21 08:00:00,system
3741,853,3596,7,479,B26-P0479-003741,6,24.0,24.0,0.0,72.0,72.0,0.0,,2026-02-21 08:00:00,system,2026-02-21 08:00:00,system
3742,853,3597,8,1277,B26-P1277-003742,6,13.0,13.0,0.0,13.0,13.0,0.0,,2026-02-21 08:00:00,system,2026-02-21 08:00:00,system
3743,853,3598,9,961,B26-P0961-003743,6,21.0,21.0,0.0,210.0,210.0,0.0,,2026-02-21 08:00:00,system,2026-02-21 08:00:00,system
3744,853,3599,10,237,B26-P0237-003744,6,30.0,30.0,0.0,150.0,150.0,0.0,,2026-02-21 08:00:00,system,2026-02-21 08:00:00,system
3745,854,3601,1,1114,B26-P1114-003745,6,29.0,29.0,0.0,58.0,58.0,0.0,,2026-05-15 08:00:00,system,2026-05-15 08:00:00,system
3746,854,3604,2,1273,B26-P1273-003746,6,1.0,1.0,0.0,180.0,180.0,0.0,,2026-05-15 08:00:00,system,2026-05-15 08:00:00,system
3747,854,3605,3,417,B26-P0417-003747,6,1.0,1.0,0.0,180.0,180.0,0.0,,2026-05-15 08:00:00,system,2026-05-15 08:00:00,system
3748,854,3606,4,721,B26-P0721-003748,6,1.0,1.0,0.0,3.0,3.0,0.0,,2026-05-15 08:00:00,system,2026-05-15 08:00:00,system
3749,855,3601,1,1114,B26-P1114-003749,6,20.0,19.0,1.0,40.0,38.0,2.0,,2026-05-19 08:00:00,system,2026-05-19 08:00:00,system
3750,855,3602,2,23,B26-P0023-003750,6,1.0,1.0,0.0,30.0,30.0,0.0,,2026-05-19 08:00:00,system,2026-05-19 08:00:00,system
3751,855,3604,3,1273,B26-P1273-003751,6,2.0,2.0,0.0,360.0,360.0,0.0,,2026-05-19 08:00:00,system,2026-05-19 08:00:00,system
3752,855,3605,4,417,B26-P0417-003752,6,2.0,2.0,0.0,360.0,360.0,0.0,,2026-05-19 08:00:00,system,2026-05-19 08:00:00,system
3753,856,3607,1,1328,B26-P1328-003753,6,12.0,12.0,0.0,240.0,240.0,0.0,,2026-03-10 08:00:00,system,2026-03-10 08:00:00,system
3754,856,3610,2,390,B26-P0390-003754,6,18.0,18.0,0.0,450.0,450.0,0.0,,2026-03-10 08:00:00,system,2026-03-10 08:00:00,system
3755,856,3612,3,685,B26-P0685-003755,6,17.0,17.0,0.0,170.0,170.0,0.0,,2026-03-10 08:00:00,system,2026-03-10 08:00:00,system
3756,856,3613,4,602,B26-P0602-003756,6,4.0,3.0,1.0,720.0,540.0,180.0,,2026-03-10 08:00:00,system,2026-03-10 08:00:00,system
3757,856,3614,5,591,B26-P0591-003757,1,2.0,2.0,0.0,2000.0,2000.0,0.0,,2026-03-10 08:00:00,system,2026-03-10 08:00:00,system
3758,857,3607,1,1328,B26-P1328-003758,6,9.0,9.0,0.0,180.0,180.0,0.0,,2026-03-12 08:00:00,system,2026-03-12 08:00:00,system
3759,857,3608,2,1233,B26-P1233-003759,6,2.0,2.0,0.0,110.0,110.0,0.0,,2026-03-12 08:00:00,system,2026-03-12 08:00:00,system
3760,857,3609,3,351,B26-P0351-003760,1,1.0,1.0,0.0,1000.0,1000.0,0.0,,2026-03-12 08:00:00,system,2026-03-12 08:00:00,system
3761,857,3612,4,685,B26-P0685-003761,6,7.0,7.0,0.0,70.0,70.0,0.0,,2026-03-12 08:00:00,system,2026-03-12 08:00:00,system
3762,857,3613,5,602,B26-P0602-003762,6,2.0,2.0,0.0,360.0,360.0,0.0,,2026-03-12 08:00:00,system,2026-03-12 08:00:00,system
3763,858,3607,1,1328,B26-P1328-003763,6,4.0,3.0,1.0,80.0,60.0,20.0,,2026-03-16 08:00:00,system,2026-03-16 08:00:00,system
3764,858,3608,2,1233,B26-P1233-003764,6,2.0,2.0,0.0,110.0,110.0,0.0,,2026-03-16 08:00:00,system,2026-03-16 08:00:00,system
3765,858,3609,3,351,B26-P0351-003765,1,1.0,1.0,0.0,1000.0,1000.0,0.0,,2026-03-16 08:00:00,system,2026-03-16 08:00:00,system
3766,858,3611,4,576,B26-P0576-003766,1,2.0,2.0,0.0,2000.0,2000.0,0.0,,2026-03-16 08:00:00,system,2026-03-16 08:00:00,system
3767,858,3612,5,685,B26-P0685-003767,6,1.0,1.0,0.0,10.0,10.0,0.0,,2026-03-16 08:00:00,system,2026-03-16 08:00:00,system
3768,858,3613,6,602,B26-P0602-003768,6,2.0,1.0,1.0,360.0,180.0,180.0,,2026-03-16 08:00:00,system,2026-03-16 08:00:00,system
3769,858,3614,7,591,B26-P0591-003769,1,1.0,1.0,0.0,1000.0,1000.0,0.0,,2026-03-16 08:00:00,system,2026-03-16 08:00:00,system
3770,859,3630,1,242,B26-P0242-003770,6,18.0,18.0,0.0,540.0,540.0,0.0,,2026-01-15 08:00:00,system,2026-01-15 08:00:00,system
3771,859,3631,2,884,B26-P0884-003771,6,6.0,6.0,0.0,180.0,180.0,0.0,,2026-01-15 08:00:00,system,2026-01-15 08:00:00,system
3772,859,3632,3,81,B26-P0081-003772,1,8.0,8.0,0.0,8000.0,8000.0,0.0,,2026-01-15 08:00:00,system,2026-01-15 08:00:00,system
3773,859,3633,4,1156,B26-P1156-003773,1,2.0,2.0,0.0,2000.0,2000.0,0.0,,2026-01-15 08:00:00,system,2026-01-15 08:00:00,system
3774,860,3634,1,884,B26-P0884-003774,6,30.0,30.0,0.0,900.0,900.0,0.0,,2026-01-31 08:00:00,system,2026-01-31 08:00:00,system
3775,860,3635,2,1428,B26-P1428-003775,1,1.0,0.0,1.0,1000.0,0.0,1000.0,,2026-01-31 08:00:00,system,2026-01-31 08:00:00,system
3776,860,3636,3,736,B26-P0736-003776,6,6.0,6.0,0.0,30.0,30.0,0.0,,2026-01-31 08:00:00,system,2026-01-31 08:00:00,system
3777,860,3637,4,1087,B26-P1087-003777,6,27.0,26.0,1.0,135.0,130.0,5.0,,2026-01-31 08:00:00,system,2026-01-31 08:00:00,system
3778,860,3638,5,1095,B26-P1095-003778,6,12.0,12.0,0.0,12.0,12.0,0.0,,2026-01-31 08:00:00,system,2026-01-31 08:00:00,system
3779,860,3639,6,801,B26-P0801-003779,6,1.0,1.0,0.0,55.0,55.0,0.0,,2026-01-31 08:00:00,system,2026-01-31 08:00:00,system
3780,860,3640,7,506,B26-P0506-003780,1,1.0,1.0,0.0,2000.0,2000.0,0.0,,2026-01-31 08:00:00,system,2026-01-31 08:00:00,system
3781,860,3641,8,845,B26-P0845-003781,6,1.0,1.0,0.0,210.0,210.0,0.0,,2026-01-31 08:00:00,system,2026-01-31 08:00:00,system
3782,861,3634,1,884,B26-P0884-003782,6,2.0,2.0,0.0,60.0,60.0,0.0,,2026-02-04 08:00:00,system,2026-02-04 08:00:00,system
3783,861,3635,2,1428,B26-P1428-003783,1,7.0,7.0,0.0,7000.0,7000.0,0.0,,2026-02-04 08:00:00,system,2026-02-04 08:00:00,system
3784,861,3636,3,736,B26-P0736-003784,6,6.0,6.0,0.0,30.0,30.0,0.0,,2026-02-04 08:00:00,system,2026-02-04 08:00:00,system
3785,861,3637,4,1087,B26-P1087-003785,6,21.0,21.0,0.0,105.0,105.0,0.0,,2026-02-04 08:00:00,system,2026-02-04 08:00:00,system
3786,861,3638,5,1095,B26-P1095-003786,6,24.0,24.0,0.0,24.0,24.0,0.0,,2026-02-04 08:00:00,system,2026-02-04 08:00:00,system
3787,861,3639,6,801,B26-P0801-003787,6,5.0,4.0,1.0,275.0,220.0,55.0,,2026-02-04 08:00:00,system,2026-02-04 08:00:00,system
3788,861,3640,7,506,B26-P0506-003788,1,1.0,1.0,0.0,2000.0,2000.0,0.0,,2026-02-04 08:00:00,system,2026-02-04 08:00:00,system
3789,861,3641,8,845,B26-P0845-003789,6,1.0,1.0,0.0,210.0,210.0,0.0,,2026-02-04 08:00:00,system,2026-02-04 08:00:00,system
3790,862,3642,1,23,B26-P0023-003790,6,28.0,28.0,0.0,840.0,840.0,0.0,,2026-04-21 08:00:00,system,2026-04-21 08:00:00,system
3791,862,3643,2,1363,B26-P1363-003791,6,48.0,48.0,0.0,240.0,240.0,0.0,,2026-04-21 08:00:00,system,2026-04-21 08:00:00,system
3792,862,3644,3,41,B26-P0041-003792,6,8.0,7.0,1.0,1440.0,1260.0,180.0,,2026-04-21 08:00:00,system,2026-04-21 08:00:00,system
3793,862,3645,4,1227,B26-P1227-003793,1,3.0,3.0,0.0,3000.0,3000.0,0.0,,2026-04-21 08:00:00,system,2026-04-21 08:00:00,system
3794,862,3646,5,1134,B26-P1134-003794,6,130.0,130.0,0.0,52.0,52.0,0.0,,2026-04-21 08:00:00,system,2026-04-21 08:00:00,system
3795,863,3666,1,1270,B26-P1270-003795,6,24.0,23.0,1.0,240.0,230.0,10.0,,2026-03-26 08:00:00,system,2026-03-26 08:00:00,system
3796,864,3667,1,843,B26-P0843-003796,6,10.0,10.0,0.0,550.0,550.0,0.0,,2026-03-28 08:00:00,system,2026-03-28 08:00:00,system
3797,864,3668,2,234,B26-P0234-003797,6,75.0,75.0,0.0,75.0,75.0,0.0,,2026-03-28 08:00:00,system,2026-03-28 08:00:00,system
3798,864,3669,3,1040,B26-P1040-003798,6,75.0,75.0,0.0,150.0,150.0,0.0,,2026-03-28 08:00:00,system,2026-03-28 08:00:00,system
3799,864,3670,4,548,B26-P0548-003799,1,2.0,2.0,0.0,2000.0,2000.0,0.0,,2026-03-28 08:00:00,system,2026-03-28 08:00:00,system
3800,864,3671,5,744,B26-P0744-003800,6,6.0,6.0,0.0,1080.0,1080.0,0.0,,2026-03-28 08:00:00,system,2026-03-28 08:00:00,system
3801,865,3673,1,1151,B26-P1151-003801,6,46.0,46.0,0.0,230.0,230.0,0.0,,2026-05-19 08:00:00,system,2026-05-19 08:00:00,system
3802,865,3674,2,1008,B26-P1008-003802,6,7.0,7.0,0.0,1260.0,1260.0,0.0,,2026-05-19 08:00:00,system,2026-05-19 08:00:00,system
3803,866,3672,1,436,B26-P0436-003803,6,6.0,6.0,0.0,150.0,150.0,0.0,,2026-05-24 08:00:00,system,2026-05-24 08:00:00,system
3804,866,3673,2,1151,B26-P1151-003804,6,34.0,33.0,1.0,170.0,165.0,5.0,,2026-05-24 08:00:00,system,2026-05-24 08:00:00,system
3805,866,3674,3,1008,B26-P1008-003805,6,1.0,1.0,0.0,180.0,180.0,0.0,,2026-05-24 08:00:00,system,2026-05-24 08:00:00,system
3806,867,3685,1,587,B26-P0587-003806,6,1.0,1.0,0.0,180.0,180.0,0.0,,2026-02-12 08:00:00,system,2026-02-12 08:00:00,system
3807,867,3687,2,66,B26-P0066-003807,6,4.0,4.0,0.0,80.0,80.0,0.0,,2026-02-12 08:00:00,system,2026-02-12 08:00:00,system
3808,867,3688,3,511,B26-P0511-003808,6,1.0,1.0,0.0,20.0,20.0,0.0,,2026-02-12 08:00:00,system,2026-02-12 08:00:00,system
3809,869,3692,1,1438,B26-P1438-003809,6,6.0,6.0,0.0,330.0,330.0,0.0,,2026-06-28 08:00:00,system,2026-06-28 08:00:00,system
3810,870,3693,1,662,B26-P0662-003810,6,3.0,3.0,0.0,45.0,45.0,0.0,,2026-04-14 08:00:00,system,2026-04-14 08:00:00,system
3811,870,3694,2,1231,B26-P1231-003811,6,12.0,12.0,0.0,120.0,120.0,0.0,,2026-04-14 08:00:00,system,2026-04-14 08:00:00,system
3812,870,3696,3,638,B26-P0638-003812,6,13.0,13.0,0.0,650.0,650.0,0.0,,2026-04-14 08:00:00,system,2026-04-14 08:00:00,system
3813,870,3697,4,1148,B26-P1148-003813,1,2.0,2.0,0.0,2000.0,2000.0,0.0,,2026-04-14 08:00:00,system,2026-04-14 08:00:00,system
3814,870,3698,5,770,B26-P0770-003814,1,6.0,6.0,0.0,3000.0,3000.0,0.0,,2026-04-14 08:00:00,system,2026-04-14 08:00:00,system
3815,870,3699,6,759,B26-P0759-003815,6,70.0,70.0,0.0,210.0,210.0,0.0,,2026-04-14 08:00:00,system,2026-04-14 08:00:00,system
3816,870,3701,7,875,B26-P0875-003816,1,2.0,1.0,1.0,1000.0,500.0,500.0,,2026-04-14 08:00:00,system,2026-04-14 08:00:00,system
3817,870,3702,8,219,B26-P0219-003817,6,35.0,35.0,0.0,35.0,35.0,0.0,,2026-04-14 08:00:00,system,2026-04-14 08:00:00,system
3818,871,3693,1,662,B26-P0662-003818,6,21.0,20.0,1.0,315.0,300.0,15.0,,2026-04-17 08:00:00,system,2026-04-17 08:00:00,system
3819,871,3694,2,1231,B26-P1231-003819,6,12.0,12.0,0.0,120.0,120.0,0.0,,2026-04-17 08:00:00,system,2026-04-17 08:00:00,system
3820,871,3695,3,24,B26-P0024-003820,6,8.0,8.0,0.0,400.0,400.0,0.0,,2026-04-17 08:00:00,system,2026-04-17 08:00:00,system
3821,871,3696,4,638,B26-P0638-003821,6,2.0,2.0,0.0,100.0,100.0,0.0,,2026-04-17 08:00:00,system,2026-04-17 08:00:00,system
3822,871,3698,5,770,B26-P0770-003822,1,2.0,2.0,0.0,1000.0,1000.0,0.0,,2026-04-17 08:00:00,system,2026-04-17 08:00:00,system
3823,871,3699,6,759,B26-P0759-003823,6,10.0,10.0,0.0,30.0,30.0,0.0,,2026-04-17 08:00:00,system,2026-04-17 08:00:00,system
3824,871,3700,7,555,B26-P0555-003824,6,8.0,8.0,0.0,200.0,200.0,0.0,,2026-04-17 08:00:00,system,2026-04-17 08:00:00,system
3825,871,3702,8,219,B26-P0219-003825,6,35.0,35.0,0.0,35.0,35.0,0.0,,2026-04-17 08:00:00,system,2026-04-17 08:00:00,system
3826,872,3703,1,99,B26-P0099-003826,6,33.0,32.0,1.0,39.6,38.4,1.2,,2026-05-20 08:00:00,system,2026-05-20 08:00:00,system
3827,873,3706,1,1368,B26-P1368-003827,1,1.0,1.0,0.0,1000.0,1000.0,0.0,,2026-06-14 08:00:00,system,2026-06-14 08:00:00,system
3828,873,3707,2,245,B26-P0245-003828,6,5.0,5.0,0.0,900.0,900.0,0.0,,2026-06-14 08:00:00,system,2026-06-14 08:00:00,system
3829,873,3708,3,1290,B26-P1290-003829,6,3.0,3.0,0.0,630.0,630.0,0.0,,2026-06-14 08:00:00,system,2026-06-14 08:00:00,system
3830,873,3710,4,1327,B26-P1327-003830,6,30.0,30.0,0.0,150.0,150.0,0.0,,2026-06-14 08:00:00,system,2026-06-14 08:00:00,system
3831,874,3704,1,489,B26-P0489-003831,6,1.0,1.0,0.0,210.0,210.0,0.0,,2026-06-15 08:00:00,system,2026-06-15 08:00:00,system
3832,874,3705,2,939,B26-P0939-003832,6,2.0,2.0,0.0,110.0,110.0,0.0,,2026-06-15 08:00:00,system,2026-06-15 08:00:00,system
3833,874,3706,3,1368,B26-P1368-003833,1,1.0,1.0,0.0,1000.0,1000.0,0.0,,2026-06-15 08:00:00,system,2026-06-15 08:00:00,system
3834,874,3707,4,245,B26-P0245-003834,6,5.0,5.0,0.0,900.0,900.0,0.0,,2026-06-15 08:00:00,system,2026-06-15 08:00:00,system
3835,874,3708,5,1290,B26-P1290-003835,6,1.0,1.0,0.0,210.0,210.0,0.0,,2026-06-15 08:00:00,system,2026-06-15 08:00:00,system
3836,874,3709,6,1338,B26-P1338-003836,6,7.0,7.0,0.0,140.0,140.0,0.0,,2026-06-15 08:00:00,system,2026-06-15 08:00:00,system
3837,874,3710,7,1327,B26-P1327-003837,6,26.0,26.0,0.0,130.0,130.0,0.0,,2026-06-15 08:00:00,system,2026-06-15 08:00:00,system
3838,875,3711,1,606,B26-P0606-003838,1,1.0,1.0,0.0,2000.0,2000.0,0.0,,2026-06-02 08:00:00,system,2026-06-02 08:00:00,system
3839,876,3713,1,819,B26-P0819-003839,1,1.0,1.0,0.0,1000.0,1000.0,0.0,,2026-02-02 08:00:00,system,2026-02-02 08:00:00,system
3840,877,3731,1,45,B26-P0045-003840,6,70.0,70.0,0.0,70.0,70.0,0.0,,2026-01-15 08:00:00,system,2026-01-15 08:00:00,system
3841,878,3736,1,439,B26-P0439-003841,6,3.0,2.0,1.0,165.0,110.0,55.0,,2026-05-01 08:00:00,system,2026-05-01 08:00:00,system
3842,878,3737,2,72,B26-P0072-003842,6,7.0,7.0,0.0,70.0,70.0,0.0,,2026-05-01 08:00:00,system,2026-05-01 08:00:00,system
3843,878,3739,3,575,B26-P0575-003843,1,3.0,3.0,0.0,1500.0,1500.0,0.0,,2026-05-01 08:00:00,system,2026-05-01 08:00:00,system
3844,879,3735,1,916,B26-P0916-003844,6,2.0,2.0,0.0,360.0,360.0,0.0,,2026-05-03 08:00:00,system,2026-05-03 08:00:00,system
3845,880,3741,1,204,B26-P0204-003845,6,70.0,70.0,0.0,70.0,70.0,0.0,,2026-02-01 08:00:00,system,2026-02-01 08:00:00,system
3846,880,3742,2,1147,B26-P1147-003846,6,2.0,2.0,0.0,420.0,420.0,0.0,,2026-02-01 08:00:00,system,2026-02-01 08:00:00,system
3847,881,3744,1,904,B26-P0904-003847,1,3.0,3.0,0.0,1500.0,1500.0,0.0,,2026-05-06 08:00:00,system,2026-05-06 08:00:00,system
3848,882,3745,1,260,B26-P0260-003848,6,15.0,15.0,0.0,75.0,75.0,0.0,,2026-03-14 08:00:00,system,2026-03-14 08:00:00,system
3849,882,3746,2,12,B26-P0012-003849,6,2.0,1.0,1.0,420.0,210.0,210.0,,2026-03-14 08:00:00,system,2026-03-14 08:00:00,system
3850,882,3747,3,1299,B26-P1299-003850,1,2.0,2.0,0.0,4000.0,4000.0,0.0,,2026-03-14 08:00:00,system,2026-03-14 08:00:00,system
3851,883,3745,1,260,B26-P0260-003851,6,20.0,20.0,0.0,100.0,100.0,0.0,,2026-03-18 08:00:00,system,2026-03-18 08:00:00,system
3852,883,3746,2,12,B26-P0012-003852,6,2.0,2.0,0.0,420.0,420.0,0.0,,2026-03-18 08:00:00,system,2026-03-18 08:00:00,system
3853,884,3748,1,1148,B26-P1148-003853,1,8.0,8.0,0.0,8000.0,8000.0,0.0,,2026-02-14 08:00:00,system,2026-02-14 08:00:00,system
3854,885,3749,1,740,B26-P0740-003854,6,3.0,3.0,0.0,75.0,75.0,0.0,,2026-06-16 08:00:00,system,2026-06-16 08:00:00,system
3855,885,3750,2,191,B26-P0191-003855,6,6.0,5.0,1.0,6.0,5.0,1.0,,2026-06-16 08:00:00,system,2026-06-16 08:00:00,system
3856,885,3751,3,474,B26-P0474-003856,6,2.0,2.0,0.0,420.0,420.0,0.0,,2026-06-16 08:00:00,system,2026-06-16 08:00:00,system
3857,885,3752,4,1268,B26-P1268-003857,6,15.0,15.0,0.0,45.0,45.0,0.0,,2026-06-16 08:00:00,system,2026-06-16 08:00:00,system
3858,886,3749,1,740,B26-P0740-003858,6,25.0,25.0,0.0,625.0,625.0,0.0,,2026-06-20 08:00:00,system,2026-06-20 08:00:00,system
3859,886,3750,2,191,B26-P0191-003859,6,39.0,38.0,1.0,39.0,38.0,1.0,,2026-06-20 08:00:00,system,2026-06-20 08:00:00,system
3860,886,3752,3,1268,B26-P1268-003860,6,27.0,27.0,0.0,81.0,81.0,0.0,,2026-06-20 08:00:00,system,2026-06-20 08:00:00,system
3861,887,3753,1,981,B26-P0981-003861,6,30.0,30.0,0.0,12.0,12.0,0.0,,2026-06-03 08:00:00,system,2026-06-03 08:00:00,system
3862,887,3754,2,944,B26-P0944-003862,1,4.0,4.0,0.0,8000.0,8000.0,0.0,,2026-06-03 08:00:00,system,2026-06-03 08:00:00,system
3863,887,3755,3,1040,B26-P1040-003863,6,48.0,48.0,0.0,96.0,96.0,0.0,,2026-06-03 08:00:00,system,2026-06-03 08:00:00,system
3864,888,3756,1,343,B26-P0343-003864,6,18.0,18.0,0.0,540.0,540.0,0.0,,2026-02-01 08:00:00,system,2026-02-01 08:00:00,system
3865,889,3757,1,778,B26-P0778-003865,6,18.0,18.0,0.0,450.0,450.0,0.0,,2026-03-27 08:00:00,system,2026-03-27 08:00:00,system
3866,889,3758,2,34,B26-P0034-003866,6,5.0,5.0,0.0,50.0,50.0,0.0,,2026-03-27 08:00:00,system,2026-03-27 08:00:00,system
3867,890,3757,1,778,B26-P0778-003867,6,12.0,12.0,0.0,300.0,300.0,0.0,,2026-03-28 08:00:00,system,2026-03-28 08:00:00,system
3868,890,3758,2,34,B26-P0034-003868,6,1.0,1.0,0.0,10.0,10.0,0.0,,2026-03-28 08:00:00,system,2026-03-28 08:00:00,system
3869,891,3764,1,273,B26-P0273-003869,6,14.0,14.0,0.0,16.8,16.8,0.0,,2026-06-20 08:00:00,system,2026-06-20 08:00:00,system
3870,891,3765,2,453,B26-P0453-003870,6,4.0,4.0,0.0,200.0,200.0,0.0,,2026-06-20 08:00:00,system,2026-06-20 08:00:00,system
3871,892,3764,1,273,B26-P0273-003871,6,28.0,28.0,0.0,33.6,33.6,0.0,,2026-06-21 08:00:00,system,2026-06-21 08:00:00,system
3872,892,3765,2,453,B26-P0453-003872,6,2.0,2.0,0.0,100.0,100.0,0.0,,2026-06-21 08:00:00,system,2026-06-21 08:00:00,system
3873,893,3766,1,994,B26-P0994-003873,6,55.0,55.0,0.0,275.0,275.0,0.0,,2026-03-14 08:00:00,system,2026-03-14 08:00:00,system
3874,893,3767,2,315,B26-P0315-003874,6,2.0,2.0,0.0,110.0,110.0,0.0,,2026-03-14 08:00:00,system,2026-03-14 08:00:00,system
3875,893,3768,3,1171,B26-P1171-003875,6,13.0,13.0,0.0,65.0,65.0,0.0,,2026-03-14 08:00:00,system,2026-03-14 08:00:00,system
3876,894,3769,1,325,B26-P0325-003876,6,28.0,28.0,0.0,420.0,420.0,0.0,,2026-05-23 08:00:00,system,2026-05-23 08:00:00,system
3877,895,3770,1,917,B26-P0917-003877,6,2.0,2.0,0.0,420.0,420.0,0.0,,2026-06-03 08:00:00,system,2026-06-03 08:00:00,system
3878,895,3771,2,704,B26-P0704-003878,6,3.0,2.0,1.0,150.0,100.0,50.0,,2026-06-03 08:00:00,system,2026-06-03 08:00:00,system
3879,895,3772,3,427,B26-P0427-003879,6,7.0,7.0,0.0,140.0,140.0,0.0,,2026-06-03 08:00:00,system,2026-06-03 08:00:00,system
3880,896,3770,1,917,B26-P0917-003880,6,3.0,2.0,1.0,630.0,420.0,210.0,,2026-06-06 08:00:00,system,2026-06-06 08:00:00,system
3881,896,3771,2,704,B26-P0704-003881,6,1.0,1.0,0.0,50.0,50.0,0.0,,2026-06-06 08:00:00,system,2026-06-06 08:00:00,system
3882,896,3772,3,427,B26-P0427-003882,6,3.0,3.0,0.0,60.0,60.0,0.0,,2026-06-06 08:00:00,system,2026-06-06 08:00:00,system
3883,897,3773,1,280,B26-P0280-003883,6,18.0,18.0,0.0,540.0,540.0,0.0,,2026-06-17 08:00:00,system,2026-06-17 08:00:00,system
3884,897,3774,2,860,B26-P0860-003884,6,3.0,3.0,0.0,630.0,630.0,0.0,,2026-06-17 08:00:00,system,2026-06-17 08:00:00,system
3885,897,3775,3,284,B26-P0284-003885,6,4.0,4.0,0.0,840.0,840.0,0.0,,2026-06-17 08:00:00,system,2026-06-17 08:00:00,system
3886,897,3776,4,1312,B26-P1312-003886,6,2.0,2.0,0.0,360.0,360.0,0.0,,2026-06-17 08:00:00,system,2026-06-17 08:00:00,system
3887,898,3777,1,606,B26-P0606-003887,1,2.0,2.0,0.0,4000.0,4000.0,0.0,,2026-07-05 08:00:00,system,2026-07-05 08:00:00,system
3888,899,3778,1,368,B26-P0368-003888,6,13.0,13.0,0.0,13.0,13.0,0.0,,2026-07-06 08:00:00,system,2026-07-06 08:00:00,system
3889,900,3782,1,655,B26-P0655-003889,6,1.0,1.0,0.0,210.0,210.0,0.0,,2026-07-06 08:00:00,system,2026-07-06 08:00:00,system
3890,900,3783,2,932,B26-P0932-003890,6,8.0,8.0,0.0,40.0,40.0,0.0,,2026-07-06 08:00:00,system,2026-07-06 08:00:00,system
3891,900,3784,3,411,B26-P0411-003891,6,1.0,1.0,0.0,15.0,15.0,0.0,,2026-07-06 08:00:00,system,2026-07-06 08:00:00,system
3892,900,3785,4,567,B26-P0567-003892,6,5.0,5.0,0.0,75.0,75.0,0.0,,2026-07-06 08:00:00,system,2026-07-06 08:00:00,system
3893,900,3786,5,155,B26-P0155-003893,6,9.0,8.0,1.0,450.0,400.0,50.0,,2026-07-06 08:00:00,system,2026-07-06 08:00:00,system
3894,900,3787,6,696,B26-P0696-003894,1,2.0,2.0,0.0,4000.0,4000.0,0.0,,2026-07-06 08:00:00,system,2026-07-06 08:00:00,system
3895,900,3788,7,1360,B26-P1360-003895,1,2.0,2.0,0.0,2000.0,2000.0,0.0,,2026-07-06 08:00:00,system,2026-07-06 08:00:00,system
3896,900,3789,8,1327,B26-P1327-003896,6,17.0,17.0,0.0,85.0,85.0,0.0,,2026-07-06 08:00:00,system,2026-07-06 08:00:00,system
3897,900,3790,9,99,B26-P0099-003897,6,40.0,40.0,0.0,48.0,48.0,0.0,,2026-07-06 08:00:00,system,2026-07-06 08:00:00,system
3898,900,3791,10,327,B26-P0327-003898,6,1.0,1.0,0.0,25.0,25.0,0.0,,2026-07-06 08:00:00,system,2026-07-06 08:00:00,system
3899,901,3782,1,655,B26-P0655-003899,6,2.0,2.0,0.0,420.0,420.0,0.0,,2026-07-09 08:00:00,system,2026-07-09 08:00:00,system
3900,901,3783,2,932,B26-P0932-003900,6,6.0,6.0,0.0,30.0,30.0,0.0,,2026-07-09 08:00:00,system,2026-07-09 08:00:00,system
3901,901,3784,3,411,B26-P0411-003901,6,13.0,13.0,0.0,195.0,195.0,0.0,,2026-07-09 08:00:00,system,2026-07-09 08:00:00,system
3902,901,3785,4,567,B26-P0567-003902,6,30.0,29.0,1.0,450.0,435.0,15.0,,2026-07-09 08:00:00,system,2026-07-09 08:00:00,system
3903,901,3786,5,155,B26-P0155-003903,6,1.0,1.0,0.0,50.0,50.0,0.0,,2026-07-09 08:00:00,system,2026-07-09 08:00:00,system
3904,901,3787,6,696,B26-P0696-003904,1,2.0,2.0,0.0,4000.0,4000.0,0.0,,2026-07-09 08:00:00,system,2026-07-09 08:00:00,system
3905,901,3789,7,1327,B26-P1327-003905,6,19.0,19.0,0.0,95.0,95.0,0.0,,2026-07-09 08:00:00,system,2026-07-09 08:00:00,system
3906,901,3790,8,99,B26-P0099-003906,6,15.0,15.0,0.0,18.0,18.0,0.0,,2026-07-09 08:00:00,system,2026-07-09 08:00:00,system
3907,901,3791,9,327,B26-P0327-003907,6,4.0,4.0,0.0,100.0,100.0,0.0,,2026-07-09 08:00:00,system,2026-07-09 08:00:00,system
3908,902,3792,1,869,B26-P0869-003908,6,6.0,6.0,0.0,150.0,150.0,0.0,,2026-02-05 08:00:00,system,2026-02-05 08:00:00,system
3909,902,3793,2,1001,B26-P1001-003909,6,36.0,36.0,0.0,18.0,18.0,0.0,,2026-02-05 08:00:00,system,2026-02-05 08:00:00,system
3910,903,3794,1,153,B26-P0153-003910,6,5.0,5.0,0.0,125.0,125.0,0.0,,2026-06-30 08:00:00,system,2026-06-30 08:00:00,system
3911,903,3795,2,1112,B26-P1112-003911,6,4.0,4.0,0.0,2.0,2.0,0.0,,2026-06-30 08:00:00,system,2026-06-30 08:00:00,system
3912,903,3796,3,564,B26-P0564-003912,6,5.0,5.0,0.0,15.0,15.0,0.0,,2026-06-30 08:00:00,system,2026-06-30 08:00:00,system
3913,903,3797,4,1037,B26-P1037-003913,6,41.0,41.0,0.0,16.4,16.4,0.0,,2026-06-30 08:00:00,system,2026-06-30 08:00:00,system
3914,903,3798,5,65,B26-P0065-003914,6,6.0,6.0,0.0,90.0,90.0,0.0,,2026-06-30 08:00:00,system,2026-06-30 08:00:00,system
3915,903,3799,6,1476,B26-P1476-003915,6,2.0,2.0,0.0,6.0,6.0,0.0,,2026-06-30 08:00:00,system,2026-06-30 08:00:00,system
3916,903,3800,7,560,B26-P0560-003916,6,3.0,3.0,0.0,630.0,630.0,0.0,,2026-06-30 08:00:00,system,2026-06-30 08:00:00,system
3917,903,3801,8,945,B26-P0945-003917,6,36.0,36.0,0.0,108.0,108.0,0.0,,2026-06-30 08:00:00,system,2026-06-30 08:00:00,system
3918,904,3794,1,153,B26-P0153-003918,6,7.0,7.0,0.0,175.0,175.0,0.0,,2026-07-03 08:00:00,system,2026-07-03 08:00:00,system
3919,904,3795,2,1112,B26-P1112-003919,6,10.0,10.0,0.0,5.0,5.0,0.0,,2026-07-03 08:00:00,system,2026-07-03 08:00:00,system
3920,904,3796,3,564,B26-P0564-003920,6,9.0,9.0,0.0,27.0,27.0,0.0,,2026-07-03 08:00:00,system,2026-07-03 08:00:00,system
3921,904,3797,4,1037,B26-P1037-003921,6,1.0,1.0,0.0,0.4,0.4,0.0,,2026-07-03 08:00:00,system,2026-07-03 08:00:00,system
3922,904,3798,5,65,B26-P0065-003922,6,6.0,5.0,1.0,90.0,75.0,15.0,,2026-07-03 08:00:00,system,2026-07-03 08:00:00,system
3923,904,3799,6,1476,B26-P1476-003923,6,26.0,26.0,0.0,78.0,78.0,0.0,,2026-07-03 08:00:00,system,2026-07-03 08:00:00,system
3924,904,3800,7,560,B26-P0560-003924,6,1.0,1.0,0.0,210.0,210.0,0.0,,2026-07-03 08:00:00,system,2026-07-03 08:00:00,system
3925,904,3801,8,945,B26-P0945-003925,6,3.0,3.0,0.0,9.0,9.0,0.0,,2026-07-03 08:00:00,system,2026-07-03 08:00:00,system
3926,905,3808,1,508,B26-P0508-003926,6,8.0,8.0,0.0,40.0,40.0,0.0,,2026-03-29 08:00:00,system,2026-03-29 08:00:00,system
3927,906,3809,1,100,B26-P0100-003927,6,50.0,50.0,0.0,150.0,150.0,0.0,,2026-01-21 08:00:00,system,2026-01-21 08:00:00,system
3928,906,3810,2,1447,B26-P1447-003928,6,12.0,12.0,0.0,180.0,180.0,0.0,,2026-01-21 08:00:00,system,2026-01-21 08:00:00,system
3929,906,3812,3,611,B26-P0611-003929,6,7.0,7.0,0.0,140.0,140.0,0.0,,2026-01-21 08:00:00,system,2026-01-21 08:00:00,system
3930,907,3819,1,1207,B26-P1207-003930,6,2.0,2.0,0.0,10.0,10.0,0.0,,2026-04-01 08:00:00,system,2026-04-01 08:00:00,system
3931,907,3820,2,707,B26-P0707-003931,6,1.0,1.0,0.0,210.0,210.0,0.0,,2026-04-01 08:00:00,system,2026-04-01 08:00:00,system
3932,907,3821,3,1187,B26-P1187-003932,6,46.0,46.0,0.0,230.0,230.0,0.0,,2026-04-01 08:00:00,system,2026-04-01 08:00:00,system
3933,907,3822,4,874,B26-P0874-003933,6,2.0,2.0,0.0,420.0,420.0,0.0,,2026-04-01 08:00:00,system,2026-04-01 08:00:00,system
3934,907,3823,5,1079,B26-P1079-003934,6,3.0,3.0,0.0,30.0,30.0,0.0,,2026-04-01 08:00:00,system,2026-04-01 08:00:00,system
3935,907,3824,6,1064,B26-P1064-003935,6,2.0,1.0,1.0,360.0,180.0,180.0,,2026-04-01 08:00:00,system,2026-04-01 08:00:00,system
3936,907,3825,7,1491,B26-P1491-003936,6,15.0,14.0,1.0,75.0,70.0,5.0,,2026-04-01 08:00:00,system,2026-04-01 08:00:00,system
3937,907,3826,8,1417,B26-P1417-003937,6,2.0,1.0,1.0,420.0,210.0,210.0,,2026-04-01 08:00:00,system,2026-04-01 08:00:00,system
3938,907,3827,9,189,B26-P0189-003938,1,1.0,1.0,0.0,1000.0,1000.0,0.0,,2026-04-01 08:00:00,system,2026-04-01 08:00:00,system
3939,908,3819,1,1207,B26-P1207-003939,6,20.0,19.0,1.0,100.0,95.0,5.0,,2026-04-03 08:00:00,system,2026-04-03 08:00:00,system
3940,908,3820,2,707,B26-P0707-003940,6,2.0,1.0,1.0,420.0,210.0,210.0,,2026-04-03 08:00:00,system,2026-04-03 08:00:00,system
3941,908,3821,3,1187,B26-P1187-003941,6,2.0,2.0,0.0,10.0,10.0,0.0,,2026-04-03 08:00:00,system,2026-04-03 08:00:00,system
3942,908,3823,4,1079,B26-P1079-003942,6,2.0,2.0,0.0,20.0,20.0,0.0,,2026-04-03 08:00:00,system,2026-04-03 08:00:00,system
3943,908,3824,5,1064,B26-P1064-003943,6,8.0,8.0,0.0,1440.0,1440.0,0.0,,2026-04-03 08:00:00,system,2026-04-03 08:00:00,system
3944,908,3825,6,1491,B26-P1491-003944,6,5.0,5.0,0.0,25.0,25.0,0.0,,2026-04-03 08:00:00,system,2026-04-03 08:00:00,system
3945,908,3826,7,1417,B26-P1417-003945,6,3.0,3.0,0.0,630.0,630.0,0.0,,2026-04-03 08:00:00,system,2026-04-03 08:00:00,system
3946,908,3827,8,189,B26-P0189-003946,1,3.0,3.0,0.0,3000.0,3000.0,0.0,,2026-04-03 08:00:00,system,2026-04-03 08:00:00,system
3947,909,3828,1,587,B26-P0587-003947,6,4.0,4.0,0.0,720.0,720.0,0.0,,2026-02-19 08:00:00,system,2026-02-19 08:00:00,system
3948,909,3829,2,21,B26-P0021-003948,6,1.0,1.0,0.0,20.0,20.0,0.0,,2026-02-19 08:00:00,system,2026-02-19 08:00:00,system
3949,909,3831,3,991,B26-P0991-003949,6,1.0,1.0,0.0,0.5,0.5,0.0,,2026-02-19 08:00:00,system,2026-02-19 08:00:00,system
3950,909,3832,4,319,B26-P0319-003950,6,8.0,7.0,1.0,6.4,5.6,0.8,,2026-02-19 08:00:00,system,2026-02-19 08:00:00,system
3951,910,3840,1,1146,B26-P1146-003951,6,2.0,2.0,0.0,110.0,110.0,0.0,,2026-03-09 08:00:00,system,2026-03-09 08:00:00,system
3952,910,3841,2,912,B26-P0912-003952,6,3.0,3.0,0.0,75.0,75.0,0.0,,2026-03-09 08:00:00,system,2026-03-09 08:00:00,system
3953,910,3842,3,265,B26-P0265-003953,6,3.0,3.0,0.0,90.0,90.0,0.0,,2026-03-09 08:00:00,system,2026-03-09 08:00:00,system
3954,911,3843,1,1344,B26-P1344-003954,6,11.0,10.0,1.0,11.0,10.0,1.0,,2026-06-04 08:00:00,system,2026-06-04 08:00:00,system
3955,911,3844,2,1284,B26-P1284-003955,1,1.0,1.0,0.0,2000.0,2000.0,0.0,,2026-06-04 08:00:00,system,2026-06-04 08:00:00,system
3956,911,3845,3,125,B26-P0125-003956,6,2.0,2.0,0.0,420.0,420.0,0.0,,2026-06-04 08:00:00,system,2026-06-04 08:00:00,system
3957,912,3858,1,493,B26-P0493-003957,6,4.0,4.0,0.0,4.8,4.8,0.0,,2026-02-04 08:00:00,system,2026-02-04 08:00:00,system
3958,912,3859,2,149,B26-P0149-003958,6,1.0,1.0,0.0,5.0,5.0,0.0,,2026-02-04 08:00:00,system,2026-02-04 08:00:00,system
3959,912,3860,3,886,B26-P0886-003959,6,5.0,5.0,0.0,275.0,275.0,0.0,,2026-02-04 08:00:00,system,2026-02-04 08:00:00,system
3960,912,3861,4,692,B26-P0692-003960,6,3.0,3.0,0.0,540.0,540.0,0.0,,2026-02-04 08:00:00,system,2026-02-04 08:00:00,system
3961,912,3863,5,1382,B26-P1382-003961,6,12.0,12.0,0.0,180.0,180.0,0.0,,2026-02-04 08:00:00,system,2026-02-04 08:00:00,system
3962,913,3866,1,641,B26-P0641-003962,6,4.0,4.0,0.0,840.0,840.0,0.0,,2026-02-04 08:00:00,system,2026-02-04 08:00:00,system
3963,913,3867,2,640,B26-P0640-003963,6,9.0,9.0,0.0,1620.0,1620.0,0.0,,2026-02-04 08:00:00,system,2026-02-04 08:00:00,system
3964,913,3868,3,157,B26-P0157-003964,6,8.0,8.0,0.0,1440.0,1440.0,0.0,,2026-02-04 08:00:00,system,2026-02-04 08:00:00,system
3965,913,3869,4,160,B26-P0160-003965,6,12.0,12.0,0.0,9.6,9.6,0.0,,2026-02-04 08:00:00,system,2026-02-04 08:00:00,system
3966,913,3870,5,1484,B26-P1484-003966,6,10.0,10.0,0.0,550.0,550.0,0.0,,2026-02-04 08:00:00,system,2026-02-04 08:00:00,system
3967,914,3874,1,1387,B26-P1387-003967,6,4.0,4.0,0.0,220.0,220.0,0.0,,2026-04-04 08:00:00,system,2026-04-04 08:00:00,system
3968,914,3875,2,610,B26-P0610-003968,6,3.0,3.0,0.0,45.0,45.0,0.0,,2026-04-04 08:00:00,system,2026-04-04 08:00:00,system
3969,914,3876,3,974,B26-P0974-003969,6,54.0,54.0,0.0,54.0,54.0,0.0,,2026-04-04 08:00:00,system,2026-04-04 08:00:00,system
3970,915,3877,1,1061,B26-P1061-003970,6,1.0,1.0,0.0,10.0,10.0,0.0,,2026-05-20 08:00:00,system,2026-05-20 08:00:00,system
3971,916,3880,1,39,B26-P0039-003971,6,8.0,8.0,0.0,400.0,400.0,0.0,,2026-05-22 08:00:00,system,2026-05-22 08:00:00,system
3972,916,3881,2,523,B26-P0523-003972,6,16.0,16.0,0.0,160.0,160.0,0.0,,2026-05-22 08:00:00,system,2026-05-22 08:00:00,system
3973,916,3882,3,639,B26-P0639-003973,6,5.0,5.0,0.0,275.0,275.0,0.0,,2026-05-22 08:00:00,system,2026-05-22 08:00:00,system
3974,916,3883,4,1495,B26-P1495-003974,6,5.0,4.0,1.0,125.0,100.0,25.0,,2026-05-22 08:00:00,system,2026-05-22 08:00:00,system
3975,917,3880,1,39,B26-P0039-003975,6,2.0,2.0,0.0,100.0,100.0,0.0,,2026-05-24 08:00:00,system,2026-05-24 08:00:00,system
3976,917,3881,2,523,B26-P0523-003976,6,2.0,2.0,0.0,20.0,20.0,0.0,,2026-05-24 08:00:00,system,2026-05-24 08:00:00,system
3977,917,3882,3,639,B26-P0639-003977,6,1.0,1.0,0.0,55.0,55.0,0.0,,2026-05-24 08:00:00,system,2026-05-24 08:00:00,system
3978,917,3883,4,1495,B26-P1495-003978,6,1.0,1.0,0.0,25.0,25.0,0.0,,2026-05-24 08:00:00,system,2026-05-24 08:00:00,system
3979,918,3884,1,609,B26-P0609-003979,6,24.0,23.0,1.0,240.0,230.0,10.0,,2026-03-14 08:00:00,system,2026-03-14 08:00:00,system
3980,919,3885,1,398,B26-P0398-003980,6,6.0,6.0,0.0,150.0,150.0,0.0,,2026-03-25 08:00:00,system,2026-03-25 08:00:00,system
3981,919,3886,2,1147,B26-P1147-003981,6,1.0,1.0,0.0,210.0,210.0,0.0,,2026-03-25 08:00:00,system,2026-03-25 08:00:00,system
3982,920,3885,1,398,B26-P0398-003982,6,4.0,4.0,0.0,100.0,100.0,0.0,,2026-03-28 08:00:00,system,2026-03-28 08:00:00,system
3983,921,3890,1,325,B26-P0325-003983,6,14.0,14.0,0.0,210.0,210.0,0.0,,2026-04-15 08:00:00,system,2026-04-15 08:00:00,system
3984,922,3894,1,255,B26-P0255-003984,1,4.0,4.0,0.0,4000.0,4000.0,0.0,,2026-06-28 08:00:00,system,2026-06-28 08:00:00,system
3985,922,3895,2,852,B26-P0852-003985,6,28.0,28.0,0.0,280.0,280.0,0.0,,2026-06-28 08:00:00,system,2026-06-28 08:00:00,system
3986,922,3896,3,869,B26-P0869-003986,6,18.0,18.0,0.0,450.0,450.0,0.0,,2026-06-28 08:00:00,system,2026-06-28 08:00:00,system
3987,922,3897,4,765,B26-P0765-003987,6,18.0,18.0,0.0,540.0,540.0,0.0,,2026-06-28 08:00:00,system,2026-06-28 08:00:00,system
3988,922,3898,5,413,B26-P0413-003988,6,28.0,28.0,0.0,700.0,700.0,0.0,,2026-06-28 08:00:00,system,2026-06-28 08:00:00,system
3989,922,3899,6,821,B26-P0821-003989,6,13.0,12.0,1.0,39.0,36.0,3.0,,2026-06-28 08:00:00,system,2026-06-28 08:00:00,system
3990,923,3900,1,399,B26-P0399-003990,6,24.0,24.0,0.0,720.0,720.0,0.0,,2026-03-28 08:00:00,system,2026-03-28 08:00:00,system
3991,924,3907,1,1426,B26-P1426-003991,6,3.0,3.0,0.0,630.0,630.0,0.0,,2026-03-09 08:00:00,system,2026-03-09 08:00:00,system
3992,924,3908,2,615,B26-P0615-003992,6,1.0,1.0,0.0,55.0,55.0,0.0,,2026-03-09 08:00:00,system,2026-03-09 08:00:00,system
3993,924,3909,3,1261,B26-P1261-003993,6,43.0,43.0,0.0,215.0,215.0,0.0,,2026-03-09 08:00:00,system,2026-03-09 08:00:00,system
3994,924,3910,4,1212,B26-P1212-003994,1,1.0,1.0,0.0,1000.0,1000.0,0.0,,2026-03-09 08:00:00,system,2026-03-09 08:00:00,system
3995,924,3911,5,608,B26-P0608-003995,6,24.0,24.0,0.0,120.0,120.0,0.0,,2026-03-09 08:00:00,system,2026-03-09 08:00:00,system
3996,925,3908,1,615,B26-P0615-003996,6,1.0,1.0,0.0,55.0,55.0,0.0,,2026-03-13 08:00:00,system,2026-03-13 08:00:00,system
3997,925,3909,2,1261,B26-P1261-003997,6,32.0,31.0,1.0,160.0,155.0,5.0,,2026-03-13 08:00:00,system,2026-03-13 08:00:00,system
3998,925,3910,3,1212,B26-P1212-003998,1,1.0,1.0,0.0,1000.0,1000.0,0.0,,2026-03-13 08:00:00,system,2026-03-13 08:00:00,system
3999,925,3911,4,608,B26-P0608-003999,6,8.0,8.0,0.0,40.0,40.0,0.0,,2026-03-13 08:00:00,system,2026-03-13 08:00:00,system
4000,926,3913,1,1445,B26-P1445-004000,6,7.0,6.0,1.0,35.0,30.0,5.0,,2026-01-23 08:00:00,system,2026-01-23 08:00:00,system
4001,926,3914,2,284,B26-P0284-004001,6,5.0,5.0,0.0,1050.0,1050.0,0.0,,2026-01-23 08:00:00,system,2026-01-23 08:00:00,system
4002,926,3915,3,586,B26-P0586-004002,6,2.0,2.0,0.0,110.0,110.0,0.0,,2026-01-23 08:00:00,system,2026-01-23 08:00:00,system
4003,926,3916,4,412,B26-P0412-004003,6,3.0,3.0,0.0,60.0,60.0,0.0,,2026-01-23 08:00:00,system,2026-01-23 08:00:00,system
4004,926,3917,5,395,B26-P0395-004004,6,10.0,10.0,0.0,100.0,100.0,0.0,,2026-01-23 08:00:00,system,2026-01-23 08:00:00,system
4005,926,3918,6,101,B26-P0101-004005,6,11.0,11.0,0.0,55.0,55.0,0.0,,2026-01-23 08:00:00,system,2026-01-23 08:00:00,system
4006,926,3919,7,403,B26-P0403-004006,6,2.0,2.0,0.0,420.0,420.0,0.0,,2026-01-23 08:00:00,system,2026-01-23 08:00:00,system
4007,927,3912,1,303,B26-P0303-004007,1,1.0,1.0,0.0,1000.0,1000.0,0.0,,2026-01-24 08:00:00,system,2026-01-24 08:00:00,system
4008,927,3913,2,1445,B26-P1445-004008,6,18.0,17.0,1.0,90.0,85.0,5.0,,2026-01-24 08:00:00,system,2026-01-24 08:00:00,system
4009,927,3915,3,586,B26-P0586-004009,6,4.0,4.0,0.0,220.0,220.0,0.0,,2026-01-24 08:00:00,system,2026-01-24 08:00:00,system
4010,927,3916,4,412,B26-P0412-004010,6,25.0,25.0,0.0,500.0,500.0,0.0,,2026-01-24 08:00:00,system,2026-01-24 08:00:00,system
4011,927,3917,5,395,B26-P0395-004011,6,4.0,4.0,0.0,40.0,40.0,0.0,,2026-01-24 08:00:00,system,2026-01-24 08:00:00,system
4012,927,3918,6,101,B26-P0101-004012,6,4.0,4.0,0.0,20.0,20.0,0.0,,2026-01-24 08:00:00,system,2026-01-24 08:00:00,system
4013,927,3919,7,403,B26-P0403-004013,6,2.0,2.0,0.0,420.0,420.0,0.0,,2026-01-24 08:00:00,system,2026-01-24 08:00:00,system
4014,928,3920,1,1316,B26-P1316-004014,1,4.0,4.0,0.0,4000.0,4000.0,0.0,,2026-03-21 08:00:00,system,2026-03-21 08:00:00,system
4015,928,3921,2,1400,B26-P1400-004015,6,8.0,8.0,0.0,400.0,400.0,0.0,,2026-03-21 08:00:00,system,2026-03-21 08:00:00,system
4016,928,3922,3,188,B26-P0188-004016,6,3.0,3.0,0.0,630.0,630.0,0.0,,2026-03-21 08:00:00,system,2026-03-21 08:00:00,system
4017,928,3923,4,85,B26-P0085-004017,6,42.0,42.0,0.0,126.0,126.0,0.0,,2026-03-21 08:00:00,system,2026-03-21 08:00:00,system
4018,928,3924,5,924,B26-P0924-004018,6,2.0,2.0,0.0,30.0,30.0,0.0,,2026-03-21 08:00:00,system,2026-03-21 08:00:00,system
4019,928,3925,6,916,B26-P0916-004019,6,4.0,4.0,0.0,720.0,720.0,0.0,,2026-03-21 08:00:00,system,2026-03-21 08:00:00,system
4020,928,3927,7,1298,B26-P1298-004020,1,1.0,1.0,0.0,1000.0,1000.0,0.0,,2026-03-21 08:00:00,system,2026-03-21 08:00:00,system
4021,929,3923,1,85,B26-P0085-004021,6,13.0,13.0,0.0,39.0,39.0,0.0,,2026-03-22 08:00:00,system,2026-03-22 08:00:00,system
4022,929,3924,2,924,B26-P0924-004022,6,28.0,27.0,1.0,420.0,405.0,15.0,,2026-03-22 08:00:00,system,2026-03-22 08:00:00,system
4023,929,3926,3,291,B26-P0291-004023,6,7.0,7.0,0.0,70.0,70.0,0.0,,2026-03-22 08:00:00,system,2026-03-22 08:00:00,system
4024,929,3927,4,1298,B26-P1298-004024,1,5.0,4.0,1.0,5000.0,4000.0,1000.0,,2026-03-22 08:00:00,system,2026-03-22 08:00:00,system
4025,930,3938,1,1458,B26-P1458-004025,6,16.0,16.0,0.0,400.0,400.0,0.0,,2026-05-03 08:00:00,system,2026-05-03 08:00:00,system
4026,930,3939,2,708,B26-P0708-004026,1,2.0,2.0,0.0,1000.0,1000.0,0.0,,2026-05-03 08:00:00,system,2026-05-03 08:00:00,system
4027,930,3940,3,1204,B26-P1204-004027,1,8.0,8.0,0.0,8000.0,8000.0,0.0,,2026-05-03 08:00:00,system,2026-05-03 08:00:00,system
4028,930,3941,4,672,B26-P0672-004028,6,16.0,16.0,0.0,240.0,240.0,0.0,,2026-05-03 08:00:00,system,2026-05-03 08:00:00,system
4029,931,3943,1,1299,B26-P1299-004029,1,1.0,1.0,0.0,2000.0,2000.0,0.0,,2026-05-13 08:00:00,system,2026-05-13 08:00:00,system
4030,932,3942,1,1321,B26-P1321-004030,6,2.0,2.0,0.0,110.0,110.0,0.0,,2026-05-18 08:00:00,system,2026-05-18 08:00:00,system
4031,932,3943,2,1299,B26-P1299-004031,1,3.0,3.0,0.0,6000.0,6000.0,0.0,,2026-05-18 08:00:00,system,2026-05-18 08:00:00,system
4032,933,3944,1,1000,B26-P1000-004032,6,22.0,22.0,0.0,11.0,11.0,0.0,,2026-04-10 08:00:00,system,2026-04-10 08:00:00,system
4033,934,3952,1,1420,B26-P1420-004033,1,1.0,1.0,0.0,2000.0,2000.0,0.0,,2026-01-26 08:00:00,system,2026-01-26 08:00:00,system
4034,934,3953,2,164,B26-P0164-004034,6,14.0,14.0,0.0,70.0,70.0,0.0,,2026-01-26 08:00:00,system,2026-01-26 08:00:00,system
4035,934,3954,3,778,B26-P0778-004035,6,14.0,14.0,0.0,350.0,350.0,0.0,,2026-01-26 08:00:00,system,2026-01-26 08:00:00,system
4036,934,3955,4,29,B26-P0029-004036,6,70.0,70.0,0.0,56.0,56.0,0.0,,2026-01-26 08:00:00,system,2026-01-26 08:00:00,system
4037,934,3956,5,867,B26-P0867-004037,6,7.0,7.0,0.0,105.0,105.0,0.0,,2026-01-26 08:00:00,system,2026-01-26 08:00:00,system
4038,934,3957,6,434,B26-P0434-004038,6,7.0,6.0,1.0,105.0,90.0,15.0,,2026-01-26 08:00:00,system,2026-01-26 08:00:00,system
4039,935,3959,1,205,B26-P0205-004039,6,8.0,8.0,0.0,9.6,9.6,0.0,,2026-02-25 08:00:00,system,2026-02-25 08:00:00,system
4040,936,3960,1,1037,B26-P1037-004040,6,96.0,96.0,0.0,38.4,38.4,0.0,,2026-06-10 08:00:00,system,2026-06-10 08:00:00,system
4041,936,3961,2,3,B26-P0003-004041,6,18.0,18.0,0.0,90.0,90.0,0.0,,2026-06-10 08:00:00,system,2026-06-10 08:00:00,system
4042,937,3965,1,515,B26-P0515-004042,6,6.0,6.0,0.0,330.0,330.0,0.0,,2026-02-21 08:00:00,system,2026-02-21 08:00:00,system
4043,937,3966,2,202,B26-P0202-004043,1,4.0,4.0,0.0,4000.0,4000.0,0.0,,2026-02-21 08:00:00,system,2026-02-21 08:00:00,system
4044,937,3967,3,1,B26-P0001-004044,6,64.0,64.0,0.0,76.8,76.8,0.0,,2026-02-21 08:00:00,system,2026-02-21 08:00:00,system
4045,938,3968,1,440,B26-P0440-004045,6,2.0,2.0,0.0,360.0,360.0,0.0,,2026-03-02 08:00:00,system,2026-03-02 08:00:00,system
4046,938,3969,2,343,B26-P0343-004046,6,18.0,18.0,0.0,540.0,540.0,0.0,,2026-03-02 08:00:00,system,2026-03-02 08:00:00,system
4047,939,3970,1,885,B26-P0885-004047,6,6.0,6.0,0.0,300.0,300.0,0.0,,2026-05-17 08:00:00,system,2026-05-17 08:00:00,system
4048,940,3971,1,508,B26-P0508-004048,6,19.0,19.0,0.0,95.0,95.0,0.0,,2026-01-21 08:00:00,system,2026-01-21 08:00:00,system
4049,940,3972,2,1338,B26-P1338-004049,6,6.0,6.0,0.0,120.0,120.0,0.0,,2026-01-21 08:00:00,system,2026-01-21 08:00:00,system
4050,940,3973,3,1057,B26-P1057-004050,6,55.0,55.0,0.0,55.0,55.0,0.0,,2026-01-21 08:00:00,system,2026-01-21 08:00:00,system
4051,940,3974,4,1322,B26-P1322-004051,6,5.0,5.0,0.0,900.0,900.0,0.0,,2026-01-21 08:00:00,system,2026-01-21 08:00:00,system
4052,940,3975,5,242,B26-P0242-004052,6,3.0,3.0,0.0,90.0,90.0,0.0,,2026-01-21 08:00:00,system,2026-01-21 08:00:00,system
4053,940,3976,6,369,B26-P0369-004053,6,14.0,14.0,0.0,16.8,16.8,0.0,,2026-01-21 08:00:00,system,2026-01-21 08:00:00,system
4054,940,3977,7,781,B26-P0781-004054,6,6.0,6.0,0.0,330.0,330.0,0.0,,2026-01-21 08:00:00,system,2026-01-21 08:00:00,system
4055,941,3971,1,508,B26-P0508-004055,6,11.0,11.0,0.0,55.0,55.0,0.0,,2026-01-23 08:00:00,system,2026-01-23 08:00:00,system
4056,941,3972,2,1338,B26-P1338-004056,6,12.0,12.0,0.0,240.0,240.0,0.0,,2026-01-23 08:00:00,system,2026-01-23 08:00:00,system
4057,941,3973,3,1057,B26-P1057-004057,6,10.0,10.0,0.0,10.0,10.0,0.0,,2026-01-23 08:00:00,system,2026-01-23 08:00:00,system
4058,941,3974,4,1322,B26-P1322-004058,6,3.0,3.0,0.0,540.0,540.0,0.0,,2026-01-23 08:00:00,system,2026-01-23 08:00:00,system
4059,941,3975,5,242,B26-P0242-004059,6,21.0,21.0,0.0,630.0,630.0,0.0,,2026-01-23 08:00:00,system,2026-01-23 08:00:00,system
4060,941,3976,6,369,B26-P0369-004060,6,19.0,19.0,0.0,22.8,22.8,0.0,,2026-01-23 08:00:00,system,2026-01-23 08:00:00,system
4061,941,3977,7,781,B26-P0781-004061,6,4.0,4.0,0.0,220.0,220.0,0.0,,2026-01-23 08:00:00,system,2026-01-23 08:00:00,system
4062,942,3978,1,1389,B26-P1389-004062,6,2.0,2.0,0.0,420.0,420.0,0.0,,2026-06-15 08:00:00,system,2026-06-15 08:00:00,system
4063,942,3979,2,336,B26-P0336-004063,6,45.0,45.0,0.0,54.0,54.0,0.0,,2026-06-15 08:00:00,system,2026-06-15 08:00:00,system
4064,942,3980,3,973,B26-P0973-004064,6,28.0,28.0,0.0,14.0,14.0,0.0,,2026-06-15 08:00:00,system,2026-06-15 08:00:00,system
4065,943,3983,1,1032,B26-P1032-004065,6,52.0,52.0,0.0,260.0,260.0,0.0,,2026-02-18 08:00:00,system,2026-02-18 08:00:00,system
4066,943,3984,2,61,B26-P0061-004066,6,90.0,90.0,0.0,108.0,108.0,0.0,,2026-02-18 08:00:00,system,2026-02-18 08:00:00,system
4067,943,3985,3,1148,B26-P1148-004067,1,6.0,6.0,0.0,6000.0,6000.0,0.0,,2026-02-18 08:00:00,system,2026-02-18 08:00:00,system
4068,943,3986,4,367,B26-P0367-004068,6,60.0,60.0,0.0,48.0,48.0,0.0,,2026-02-18 08:00:00,system,2026-02-18 08:00:00,system
4069,943,3987,5,861,B26-P0861-004069,1,4.0,4.0,0.0,2000.0,2000.0,0.0,,2026-02-18 08:00:00,system,2026-02-18 08:00:00,system
4070,944,3988,1,245,B26-P0245-004070,6,1.0,1.0,0.0,180.0,180.0,0.0,,2026-04-18 08:00:00,system,2026-04-18 08:00:00,system
4071,944,3990,2,1071,B26-P1071-004071,6,2.0,2.0,0.0,36.0,36.0,0.0,,2026-04-18 08:00:00,system,2026-04-18 08:00:00,system
4072,944,3992,3,453,B26-P0453-004072,6,4.0,4.0,0.0,200.0,200.0,0.0,,2026-04-18 08:00:00,system,2026-04-18 08:00:00,system
4073,945,3994,1,11,B26-P0011-004073,6,8.0,8.0,0.0,1440.0,1440.0,0.0,,2026-05-06 08:00:00,system,2026-05-06 08:00:00,system
4074,945,3995,2,425,B26-P0425-004074,6,6.0,6.0,0.0,60.0,60.0,0.0,,2026-05-06 08:00:00,system,2026-05-06 08:00:00,system
4075,945,3996,3,516,B26-P0516-004075,6,2.0,2.0,0.0,360.0,360.0,0.0,,2026-05-06 08:00:00,system,2026-05-06 08:00:00,system
4076,945,3997,4,610,B26-P0610-004076,6,21.0,21.0,0.0,315.0,315.0,0.0,,2026-05-06 08:00:00,system,2026-05-06 08:00:00,system
4077,945,3998,5,1231,B26-P1231-004077,6,30.0,30.0,0.0,300.0,300.0,0.0,,2026-05-06 08:00:00,system,2026-05-06 08:00:00,system
4078,945,3999,6,1180,B26-P1180-004078,6,14.0,14.0,0.0,140.0,140.0,0.0,,2026-05-06 08:00:00,system,2026-05-06 08:00:00,system
4079,946,4007,1,2,B26-P0002-004079,6,63.0,63.0,0.0,189.0,189.0,0.0,,2026-05-11 08:00:00,system,2026-05-11 08:00:00,system
4080,946,4008,2,285,B26-P0285-004080,1,2.0,1.0,1.0,2000.0,1000.0,1000.0,,2026-05-11 08:00:00,system,2026-05-11 08:00:00,system
4081,946,4010,3,1182,B26-P1182-004081,6,4.0,3.0,1.0,220.0,165.0,55.0,,2026-05-11 08:00:00,system,2026-05-11 08:00:00,system
4082,946,4011,4,1449,B26-P1449-004082,6,28.0,28.0,0.0,700.0,700.0,0.0,,2026-05-11 08:00:00,system,2026-05-11 08:00:00,system
4083,946,4012,5,676,B26-P0676-004083,6,5.0,4.0,1.0,250.0,200.0,50.0,,2026-05-11 08:00:00,system,2026-05-11 08:00:00,system
4084,946,4013,6,18,B26-P0018-004084,6,20.0,20.0,0.0,100.0,100.0,0.0,,2026-05-11 08:00:00,system,2026-05-11 08:00:00,system
4085,946,4015,7,496,B26-P0496-004085,6,5.0,5.0,0.0,50.0,50.0,0.0,,2026-05-11 08:00:00,system,2026-05-11 08:00:00,system
4086,946,4016,8,135,B26-P0135-004086,6,8.0,8.0,0.0,200.0,200.0,0.0,,2026-05-11 08:00:00,system,2026-05-11 08:00:00,system
4087,946,4017,9,358,B26-P0358-004087,6,6.0,6.0,0.0,90.0,90.0,0.0,,2026-05-11 08:00:00,system,2026-05-11 08:00:00,system
4088,946,4018,10,1398,B26-P1398-004088,6,12.0,12.0,0.0,300.0,300.0,0.0,,2026-05-11 08:00:00,system,2026-05-11 08:00:00,system
4089,946,4019,11,193,B26-P0193-004089,6,10.0,10.0,0.0,30.0,30.0,0.0,,2026-05-11 08:00:00,system,2026-05-11 08:00:00,system
4090,946,4020,12,324,B26-P0324-004090,6,1.0,1.0,0.0,10.0,10.0,0.0,,2026-05-11 08:00:00,system,2026-05-11 08:00:00,system
4091,946,4021,13,268,B26-P0268-004091,6,4.0,4.0,0.0,720.0,720.0,0.0,,2026-05-11 08:00:00,system,2026-05-11 08:00:00,system
4092,947,4007,1,2,B26-P0002-004092,6,7.0,7.0,0.0,21.0,21.0,0.0,,2026-05-16 08:00:00,system,2026-05-16 08:00:00,system
4093,947,4009,2,501,B26-P0501-004093,6,2.0,2.0,0.0,110.0,110.0,0.0,,2026-05-16 08:00:00,system,2026-05-16 08:00:00,system
4094,947,4011,3,1449,B26-P1449-004094,6,4.0,4.0,0.0,100.0,100.0,0.0,,2026-05-16 08:00:00,system,2026-05-16 08:00:00,system
4095,947,4012,4,676,B26-P0676-004095,6,1.0,1.0,0.0,50.0,50.0,0.0,,2026-05-16 08:00:00,system,2026-05-16 08:00:00,system
4096,947,4013,5,18,B26-P0018-004096,6,1.0,1.0,0.0,5.0,5.0,0.0,,2026-05-16 08:00:00,system,2026-05-16 08:00:00,system
4097,947,4014,6,852,B26-P0852-004097,6,35.0,35.0,0.0,350.0,350.0,0.0,,2026-05-16 08:00:00,system,2026-05-16 08:00:00,system
4098,947,4015,7,496,B26-P0496-004098,6,9.0,9.0,0.0,90.0,90.0,0.0,,2026-05-16 08:00:00,system,2026-05-16 08:00:00,system
4099,947,4016,8,135,B26-P0135-004099,6,20.0,20.0,0.0,500.0,500.0,0.0,,2026-05-16 08:00:00,system,2026-05-16 08:00:00,system
4100,947,4017,9,358,B26-P0358-004100,6,15.0,15.0,0.0,225.0,225.0,0.0,,2026-05-16 08:00:00,system,2026-05-16 08:00:00,system
4101,947,4018,10,1398,B26-P1398-004101,6,2.0,2.0,0.0,50.0,50.0,0.0,,2026-05-16 08:00:00,system,2026-05-16 08:00:00,system
4102,947,4019,11,193,B26-P0193-004102,6,20.0,20.0,0.0,60.0,60.0,0.0,,2026-05-16 08:00:00,system,2026-05-16 08:00:00,system
4103,947,4020,12,324,B26-P0324-004103,6,13.0,13.0,0.0,130.0,130.0,0.0,,2026-05-16 08:00:00,system,2026-05-16 08:00:00,system
4104,947,4021,13,268,B26-P0268-004104,6,5.0,5.0,0.0,900.0,900.0,0.0,,2026-05-16 08:00:00,system,2026-05-16 08:00:00,system
4105,948,4022,1,801,B26-P0801-004105,6,14.0,14.0,0.0,770.0,770.0,0.0,,2026-02-22 08:00:00,system,2026-02-22 08:00:00,system
4106,948,4023,2,100,B26-P0100-004106,6,23.0,22.0,1.0,69.0,66.0,3.0,,2026-02-22 08:00:00,system,2026-02-22 08:00:00,system
4107,948,4024,3,702,B26-P0702-004107,6,12.0,11.0,1.0,300.0,275.0,25.0,,2026-02-22 08:00:00,system,2026-02-22 08:00:00,system
4108,948,4025,4,845,B26-P0845-004108,6,1.0,0.0,1.0,210.0,0.0,210.0,,2026-02-22 08:00:00,system,2026-02-22 08:00:00,system
4109,948,4026,5,637,B26-P0637-004109,6,4.0,4.0,0.0,120.0,120.0,0.0,,2026-02-22 08:00:00,system,2026-02-22 08:00:00,system
4110,949,4022,1,801,B26-P0801-004110,6,1.0,1.0,0.0,55.0,55.0,0.0,,2026-02-25 08:00:00,system,2026-02-25 08:00:00,system
4111,949,4023,2,100,B26-P0100-004111,6,47.0,47.0,0.0,141.0,141.0,0.0,,2026-02-25 08:00:00,system,2026-02-25 08:00:00,system
4112,949,4025,3,845,B26-P0845-004112,6,3.0,3.0,0.0,630.0,630.0,0.0,,2026-02-25 08:00:00,system,2026-02-25 08:00:00,system
4113,949,4026,4,637,B26-P0637-004113,6,3.0,3.0,0.0,90.0,90.0,0.0,,2026-02-25 08:00:00,system,2026-02-25 08:00:00,system
4114,950,4027,1,754,B26-P0754-004114,6,6.0,6.0,0.0,1080.0,1080.0,0.0,,2026-07-12 08:00:00,system,2026-07-12 08:00:00,system
4115,951,4028,1,492,B26-P0492-004115,6,2.0,2.0,0.0,2.0,2.0,0.0,,2026-05-15 08:00:00,system,2026-05-15 08:00:00,system
4116,952,4029,1,392,B26-P0392-004116,6,11.0,11.0,0.0,13.2,13.2,0.0,,2026-05-16 08:00:00,system,2026-05-16 08:00:00,system
4117,952,4030,2,1286,B26-P1286-004117,6,55.0,54.0,1.0,275.0,270.0,5.0,,2026-05-16 08:00:00,system,2026-05-16 08:00:00,system
4118,952,4031,3,1313,B26-P1313-004118,6,3.0,3.0,0.0,630.0,630.0,0.0,,2026-05-16 08:00:00,system,2026-05-16 08:00:00,system
4119,952,4033,4,991,B26-P0991-004119,6,6.0,6.0,0.0,3.0,3.0,0.0,,2026-05-16 08:00:00,system,2026-05-16 08:00:00,system
4120,952,4034,5,492,B26-P0492-004120,6,2.0,2.0,0.0,2.0,2.0,0.0,,2026-05-16 08:00:00,system,2026-05-16 08:00:00,system
4121,952,4035,6,1381,B26-P1381-004121,6,14.0,14.0,0.0,140.0,140.0,0.0,,2026-05-16 08:00:00,system,2026-05-16 08:00:00,system
4122,953,4029,1,392,B26-P0392-004122,6,11.0,11.0,0.0,13.2,13.2,0.0,,2026-05-18 08:00:00,system,2026-05-18 08:00:00,system
4123,953,4030,2,1286,B26-P1286-004123,6,10.0,10.0,0.0,50.0,50.0,0.0,,2026-05-18 08:00:00,system,2026-05-18 08:00:00,system
4124,953,4032,3,1168,B26-P1168-004124,6,5.0,5.0,0.0,50.0,50.0,0.0,,2026-05-18 08:00:00,system,2026-05-18 08:00:00,system
4125,953,4033,4,991,B26-P0991-004125,6,14.0,14.0,0.0,7.0,7.0,0.0,,2026-05-18 08:00:00,system,2026-05-18 08:00:00,system
4126,953,4034,5,492,B26-P0492-004126,6,18.0,18.0,0.0,18.0,18.0,0.0,,2026-05-18 08:00:00,system,2026-05-18 08:00:00,system
4127,953,4035,6,1381,B26-P1381-004127,6,10.0,10.0,0.0,100.0,100.0,0.0,,2026-05-18 08:00:00,system,2026-05-18 08:00:00,system
4128,954,4036,1,118,B26-P0118-004128,6,2.0,2.0,0.0,30.0,30.0,0.0,,2026-06-19 08:00:00,system,2026-06-19 08:00:00,system
4129,954,4037,2,382,B26-P0382-004129,6,13.0,13.0,0.0,10.4,10.4,0.0,,2026-06-19 08:00:00,system,2026-06-19 08:00:00,system
4130,954,4038,3,785,B26-P0785-004130,1,1.0,1.0,0.0,1000.0,1000.0,0.0,,2026-06-19 08:00:00,system,2026-06-19 08:00:00,system
4131,954,4039,4,156,B26-P0156-004131,6,2.0,2.0,0.0,110.0,110.0,0.0,,2026-06-19 08:00:00,system,2026-06-19 08:00:00,system
4132,954,4040,5,1139,B26-P1139-004132,6,5.0,5.0,0.0,50.0,50.0,0.0,,2026-06-19 08:00:00,system,2026-06-19 08:00:00,system
4133,954,4041,6,335,B26-P0335-004133,6,6.0,6.0,0.0,6.0,6.0,0.0,,2026-06-19 08:00:00,system,2026-06-19 08:00:00,system
4134,954,4042,7,730,B26-P0730-004134,6,4.0,4.0,0.0,720.0,720.0,0.0,,2026-06-19 08:00:00,system,2026-06-19 08:00:00,system
4135,955,4036,1,118,B26-P0118-004135,6,10.0,10.0,0.0,150.0,150.0,0.0,,2026-06-23 08:00:00,system,2026-06-23 08:00:00,system
4136,955,4037,2,382,B26-P0382-004136,6,5.0,5.0,0.0,4.0,4.0,0.0,,2026-06-23 08:00:00,system,2026-06-23 08:00:00,system
4137,955,4039,3,156,B26-P0156-004137,6,1.0,0.0,1.0,55.0,0.0,55.0,,2026-06-23 08:00:00,system,2026-06-23 08:00:00,system
4138,955,4041,4,335,B26-P0335-004138,6,15.0,15.0,0.0,15.0,15.0,0.0,,2026-06-23 08:00:00,system,2026-06-23 08:00:00,system
4139,955,4042,5,730,B26-P0730-004139,6,1.0,1.0,0.0,180.0,180.0,0.0,,2026-06-23 08:00:00,system,2026-06-23 08:00:00,system
4140,956,4036,1,118,B26-P0118-004140,6,12.0,12.0,0.0,180.0,180.0,0.0,,2026-06-25 08:00:00,system,2026-06-25 08:00:00,system
4141,956,4037,2,382,B26-P0382-004141,6,8.0,8.0,0.0,6.4,6.4,0.0,,2026-06-25 08:00:00,system,2026-06-25 08:00:00,system
4142,956,4038,3,785,B26-P0785-004142,1,1.0,0.0,1.0,1000.0,0.0,1000.0,,2026-06-25 08:00:00,system,2026-06-25 08:00:00,system
4143,956,4039,4,156,B26-P0156-004143,6,5.0,5.0,0.0,275.0,275.0,0.0,,2026-06-25 08:00:00,system,2026-06-25 08:00:00,system
4144,956,4040,5,1139,B26-P1139-004144,6,3.0,3.0,0.0,30.0,30.0,0.0,,2026-06-25 08:00:00,system,2026-06-25 08:00:00,system
4145,956,4041,6,335,B26-P0335-004145,6,23.0,23.0,0.0,23.0,23.0,0.0,,2026-06-25 08:00:00,system,2026-06-25 08:00:00,system
4146,956,4042,7,730,B26-P0730-004146,6,3.0,3.0,0.0,540.0,540.0,0.0,,2026-06-25 08:00:00,system,2026-06-25 08:00:00,system
4147,957,4043,1,949,B26-P0949-004147,6,6.0,6.0,0.0,120.0,120.0,0.0,,2026-03-15 08:00:00,system,2026-03-15 08:00:00,system
4148,958,4049,1,1339,B26-P1339-004148,6,1.0,1.0,0.0,55.0,55.0,0.0,,2026-03-03 08:00:00,system,2026-03-03 08:00:00,system
4149,958,4050,2,314,B26-P0314-004149,6,2.0,2.0,0.0,100.0,100.0,0.0,,2026-03-03 08:00:00,system,2026-03-03 08:00:00,system
4150,958,4051,3,994,B26-P0994-004150,6,38.0,38.0,0.0,190.0,190.0,0.0,,2026-03-03 08:00:00,system,2026-03-03 08:00:00,system
4151,958,4052,4,662,B26-P0662-004151,6,9.0,9.0,0.0,135.0,135.0,0.0,,2026-03-03 08:00:00,system,2026-03-03 08:00:00,system
4152,958,4053,5,73,B26-P0073-004152,6,18.0,18.0,0.0,270.0,270.0,0.0,,2026-03-03 08:00:00,system,2026-03-03 08:00:00,system
4153,959,4048,1,601,B26-P0601-004153,6,10.0,10.0,0.0,550.0,550.0,0.0,,2026-03-07 08:00:00,system,2026-03-07 08:00:00,system
4154,959,4049,2,1339,B26-P1339-004154,6,1.0,1.0,0.0,55.0,55.0,0.0,,2026-03-07 08:00:00,system,2026-03-07 08:00:00,system
4155,959,4051,3,994,B26-P0994-004155,6,17.0,17.0,0.0,85.0,85.0,0.0,,2026-03-07 08:00:00,system,2026-03-07 08:00:00,system
4156,959,4052,4,662,B26-P0662-004156,6,6.0,6.0,0.0,90.0,90.0,0.0,,2026-03-07 08:00:00,system,2026-03-07 08:00:00,system
4157,959,4054,5,1048,B26-P1048-004157,6,44.0,44.0,0.0,44.0,44.0,0.0,,2026-03-07 08:00:00,system,2026-03-07 08:00:00,system
4158,960,4058,1,269,B26-P0269-004158,6,1.0,1.0,0.0,210.0,210.0,0.0,,2026-07-02 08:00:00,system,2026-07-02 08:00:00,system
4159,960,4059,2,369,B26-P0369-004159,6,56.0,56.0,0.0,67.2,67.2,0.0,,2026-07-02 08:00:00,system,2026-07-02 08:00:00,system
4160,960,4060,3,1025,B26-P1025-004160,6,12.0,12.0,0.0,600.0,600.0,0.0,,2026-07-02 08:00:00,system,2026-07-02 08:00:00,system
4161,960,4061,4,1409,B26-P1409-004161,6,12.0,12.0,0.0,120.0,120.0,0.0,,2026-07-02 08:00:00,system,2026-07-02 08:00:00,system
4162,960,4062,5,268,B26-P0268-004162,6,3.0,3.0,0.0,540.0,540.0,0.0,,2026-07-02 08:00:00,system,2026-07-02 08:00:00,system
4163,961,4064,1,1316,B26-P1316-004163,1,1.0,1.0,0.0,1000.0,1000.0,0.0,,2026-07-03 08:00:00,system,2026-07-03 08:00:00,system
4164,961,4065,2,1477,B26-P1477-004164,6,1.0,1.0,0.0,5.0,5.0,0.0,,2026-07-03 08:00:00,system,2026-07-03 08:00:00,system
4165,961,4066,3,960,B26-P0960-004165,6,15.0,15.0,0.0,75.0,75.0,0.0,,2026-07-03 08:00:00,system,2026-07-03 08:00:00,system
4166,961,4067,4,1439,B26-P1439-004166,6,6.0,6.0,0.0,1080.0,1080.0,0.0,,2026-07-03 08:00:00,system,2026-07-03 08:00:00,system
4167,961,4068,5,1423,B26-P1423-004167,6,22.0,22.0,0.0,220.0,220.0,0.0,,2026-07-03 08:00:00,system,2026-07-03 08:00:00,system
4168,961,4070,6,1327,B26-P1327-004168,6,29.0,29.0,0.0,145.0,145.0,0.0,,2026-07-03 08:00:00,system,2026-07-03 08:00:00,system
4169,962,4063,1,329,B26-P0329-004169,6,2.0,2.0,0.0,100.0,100.0,0.0,,2026-07-06 08:00:00,system,2026-07-06 08:00:00,system
4170,962,4064,2,1316,B26-P1316-004170,1,3.0,3.0,0.0,3000.0,3000.0,0.0,,2026-07-06 08:00:00,system,2026-07-06 08:00:00,system
4171,962,4065,3,1477,B26-P1477-004171,6,5.0,5.0,0.0,25.0,25.0,0.0,,2026-07-06 08:00:00,system,2026-07-06 08:00:00,system
4172,962,4066,4,960,B26-P0960-004172,6,9.0,9.0,0.0,45.0,45.0,0.0,,2026-07-06 08:00:00,system,2026-07-06 08:00:00,system
4173,962,4067,5,1439,B26-P1439-004173,6,2.0,2.0,0.0,360.0,360.0,0.0,,2026-07-06 08:00:00,system,2026-07-06 08:00:00,system
4174,962,4068,6,1423,B26-P1423-004174,6,8.0,8.0,0.0,80.0,80.0,0.0,,2026-07-06 08:00:00,system,2026-07-06 08:00:00,system
4175,962,4069,7,1162,B26-P1162-004175,6,4.0,4.0,0.0,220.0,220.0,0.0,,2026-07-06 08:00:00,system,2026-07-06 08:00:00,system
4176,962,4070,8,1327,B26-P1327-004176,6,19.0,19.0,0.0,95.0,95.0,0.0,,2026-07-06 08:00:00,system,2026-07-06 08:00:00,system
4177,963,4071,1,425,B26-P0425-004177,6,12.0,12.0,0.0,120.0,120.0,0.0,,2026-03-29 08:00:00,system,2026-03-29 08:00:00,system
4178,964,4072,1,272,B26-P0272-004178,6,17.0,17.0,0.0,17.0,17.0,0.0,,2026-04-06 08:00:00,system,2026-04-06 08:00:00,system
4179,964,4073,2,1417,B26-P1417-004179,6,2.0,2.0,0.0,420.0,420.0,0.0,,2026-04-06 08:00:00,system,2026-04-06 08:00:00,system
4180,964,4074,3,1400,B26-P1400-004180,6,3.0,3.0,0.0,150.0,150.0,0.0,,2026-04-06 08:00:00,system,2026-04-06 08:00:00,system
4181,964,4075,4,718,B26-P0718-004181,1,3.0,3.0,0.0,1500.0,1500.0,0.0,,2026-04-06 08:00:00,system,2026-04-06 08:00:00,system
4182,965,4072,1,272,B26-P0272-004182,6,27.0,27.0,0.0,27.0,27.0,0.0,,2026-04-11 08:00:00,system,2026-04-11 08:00:00,system
4183,965,4074,2,1400,B26-P1400-004183,6,1.0,1.0,0.0,50.0,50.0,0.0,,2026-04-11 08:00:00,system,2026-04-11 08:00:00,system
4184,965,4075,3,718,B26-P0718-004184,1,1.0,1.0,0.0,500.0,500.0,0.0,,2026-04-11 08:00:00,system,2026-04-11 08:00:00,system
4185,966,4082,1,1392,B26-P1392-004185,1,8.0,8.0,0.0,16000.0,16000.0,0.0,,2026-06-02 08:00:00,system,2026-06-02 08:00:00,system
4186,966,4083,2,268,B26-P0268-004186,6,2.0,2.0,0.0,360.0,360.0,0.0,,2026-06-02 08:00:00,system,2026-06-02 08:00:00,system
4187,966,4084,3,665,B26-P0665-004187,6,20.0,20.0,0.0,600.0,600.0,0.0,,2026-06-02 08:00:00,system,2026-06-02 08:00:00,system
4188,966,4085,4,240,B26-P0240-004188,6,12.0,11.0,1.0,240.0,220.0,20.0,,2026-06-02 08:00:00,system,2026-06-02 08:00:00,system
4189,967,4086,1,655,B26-P0655-004189,6,1.0,1.0,0.0,210.0,210.0,0.0,,2026-04-30 08:00:00,system,2026-04-30 08:00:00,system
4190,968,4087,1,547,B26-P0547-004190,1,4.0,4.0,0.0,2000.0,2000.0,0.0,,2026-02-02 08:00:00,system,2026-02-02 08:00:00,system
4191,968,4088,2,714,B26-P0714-004191,6,6.0,6.0,0.0,300.0,300.0,0.0,,2026-02-02 08:00:00,system,2026-02-02 08:00:00,system
4192,968,4089,3,681,B26-P0681-004192,1,8.0,8.0,0.0,8000.0,8000.0,0.0,,2026-02-02 08:00:00,system,2026-02-02 08:00:00,system
4193,969,4090,1,1073,B26-P1073-004193,6,2.0,2.0,0.0,360.0,360.0,0.0,,2026-02-24 08:00:00,system,2026-02-24 08:00:00,system
4194,969,4091,2,346,B26-P0346-004194,6,3.0,3.0,0.0,540.0,540.0,0.0,,2026-02-24 08:00:00,system,2026-02-24 08:00:00,system
4195,969,4092,3,1170,B26-P1170-004195,6,3.0,3.0,0.0,165.0,165.0,0.0,,2026-02-24 08:00:00,system,2026-02-24 08:00:00,system
4196,969,4093,4,554,B26-P0554-004196,6,4.0,4.0,0.0,80.0,80.0,0.0,,2026-02-24 08:00:00,system,2026-02-24 08:00:00,system
4197,970,4090,1,1073,B26-P1073-004197,6,4.0,4.0,0.0,720.0,720.0,0.0,,2026-02-26 08:00:00,system,2026-02-26 08:00:00,system
4198,970,4091,2,346,B26-P0346-004198,6,3.0,3.0,0.0,540.0,540.0,0.0,,2026-02-26 08:00:00,system,2026-02-26 08:00:00,system
4199,970,4092,3,1170,B26-P1170-004199,6,5.0,5.0,0.0,275.0,275.0,0.0,,2026-02-26 08:00:00,system,2026-02-26 08:00:00,system
4200,970,4093,4,554,B26-P0554-004200,6,6.0,6.0,0.0,120.0,120.0,0.0,,2026-02-26 08:00:00,system,2026-02-26 08:00:00,system
4201,971,4094,1,1096,B26-P1096-004201,6,3.0,3.0,0.0,6.0,6.0,0.0,,2026-03-02 08:00:00,system,2026-03-02 08:00:00,system
4202,971,4096,2,1159,B26-P1159-004202,6,3.0,3.0,0.0,15.0,15.0,0.0,,2026-03-02 08:00:00,system,2026-03-02 08:00:00,system
4203,972,4096,1,1159,B26-P1159-004203,6,4.0,4.0,0.0,20.0,20.0,0.0,,2026-03-03 08:00:00,system,2026-03-03 08:00:00,system
4204,973,4098,1,542,B26-P0542-004204,6,3.0,3.0,0.0,150.0,150.0,0.0,,2026-04-23 08:00:00,system,2026-04-23 08:00:00,system
4205,973,4099,2,1179,B26-P1179-004205,6,14.0,14.0,0.0,70.0,70.0,0.0,,2026-04-23 08:00:00,system,2026-04-23 08:00:00,system
4206,974,4108,1,276,B26-P0276-004206,6,8.0,8.0,0.0,80.0,80.0,0.0,,2026-04-10 08:00:00,system,2026-04-10 08:00:00,system
4207,974,4109,2,1038,B26-P1038-004207,6,42.0,41.0,1.0,21.0,20.5,0.5,,2026-04-10 08:00:00,system,2026-04-10 08:00:00,system
4208,975,4110,1,678,B26-P0678-004208,6,5.0,5.0,0.0,900.0,900.0,0.0,,2026-02-08 08:00:00,system,2026-02-08 08:00:00,system
4209,975,4113,2,951,B26-P0951-004209,6,7.0,7.0,0.0,210.0,210.0,0.0,,2026-02-08 08:00:00,system,2026-02-08 08:00:00,system
4210,975,4114,3,268,B26-P0268-004210,6,5.0,5.0,0.0,900.0,900.0,0.0,,2026-02-08 08:00:00,system,2026-02-08 08:00:00,system
4211,975,4115,4,1239,B26-P1239-004211,6,2.0,2.0,0.0,20.0,20.0,0.0,,2026-02-08 08:00:00,system,2026-02-08 08:00:00,system
4212,976,4110,1,678,B26-P0678-004212,6,10.0,10.0,0.0,1800.0,1800.0,0.0,,2026-02-13 08:00:00,system,2026-02-13 08:00:00,system
4213,976,4111,2,244,B26-P0244-004213,6,2.0,2.0,0.0,110.0,110.0,0.0,,2026-02-13 08:00:00,system,2026-02-13 08:00:00,system
4214,976,4112,3,769,B26-P0769-004214,6,1.0,1.0,0.0,210.0,210.0,0.0,,2026-02-13 08:00:00,system,2026-02-13 08:00:00,system
4215,976,4113,4,951,B26-P0951-004215,6,1.0,1.0,0.0,30.0,30.0,0.0,,2026-02-13 08:00:00,system,2026-02-13 08:00:00,system
4216,976,4114,5,268,B26-P0268-004216,6,4.0,4.0,0.0,720.0,720.0,0.0,,2026-02-13 08:00:00,system,2026-02-13 08:00:00,system
4217,976,4115,6,1239,B26-P1239-004217,6,7.0,7.0,0.0,70.0,70.0,0.0,,2026-02-13 08:00:00,system,2026-02-13 08:00:00,system
4218,977,4116,1,350,B26-P0350-004218,6,60.0,60.0,0.0,60.0,60.0,0.0,,2026-06-20 08:00:00,system,2026-06-20 08:00:00,system
4219,978,4117,1,1139,B26-P1139-004219,6,5.0,5.0,0.0,50.0,50.0,0.0,,2026-07-01 08:00:00,system,2026-07-01 08:00:00,system
4220,978,4119,2,1231,B26-P1231-004220,6,13.0,13.0,0.0,130.0,130.0,0.0,,2026-07-01 08:00:00,system,2026-07-01 08:00:00,system
4221,978,4126,3,1219,B26-P1219-004221,6,4.0,4.0,0.0,840.0,840.0,0.0,,2026-07-01 08:00:00,system,2026-07-01 08:00:00,system
4222,979,4117,1,1139,B26-P1139-004222,6,2.0,1.0,1.0,20.0,10.0,10.0,,2026-07-06 08:00:00,system,2026-07-06 08:00:00,system
4223,979,4119,2,1231,B26-P1231-004223,6,6.0,6.0,0.0,60.0,60.0,0.0,,2026-07-06 08:00:00,system,2026-07-06 08:00:00,system
4224,980,4131,1,962,B26-P0962-004224,6,10.0,10.0,0.0,150.0,150.0,0.0,,2026-07-09 08:00:00,system,2026-07-09 08:00:00,system
4225,980,4132,2,1321,B26-P1321-004225,6,3.0,2.0,1.0,165.0,110.0,55.0,,2026-07-09 08:00:00,system,2026-07-09 08:00:00,system
4226,980,4133,3,1328,B26-P1328-004226,6,6.0,6.0,0.0,120.0,120.0,0.0,,2026-07-09 08:00:00,system,2026-07-09 08:00:00,system
4227,980,4134,4,1497,B26-P1497-004227,6,5.0,5.0,0.0,250.0,250.0,0.0,,2026-07-09 08:00:00,system,2026-07-09 08:00:00,system
4228,980,4135,5,1302,B26-P1302-004228,6,12.0,12.0,0.0,240.0,240.0,0.0,,2026-07-09 08:00:00,system,2026-07-09 08:00:00,system
4229,981,4131,1,962,B26-P0962-004229,6,2.0,2.0,0.0,30.0,30.0,0.0,,2026-07-14 08:00:00,system,2026-07-14 08:00:00,system
4230,981,4132,2,1321,B26-P1321-004230,6,3.0,3.0,0.0,165.0,165.0,0.0,,2026-07-14 08:00:00,system,2026-07-14 08:00:00,system
4231,981,4133,3,1328,B26-P1328-004231,6,8.0,8.0,0.0,160.0,160.0,0.0,,2026-07-14 08:00:00,system,2026-07-14 08:00:00,system
4232,981,4134,4,1497,B26-P1497-004232,6,1.0,1.0,0.0,50.0,50.0,0.0,,2026-07-14 08:00:00,system,2026-07-14 08:00:00,system
4233,981,4135,5,1302,B26-P1302-004233,6,9.0,9.0,0.0,180.0,180.0,0.0,,2026-07-14 08:00:00,system,2026-07-14 08:00:00,system
4234,982,4136,1,583,B26-P0583-004234,6,1.0,1.0,0.0,25.0,25.0,0.0,,2026-01-31 08:00:00,system,2026-01-31 08:00:00,system
4235,983,4137,1,191,B26-P0191-004235,6,50.0,49.0,1.0,50.0,49.0,1.0,,2026-01-18 08:00:00,system,2026-01-18 08:00:00,system
4236,983,4138,2,713,B26-P0713-004236,6,27.0,27.0,0.0,810.0,810.0,0.0,,2026-01-18 08:00:00,system,2026-01-18 08:00:00,system
4237,984,4139,1,340,B26-P0340-004237,6,2.0,2.0,0.0,30.0,30.0,0.0,,2026-05-05 08:00:00,system,2026-05-05 08:00:00,system
4238,985,4139,1,340,B26-P0340-004238,6,4.0,4.0,0.0,60.0,60.0,0.0,,2026-05-10 08:00:00,system,2026-05-10 08:00:00,system
4239,985,4140,2,1093,B26-P1093-004239,6,8.0,8.0,0.0,3.2,3.2,0.0,,2026-05-10 08:00:00,system,2026-05-10 08:00:00,system
4240,986,4141,1,1405,B26-P1405-004240,1,1.0,1.0,0.0,1000.0,1000.0,0.0,,2026-03-31 08:00:00,system,2026-03-31 08:00:00,system
4241,987,4142,1,435,B26-P0435-004241,6,15.0,15.0,0.0,300.0,300.0,0.0,,2026-03-13 08:00:00,system,2026-03-13 08:00:00,system
4242,988,4143,1,696,B26-P0696-004242,1,3.0,3.0,0.0,6000.0,6000.0,0.0,,2026-04-11 08:00:00,system,2026-04-11 08:00:00,system
4243,988,4144,2,300,B26-P0300-004243,1,2.0,1.0,1.0,2000.0,1000.0,1000.0,,2026-04-11 08:00:00,system,2026-04-11 08:00:00,system
4244,988,4145,3,235,B26-P0235-004244,6,8.0,8.0,0.0,9.6,9.6,0.0,,2026-04-11 08:00:00,system,2026-04-11 08:00:00,system
4245,988,4146,4,655,B26-P0655-004245,6,4.0,4.0,0.0,840.0,840.0,0.0,,2026-04-11 08:00:00,system,2026-04-11 08:00:00,system
4246,988,4147,5,1280,B26-P1280-004246,6,2.0,2.0,0.0,110.0,110.0,0.0,,2026-04-11 08:00:00,system,2026-04-11 08:00:00,system
4247,989,4143,1,696,B26-P0696-004247,1,1.0,1.0,0.0,2000.0,2000.0,0.0,,2026-04-12 08:00:00,system,2026-04-12 08:00:00,system
4248,989,4144,2,300,B26-P0300-004248,1,2.0,2.0,0.0,2000.0,2000.0,0.0,,2026-04-12 08:00:00,system,2026-04-12 08:00:00,system
4249,989,4145,3,235,B26-P0235-004249,6,16.0,16.0,0.0,19.2,19.2,0.0,,2026-04-12 08:00:00,system,2026-04-12 08:00:00,system
4250,989,4146,4,655,B26-P0655-004250,6,1.0,1.0,0.0,210.0,210.0,0.0,,2026-04-12 08:00:00,system,2026-04-12 08:00:00,system
4251,990,4149,1,212,B26-P0212-004251,6,6.0,6.0,0.0,180.0,180.0,0.0,,2026-02-02 08:00:00,system,2026-02-02 08:00:00,system
4252,990,4150,2,680,B26-P0680-004252,1,2.0,2.0,0.0,1000.0,1000.0,0.0,,2026-02-02 08:00:00,system,2026-02-02 08:00:00,system
4253,990,4151,3,845,B26-P0845-004253,6,2.0,2.0,0.0,420.0,420.0,0.0,,2026-02-02 08:00:00,system,2026-02-02 08:00:00,system
4254,990,4152,4,214,B26-P0214-004254,6,2.0,2.0,0.0,110.0,110.0,0.0,,2026-02-02 08:00:00,system,2026-02-02 08:00:00,system
4255,990,4153,5,1496,B26-P1496-004255,6,19.0,19.0,0.0,570.0,570.0,0.0,,2026-02-02 08:00:00,system,2026-02-02 08:00:00,system
4256,991,4148,1,245,B26-P0245-004256,6,2.0,2.0,0.0,360.0,360.0,0.0,,2026-02-05 08:00:00,system,2026-02-05 08:00:00,system
4257,991,4149,2,212,B26-P0212-004257,6,18.0,18.0,0.0,540.0,540.0,0.0,,2026-02-05 08:00:00,system,2026-02-05 08:00:00,system
4258,991,4150,3,680,B26-P0680-004258,1,2.0,2.0,0.0,1000.0,1000.0,0.0,,2026-02-05 08:00:00,system,2026-02-05 08:00:00,system
4259,991,4151,4,845,B26-P0845-004259,6,1.0,1.0,0.0,210.0,210.0,0.0,,2026-02-05 08:00:00,system,2026-02-05 08:00:00,system
4260,991,4152,5,214,B26-P0214-004260,6,10.0,10.0,0.0,550.0,550.0,0.0,,2026-02-05 08:00:00,system,2026-02-05 08:00:00,system
4261,991,4153,6,1496,B26-P1496-004261,6,5.0,5.0,0.0,150.0,150.0,0.0,,2026-02-05 08:00:00,system,2026-02-05 08:00:00,system
4262,992,4154,1,596,B26-P0596-004262,6,18.0,18.0,0.0,270.0,270.0,0.0,,2026-02-18 08:00:00,system,2026-02-18 08:00:00,system
4263,992,4155,2,689,B26-P0689-004263,6,7.0,7.0,0.0,210.0,210.0,0.0,,2026-02-18 08:00:00,system,2026-02-18 08:00:00,system
4264,992,4156,3,424,B26-P0424-004264,6,21.0,21.0,0.0,105.0,105.0,0.0,,2026-02-18 08:00:00,system,2026-02-18 08:00:00,system
4265,992,4157,4,1240,B26-P1240-004265,6,21.0,21.0,0.0,420.0,420.0,0.0,,2026-02-18 08:00:00,system,2026-02-18 08:00:00,system
4266,993,4158,1,645,B26-P0645-004266,6,9.0,9.0,0.0,27.0,27.0,0.0,,2026-03-31 08:00:00,system,2026-03-31 08:00:00,system
4267,993,4159,2,544,B26-P0544-004267,6,2.0,2.0,0.0,360.0,360.0,0.0,,2026-03-31 08:00:00,system,2026-03-31 08:00:00,system
4268,993,4160,3,237,B26-P0237-004268,6,2.0,2.0,0.0,10.0,10.0,0.0,,2026-03-31 08:00:00,system,2026-03-31 08:00:00,system
4269,993,4164,4,872,B26-P0872-004269,6,1.0,1.0,0.0,55.0,55.0,0.0,,2026-03-31 08:00:00,system,2026-03-31 08:00:00,system
4270,993,4166,5,59,B26-P0059-004270,6,23.0,23.0,0.0,18.4,18.4,0.0,,2026-03-31 08:00:00,system,2026-03-31 08:00:00,system
4271,993,4167,6,1221,B26-P1221-004271,6,4.0,4.0,0.0,4.0,4.0,0.0,,2026-03-31 08:00:00,system,2026-03-31 08:00:00,system
4272,994,4158,1,645,B26-P0645-004272,6,13.0,13.0,0.0,39.0,39.0,0.0,,2026-04-02 08:00:00,system,2026-04-02 08:00:00,system
4273,994,4159,2,544,B26-P0544-004273,6,3.0,3.0,0.0,540.0,540.0,0.0,,2026-04-02 08:00:00,system,2026-04-02 08:00:00,system
4274,994,4163,3,1115,B26-P1115-004274,6,2.0,2.0,0.0,10.0,10.0,0.0,,2026-04-02 08:00:00,system,2026-04-02 08:00:00,system
4275,994,4164,4,872,B26-P0872-004275,6,1.0,1.0,0.0,55.0,55.0,0.0,,2026-04-02 08:00:00,system,2026-04-02 08:00:00,system
4276,994,4165,5,120,B26-P0120-004276,6,12.0,12.0,0.0,300.0,300.0,0.0,,2026-04-02 08:00:00,system,2026-04-02 08:00:00,system
4277,994,4166,6,59,B26-P0059-004277,6,9.0,9.0,0.0,7.2,7.2,0.0,,2026-04-02 08:00:00,system,2026-04-02 08:00:00,system
4278,994,4167,7,1221,B26-P1221-004278,6,37.0,37.0,0.0,37.0,37.0,0.0,,2026-04-02 08:00:00,system,2026-04-02 08:00:00,system
4279,995,4173,1,894,B26-P0894-004279,6,14.0,14.0,0.0,70.0,70.0,0.0,,2026-06-25 08:00:00,system,2026-06-25 08:00:00,system
4280,996,4186,1,1410,B26-P1410-004280,6,21.0,21.0,0.0,315.0,315.0,0.0,,2026-07-08 08:00:00,system,2026-07-08 08:00:00,system
4281,996,4187,2,1434,B26-P1434-004281,6,31.0,31.0,0.0,620.0,620.0,0.0,,2026-07-08 08:00:00,system,2026-07-08 08:00:00,system
4282,996,4188,3,1365,B26-P1365-004282,6,1.0,1.0,0.0,55.0,55.0,0.0,,2026-07-08 08:00:00,system,2026-07-08 08:00:00,system
4283,997,4186,1,1410,B26-P1410-004283,6,7.0,7.0,0.0,105.0,105.0,0.0,,2026-07-13 08:00:00,system,2026-07-13 08:00:00,system
4284,997,4187,2,1434,B26-P1434-004284,6,4.0,4.0,0.0,80.0,80.0,0.0,,2026-07-13 08:00:00,system,2026-07-13 08:00:00,system
4285,997,4188,3,1365,B26-P1365-004285,6,1.0,1.0,0.0,55.0,55.0,0.0,,2026-07-13 08:00:00,system,2026-07-13 08:00:00,system
4286,998,4192,1,546,B26-P0546-004286,6,2.0,2.0,0.0,420.0,420.0,0.0,,2026-06-30 08:00:00,system,2026-06-30 08:00:00,system
4287,998,4193,2,706,B26-P0706-004287,6,7.0,7.0,0.0,1260.0,1260.0,0.0,,2026-06-30 08:00:00,system,2026-06-30 08:00:00,system
4288,999,4193,1,706,B26-P0706-004288,6,1.0,1.0,0.0,180.0,180.0,0.0,,2026-07-03 08:00:00,system,2026-07-03 08:00:00,system
4289,1000,4194,1,662,B26-P0662-004289,6,24.0,24.0,0.0,360.0,360.0,0.0,,2026-06-25 08:00:00,system,2026-06-25 08:00:00,system
4290,1001,4195,1,754,B26-P0754-004290,6,6.0,6.0,0.0,1080.0,1080.0,0.0,,2026-06-21 08:00:00,system,2026-06-21 08:00:00,system
4291,1001,4196,2,265,B26-P0265-004291,6,18.0,17.0,1.0,540.0,510.0,30.0,,2026-06-21 08:00:00,system,2026-06-21 08:00:00,system
4292,1001,4197,3,208,B26-P0208-004292,6,28.0,28.0,0.0,280.0,280.0,0.0,,2026-06-21 08:00:00,system,2026-06-21 08:00:00,system
4293,1002,4198,1,371,B26-P0371-004293,6,2.0,2.0,0.0,10.0,10.0,0.0,,2026-04-22 08:00:00,system,2026-04-22 08:00:00,system
4294,1002,4199,2,115,B26-P0115-004294,6,18.0,18.0,0.0,54.0,54.0,0.0,,2026-04-22 08:00:00,system,2026-04-22 08:00:00,system
4295,1002,4201,3,1015,B26-P1015-004295,6,2.0,2.0,0.0,36.0,36.0,0.0,,2026-04-22 08:00:00,system,2026-04-22 08:00:00,system
4296,1002,4202,4,1432,B26-P1432-004296,6,3.0,3.0,0.0,30.0,30.0,0.0,,2026-04-22 08:00:00,system,2026-04-22 08:00:00,system
4297,1002,4203,5,1425,B26-P1425-004297,6,3.0,2.0,1.0,60.0,40.0,20.0,,2026-04-22 08:00:00,system,2026-04-22 08:00:00,system
4298,1002,4204,6,629,B26-P0629-004298,6,2.0,2.0,0.0,110.0,110.0,0.0,,2026-04-22 08:00:00,system,2026-04-22 08:00:00,system
4299,1002,4205,7,1349,B26-P1349-004299,6,2.0,2.0,0.0,420.0,420.0,0.0,,2026-04-22 08:00:00,system,2026-04-22 08:00:00,system
4300,1002,4206,8,501,B26-P0501-004300,6,10.0,10.0,0.0,550.0,550.0,0.0,,2026-04-22 08:00:00,system,2026-04-22 08:00:00,system
4301,1003,4198,1,371,B26-P0371-004301,6,3.0,3.0,0.0,15.0,15.0,0.0,,2026-04-25 08:00:00,system,2026-04-25 08:00:00,system
4302,1003,4199,2,115,B26-P0115-004302,6,18.0,18.0,0.0,54.0,54.0,0.0,,2026-04-25 08:00:00,system,2026-04-25 08:00:00,system
4303,1003,4200,3,1089,B26-P1089-004303,6,4.0,4.0,0.0,72.0,72.0,0.0,,2026-04-25 08:00:00,system,2026-04-25 08:00:00,system
4304,1003,4201,4,1015,B26-P1015-004304,6,2.0,2.0,0.0,36.0,36.0,0.0,,2026-04-25 08:00:00,system,2026-04-25 08:00:00,system
4305,1003,4202,5,1432,B26-P1432-004305,6,4.0,4.0,0.0,40.0,40.0,0.0,,2026-04-25 08:00:00,system,2026-04-25 08:00:00,system
4306,1003,4203,6,1425,B26-P1425-004306,6,1.0,1.0,0.0,20.0,20.0,0.0,,2026-04-25 08:00:00,system,2026-04-25 08:00:00,system
4307,1003,4204,7,629,B26-P0629-004307,6,2.0,2.0,0.0,110.0,110.0,0.0,,2026-04-25 08:00:00,system,2026-04-25 08:00:00,system
4308,1003,4207,8,1203,B26-P1203-004308,6,5.0,5.0,0.0,1050.0,1050.0,0.0,,2026-04-25 08:00:00,system,2026-04-25 08:00:00,system
4309,1004,4208,1,38,B26-P0038-004309,6,11.0,11.0,0.0,330.0,330.0,0.0,,2026-06-30 08:00:00,system,2026-06-30 08:00:00,system
4310,1004,4209,2,1425,B26-P1425-004310,6,17.0,17.0,0.0,340.0,340.0,0.0,,2026-06-30 08:00:00,system,2026-06-30 08:00:00,system
4311,1004,4210,3,189,B26-P0189-004311,1,1.0,1.0,0.0,1000.0,1000.0,0.0,,2026-06-30 08:00:00,system,2026-06-30 08:00:00,system
4312,1004,4211,4,421,B26-P0421-004312,6,11.0,11.0,0.0,11.0,11.0,0.0,,2026-06-30 08:00:00,system,2026-06-30 08:00:00,system
4313,1005,4208,1,38,B26-P0038-004313,6,10.0,10.0,0.0,300.0,300.0,0.0,,2026-07-02 08:00:00,system,2026-07-02 08:00:00,system
4314,1005,4209,2,1425,B26-P1425-004314,6,18.0,17.0,1.0,360.0,340.0,20.0,,2026-07-02 08:00:00,system,2026-07-02 08:00:00,system
4315,1005,4210,3,189,B26-P0189-004315,1,5.0,5.0,0.0,5000.0,5000.0,0.0,,2026-07-02 08:00:00,system,2026-07-02 08:00:00,system
4316,1005,4211,4,421,B26-P0421-004316,6,13.0,13.0,0.0,13.0,13.0,0.0,,2026-07-02 08:00:00,system,2026-07-02 08:00:00,system
4317,1006,4212,1,246,B26-P0246-004317,6,5.0,5.0,0.0,1050.0,1050.0,0.0,,2026-05-26 08:00:00,system,2026-05-26 08:00:00,system
4318,1006,4213,2,325,B26-P0325-004318,6,27.0,26.0,1.0,405.0,390.0,15.0,,2026-05-26 08:00:00,system,2026-05-26 08:00:00,system
4319,1006,4214,3,660,B26-P0660-004319,6,25.0,25.0,0.0,125.0,125.0,0.0,,2026-05-26 08:00:00,system,2026-05-26 08:00:00,system
4320,1006,4215,4,775,B26-P0775-004320,6,5.0,5.0,0.0,50.0,50.0,0.0,,2026-05-26 08:00:00,system,2026-05-26 08:00:00,system
4321,1006,4217,5,421,B26-P0421-004321,6,23.0,23.0,0.0,23.0,23.0,0.0,,2026-05-26 08:00:00,system,2026-05-26 08:00:00,system
4322,1006,4218,6,461,B26-P0461-004322,6,47.0,46.0,1.0,141.0,138.0,3.0,,2026-05-26 08:00:00,system,2026-05-26 08:00:00,system
4323,1006,4219,7,1180,B26-P1180-004323,6,15.0,15.0,0.0,150.0,150.0,0.0,,2026-05-26 08:00:00,system,2026-05-26 08:00:00,system
4324,1006,4220,8,578,B26-P0578-004324,6,50.0,50.0,0.0,150.0,150.0,0.0,,2026-05-26 08:00:00,system,2026-05-26 08:00:00,system
4325,1006,4221,9,534,B26-P0534-004325,1,5.0,5.0,0.0,10000.0,10000.0,0.0,,2026-05-26 08:00:00,system,2026-05-26 08:00:00,system
4326,1006,4222,10,1445,B26-P1445-004326,6,26.0,26.0,0.0,130.0,130.0,0.0,,2026-05-26 08:00:00,system,2026-05-26 08:00:00,system
4327,1007,4213,1,325,B26-P0325-004327,6,1.0,1.0,0.0,15.0,15.0,0.0,,2026-05-28 08:00:00,system,2026-05-28 08:00:00,system
4328,1007,4214,2,660,B26-P0660-004328,6,3.0,3.0,0.0,15.0,15.0,0.0,,2026-05-28 08:00:00,system,2026-05-28 08:00:00,system
4329,1007,4215,3,775,B26-P0775-004329,6,9.0,9.0,0.0,90.0,90.0,0.0,,2026-05-28 08:00:00,system,2026-05-28 08:00:00,system
4330,1007,4216,4,1487,B26-P1487-004330,1,2.0,2.0,0.0,1000.0,1000.0,0.0,,2026-05-28 08:00:00,system,2026-05-28 08:00:00,system
4331,1007,4217,5,421,B26-P0421-004331,6,37.0,37.0,0.0,37.0,37.0,0.0,,2026-05-28 08:00:00,system,2026-05-28 08:00:00,system
4332,1007,4218,6,461,B26-P0461-004332,6,9.0,9.0,0.0,27.0,27.0,0.0,,2026-05-28 08:00:00,system,2026-05-28 08:00:00,system
4333,1007,4219,7,1180,B26-P1180-004333,6,6.0,6.0,0.0,60.0,60.0,0.0,,2026-05-28 08:00:00,system,2026-05-28 08:00:00,system
4334,1007,4220,8,578,B26-P0578-004334,6,25.0,25.0,0.0,75.0,75.0,0.0,,2026-05-28 08:00:00,system,2026-05-28 08:00:00,system
4335,1007,4221,9,534,B26-P0534-004335,1,1.0,1.0,0.0,2000.0,2000.0,0.0,,2026-05-28 08:00:00,system,2026-05-28 08:00:00,system
4336,1007,4222,10,1445,B26-P1445-004336,6,9.0,9.0,0.0,45.0,45.0,0.0,,2026-05-28 08:00:00,system,2026-05-28 08:00:00,system
4337,1008,4223,1,1336,B26-P1336-004337,6,60.0,60.0,0.0,60.0,60.0,0.0,,2026-02-01 08:00:00,system,2026-02-01 08:00:00,system
4338,1008,4224,2,169,B26-P0169-004338,6,21.0,21.0,0.0,630.0,630.0,0.0,,2026-02-01 08:00:00,system,2026-02-01 08:00:00,system
4339,1008,4225,3,906,B26-P0906-004339,1,3.0,3.0,0.0,6000.0,6000.0,0.0,,2026-02-01 08:00:00,system,2026-02-01 08:00:00,system
4340,1008,4226,4,102,B26-P0102-004340,6,10.0,10.0,0.0,100.0,100.0,0.0,,2026-02-01 08:00:00,system,2026-02-01 08:00:00,system
4341,1009,4229,1,1240,B26-P1240-004341,6,29.0,29.0,0.0,580.0,580.0,0.0,,2026-04-05 08:00:00,system,2026-04-05 08:00:00,system
4342,1010,4230,1,382,B26-P0382-004342,6,11.0,11.0,0.0,8.8,8.8,0.0,,2026-02-26 08:00:00,system,2026-02-26 08:00:00,system
4343,1010,4231,2,469,B26-P0469-004343,6,7.0,7.0,0.0,175.0,175.0,0.0,,2026-02-26 08:00:00,system,2026-02-26 08:00:00,system
4344,1010,4232,3,679,B26-P0679-004344,6,3.0,3.0,0.0,630.0,630.0,0.0,,2026-02-26 08:00:00,system,2026-02-26 08:00:00,system
4345,1011,4236,1,662,B26-P0662-004345,6,1.0,1.0,0.0,15.0,15.0,0.0,,2026-05-31 08:00:00,system,2026-05-31 08:00:00,system
4346,1011,4237,2,329,B26-P0329-004346,6,1.0,0.0,1.0,50.0,0.0,50.0,,2026-05-31 08:00:00,system,2026-05-31 08:00:00,system
4347,1012,4233,1,770,B26-P0770-004347,1,1.0,0.0,1.0,500.0,0.0,500.0,,2026-06-02 08:00:00,system,2026-06-02 08:00:00,system
4348,1012,4234,2,466,B26-P0466-004348,6,13.0,13.0,0.0,130.0,130.0,0.0,,2026-06-02 08:00:00,system,2026-06-02 08:00:00,system
4349,1012,4235,3,24,B26-P0024-004349,6,4.0,4.0,0.0,200.0,200.0,0.0,,2026-06-02 08:00:00,system,2026-06-02 08:00:00,system
4350,1012,4236,4,662,B26-P0662-004350,6,3.0,3.0,0.0,45.0,45.0,0.0,,2026-06-02 08:00:00,system,2026-06-02 08:00:00,system
4351,1012,4237,5,329,B26-P0329-004351,6,1.0,1.0,0.0,50.0,50.0,0.0,,2026-06-02 08:00:00,system,2026-06-02 08:00:00,system
4352,1012,4238,6,698,B26-P0698-004352,6,1.0,1.0,0.0,5.0,5.0,0.0,,2026-06-02 08:00:00,system,2026-06-02 08:00:00,system
4353,1012,4239,7,94,B26-P0094-004353,6,5.0,5.0,0.0,900.0,900.0,0.0,,2026-06-02 08:00:00,system,2026-06-02 08:00:00,system
4354,1013,4240,1,1049,B26-P1049-004354,6,5.0,5.0,0.0,10.0,10.0,0.0,,2026-05-25 08:00:00,system,2026-05-25 08:00:00,system
4355,1013,4241,2,644,B26-P0644-004355,1,4.0,4.0,0.0,8000.0,8000.0,0.0,,2026-05-25 08:00:00,system,2026-05-25 08:00:00,system
4356,1014,4240,1,1049,B26-P1049-004356,6,9.0,9.0,0.0,18.0,18.0,0.0,,2026-05-27 08:00:00,system,2026-05-27 08:00:00,system
4357,1015,4242,1,1497,B26-P1497-004357,6,4.0,4.0,0.0,200.0,200.0,0.0,,2026-03-27 08:00:00,system,2026-03-27 08:00:00,system
4358,1015,4243,2,200,B26-P0200-004358,6,2.0,2.0,0.0,360.0,360.0,0.0,,2026-03-27 08:00:00,system,2026-03-27 08:00:00,system
4359,1015,4244,3,119,B26-P0119-004359,6,12.0,12.0,0.0,240.0,240.0,0.0,,2026-03-27 08:00:00,system,2026-03-27 08:00:00,system
4360,1016,4246,1,1463,B26-P1463-004360,6,2.0,2.0,0.0,420.0,420.0,0.0,,2026-06-30 08:00:00,system,2026-06-30 08:00:00,system
4361,1016,4247,2,661,B26-P0661-004361,6,3.0,3.0,0.0,30.0,30.0,0.0,,2026-06-30 08:00:00,system,2026-06-30 08:00:00,system
4362,1017,4248,1,676,B26-P0676-004362,6,4.0,4.0,0.0,200.0,200.0,0.0,,2026-02-01 08:00:00,system,2026-02-01 08:00:00,system
4363,1017,4250,2,1393,B26-P1393-004363,6,30.0,30.0,0.0,90.0,90.0,0.0,,2026-02-01 08:00:00,system,2026-02-01 08:00:00,system
4364,1017,4252,3,1310,B26-P1310-004364,6,3.0,3.0,0.0,60.0,60.0,0.0,,2026-02-01 08:00:00,system,2026-02-01 08:00:00,system
4365,1017,4253,4,216,B26-P0216-004365,6,4.0,3.0,1.0,840.0,630.0,210.0,,2026-02-01 08:00:00,system,2026-02-01 08:00:00,system
4366,1017,4254,5,209,B26-P0209-004366,6,31.0,31.0,0.0,465.0,465.0,0.0,,2026-02-01 08:00:00,system,2026-02-01 08:00:00,system
4367,1017,4255,6,1392,B26-P1392-004367,1,3.0,3.0,0.0,6000.0,6000.0,0.0,,2026-02-01 08:00:00,system,2026-02-01 08:00:00,system
4368,1017,4256,7,977,B26-P0977-004368,6,7.0,7.0,0.0,70.0,70.0,0.0,,2026-02-01 08:00:00,system,2026-02-01 08:00:00,system
4369,1017,4257,8,944,B26-P0944-004369,1,1.0,1.0,0.0,2000.0,2000.0,0.0,,2026-02-01 08:00:00,system,2026-02-01 08:00:00,system
4370,1017,4260,9,1085,B26-P1085-004370,6,2.0,2.0,0.0,2.0,2.0,0.0,,2026-02-01 08:00:00,system,2026-02-01 08:00:00,system
4371,1017,4261,10,1335,B26-P1335-004371,6,5.0,5.0,0.0,25.0,25.0,0.0,,2026-02-01 08:00:00,system,2026-02-01 08:00:00,system
4372,1018,4248,1,676,B26-P0676-004372,6,2.0,2.0,0.0,100.0,100.0,0.0,,2026-02-03 08:00:00,system,2026-02-03 08:00:00,system
4373,1018,4249,2,464,B26-P0464-004373,6,6.0,5.0,1.0,90.0,75.0,15.0,,2026-02-03 08:00:00,system,2026-02-03 08:00:00,system
4374,1018,4250,3,1393,B26-P1393-004374,6,25.0,25.0,0.0,75.0,75.0,0.0,,2026-02-03 08:00:00,system,2026-02-03 08:00:00,system
4375,1018,4251,4,224,B26-P0224-004375,6,3.0,3.0,0.0,45.0,45.0,0.0,,2026-02-03 08:00:00,system,2026-02-03 08:00:00,system
4376,1018,4252,5,1310,B26-P1310-004376,6,25.0,25.0,0.0,500.0,500.0,0.0,,2026-02-03 08:00:00,system,2026-02-03 08:00:00,system
4377,1018,4253,6,216,B26-P0216-004377,6,1.0,1.0,0.0,210.0,210.0,0.0,,2026-02-03 08:00:00,system,2026-02-03 08:00:00,system
4378,1018,4254,7,209,B26-P0209-004378,6,1.0,1.0,0.0,15.0,15.0,0.0,,2026-02-03 08:00:00,system,2026-02-03 08:00:00,system
4379,1018,4256,8,977,B26-P0977-004379,6,7.0,7.0,0.0,70.0,70.0,0.0,,2026-02-03 08:00:00,system,2026-02-03 08:00:00,system
4380,1018,4258,9,26,B26-P0026-004380,6,4.0,4.0,0.0,720.0,720.0,0.0,,2026-02-03 08:00:00,system,2026-02-03 08:00:00,system
4381,1018,4259,10,816,B26-P0816-004381,6,3.0,3.0,0.0,540.0,540.0,0.0,,2026-02-03 08:00:00,system,2026-02-03 08:00:00,system
4382,1018,4260,11,1085,B26-P1085-004382,6,6.0,6.0,0.0,6.0,6.0,0.0,,2026-02-03 08:00:00,system,2026-02-03 08:00:00,system
4383,1018,4261,12,1335,B26-P1335-004383,6,2.0,2.0,0.0,10.0,10.0,0.0,,2026-02-03 08:00:00,system,2026-02-03 08:00:00,system
4384,1019,4248,1,676,B26-P0676-004384,6,4.0,4.0,0.0,200.0,200.0,0.0,,2026-02-04 08:00:00,system,2026-02-04 08:00:00,system
4385,1019,4249,2,464,B26-P0464-004385,6,14.0,14.0,0.0,210.0,210.0,0.0,,2026-02-04 08:00:00,system,2026-02-04 08:00:00,system
4386,1019,4250,3,1393,B26-P1393-004386,6,1.0,1.0,0.0,3.0,3.0,0.0,,2026-02-04 08:00:00,system,2026-02-04 08:00:00,system
4387,1019,4251,4,224,B26-P0224-004387,6,17.0,17.0,0.0,255.0,255.0,0.0,,2026-02-04 08:00:00,system,2026-02-04 08:00:00,system
4388,1019,4252,5,1310,B26-P1310-004388,6,2.0,2.0,0.0,40.0,40.0,0.0,,2026-02-04 08:00:00,system,2026-02-04 08:00:00,system
4389,1019,4254,6,209,B26-P0209-004389,6,3.0,3.0,0.0,45.0,45.0,0.0,,2026-02-04 08:00:00,system,2026-02-04 08:00:00,system
4390,1019,4255,7,1392,B26-P1392-004390,1,1.0,1.0,0.0,2000.0,2000.0,0.0,,2026-02-04 08:00:00,system,2026-02-04 08:00:00,system
4391,1019,4256,8,977,B26-P0977-004391,6,2.0,2.0,0.0,20.0,20.0,0.0,,2026-02-04 08:00:00,system,2026-02-04 08:00:00,system
4392,1019,4259,9,816,B26-P0816-004392,6,5.0,5.0,0.0,900.0,900.0,0.0,,2026-02-04 08:00:00,system,2026-02-04 08:00:00,system
4393,1019,4260,10,1085,B26-P1085-004393,6,28.0,28.0,0.0,28.0,28.0,0.0,,2026-02-04 08:00:00,system,2026-02-04 08:00:00,system
4394,1019,4261,11,1335,B26-P1335-004394,6,4.0,4.0,0.0,20.0,20.0,0.0,,2026-02-04 08:00:00,system,2026-02-04 08:00:00,system
4395,1020,4263,1,300,B26-P0300-004395,1,1.0,1.0,0.0,1000.0,1000.0,0.0,,2026-02-26 08:00:00,system,2026-02-26 08:00:00,system
4396,1020,4264,2,844,B26-P0844-004396,6,1.0,1.0,0.0,180.0,180.0,0.0,,2026-02-26 08:00:00,system,2026-02-26 08:00:00,system
4397,1020,4265,3,706,B26-P0706-004397,6,10.0,10.0,0.0,1800.0,1800.0,0.0,,2026-02-26 08:00:00,system,2026-02-26 08:00:00,system
4398,1020,4266,4,467,B26-P0467-004398,6,15.0,15.0,0.0,225.0,225.0,0.0,,2026-02-26 08:00:00,system,2026-02-26 08:00:00,system
4399,1020,4267,5,112,B26-P0112-004399,6,10.0,9.0,1.0,8.0,7.2,0.8,,2026-02-26 08:00:00,system,2026-02-26 08:00:00,system
4400,1020,4269,6,812,B26-P0812-004400,6,6.0,6.0,0.0,150.0,150.0,0.0,,2026-02-26 08:00:00,system,2026-02-26 08:00:00,system
4401,1020,4270,7,191,B26-P0191-004401,6,8.0,8.0,0.0,8.0,8.0,0.0,,2026-02-26 08:00:00,system,2026-02-26 08:00:00,system
4402,1020,4271,8,440,B26-P0440-004402,6,4.0,4.0,0.0,720.0,720.0,0.0,,2026-02-26 08:00:00,system,2026-02-26 08:00:00,system
4403,1020,4272,9,1109,B26-P1109-004403,6,1.0,1.0,0.0,50.0,50.0,0.0,,2026-02-26 08:00:00,system,2026-02-26 08:00:00,system
4404,1020,4273,10,205,B26-P0205-004404,6,27.0,27.0,0.0,32.4,32.4,0.0,,2026-02-26 08:00:00,system,2026-02-26 08:00:00,system
4405,1020,4275,11,723,B26-P0723-004405,6,1.0,0.0,1.0,10.0,0.0,10.0,,2026-02-26 08:00:00,system,2026-02-26 08:00:00,system
4406,1020,4276,12,1211,B26-P1211-004406,6,1.0,1.0,0.0,210.0,210.0,0.0,,2026-02-26 08:00:00,system,2026-02-26 08:00:00,system
4407,1021,4262,1,489,B26-P0489-004407,6,2.0,2.0,0.0,420.0,420.0,0.0,,2026-03-01 08:00:00,system,2026-03-01 08:00:00,system
4408,1021,4264,2,844,B26-P0844-004408,6,5.0,5.0,0.0,900.0,900.0,0.0,,2026-03-01 08:00:00,system,2026-03-01 08:00:00,system
4409,1021,4267,3,112,B26-P0112-004409,6,37.0,37.0,0.0,29.6,29.6,0.0,,2026-03-01 08:00:00,system,2026-03-01 08:00:00,system
4410,1021,4268,4,1090,B26-P1090-004410,6,3.0,3.0,0.0,150.0,150.0,0.0,,2026-03-01 08:00:00,system,2026-03-01 08:00:00,system
4411,1021,4269,5,812,B26-P0812-004411,6,14.0,14.0,0.0,350.0,350.0,0.0,,2026-03-01 08:00:00,system,2026-03-01 08:00:00,system
4412,1021,4270,6,191,B26-P0191-004412,6,3.0,3.0,0.0,3.0,3.0,0.0,,2026-03-01 08:00:00,system,2026-03-01 08:00:00,system
4413,1021,4271,7,440,B26-P0440-004413,6,2.0,2.0,0.0,360.0,360.0,0.0,,2026-03-01 08:00:00,system,2026-03-01 08:00:00,system
4414,1021,4272,8,1109,B26-P1109-004414,6,2.0,2.0,0.0,100.0,100.0,0.0,,2026-03-01 08:00:00,system,2026-03-01 08:00:00,system
4415,1021,4273,9,205,B26-P0205-004415,6,20.0,20.0,0.0,24.0,24.0,0.0,,2026-03-01 08:00:00,system,2026-03-01 08:00:00,system
4416,1021,4274,10,156,B26-P0156-004416,6,12.0,12.0,0.0,660.0,660.0,0.0,,2026-03-01 08:00:00,system,2026-03-01 08:00:00,system
4417,1022,4263,1,300,B26-P0300-004417,1,1.0,1.0,0.0,1000.0,1000.0,0.0,,2026-03-03 08:00:00,system,2026-03-03 08:00:00,system
4418,1022,4264,2,844,B26-P0844-004418,6,4.0,4.0,0.0,720.0,720.0,0.0,,2026-03-03 08:00:00,system,2026-03-03 08:00:00,system
4419,1022,4266,3,467,B26-P0467-004419,6,3.0,2.0,1.0,45.0,30.0,15.0,,2026-03-03 08:00:00,system,2026-03-03 08:00:00,system
4420,1022,4267,4,112,B26-P0112-004420,6,13.0,13.0,0.0,10.4,10.4,0.0,,2026-03-03 08:00:00,system,2026-03-03 08:00:00,system
4421,1022,4268,5,1090,B26-P1090-004421,6,3.0,3.0,0.0,150.0,150.0,0.0,,2026-03-03 08:00:00,system,2026-03-03 08:00:00,system
4422,1022,4269,6,812,B26-P0812-004422,6,1.0,1.0,0.0,25.0,25.0,0.0,,2026-03-03 08:00:00,system,2026-03-03 08:00:00,system
4423,1022,4270,7,191,B26-P0191-004423,6,4.0,4.0,0.0,4.0,4.0,0.0,,2026-03-03 08:00:00,system,2026-03-03 08:00:00,system
4424,1022,4271,8,440,B26-P0440-004424,6,2.0,1.0,1.0,360.0,180.0,180.0,,2026-03-03 08:00:00,system,2026-03-03 08:00:00,system
4425,1022,4272,9,1109,B26-P1109-004425,6,1.0,1.0,0.0,50.0,50.0,0.0,,2026-03-03 08:00:00,system,2026-03-03 08:00:00,system
4426,1022,4273,10,205,B26-P0205-004426,6,13.0,13.0,0.0,15.6,15.6,0.0,,2026-03-03 08:00:00,system,2026-03-03 08:00:00,system
4427,1022,4275,11,723,B26-P0723-004427,6,29.0,29.0,0.0,290.0,290.0,0.0,,2026-03-03 08:00:00,system,2026-03-03 08:00:00,system
4428,1022,4276,12,1211,B26-P1211-004428,6,1.0,1.0,0.0,210.0,210.0,0.0,,2026-03-03 08:00:00,system,2026-03-03 08:00:00,system
4429,1023,4277,1,325,B26-P0325-004429,6,28.0,28.0,0.0,420.0,420.0,0.0,,2026-02-26 08:00:00,system,2026-02-26 08:00:00,system
4430,1023,4278,2,568,B26-P0568-004430,6,32.0,32.0,0.0,640.0,640.0,0.0,,2026-02-26 08:00:00,system,2026-02-26 08:00:00,system
4431,1023,4279,3,538,B26-P0538-004431,6,32.0,32.0,0.0,480.0,480.0,0.0,,2026-02-26 08:00:00,system,2026-02-26 08:00:00,system
4432,1023,4280,4,1026,B26-P1026-004432,6,2.0,2.0,0.0,360.0,360.0,0.0,,2026-02-26 08:00:00,system,2026-02-26 08:00:00,system
4433,1023,4281,5,826,B26-P0826-004433,6,21.0,21.0,0.0,525.0,525.0,0.0,,2026-02-26 08:00:00,system,2026-02-26 08:00:00,system
4434,1023,4282,6,316,B26-P0316-004434,6,9.0,9.0,0.0,1620.0,1620.0,0.0,,2026-02-26 08:00:00,system,2026-02-26 08:00:00,system
4435,1024,4283,1,777,B26-P0777-004435,6,12.0,12.0,0.0,240.0,240.0,0.0,,2026-06-09 08:00:00,system,2026-06-09 08:00:00,system
4436,1025,4284,1,872,B26-P0872-004436,6,8.0,8.0,0.0,440.0,440.0,0.0,,2026-05-25 08:00:00,system,2026-05-25 08:00:00,system
4437,1025,4285,2,1197,B26-P1197-004437,6,4.0,4.0,0.0,80.0,80.0,0.0,,2026-05-25 08:00:00,system,2026-05-25 08:00:00,system
4438,1026,4284,1,872,B26-P0872-004438,6,2.0,2.0,0.0,110.0,110.0,0.0,,2026-05-28 08:00:00,system,2026-05-28 08:00:00,system
4439,1026,4285,2,1197,B26-P1197-004439,6,8.0,8.0,0.0,160.0,160.0,0.0,,2026-05-28 08:00:00,system,2026-05-28 08:00:00,system
4440,1027,4286,1,1231,B26-P1231-004440,6,28.0,28.0,0.0,280.0,280.0,0.0,,2026-06-30 08:00:00,system,2026-06-30 08:00:00,system
4441,1027,4287,2,1293,B26-P1293-004441,6,14.0,14.0,0.0,14.0,14.0,0.0,,2026-06-30 08:00:00,system,2026-06-30 08:00:00,system
4442,1027,4288,3,709,B26-P0709-004442,1,6.0,6.0,0.0,6000.0,6000.0,0.0,,2026-06-30 08:00:00,system,2026-06-30 08:00:00,system
4443,1027,4289,4,1086,B26-P1086-004443,6,55.0,55.0,0.0,110.0,110.0,0.0,,2026-06-30 08:00:00,system,2026-06-30 08:00:00,system
4444,1027,4290,5,1356,B26-P1356-004444,6,21.0,21.0,0.0,420.0,420.0,0.0,,2026-06-30 08:00:00,system,2026-06-30 08:00:00,system
4445,1027,4291,6,1435,B26-P1435-004445,6,12.0,12.0,0.0,300.0,300.0,0.0,,2026-06-30 08:00:00,system,2026-06-30 08:00:00,system
4446,1028,4292,1,1444,B26-P1444-004446,6,3.0,3.0,0.0,9.0,9.0,0.0,,2026-05-12 08:00:00,system,2026-05-12 08:00:00,system
4447,1028,4293,2,580,B26-P0580-004447,6,23.0,23.0,0.0,230.0,230.0,0.0,,2026-05-12 08:00:00,system,2026-05-12 08:00:00,system
4448,1028,4294,3,1385,B26-P1385-004448,6,3.0,3.0,0.0,90.0,90.0,0.0,,2026-05-12 08:00:00,system,2026-05-12 08:00:00,system
4449,1028,4295,4,435,B26-P0435-004449,6,25.0,25.0,0.0,500.0,500.0,0.0,,2026-05-12 08:00:00,system,2026-05-12 08:00:00,system
4450,1028,4296,5,1195,B26-P1195-004450,6,21.0,21.0,0.0,105.0,105.0,0.0,,2026-05-12 08:00:00,system,2026-05-12 08:00:00,system
4451,1028,4297,6,1222,B26-P1222-004451,6,36.0,36.0,0.0,108.0,108.0,0.0,,2026-05-12 08:00:00,system,2026-05-12 08:00:00,system
4452,1029,4292,1,1444,B26-P1444-004452,6,19.0,19.0,0.0,57.0,57.0,0.0,,2026-05-16 08:00:00,system,2026-05-16 08:00:00,system
4453,1029,4293,2,580,B26-P0580-004453,6,1.0,0.0,1.0,10.0,0.0,10.0,,2026-05-16 08:00:00,system,2026-05-16 08:00:00,system
4454,1029,4294,3,1385,B26-P1385-004454,6,11.0,11.0,0.0,330.0,330.0,0.0,,2026-05-16 08:00:00,system,2026-05-16 08:00:00,system
4455,1029,4295,4,435,B26-P0435-004455,6,10.0,10.0,0.0,200.0,200.0,0.0,,2026-05-16 08:00:00,system,2026-05-16 08:00:00,system
4456,1029,4296,5,1195,B26-P1195-004456,6,9.0,9.0,0.0,45.0,45.0,0.0,,2026-05-16 08:00:00,system,2026-05-16 08:00:00,system
4457,1029,4297,6,1222,B26-P1222-004457,6,24.0,24.0,0.0,72.0,72.0,0.0,,2026-05-16 08:00:00,system,2026-05-16 08:00:00,system
4458,1030,4299,1,984,B26-P0984-004458,6,5.0,5.0,0.0,10.0,10.0,0.0,,2026-05-06 08:00:00,system,2026-05-06 08:00:00,system
4459,1030,4301,2,1432,B26-P1432-004459,6,2.0,2.0,0.0,20.0,20.0,0.0,,2026-05-06 08:00:00,system,2026-05-06 08:00:00,system
4460,1030,4302,3,513,B26-P0513-004460,6,13.0,13.0,0.0,390.0,390.0,0.0,,2026-05-06 08:00:00,system,2026-05-06 08:00:00,system
4461,1030,4305,4,1190,B26-P1190-004461,6,2.0,2.0,0.0,110.0,110.0,0.0,,2026-05-06 08:00:00,system,2026-05-06 08:00:00,system
4462,1030,4306,5,923,B26-P0923-004462,6,2.0,2.0,0.0,20.0,20.0,0.0,,2026-05-06 08:00:00,system,2026-05-06 08:00:00,system
4463,1030,4307,6,838,B26-P0838-004463,6,12.0,12.0,0.0,180.0,180.0,0.0,,2026-05-06 08:00:00,system,2026-05-06 08:00:00,system
4464,1031,4299,1,984,B26-P0984-004464,6,6.0,6.0,0.0,12.0,12.0,0.0,,2026-05-09 08:00:00,system,2026-05-09 08:00:00,system
4465,1031,4301,2,1432,B26-P1432-004465,6,1.0,1.0,0.0,10.0,10.0,0.0,,2026-05-09 08:00:00,system,2026-05-09 08:00:00,system
4466,1031,4302,3,513,B26-P0513-004466,6,1.0,1.0,0.0,30.0,30.0,0.0,,2026-05-09 08:00:00,system,2026-05-09 08:00:00,system
4467,1031,4305,4,1190,B26-P1190-004467,6,3.0,3.0,0.0,165.0,165.0,0.0,,2026-05-09 08:00:00,system,2026-05-09 08:00:00,system
4468,1031,4306,5,923,B26-P0923-004468,6,1.0,1.0,0.0,10.0,10.0,0.0,,2026-05-09 08:00:00,system,2026-05-09 08:00:00,system
4469,1031,4307,6,838,B26-P0838-004469,6,4.0,4.0,0.0,60.0,60.0,0.0,,2026-05-09 08:00:00,system,2026-05-09 08:00:00,system
4470,1032,4308,1,878,B26-P0878-004470,6,68.0,68.0,0.0,204.0,204.0,0.0,,2026-05-05 08:00:00,system,2026-05-05 08:00:00,system
4471,1032,4309,2,570,B26-P0570-004471,6,9.0,9.0,0.0,270.0,270.0,0.0,,2026-05-05 08:00:00,system,2026-05-05 08:00:00,system
4472,1032,4310,3,577,B26-P0577-004472,1,8.0,8.0,0.0,16000.0,16000.0,0.0,,2026-05-05 08:00:00,system,2026-05-05 08:00:00,system
4473,1033,4311,1,146,B26-P0146-004473,6,2.0,2.0,0.0,2.0,2.0,0.0,,2026-05-29 08:00:00,system,2026-05-29 08:00:00,system
4474,1033,4312,2,996,B26-P0996-004474,6,19.0,19.0,0.0,342.0,342.0,0.0,,2026-05-29 08:00:00,system,2026-05-29 08:00:00,system
4475,1034,4313,1,493,B26-P0493-004475,6,23.0,23.0,0.0,27.6,27.6,0.0,,2026-07-05 08:00:00,system,2026-07-05 08:00:00,system
4476,1034,4315,2,1263,B26-P1263-004476,6,31.0,31.0,0.0,620.0,620.0,0.0,,2026-07-05 08:00:00,system,2026-07-05 08:00:00,system
4477,1034,4316,3,1488,B26-P1488-004477,1,5.0,5.0,0.0,5000.0,5000.0,0.0,,2026-07-05 08:00:00,system,2026-07-05 08:00:00,system
4478,1034,4318,4,563,B26-P0563-004478,1,1.0,1.0,0.0,2000.0,2000.0,0.0,,2026-07-05 08:00:00,system,2026-07-05 08:00:00,system
4479,1034,4320,5,1059,B26-P1059-004479,6,8.0,8.0,0.0,40.0,40.0,0.0,,2026-07-05 08:00:00,system,2026-07-05 08:00:00,system
4480,1034,4321,6,921,B26-P0921-004480,6,9.0,9.0,0.0,27.0,27.0,0.0,,2026-07-05 08:00:00,system,2026-07-05 08:00:00,system
4481,1034,4322,7,1214,B26-P1214-004481,6,14.0,14.0,0.0,42.0,42.0,0.0,,2026-07-05 08:00:00,system,2026-07-05 08:00:00,system
4482,1034,4323,8,744,B26-P0744-004482,6,9.0,9.0,0.0,1620.0,1620.0,0.0,,2026-07-05 08:00:00,system,2026-07-05 08:00:00,system
4483,1035,4313,1,493,B26-P0493-004483,6,9.0,9.0,0.0,10.8,10.8,0.0,,2026-07-09 08:00:00,system,2026-07-09 08:00:00,system
4484,1035,4314,2,729,B26-P0729-004484,6,2.0,2.0,0.0,110.0,110.0,0.0,,2026-07-09 08:00:00,system,2026-07-09 08:00:00,system
4485,1035,4315,3,1263,B26-P1263-004485,6,1.0,1.0,0.0,20.0,20.0,0.0,,2026-07-09 08:00:00,system,2026-07-09 08:00:00,system
4486,1035,4316,4,1488,B26-P1488-004486,1,2.0,2.0,0.0,2000.0,2000.0,0.0,,2026-07-09 08:00:00,system,2026-07-09 08:00:00,system
4487,1035,4317,5,644,B26-P0644-004487,1,4.0,4.0,0.0,8000.0,8000.0,0.0,,2026-07-09 08:00:00,system,2026-07-09 08:00:00,system
4488,1035,4318,6,563,B26-P0563-004488,1,3.0,3.0,0.0,6000.0,6000.0,0.0,,2026-07-09 08:00:00,system,2026-07-09 08:00:00,system
4489,1035,4320,7,1059,B26-P1059-004489,6,66.0,66.0,0.0,330.0,330.0,0.0,,2026-07-09 08:00:00,system,2026-07-09 08:00:00,system
4490,1035,4321,8,921,B26-P0921-004490,6,1.0,1.0,0.0,3.0,3.0,0.0,,2026-07-09 08:00:00,system,2026-07-09 08:00:00,system
4491,1035,4322,9,1214,B26-P1214-004491,6,14.0,14.0,0.0,42.0,42.0,0.0,,2026-07-09 08:00:00,system,2026-07-09 08:00:00,system
4492,1035,4323,10,744,B26-P0744-004492,6,3.0,3.0,0.0,540.0,540.0,0.0,,2026-07-09 08:00:00,system,2026-07-09 08:00:00,system
4493,1035,4324,11,6,B26-P0006-004493,6,15.0,15.0,0.0,300.0,300.0,0.0,,2026-07-09 08:00:00,system,2026-07-09 08:00:00,system
4494,1036,4314,1,729,B26-P0729-004494,6,10.0,10.0,0.0,550.0,550.0,0.0,,2026-07-11 08:00:00,system,2026-07-11 08:00:00,system
4495,1036,4316,2,1488,B26-P1488-004495,1,1.0,1.0,0.0,1000.0,1000.0,0.0,,2026-07-11 08:00:00,system,2026-07-11 08:00:00,system
4496,1036,4319,3,158,B26-P0158-004496,6,3.0,3.0,0.0,630.0,630.0,0.0,,2026-07-11 08:00:00,system,2026-07-11 08:00:00,system
4497,1036,4320,4,1059,B26-P1059-004497,6,16.0,16.0,0.0,80.0,80.0,0.0,,2026-07-11 08:00:00,system,2026-07-11 08:00:00,system
4498,1036,4321,5,921,B26-P0921-004498,6,4.0,4.0,0.0,12.0,12.0,0.0,,2026-07-11 08:00:00,system,2026-07-11 08:00:00,system
4499,1036,4322,6,1214,B26-P1214-004499,6,4.0,4.0,0.0,12.0,12.0,0.0,,2026-07-11 08:00:00,system,2026-07-11 08:00:00,system
4500,1036,4324,7,6,B26-P0006-004500,6,1.0,0.0,1.0,20.0,0.0,20.0,,2026-07-11 08:00:00,system,2026-07-11 08:00:00,system
4501,1037,4325,1,769,B26-P0769-004501,6,2.0,2.0,0.0,420.0,420.0,0.0,,2026-02-17 08:00:00,system,2026-02-17 08:00:00,system
4502,1037,4326,2,414,B26-P0414-004502,6,7.0,7.0,0.0,210.0,210.0,0.0,,2026-02-17 08:00:00,system,2026-02-17 08:00:00,system
4503,1037,4327,3,794,B26-P0794-004503,6,1.0,1.0,0.0,50.0,50.0,0.0,,2026-02-17 08:00:00,system,2026-02-17 08:00:00,system
4504,1038,4328,1,343,B26-P0343-004504,6,21.0,21.0,0.0,630.0,630.0,0.0,,2026-03-01 08:00:00,system,2026-03-01 08:00:00,system
4505,1038,4330,2,553,B26-P0553-004505,6,19.0,19.0,0.0,285.0,285.0,0.0,,2026-03-01 08:00:00,system,2026-03-01 08:00:00,system
4506,1039,4328,1,343,B26-P0343-004506,6,11.0,11.0,0.0,330.0,330.0,0.0,,2026-03-05 08:00:00,system,2026-03-05 08:00:00,system
4507,1039,4329,2,506,B26-P0506-004507,1,3.0,3.0,0.0,6000.0,6000.0,0.0,,2026-03-05 08:00:00,system,2026-03-05 08:00:00,system
4508,1039,4330,3,553,B26-P0553-004508,6,21.0,21.0,0.0,315.0,315.0,0.0,,2026-03-05 08:00:00,system,2026-03-05 08:00:00,system
4509,1040,4334,1,450,B26-P0450-004509,6,35.0,35.0,0.0,700.0,700.0,0.0,,2026-02-25 08:00:00,system,2026-02-25 08:00:00,system
4510,1040,4335,2,154,B26-P0154-004510,6,30.0,30.0,0.0,900.0,900.0,0.0,,2026-02-25 08:00:00,system,2026-02-25 08:00:00,system
4511,1040,4336,3,34,B26-P0034-004511,6,14.0,14.0,0.0,140.0,140.0,0.0,,2026-02-25 08:00:00,system,2026-02-25 08:00:00,system
4512,1040,4337,4,861,B26-P0861-004512,1,4.0,4.0,0.0,2000.0,2000.0,0.0,,2026-02-25 08:00:00,system,2026-02-25 08:00:00,system
4513,1040,4338,5,200,B26-P0200-004513,6,8.0,8.0,0.0,1440.0,1440.0,0.0,,2026-02-25 08:00:00,system,2026-02-25 08:00:00,system
4514,1040,4339,6,319,B26-P0319-004514,6,70.0,70.0,0.0,56.0,56.0,0.0,,2026-02-25 08:00:00,system,2026-02-25 08:00:00,system
4515,1040,4340,7,1460,B26-P1460-004515,6,6.0,6.0,0.0,300.0,300.0,0.0,,2026-02-25 08:00:00,system,2026-02-25 08:00:00,system
4516,1040,4341,8,1121,B26-P1121-004516,6,8.0,8.0,0.0,80.0,80.0,0.0,,2026-02-25 08:00:00,system,2026-02-25 08:00:00,system
4517,1040,4342,9,377,B26-P0377-004517,6,4.0,4.0,0.0,200.0,200.0,0.0,,2026-02-25 08:00:00,system,2026-02-25 08:00:00,system
4518,1041,4343,1,1143,B26-P1143-004518,6,30.0,29.0,1.0,150.0,145.0,5.0,,2026-01-25 08:00:00,system,2026-01-25 08:00:00,system
4519,1041,4344,2,1003,B26-P1003-004519,6,11.0,11.0,0.0,22.0,22.0,0.0,,2026-01-25 08:00:00,system,2026-01-25 08:00:00,system
4520,1041,4345,3,422,B26-P0422-004520,6,16.0,16.0,0.0,19.2,19.2,0.0,,2026-01-25 08:00:00,system,2026-01-25 08:00:00,system
4521,1041,4346,4,1383,B26-P1383-004521,6,30.0,30.0,0.0,600.0,600.0,0.0,,2026-01-25 08:00:00,system,2026-01-25 08:00:00,system
4522,1041,4347,5,1302,B26-P1302-004522,6,14.0,14.0,0.0,280.0,280.0,0.0,,2026-01-25 08:00:00,system,2026-01-25 08:00:00,system
4523,1041,4348,6,366,B26-P0366-004523,1,3.0,3.0,0.0,3000.0,3000.0,0.0,,2026-01-25 08:00:00,system,2026-01-25 08:00:00,system
4524,1041,4349,7,31,B26-P0031-004524,6,15.0,15.0,0.0,18.0,18.0,0.0,,2026-01-25 08:00:00,system,2026-01-25 08:00:00,system
4525,1042,4343,1,1143,B26-P1143-004525,6,18.0,18.0,0.0,90.0,90.0,0.0,,2026-01-29 08:00:00,system,2026-01-29 08:00:00,system
4526,1042,4344,2,1003,B26-P1003-004526,6,31.0,31.0,0.0,62.0,62.0,0.0,,2026-01-29 08:00:00,system,2026-01-29 08:00:00,system
4527,1042,4345,3,422,B26-P0422-004527,6,6.0,6.0,0.0,7.2,7.2,0.0,,2026-01-29 08:00:00,system,2026-01-29 08:00:00,system
4528,1042,4346,4,1383,B26-P1383-004528,6,5.0,5.0,0.0,100.0,100.0,0.0,,2026-01-29 08:00:00,system,2026-01-29 08:00:00,system
4529,1042,4348,5,366,B26-P0366-004529,1,1.0,1.0,0.0,1000.0,1000.0,0.0,,2026-01-29 08:00:00,system,2026-01-29 08:00:00,system
4530,1042,4349,6,31,B26-P0031-004530,6,7.0,6.0,1.0,8.4,7.2,1.2,,2026-01-29 08:00:00,system,2026-01-29 08:00:00,system
4531,1043,4350,1,620,B26-P0620-004531,1,2.0,2.0,0.0,4000.0,4000.0,0.0,,2026-07-10 08:00:00,system,2026-07-10 08:00:00,system
4532,1043,4351,2,478,B26-P0478-004532,6,40.0,40.0,0.0,48.0,48.0,0.0,,2026-07-10 08:00:00,system,2026-07-10 08:00:00,system
4533,1043,4352,3,304,B26-P0304-004533,6,60.0,60.0,0.0,48.0,48.0,0.0,,2026-07-10 08:00:00,system,2026-07-10 08:00:00,system
4534,1044,4368,1,1347,B26-P1347-004534,6,2.0,2.0,0.0,110.0,110.0,0.0,,2026-02-25 08:00:00,system,2026-02-25 08:00:00,system
4535,1044,4369,2,56,B26-P0056-004535,6,4.0,4.0,0.0,720.0,720.0,0.0,,2026-02-25 08:00:00,system,2026-02-25 08:00:00,system
4536,1044,4370,3,1411,B26-P1411-004536,6,24.0,24.0,0.0,480.0,480.0,0.0,,2026-02-25 08:00:00,system,2026-02-25 08:00:00,system
4537,1044,4371,4,1286,B26-P1286-004537,6,36.0,36.0,0.0,180.0,180.0,0.0,,2026-02-25 08:00:00,system,2026-02-25 08:00:00,system
4538,1044,4372,5,533,B26-P0533-004538,1,8.0,7.0,1.0,8000.0,7000.0,1000.0,,2026-02-25 08:00:00,system,2026-02-25 08:00:00,system
4539,1045,4373,1,440,B26-P0440-004539,6,8.0,8.0,0.0,1440.0,1440.0,0.0,,2026-04-05 08:00:00,system,2026-04-05 08:00:00,system
4540,1045,4374,2,955,B26-P0955-004540,6,3.0,3.0,0.0,630.0,630.0,0.0,,2026-04-05 08:00:00,system,2026-04-05 08:00:00,system
4541,1045,4375,3,1489,B26-P1489-004541,1,1.0,1.0,0.0,2000.0,2000.0,0.0,,2026-04-05 08:00:00,system,2026-04-05 08:00:00,system
4542,1046,4376,1,313,B26-P0313-004542,6,28.0,28.0,0.0,840.0,840.0,0.0,,2026-02-07 08:00:00,system,2026-02-07 08:00:00,system
4543,1046,4377,2,8,B26-P0008-004543,6,12.0,12.0,0.0,360.0,360.0,0.0,,2026-02-07 08:00:00,system,2026-02-07 08:00:00,system
4544,1046,4378,3,1286,B26-P1286-004544,6,22.0,22.0,0.0,110.0,110.0,0.0,,2026-02-07 08:00:00,system,2026-02-07 08:00:00,system
4545,1047,4380,1,127,B26-P0127-004545,6,43.0,43.0,0.0,34.4,34.4,0.0,,2026-06-19 08:00:00,system,2026-06-19 08:00:00,system
4546,1047,4381,2,916,B26-P0916-004546,6,1.0,1.0,0.0,180.0,180.0,0.0,,2026-06-19 08:00:00,system,2026-06-19 08:00:00,system
4547,1047,4382,3,843,B26-P0843-004547,6,1.0,1.0,0.0,55.0,55.0,0.0,,2026-06-19 08:00:00,system,2026-06-19 08:00:00,system
4548,1047,4383,4,54,B26-P0054-004548,6,1.0,0.0,1.0,50.0,0.0,50.0,,2026-06-19 08:00:00,system,2026-06-19 08:00:00,system
4549,1047,4384,5,1128,B26-P1128-004549,6,23.0,23.0,0.0,46.0,46.0,0.0,,2026-06-19 08:00:00,system,2026-06-19 08:00:00,system
4550,1047,4385,6,275,B26-P0275-004550,6,3.0,3.0,0.0,15.0,15.0,0.0,,2026-06-19 08:00:00,system,2026-06-19 08:00:00,system
4551,1048,4379,1,232,B26-P0232-004551,1,6.0,5.0,1.0,6000.0,5000.0,1000.0,,2026-06-20 08:00:00,system,2026-06-20 08:00:00,system
4552,1048,4380,2,127,B26-P0127-004552,6,17.0,17.0,0.0,13.6,13.6,0.0,,2026-06-20 08:00:00,system,2026-06-20 08:00:00,system
4553,1048,4381,3,916,B26-P0916-004553,6,3.0,3.0,0.0,540.0,540.0,0.0,,2026-06-20 08:00:00,system,2026-06-20 08:00:00,system
4554,1048,4382,4,843,B26-P0843-004554,6,1.0,1.0,0.0,55.0,55.0,0.0,,2026-06-20 08:00:00,system,2026-06-20 08:00:00,system
4555,1048,4383,5,54,B26-P0054-004555,6,3.0,3.0,0.0,150.0,150.0,0.0,,2026-06-20 08:00:00,system,2026-06-20 08:00:00,system
4556,1048,4384,6,1128,B26-P1128-004556,6,21.0,21.0,0.0,42.0,42.0,0.0,,2026-06-20 08:00:00,system,2026-06-20 08:00:00,system
4557,1048,4385,7,275,B26-P0275-004557,6,18.0,18.0,0.0,90.0,90.0,0.0,,2026-06-20 08:00:00,system,2026-06-20 08:00:00,system
4558,1049,4386,1,1268,B26-P1268-004558,6,35.0,35.0,0.0,105.0,105.0,0.0,,2026-01-23 08:00:00,system,2026-01-23 08:00:00,system
4559,1049,4387,2,261,B26-P0261-004559,6,5.0,5.0,0.0,50.0,50.0,0.0,,2026-01-23 08:00:00,system,2026-01-23 08:00:00,system
4560,1049,4388,3,300,B26-P0300-004560,1,6.0,6.0,0.0,6000.0,6000.0,0.0,,2026-01-23 08:00:00,system,2026-01-23 08:00:00,system
4561,1049,4389,4,448,B26-P0448-004561,6,7.0,7.0,0.0,70.0,70.0,0.0,,2026-01-23 08:00:00,system,2026-01-23 08:00:00,system
4562,1049,4390,5,191,B26-P0191-004562,6,62.0,62.0,0.0,62.0,62.0,0.0,,2026-01-23 08:00:00,system,2026-01-23 08:00:00,system
4563,1050,4386,1,1268,B26-P1268-004563,6,35.0,35.0,0.0,105.0,105.0,0.0,,2026-01-27 08:00:00,system,2026-01-27 08:00:00,system
4564,1050,4387,2,261,B26-P0261-004564,6,27.0,27.0,0.0,270.0,270.0,0.0,,2026-01-27 08:00:00,system,2026-01-27 08:00:00,system
4565,1050,4388,3,300,B26-P0300-004565,1,2.0,2.0,0.0,2000.0,2000.0,0.0,,2026-01-27 08:00:00,system,2026-01-27 08:00:00,system
4566,1050,4389,4,448,B26-P0448-004566,6,28.0,28.0,0.0,280.0,280.0,0.0,,2026-01-27 08:00:00,system,2026-01-27 08:00:00,system
4567,1050,4390,5,191,B26-P0191-004567,6,13.0,13.0,0.0,13.0,13.0,0.0,,2026-01-27 08:00:00,system,2026-01-27 08:00:00,system
4568,1051,4399,1,180,B26-P0180-004568,6,8.0,8.0,0.0,80.0,80.0,0.0,,2026-02-02 08:00:00,system,2026-02-02 08:00:00,system
4569,1051,4400,2,1205,B26-P1205-004569,6,45.0,45.0,0.0,45.0,45.0,0.0,,2026-02-02 08:00:00,system,2026-02-02 08:00:00,system
4570,1051,4401,3,1080,B26-P1080-004570,6,3.0,3.0,0.0,54.0,54.0,0.0,,2026-02-02 08:00:00,system,2026-02-02 08:00:00,system
4571,1052,4407,1,548,B26-P0548-004571,1,1.0,1.0,0.0,1000.0,1000.0,0.0,,2026-04-08 08:00:00,system,2026-04-08 08:00:00,system
4572,1052,4408,2,180,B26-P0180-004572,6,19.0,19.0,0.0,190.0,190.0,0.0,,2026-04-08 08:00:00,system,2026-04-08 08:00:00,system
4573,1053,4409,1,662,B26-P0662-004573,6,21.0,20.0,1.0,315.0,300.0,15.0,,2026-03-28 08:00:00,system,2026-03-28 08:00:00,system
4574,1053,4410,2,229,B26-P0229-004574,6,6.0,6.0,0.0,330.0,330.0,0.0,,2026-03-28 08:00:00,system,2026-03-28 08:00:00,system
4575,1053,4411,3,1473,B26-P1473-004575,6,35.0,35.0,0.0,1050.0,1050.0,0.0,,2026-03-28 08:00:00,system,2026-03-28 08:00:00,system
4576,1054,4415,1,977,B26-P0977-004576,6,12.0,12.0,0.0,120.0,120.0,0.0,,2026-05-08 08:00:00,system,2026-05-08 08:00:00,system
4577,1054,4416,2,742,B26-P0742-004577,6,2.0,2.0,0.0,100.0,100.0,0.0,,2026-05-08 08:00:00,system,2026-05-08 08:00:00,system
4578,1054,4417,3,1130,B26-P1130-004578,6,20.0,19.0,1.0,200.0,190.0,10.0,,2026-05-08 08:00:00,system,2026-05-08 08:00:00,system
4579,1054,4418,4,1484,B26-P1484-004579,6,4.0,3.0,1.0,220.0,165.0,55.0,,2026-05-08 08:00:00,system,2026-05-08 08:00:00,system
4580,1054,4419,5,15,B26-P0015-004580,6,75.0,75.0,0.0,75.0,75.0,0.0,,2026-05-08 08:00:00,system,2026-05-08 08:00:00,system
4581,1054,4420,6,429,B26-P0429-004581,6,16.0,16.0,0.0,480.0,480.0,0.0,,2026-05-08 08:00:00,system,2026-05-08 08:00:00,system
4582,1054,4421,7,1415,B26-P1415-004582,6,10.0,10.0,0.0,550.0,550.0,0.0,,2026-05-08 08:00:00,system,2026-05-08 08:00:00,system
4583,1054,4422,8,638,B26-P0638-004583,6,8.0,7.0,1.0,400.0,350.0,50.0,,2026-05-08 08:00:00,system,2026-05-08 08:00:00,system
4584,1054,4423,9,1148,B26-P1148-004584,1,2.0,2.0,0.0,2000.0,2000.0,0.0,,2026-05-08 08:00:00,system,2026-05-08 08:00:00,system
4585,1055,4424,1,1078,B26-P1078-004585,6,60.0,60.0,0.0,300.0,300.0,0.0,,2026-05-20 08:00:00,system,2026-05-20 08:00:00,system
4586,1055,4425,2,638,B26-P0638-004586,6,12.0,11.0,1.0,600.0,550.0,50.0,,2026-05-20 08:00:00,system,2026-05-20 08:00:00,system
4587,1056,4427,1,858,B26-P0858-004587,6,6.0,6.0,0.0,330.0,330.0,0.0,,2026-04-27 08:00:00,system,2026-04-27 08:00:00,system
4588,1056,4428,2,639,B26-P0639-004588,6,1.0,1.0,0.0,55.0,55.0,0.0,,2026-04-27 08:00:00,system,2026-04-27 08:00:00,system
4589,1056,4429,3,276,B26-P0276-004589,6,12.0,12.0,0.0,120.0,120.0,0.0,,2026-04-27 08:00:00,system,2026-04-27 08:00:00,system
4590,1056,4430,4,124,B26-P0124-004590,6,1.0,1.0,0.0,180.0,180.0,0.0,,2026-04-27 08:00:00,system,2026-04-27 08:00:00,system
4591,1056,4431,5,1466,B26-P1466-004591,1,6.0,6.0,0.0,12000.0,12000.0,0.0,,2026-04-27 08:00:00,system,2026-04-27 08:00:00,system
4592,1056,4432,6,287,B26-P0287-004592,6,18.0,18.0,0.0,18.0,18.0,0.0,,2026-04-27 08:00:00,system,2026-04-27 08:00:00,system
4593,1056,4433,7,865,B26-P0865-004593,6,24.0,24.0,0.0,120.0,120.0,0.0,,2026-04-27 08:00:00,system,2026-04-27 08:00:00,system
4594,1057,4426,1,1070,B26-P1070-004594,6,4.0,4.0,0.0,40.0,40.0,0.0,,2026-04-30 08:00:00,system,2026-04-30 08:00:00,system
4595,1057,4427,2,858,B26-P0858-004595,6,4.0,4.0,0.0,220.0,220.0,0.0,,2026-04-30 08:00:00,system,2026-04-30 08:00:00,system
4596,1057,4428,3,639,B26-P0639-004596,6,3.0,3.0,0.0,165.0,165.0,0.0,,2026-04-30 08:00:00,system,2026-04-30 08:00:00,system
4597,1057,4429,4,276,B26-P0276-004597,6,2.0,2.0,0.0,20.0,20.0,0.0,,2026-04-30 08:00:00,system,2026-04-30 08:00:00,system
4598,1057,4430,5,124,B26-P0124-004598,6,1.0,1.0,0.0,180.0,180.0,0.0,,2026-04-30 08:00:00,system,2026-04-30 08:00:00,system
4599,1057,4432,6,287,B26-P0287-004599,6,18.0,18.0,0.0,18.0,18.0,0.0,,2026-04-30 08:00:00,system,2026-04-30 08:00:00,system
4600,1057,4433,7,865,B26-P0865-004600,6,1.0,1.0,0.0,5.0,5.0,0.0,,2026-04-30 08:00:00,system,2026-04-30 08:00:00,system
4601,1058,4434,1,1330,B26-P1330-004601,6,6.0,6.0,0.0,1080.0,1080.0,0.0,,2026-02-13 08:00:00,system,2026-02-13 08:00:00,system
4602,1058,4435,2,624,B26-P0624-004602,6,1.0,1.0,0.0,15.0,15.0,0.0,,2026-02-13 08:00:00,system,2026-02-13 08:00:00,system
4603,1058,4436,3,349,B26-P0349-004603,6,9.0,9.0,0.0,7.2,7.2,0.0,,2026-02-13 08:00:00,system,2026-02-13 08:00:00,system
4604,1058,4437,4,1231,B26-P1231-004604,6,6.0,6.0,0.0,60.0,60.0,0.0,,2026-02-13 08:00:00,system,2026-02-13 08:00:00,system
4605,1059,4438,1,711,B26-P0711-004605,6,40.0,40.0,0.0,800.0,800.0,0.0,,2026-03-23 08:00:00,system,2026-03-23 08:00:00,system
4606,1059,4439,2,1448,B26-P1448-004606,6,14.0,14.0,0.0,280.0,280.0,0.0,,2026-03-23 08:00:00,system,2026-03-23 08:00:00,system
4607,1059,4440,3,884,B26-P0884-004607,6,16.0,16.0,0.0,480.0,480.0,0.0,,2026-03-23 08:00:00,system,2026-03-23 08:00:00,system
4608,1059,4441,4,1453,B26-P1453-004608,6,13.0,13.0,0.0,39.0,39.0,0.0,,2026-03-23 08:00:00,system,2026-03-23 08:00:00,system
4609,1059,4442,5,664,B26-P0664-004609,6,24.0,24.0,0.0,600.0,600.0,0.0,,2026-03-23 08:00:00,system,2026-03-23 08:00:00,system
4610,1059,4443,6,1396,B26-P1396-004610,6,35.0,35.0,0.0,525.0,525.0,0.0,,2026-03-23 08:00:00,system,2026-03-23 08:00:00,system
4611,1059,4444,7,1241,B26-P1241-004611,6,4.0,4.0,0.0,220.0,220.0,0.0,,2026-03-23 08:00:00,system,2026-03-23 08:00:00,system
4612,1059,4445,8,1438,B26-P1438-004612,6,6.0,6.0,0.0,330.0,330.0,0.0,,2026-03-23 08:00:00,system,2026-03-23 08:00:00,system
4613,1059,4446,9,702,B26-P0702-004613,6,12.0,12.0,0.0,300.0,300.0,0.0,,2026-03-23 08:00:00,system,2026-03-23 08:00:00,system
4614,1060,4448,1,1263,B26-P1263-004614,6,12.0,12.0,0.0,240.0,240.0,0.0,,2026-06-23 08:00:00,system,2026-06-23 08:00:00,system
4615,1060,4449,2,1211,B26-P1211-004615,6,2.0,2.0,0.0,420.0,420.0,0.0,,2026-06-23 08:00:00,system,2026-06-23 08:00:00,system
4616,1060,4450,3,616,B26-P0616-004616,6,1.0,1.0,0.0,180.0,180.0,0.0,,2026-06-23 08:00:00,system,2026-06-23 08:00:00,system
4617,1061,4447,1,606,B26-P0606-004617,1,7.0,7.0,0.0,14000.0,14000.0,0.0,,2026-06-28 08:00:00,system,2026-06-28 08:00:00,system
4618,1061,4448,2,1263,B26-P1263-004618,6,4.0,3.0,1.0,80.0,60.0,20.0,,2026-06-28 08:00:00,system,2026-06-28 08:00:00,system
4619,1061,4450,3,616,B26-P0616-004619,6,2.0,2.0,0.0,360.0,360.0,0.0,,2026-06-28 08:00:00,system,2026-06-28 08:00:00,system
4620,1062,4451,1,490,B26-P0490-004620,1,1.0,1.0,0.0,1000.0,1000.0,0.0,,2026-05-11 08:00:00,system,2026-05-11 08:00:00,system
4621,1062,4452,2,408,B26-P0408-004621,6,1.0,1.0,0.0,3.0,3.0,0.0,,2026-05-11 08:00:00,system,2026-05-11 08:00:00,system
4622,1062,4453,3,1313,B26-P1313-004622,6,2.0,2.0,0.0,420.0,420.0,0.0,,2026-05-11 08:00:00,system,2026-05-11 08:00:00,system
4623,1062,4454,4,896,B26-P0896-004623,6,4.0,4.0,0.0,60.0,60.0,0.0,,2026-05-11 08:00:00,system,2026-05-11 08:00:00,system
4624,1063,4455,1,1484,B26-P1484-004624,6,6.0,6.0,0.0,330.0,330.0,0.0,,2026-06-21 08:00:00,system,2026-06-21 08:00:00,system
4625,1064,4456,1,708,B26-P0708-004625,1,2.0,2.0,0.0,1000.0,1000.0,0.0,,2026-01-17 08:00:00,system,2026-01-17 08:00:00,system
4626,1064,4457,2,1485,B26-P1485-004626,6,4.0,4.0,0.0,720.0,720.0,0.0,,2026-01-17 08:00:00,system,2026-01-17 08:00:00,system
4627,1064,4458,3,706,B26-P0706-004627,6,2.0,2.0,0.0,360.0,360.0,0.0,,2026-01-17 08:00:00,system,2026-01-17 08:00:00,system
4628,1064,4459,4,833,B26-P0833-004628,1,8.0,8.0,0.0,8000.0,8000.0,0.0,,2026-01-17 08:00:00,system,2026-01-17 08:00:00,system
4629,1064,4460,5,1150,B26-P1150-004629,6,31.0,31.0,0.0,93.0,93.0,0.0,,2026-01-17 08:00:00,system,2026-01-17 08:00:00,system
4630,1065,4457,1,1485,B26-P1485-004630,6,11.0,11.0,0.0,1980.0,1980.0,0.0,,2026-01-22 08:00:00,system,2026-01-22 08:00:00,system
4631,1065,4460,2,1150,B26-P1150-004631,6,34.0,34.0,0.0,102.0,102.0,0.0,,2026-01-22 08:00:00,system,2026-01-22 08:00:00,system
4632,1066,4461,1,704,B26-P0704-004632,6,10.0,10.0,0.0,500.0,500.0,0.0,,2026-04-03 08:00:00,system,2026-04-03 08:00:00,system
4633,1067,4472,1,1363,B26-P1363-004633,6,1.0,1.0,0.0,5.0,5.0,0.0,,2026-02-24 08:00:00,system,2026-02-24 08:00:00,system
4634,1067,4474,2,759,B26-P0759-004634,6,11.0,11.0,0.0,33.0,33.0,0.0,,2026-02-24 08:00:00,system,2026-02-24 08:00:00,system
4635,1067,4475,3,1383,B26-P1383-004635,6,5.0,5.0,0.0,100.0,100.0,0.0,,2026-02-24 08:00:00,system,2026-02-24 08:00:00,system
4636,1067,4476,4,561,B26-P0561-004636,1,1.0,1.0,0.0,500.0,500.0,0.0,,2026-02-24 08:00:00,system,2026-02-24 08:00:00,system
4637,1067,4480,5,1470,B26-P1470-004637,6,6.0,6.0,0.0,90.0,90.0,0.0,,2026-02-24 08:00:00,system,2026-02-24 08:00:00,system
4638,1067,4482,6,1450,B26-P1450-004638,6,6.0,6.0,0.0,180.0,180.0,0.0,,2026-02-24 08:00:00,system,2026-02-24 08:00:00,system
4639,1067,4484,7,896,B26-P0896-004639,6,2.0,2.0,0.0,30.0,30.0,0.0,,2026-02-24 08:00:00,system,2026-02-24 08:00:00,system
4640,1068,4473,1,48,B26-P0048-004640,6,1.0,1.0,0.0,5.0,5.0,0.0,,2026-02-28 08:00:00,system,2026-02-28 08:00:00,system
4641,1068,4474,2,759,B26-P0759-004641,6,3.0,3.0,0.0,9.0,9.0,0.0,,2026-02-28 08:00:00,system,2026-02-28 08:00:00,system
4642,1068,4475,3,1383,B26-P1383-004642,6,2.0,2.0,0.0,40.0,40.0,0.0,,2026-02-28 08:00:00,system,2026-02-28 08:00:00,system
4643,1068,4480,4,1470,B26-P1470-004643,6,9.0,9.0,0.0,135.0,135.0,0.0,,2026-02-28 08:00:00,system,2026-02-28 08:00:00,system
4644,1068,4481,5,1162,B26-P1162-004644,6,1.0,1.0,0.0,55.0,55.0,0.0,,2026-02-28 08:00:00,system,2026-02-28 08:00:00,system
4645,1068,4482,6,1450,B26-P1450-004645,6,15.0,15.0,0.0,450.0,450.0,0.0,,2026-02-28 08:00:00,system,2026-02-28 08:00:00,system
4646,1068,4483,7,1301,B26-P1301-004646,6,26.0,26.0,0.0,130.0,130.0,0.0,,2026-02-28 08:00:00,system,2026-02-28 08:00:00,system
4647,1068,4484,8,896,B26-P0896-004647,6,15.0,15.0,0.0,225.0,225.0,0.0,,2026-02-28 08:00:00,system,2026-02-28 08:00:00,system
4648,1069,4472,1,1363,B26-P1363-004648,6,5.0,5.0,0.0,25.0,25.0,0.0,,2026-03-05 08:00:00,system,2026-03-05 08:00:00,system
4649,1069,4473,2,48,B26-P0048-004649,6,3.0,3.0,0.0,15.0,15.0,0.0,,2026-03-05 08:00:00,system,2026-03-05 08:00:00,system
4650,1069,4474,3,759,B26-P0759-004650,6,5.0,5.0,0.0,15.0,15.0,0.0,,2026-03-05 08:00:00,system,2026-03-05 08:00:00,system
4651,1069,4477,4,923,B26-P0923-004651,6,2.0,2.0,0.0,20.0,20.0,0.0,,2026-03-05 08:00:00,system,2026-03-05 08:00:00,system
4652,1069,4478,5,2,B26-P0002-004652,6,3.0,3.0,0.0,9.0,9.0,0.0,,2026-03-05 08:00:00,system,2026-03-05 08:00:00,system
4653,1069,4480,6,1470,B26-P1470-004653,6,18.0,18.0,0.0,270.0,270.0,0.0,,2026-03-05 08:00:00,system,2026-03-05 08:00:00,system
4654,1069,4481,7,1162,B26-P1162-004654,6,2.0,2.0,0.0,110.0,110.0,0.0,,2026-03-05 08:00:00,system,2026-03-05 08:00:00,system
4655,1069,4482,8,1450,B26-P1450-004655,6,2.0,2.0,0.0,60.0,60.0,0.0,,2026-03-05 08:00:00,system,2026-03-05 08:00:00,system
4656,1069,4483,9,1301,B26-P1301-004656,6,15.0,15.0,0.0,75.0,75.0,0.0,,2026-03-05 08:00:00,system,2026-03-05 08:00:00,system
4657,1069,4484,10,896,B26-P0896-004657,6,1.0,1.0,0.0,15.0,15.0,0.0,,2026-03-05 08:00:00,system,2026-03-05 08:00:00,system
4658,1070,4486,1,1,B26-P0001-004658,6,52.0,52.0,0.0,62.4,62.4,0.0,,2026-04-03 08:00:00,system,2026-04-03 08:00:00,system
4659,1070,4487,2,600,B26-P0600-004659,6,8.0,7.0,1.0,400.0,350.0,50.0,,2026-04-03 08:00:00,system,2026-04-03 08:00:00,system
4660,1070,4488,3,1399,B26-P1399-004660,6,20.0,20.0,0.0,600.0,600.0,0.0,,2026-04-03 08:00:00,system,2026-04-03 08:00:00,system
4661,1070,4489,4,591,B26-P0591-004661,1,3.0,3.0,0.0,3000.0,3000.0,0.0,,2026-04-03 08:00:00,system,2026-04-03 08:00:00,system
4662,1070,4490,5,360,B26-P0360-004662,6,14.0,14.0,0.0,350.0,350.0,0.0,,2026-04-03 08:00:00,system,2026-04-03 08:00:00,system
4663,1070,4491,6,583,B26-P0583-004663,6,14.0,14.0,0.0,350.0,350.0,0.0,,2026-04-03 08:00:00,system,2026-04-03 08:00:00,system
4664,1071,4492,1,844,B26-P0844-004664,6,6.0,6.0,0.0,1080.0,1080.0,0.0,,2026-04-12 08:00:00,system,2026-04-12 08:00:00,system
4665,1071,4493,2,1383,B26-P1383-004665,6,24.0,24.0,0.0,480.0,480.0,0.0,,2026-04-12 08:00:00,system,2026-04-12 08:00:00,system
4666,1071,4494,3,192,B26-P0192-004666,6,52.0,52.0,0.0,62.4,62.4,0.0,,2026-04-12 08:00:00,system,2026-04-12 08:00:00,system
4667,1071,4495,4,466,B26-P0466-004667,6,28.0,28.0,0.0,280.0,280.0,0.0,,2026-04-12 08:00:00,system,2026-04-12 08:00:00,system
4668,1071,4496,5,826,B26-P0826-004668,6,8.0,8.0,0.0,200.0,200.0,0.0,,2026-04-12 08:00:00,system,2026-04-12 08:00:00,system
4669,1071,4497,6,280,B26-P0280-004669,6,28.0,28.0,0.0,840.0,840.0,0.0,,2026-04-12 08:00:00,system,2026-04-12 08:00:00,system
4670,1072,4514,1,417,B26-P0417-004670,6,2.0,2.0,0.0,360.0,360.0,0.0,,2026-03-28 08:00:00,system,2026-03-28 08:00:00,system
4671,1072,4515,2,1313,B26-P1313-004671,6,2.0,1.0,1.0,420.0,210.0,210.0,,2026-03-28 08:00:00,system,2026-03-28 08:00:00,system
4672,1072,4516,3,545,B26-P0545-004672,6,1.0,1.0,0.0,210.0,210.0,0.0,,2026-03-28 08:00:00,system,2026-03-28 08:00:00,system
4673,1072,4517,4,168,B26-P0168-004673,6,20.0,20.0,0.0,500.0,500.0,0.0,,2026-03-28 08:00:00,system,2026-03-28 08:00:00,system
4674,1072,4518,5,567,B26-P0567-004674,6,14.0,14.0,0.0,210.0,210.0,0.0,,2026-03-28 08:00:00,system,2026-03-28 08:00:00,system
4675,1072,4519,6,303,B26-P0303-004675,1,2.0,2.0,0.0,2000.0,2000.0,0.0,,2026-03-28 08:00:00,system,2026-03-28 08:00:00,system
4676,1073,4520,1,168,B26-P0168-004676,6,10.0,10.0,0.0,250.0,250.0,0.0,,2026-04-04 08:00:00,system,2026-04-04 08:00:00,system
4677,1074,4526,1,1150,B26-P1150-004677,6,10.0,10.0,0.0,30.0,30.0,0.0,,2026-06-07 08:00:00,system,2026-06-07 08:00:00,system
4678,1075,4537,1,308,B26-P0308-004678,6,25.0,25.0,0.0,125.0,125.0,0.0,,2026-03-04 08:00:00,system,2026-03-04 08:00:00,system
4679,1075,4538,2,1305,B26-P1305-004679,6,2.0,1.0,1.0,420.0,210.0,210.0,,2026-03-04 08:00:00,system,2026-03-04 08:00:00,system
4680,1075,4539,3,573,B26-P0573-004680,6,2.0,2.0,0.0,360.0,360.0,0.0,,2026-03-04 08:00:00,system,2026-03-04 08:00:00,system
4681,1075,4540,4,981,B26-P0981-004681,6,84.0,84.0,0.0,33.6,33.6,0.0,,2026-03-04 08:00:00,system,2026-03-04 08:00:00,system
4682,1076,4542,1,1411,B26-P1411-004682,6,1.0,1.0,0.0,20.0,20.0,0.0,,2026-02-01 08:00:00,system,2026-02-01 08:00:00,system
4683,1076,4543,2,162,B26-P0162-004683,6,38.0,37.0,1.0,45.6,44.4,1.2,,2026-02-01 08:00:00,system,2026-02-01 08:00:00,system
4684,1076,4544,3,259,B26-P0259-004684,6,18.0,18.0,0.0,54.0,54.0,0.0,,2026-02-01 08:00:00,system,2026-02-01 08:00:00,system
4685,1076,4545,4,676,B26-P0676-004685,6,3.0,3.0,0.0,150.0,150.0,0.0,,2026-02-01 08:00:00,system,2026-02-01 08:00:00,system
4686,1076,4546,5,1293,B26-P1293-004686,6,23.0,23.0,0.0,23.0,23.0,0.0,,2026-02-01 08:00:00,system,2026-02-01 08:00:00,system
4687,1077,4542,1,1411,B26-P1411-004687,6,11.0,11.0,0.0,220.0,220.0,0.0,,2026-02-03 08:00:00,system,2026-02-03 08:00:00,system
4688,1077,4543,2,162,B26-P0162-004688,6,18.0,18.0,0.0,21.6,21.6,0.0,,2026-02-03 08:00:00,system,2026-02-03 08:00:00,system
4689,1077,4544,3,259,B26-P0259-004689,6,30.0,30.0,0.0,90.0,90.0,0.0,,2026-02-03 08:00:00,system,2026-02-03 08:00:00,system
4690,1077,4545,4,676,B26-P0676-004690,6,5.0,5.0,0.0,250.0,250.0,0.0,,2026-02-03 08:00:00,system,2026-02-03 08:00:00,system
4691,1077,4546,5,1293,B26-P1293-004691,6,5.0,5.0,0.0,5.0,5.0,0.0,,2026-02-03 08:00:00,system,2026-02-03 08:00:00,system
4692,1078,4547,1,659,B26-P0659-004692,6,16.0,16.0,0.0,48.0,48.0,0.0,,2026-04-11 08:00:00,system,2026-04-11 08:00:00,system
4693,1078,4548,2,1047,B26-P1047-004693,6,8.0,8.0,0.0,4.0,4.0,0.0,,2026-04-11 08:00:00,system,2026-04-11 08:00:00,system
4694,1078,4549,3,233,B26-P0233-004694,6,33.0,33.0,0.0,26.4,26.4,0.0,,2026-04-11 08:00:00,system,2026-04-11 08:00:00,system
4695,1078,4550,4,528,B26-P0528-004695,6,4.0,4.0,0.0,200.0,200.0,0.0,,2026-04-11 08:00:00,system,2026-04-11 08:00:00,system
4696,1078,4551,5,315,B26-P0315-004696,6,5.0,5.0,0.0,275.0,275.0,0.0,,2026-04-11 08:00:00,system,2026-04-11 08:00:00,system
4697,1078,4552,6,1171,B26-P1171-004697,6,32.0,31.0,1.0,160.0,155.0,5.0,,2026-04-11 08:00:00,system,2026-04-11 08:00:00,system
4698,1078,4554,7,487,B26-P0487-004698,6,6.0,6.0,0.0,330.0,330.0,0.0,,2026-04-11 08:00:00,system,2026-04-11 08:00:00,system
4699,1079,4547,1,659,B26-P0659-004699,6,24.0,24.0,0.0,72.0,72.0,0.0,,2026-04-12 08:00:00,system,2026-04-12 08:00:00,system
4700,1079,4548,2,1047,B26-P1047-004700,6,4.0,4.0,0.0,2.0,2.0,0.0,,2026-04-12 08:00:00,system,2026-04-12 08:00:00,system
4701,1079,4549,3,233,B26-P0233-004701,6,6.0,5.0,1.0,4.8,4.0,0.8,,2026-04-12 08:00:00,system,2026-04-12 08:00:00,system
4702,1079,4551,4,315,B26-P0315-004702,6,5.0,5.0,0.0,275.0,275.0,0.0,,2026-04-12 08:00:00,system,2026-04-12 08:00:00,system
4703,1079,4552,5,1171,B26-P1171-004703,6,33.0,33.0,0.0,165.0,165.0,0.0,,2026-04-12 08:00:00,system,2026-04-12 08:00:00,system
4704,1079,4553,6,1015,B26-P1015-004704,6,3.0,3.0,0.0,54.0,54.0,0.0,,2026-04-12 08:00:00,system,2026-04-12 08:00:00,system
4705,1079,4554,7,487,B26-P0487-004705,6,2.0,2.0,0.0,110.0,110.0,0.0,,2026-04-12 08:00:00,system,2026-04-12 08:00:00,system
4706,1080,4555,1,668,B26-P0668-004706,6,8.0,8.0,0.0,1440.0,1440.0,0.0,,2026-05-21 08:00:00,system,2026-05-21 08:00:00,system
4707,1080,4556,2,1240,B26-P1240-004707,6,24.0,24.0,0.0,480.0,480.0,0.0,,2026-05-21 08:00:00,system,2026-05-21 08:00:00,system
4708,1080,4557,3,95,B26-P0095-004708,6,2.0,2.0,0.0,420.0,420.0,0.0,,2026-05-21 08:00:00,system,2026-05-21 08:00:00,system
4709,1081,4559,1,979,B26-P0979-004709,6,4.0,4.0,0.0,200.0,200.0,0.0,,2026-07-09 08:00:00,system,2026-07-09 08:00:00,system
4710,1081,4560,2,1163,B26-P1163-004710,6,2.0,2.0,0.0,420.0,420.0,0.0,,2026-07-09 08:00:00,system,2026-07-09 08:00:00,system
4711,1081,4561,3,513,B26-P0513-004711,6,3.0,3.0,0.0,90.0,90.0,0.0,,2026-07-09 08:00:00,system,2026-07-09 08:00:00,system
4712,1081,4562,4,269,B26-P0269-004712,6,1.0,1.0,0.0,210.0,210.0,0.0,,2026-07-09 08:00:00,system,2026-07-09 08:00:00,system
4713,1081,4563,5,870,B26-P0870-004713,6,3.0,3.0,0.0,90.0,90.0,0.0,,2026-07-09 08:00:00,system,2026-07-09 08:00:00,system
4714,1081,4564,6,396,B26-P0396-004714,6,2.0,2.0,0.0,30.0,30.0,0.0,,2026-07-09 08:00:00,system,2026-07-09 08:00:00,system
4715,1081,4565,7,1008,B26-P1008-004715,6,10.0,10.0,0.0,1800.0,1800.0,0.0,,2026-07-09 08:00:00,system,2026-07-09 08:00:00,system
4716,1082,4559,1,979,B26-P0979-004716,6,11.0,11.0,0.0,550.0,550.0,0.0,,2026-07-14 08:00:00,system,2026-07-14 08:00:00,system
4717,1082,4560,2,1163,B26-P1163-004717,6,2.0,2.0,0.0,420.0,420.0,0.0,,2026-07-14 08:00:00,system,2026-07-14 08:00:00,system
4718,1082,4561,3,513,B26-P0513-004718,6,11.0,11.0,0.0,330.0,330.0,0.0,,2026-07-14 08:00:00,system,2026-07-14 08:00:00,system
4719,1082,4562,4,269,B26-P0269-004719,6,2.0,1.0,1.0,420.0,210.0,210.0,,2026-07-14 08:00:00,system,2026-07-14 08:00:00,system
4720,1082,4563,5,870,B26-P0870-004720,6,4.0,4.0,0.0,120.0,120.0,0.0,,2026-07-14 08:00:00,system,2026-07-14 08:00:00,system
4721,1082,4564,6,396,B26-P0396-004721,6,12.0,12.0,0.0,180.0,180.0,0.0,,2026-07-14 08:00:00,system,2026-07-14 08:00:00,system
4722,1083,4566,1,13,B26-P0013-004722,1,1.0,1.0,0.0,1000.0,1000.0,0.0,,2026-05-21 08:00:00,system,2026-05-21 08:00:00,system
4723,1083,4567,2,1041,B26-P1041-004723,6,25.0,25.0,0.0,125.0,125.0,0.0,,2026-05-21 08:00:00,system,2026-05-21 08:00:00,system
4724,1083,4568,3,419,B26-P0419-004724,1,6.0,6.0,0.0,6000.0,6000.0,0.0,,2026-05-21 08:00:00,system,2026-05-21 08:00:00,system
4725,1084,4567,1,1041,B26-P1041-004725,6,17.0,17.0,0.0,85.0,85.0,0.0,,2026-05-24 08:00:00,system,2026-05-24 08:00:00,system
4726,1085,4569,1,216,B26-P0216-004726,6,3.0,3.0,0.0,630.0,630.0,0.0,,2026-01-26 08:00:00,system,2026-01-26 08:00:00,system
4727,1085,4570,2,668,B26-P0668-004727,6,7.0,7.0,0.0,1260.0,1260.0,0.0,,2026-01-26 08:00:00,system,2026-01-26 08:00:00,system
4728,1085,4571,3,509,B26-P0509-004728,6,5.0,5.0,0.0,50.0,50.0,0.0,,2026-01-26 08:00:00,system,2026-01-26 08:00:00,system
4729,1085,4572,4,485,B26-P0485-004729,6,16.0,16.0,0.0,480.0,480.0,0.0,,2026-01-26 08:00:00,system,2026-01-26 08:00:00,system
4730,1086,4573,1,629,B26-P0629-004730,6,10.0,10.0,0.0,550.0,550.0,0.0,,2026-02-22 08:00:00,system,2026-02-22 08:00:00,system
4731,1086,4574,2,903,B26-P0903-004731,6,1.0,0.0,1.0,210.0,0.0,210.0,,2026-02-22 08:00:00,system,2026-02-22 08:00:00,system
4732,1086,4575,3,371,B26-P0371-004732,6,30.0,29.0,1.0,150.0,145.0,5.0,,2026-02-22 08:00:00,system,2026-02-22 08:00:00,system
4733,1087,4576,1,56,B26-P0056-004733,6,2.0,2.0,0.0,360.0,360.0,0.0,,2026-06-06 08:00:00,system,2026-06-06 08:00:00,system
4734,1087,4577,2,989,B26-P0989-004734,6,2.0,2.0,0.0,360.0,360.0,0.0,,2026-06-06 08:00:00,system,2026-06-06 08:00:00,system
4735,1087,4578,3,1341,B26-P1341-004735,6,5.0,5.0,0.0,1050.0,1050.0,0.0,,2026-06-06 08:00:00,system,2026-06-06 08:00:00,system
4736,1087,4579,4,968,B26-P0968-004736,6,2.0,2.0,0.0,360.0,360.0,0.0,,2026-06-06 08:00:00,system,2026-06-06 08:00:00,system
4737,1087,4580,5,1317,B26-P1317-004737,1,4.0,4.0,0.0,8000.0,8000.0,0.0,,2026-06-06 08:00:00,system,2026-06-06 08:00:00,system
4738,1088,4581,1,728,B26-P0728-004738,6,1.0,1.0,0.0,50.0,50.0,0.0,,2026-06-15 08:00:00,system,2026-06-15 08:00:00,system
4739,1088,4583,2,14,B26-P0014-004739,6,8.0,8.0,0.0,6.4,6.4,0.0,,2026-06-15 08:00:00,system,2026-06-15 08:00:00,system
4740,1088,4584,3,582,B26-P0582-004740,6,4.0,4.0,0.0,80.0,80.0,0.0,,2026-06-15 08:00:00,system,2026-06-15 08:00:00,system
4741,1088,4585,4,534,B26-P0534-004741,1,3.0,3.0,0.0,6000.0,6000.0,0.0,,2026-06-15 08:00:00,system,2026-06-15 08:00:00,system
4742,1089,4582,1,756,B26-P0756-004742,1,4.0,3.0,1.0,2000.0,1500.0,500.0,,2026-06-16 08:00:00,system,2026-06-16 08:00:00,system
4743,1089,4583,2,14,B26-P0014-004743,6,3.0,2.0,1.0,2.4,1.6,0.8,,2026-06-16 08:00:00,system,2026-06-16 08:00:00,system
4744,1090,4590,1,865,B26-P0865-004744,6,11.0,11.0,0.0,55.0,55.0,0.0,,2026-06-07 08:00:00,system,2026-06-07 08:00:00,system
4745,1091,4599,1,222,B26-P0222-004745,6,5.0,5.0,0.0,25.0,25.0,0.0,,2026-06-12 08:00:00,system,2026-06-12 08:00:00,system
4746,1091,4601,2,1071,B26-P1071-004746,6,2.0,2.0,0.0,36.0,36.0,0.0,,2026-06-12 08:00:00,system,2026-06-12 08:00:00,system
4747,1091,4602,3,1248,B26-P1248-004747,6,1.0,1.0,0.0,20.0,20.0,0.0,,2026-06-12 08:00:00,system,2026-06-12 08:00:00,system
4748,1092,4599,1,222,B26-P0222-004748,6,9.0,9.0,0.0,45.0,45.0,0.0,,2026-06-15 08:00:00,system,2026-06-15 08:00:00,system
4749,1092,4600,2,1444,B26-P1444-004749,6,6.0,6.0,0.0,18.0,18.0,0.0,,2026-06-15 08:00:00,system,2026-06-15 08:00:00,system
4750,1092,4601,3,1071,B26-P1071-004750,6,7.0,7.0,0.0,126.0,126.0,0.0,,2026-06-15 08:00:00,system,2026-06-15 08:00:00,system
4751,1092,4602,4,1248,B26-P1248-004751,6,5.0,5.0,0.0,100.0,100.0,0.0,,2026-06-15 08:00:00,system,2026-06-15 08:00:00,system
4752,1093,4603,1,333,B26-P0333-004752,1,1.0,1.0,0.0,1000.0,1000.0,0.0,,2026-01-25 08:00:00,system,2026-01-25 08:00:00,system
4753,1094,4604,1,180,B26-P0180-004753,6,2.0,2.0,0.0,20.0,20.0,0.0,,2026-02-20 08:00:00,system,2026-02-20 08:00:00,system
4754,1094,4605,2,959,B26-P0959-004754,6,50.0,50.0,0.0,150.0,150.0,0.0,,2026-02-20 08:00:00,system,2026-02-20 08:00:00,system
4755,1095,4606,1,2,B26-P0002-004755,6,13.0,13.0,0.0,39.0,39.0,0.0,,2026-02-24 08:00:00,system,2026-02-24 08:00:00,system
4756,1096,4611,1,155,B26-P0155-004756,6,1.0,1.0,0.0,50.0,50.0,0.0,,2026-06-01 08:00:00,system,2026-06-01 08:00:00,system
4757,1096,4613,2,951,B26-P0951-004757,6,5.0,5.0,0.0,150.0,150.0,0.0,,2026-06-01 08:00:00,system,2026-06-01 08:00:00,system
4758,1097,4618,1,419,B26-P0419-004758,1,2.0,2.0,0.0,2000.0,2000.0,0.0,,2026-05-31 08:00:00,system,2026-05-31 08:00:00,system
4759,1097,4619,2,1322,B26-P1322-004759,6,2.0,2.0,0.0,360.0,360.0,0.0,,2026-05-31 08:00:00,system,2026-05-31 08:00:00,system
4760,1097,4620,3,1466,B26-P1466-004760,1,2.0,2.0,0.0,4000.0,4000.0,0.0,,2026-05-31 08:00:00,system,2026-05-31 08:00:00,system
4761,1098,4632,1,897,B26-P0897-004761,6,9.0,9.0,0.0,180.0,180.0,0.0,,2026-03-28 08:00:00,system,2026-03-28 08:00:00,system
4762,1099,4633,1,1068,B26-P1068-004762,6,13.0,13.0,0.0,26.0,26.0,0.0,,2026-03-18 08:00:00,system,2026-03-18 08:00:00,system
4763,1099,4634,2,1085,B26-P1085-004763,6,24.0,24.0,0.0,24.0,24.0,0.0,,2026-03-18 08:00:00,system,2026-03-18 08:00:00,system
4764,1099,4635,3,1026,B26-P1026-004764,6,2.0,2.0,0.0,360.0,360.0,0.0,,2026-03-18 08:00:00,system,2026-03-18 08:00:00,system
4765,1100,4636,1,852,B26-P0852-004765,6,12.0,12.0,0.0,120.0,120.0,0.0,,2026-02-17 08:00:00,system,2026-02-17 08:00:00,system
4766,1100,4637,2,162,B26-P0162-004766,6,41.0,41.0,0.0,49.2,49.2,0.0,,2026-02-17 08:00:00,system,2026-02-17 08:00:00,system
4767,1100,4638,3,1009,B26-P1009-004767,6,98.0,98.0,0.0,39.2,39.2,0.0,,2026-02-17 08:00:00,system,2026-02-17 08:00:00,system
4768,1100,4639,4,340,B26-P0340-004768,6,5.0,5.0,0.0,75.0,75.0,0.0,,2026-02-17 08:00:00,system,2026-02-17 08:00:00,system
4769,1100,4640,5,554,B26-P0554-004769,6,12.0,12.0,0.0,240.0,240.0,0.0,,2026-02-17 08:00:00,system,2026-02-17 08:00:00,system
4770,1101,4637,1,162,B26-P0162-004770,6,29.0,29.0,0.0,34.8,34.8,0.0,,2026-02-22 08:00:00,system,2026-02-22 08:00:00,system
4771,1101,4638,2,1009,B26-P1009-004771,6,12.0,12.0,0.0,4.8,4.8,0.0,,2026-02-22 08:00:00,system,2026-02-22 08:00:00,system
4772,1101,4639,3,340,B26-P0340-004772,6,1.0,1.0,0.0,15.0,15.0,0.0,,2026-02-22 08:00:00,system,2026-02-22 08:00:00,system
4773,1101,4640,4,554,B26-P0554-004773,6,18.0,18.0,0.0,360.0,360.0,0.0,,2026-02-22 08:00:00,system,2026-02-22 08:00:00,system
4774,1102,4641,1,1259,B26-P1259-004774,6,19.0,19.0,0.0,19.0,19.0,0.0,,2026-04-22 08:00:00,system,2026-04-22 08:00:00,system
4775,1102,4642,2,835,B26-P0835-004775,6,22.0,21.0,1.0,66.0,63.0,3.0,,2026-04-22 08:00:00,system,2026-04-22 08:00:00,system
4776,1103,4641,1,1259,B26-P1259-004776,6,5.0,5.0,0.0,5.0,5.0,0.0,,2026-04-23 08:00:00,system,2026-04-23 08:00:00,system
4777,1103,4642,2,835,B26-P0835-004777,6,20.0,20.0,0.0,60.0,60.0,0.0,,2026-04-23 08:00:00,system,2026-04-23 08:00:00,system
4778,1104,4643,1,1363,B26-P1363-004778,6,24.0,24.0,0.0,120.0,120.0,0.0,,2026-03-10 08:00:00,system,2026-03-10 08:00:00,system
4779,1105,4647,1,2,B26-P0002-004779,6,5.0,5.0,0.0,15.0,15.0,0.0,,2026-06-11 08:00:00,system,2026-06-11 08:00:00,system
4780,1105,4648,2,836,B26-P0836-004780,6,3.0,3.0,0.0,15.0,15.0,0.0,,2026-06-11 08:00:00,system,2026-06-11 08:00:00,system
4781,1105,4649,3,48,B26-P0048-004781,6,4.0,4.0,0.0,20.0,20.0,0.0,,2026-06-11 08:00:00,system,2026-06-11 08:00:00,system
4782,1105,4650,4,824,B26-P0824-004782,6,2.0,2.0,0.0,30.0,30.0,0.0,,2026-06-11 08:00:00,system,2026-06-11 08:00:00,system
4783,1105,4651,5,600,B26-P0600-004783,6,1.0,1.0,0.0,50.0,50.0,0.0,,2026-06-11 08:00:00,system,2026-06-11 08:00:00,system
4784,1105,4652,6,956,B26-P0956-004784,1,2.0,2.0,0.0,1000.0,1000.0,0.0,,2026-06-11 08:00:00,system,2026-06-11 08:00:00,system
4785,1105,4654,7,1,B26-P0001-004785,6,20.0,20.0,0.0,24.0,24.0,0.0,,2026-06-11 08:00:00,system,2026-06-11 08:00:00,system
4786,1106,4655,1,1097,B26-P1097-004786,6,11.0,11.0,0.0,55.0,55.0,0.0,,2026-03-28 08:00:00,system,2026-03-28 08:00:00,system
4787,1107,4656,1,59,B26-P0059-004787,6,12.0,12.0,0.0,9.6,9.6,0.0,,2026-01-21 08:00:00,system,2026-01-21 08:00:00,system
4788,1108,4657,1,982,B26-P0982-004788,6,60.0,60.0,0.0,30.0,30.0,0.0,,2026-06-15 08:00:00,system,2026-06-15 08:00:00,system
4789,1109,4658,1,1391,B26-P1391-004789,1,1.0,1.0,0.0,1000.0,1000.0,0.0,,2026-04-27 08:00:00,system,2026-04-27 08:00:00,system
4790,1110,4659,1,1051,B26-P1051-004790,6,14.0,14.0,0.0,140.0,140.0,0.0,,2026-06-19 08:00:00,system,2026-06-19 08:00:00,system
4791,1110,4660,2,322,B26-P0322-004791,6,25.0,25.0,0.0,75.0,75.0,0.0,,2026-06-19 08:00:00,system,2026-06-19 08:00:00,system
4792,1110,4661,3,742,B26-P0742-004792,6,2.0,2.0,0.0,100.0,100.0,0.0,,2026-06-19 08:00:00,system,2026-06-19 08:00:00,system
4793,1110,4662,4,458,B26-P0458-004793,6,21.0,21.0,0.0,16.8,16.8,0.0,,2026-06-19 08:00:00,system,2026-06-19 08:00:00,system
4794,1110,4663,5,237,B26-P0237-004794,6,24.0,23.0,1.0,120.0,115.0,5.0,,2026-06-19 08:00:00,system,2026-06-19 08:00:00,system
4795,1111,4665,1,160,B26-P0160-004795,6,2.0,2.0,0.0,1.6,1.6,0.0,,2026-04-01 08:00:00,system,2026-04-01 08:00:00,system
4796,1111,4668,2,953,B26-P0953-004796,6,2.0,2.0,0.0,110.0,110.0,0.0,,2026-04-01 08:00:00,system,2026-04-01 08:00:00,system
4797,1111,4670,3,259,B26-P0259-004797,6,15.0,15.0,0.0,45.0,45.0,0.0,,2026-04-01 08:00:00,system,2026-04-01 08:00:00,system
4798,1111,4671,4,812,B26-P0812-004798,6,22.0,22.0,0.0,550.0,550.0,0.0,,2026-04-01 08:00:00,system,2026-04-01 08:00:00,system
4799,1111,4672,5,116,B26-P0116-004799,6,3.0,3.0,0.0,15.0,15.0,0.0,,2026-04-01 08:00:00,system,2026-04-01 08:00:00,system
4800,1112,4665,1,160,B26-P0160-004800,6,10.0,10.0,0.0,8.0,8.0,0.0,,2026-04-06 08:00:00,system,2026-04-06 08:00:00,system
4801,1112,4667,2,1015,B26-P1015-004801,6,3.0,3.0,0.0,54.0,54.0,0.0,,2026-04-06 08:00:00,system,2026-04-06 08:00:00,system
4802,1112,4668,3,953,B26-P0953-004802,6,1.0,1.0,0.0,55.0,55.0,0.0,,2026-04-06 08:00:00,system,2026-04-06 08:00:00,system
4803,1112,4669,4,1017,B26-P1017-004803,6,1.0,1.0,0.0,180.0,180.0,0.0,,2026-04-06 08:00:00,system,2026-04-06 08:00:00,system
4804,1112,4671,5,812,B26-P0812-004804,6,3.0,3.0,0.0,75.0,75.0,0.0,,2026-04-06 08:00:00,system,2026-04-06 08:00:00,system
4805,1112,4672,6,116,B26-P0116-004805,6,2.0,2.0,0.0,10.0,10.0,0.0,,2026-04-06 08:00:00,system,2026-04-06 08:00:00,system
4806,1113,4665,1,160,B26-P0160-004806,6,10.0,10.0,0.0,8.0,8.0,0.0,,2026-04-11 08:00:00,system,2026-04-11 08:00:00,system
4807,1113,4666,2,693,B26-P0693-004807,6,1.0,1.0,0.0,210.0,210.0,0.0,,2026-04-11 08:00:00,system,2026-04-11 08:00:00,system
4808,1113,4668,3,953,B26-P0953-004808,6,4.0,4.0,0.0,220.0,220.0,0.0,,2026-04-11 08:00:00,system,2026-04-11 08:00:00,system
4809,1113,4669,4,1017,B26-P1017-004809,6,1.0,1.0,0.0,180.0,180.0,0.0,,2026-04-11 08:00:00,system,2026-04-11 08:00:00,system
4810,1113,4671,5,812,B26-P0812-004810,6,10.0,10.0,0.0,250.0,250.0,0.0,,2026-04-11 08:00:00,system,2026-04-11 08:00:00,system
4811,1113,4672,6,116,B26-P0116-004811,6,11.0,11.0,0.0,55.0,55.0,0.0,,2026-04-11 08:00:00,system,2026-04-11 08:00:00,system
4812,1114,4673,1,661,B26-P0661-004812,6,21.0,21.0,0.0,210.0,210.0,0.0,,2026-05-30 08:00:00,system,2026-05-30 08:00:00,system
4813,1114,4674,2,1474,B26-P1474-004813,6,10.0,10.0,0.0,500.0,500.0,0.0,,2026-05-30 08:00:00,system,2026-05-30 08:00:00,system
4814,1114,4675,3,817,B26-P0817-004814,6,1.0,1.0,0.0,210.0,210.0,0.0,,2026-05-30 08:00:00,system,2026-05-30 08:00:00,system
4815,1114,4676,4,180,B26-P0180-004815,6,25.0,25.0,0.0,250.0,250.0,0.0,,2026-05-30 08:00:00,system,2026-05-30 08:00:00,system
4816,1114,4677,5,1263,B26-P1263-004816,6,24.0,24.0,0.0,480.0,480.0,0.0,,2026-05-30 08:00:00,system,2026-05-30 08:00:00,system
4817,1114,4678,6,254,B26-P0254-004817,6,5.0,5.0,0.0,1050.0,1050.0,0.0,,2026-05-30 08:00:00,system,2026-05-30 08:00:00,system
4818,1115,4679,1,9,B26-P0009-004818,6,6.0,6.0,0.0,300.0,300.0,0.0,,2026-03-27 08:00:00,system,2026-03-27 08:00:00,system
4819,1115,4680,2,267,B26-P0267-004819,6,3.0,3.0,0.0,165.0,165.0,0.0,,2026-03-27 08:00:00,system,2026-03-27 08:00:00,system
4820,1115,4681,3,129,B26-P0129-004820,6,51.0,51.0,0.0,61.2,61.2,0.0,,2026-03-27 08:00:00,system,2026-03-27 08:00:00,system
4821,1115,4682,4,823,B26-P0823-004821,6,24.0,24.0,0.0,240.0,240.0,0.0,,2026-03-27 08:00:00,system,2026-03-27 08:00:00,system
4822,1115,4683,5,75,B26-P0075-004822,6,16.0,16.0,0.0,400.0,400.0,0.0,,2026-03-27 08:00:00,system,2026-03-27 08:00:00,system
4823,1115,4684,6,1104,B26-P1104-004823,6,60.0,60.0,0.0,60.0,60.0,0.0,,2026-03-27 08:00:00,system,2026-03-27 08:00:00,system
4824,1116,4685,1,266,B26-P0266-004824,6,2.0,2.0,0.0,100.0,100.0,0.0,,2026-02-01 08:00:00,system,2026-02-01 08:00:00,system
4825,1116,4686,2,189,B26-P0189-004825,1,7.0,7.0,0.0,7000.0,7000.0,0.0,,2026-02-01 08:00:00,system,2026-02-01 08:00:00,system
4826,1116,4687,3,401,B26-P0401-004826,6,7.0,7.0,0.0,385.0,385.0,0.0,,2026-02-01 08:00:00,system,2026-02-01 08:00:00,system
4827,1117,4691,1,882,B26-P0882-004827,6,7.0,7.0,0.0,140.0,140.0,0.0,,2026-03-21 08:00:00,system,2026-03-21 08:00:00,system
4828,1117,4692,2,72,B26-P0072-004828,6,12.0,12.0,0.0,120.0,120.0,0.0,,2026-03-21 08:00:00,system,2026-03-21 08:00:00,system
4829,1117,4693,3,475,B26-P0475-004829,1,8.0,8.0,0.0,8000.0,8000.0,0.0,,2026-03-21 08:00:00,system,2026-03-21 08:00:00,system
4830,1117,4694,4,1149,B26-P1149-004830,6,22.0,22.0,0.0,22.0,22.0,0.0,,2026-03-21 08:00:00,system,2026-03-21 08:00:00,system
4831,1117,4695,5,631,B26-P0631-004831,6,40.0,40.0,0.0,120.0,120.0,0.0,,2026-03-21 08:00:00,system,2026-03-21 08:00:00,system
4832,1118,4708,1,696,B26-P0696-004832,1,3.0,3.0,0.0,6000.0,6000.0,0.0,,2026-01-29 08:00:00,system,2026-01-29 08:00:00,system
4833,1118,4709,2,1153,B26-P1153-004833,6,6.0,6.0,0.0,120.0,120.0,0.0,,2026-01-29 08:00:00,system,2026-01-29 08:00:00,system
4834,1118,4710,3,721,B26-P0721-004834,6,55.0,55.0,0.0,165.0,165.0,0.0,,2026-01-29 08:00:00,system,2026-01-29 08:00:00,system
4835,1118,4711,4,346,B26-P0346-004835,6,8.0,7.0,1.0,1440.0,1260.0,180.0,,2026-01-29 08:00:00,system,2026-01-29 08:00:00,system
4836,1118,4712,5,1190,B26-P1190-004836,6,2.0,2.0,0.0,110.0,110.0,0.0,,2026-01-29 08:00:00,system,2026-01-29 08:00:00,system
4837,1118,4713,6,48,B26-P0048-004837,6,18.0,18.0,0.0,90.0,90.0,0.0,,2026-01-29 08:00:00,system,2026-01-29 08:00:00,system
4838,1119,4722,1,1139,B26-P1139-004838,6,2.0,2.0,0.0,20.0,20.0,0.0,,2026-03-18 08:00:00,system,2026-03-18 08:00:00,system
4839,1119,4723,2,768,B26-P0768-004839,6,4.0,4.0,0.0,720.0,720.0,0.0,,2026-03-18 08:00:00,system,2026-03-18 08:00:00,system
4840,1119,4724,3,200,B26-P0200-004840,6,10.0,10.0,0.0,1800.0,1800.0,0.0,,2026-03-18 08:00:00,system,2026-03-18 08:00:00,system
4841,1119,4725,4,1096,B26-P1096-004841,6,17.0,17.0,0.0,34.0,34.0,0.0,,2026-03-18 08:00:00,system,2026-03-18 08:00:00,system
4842,1119,4726,5,450,B26-P0450-004842,6,15.0,15.0,0.0,300.0,300.0,0.0,,2026-03-18 08:00:00,system,2026-03-18 08:00:00,system
4843,1119,4727,6,656,B26-P0656-004843,1,5.0,5.0,0.0,2500.0,2500.0,0.0,,2026-03-18 08:00:00,system,2026-03-18 08:00:00,system
4844,1119,4728,7,1115,B26-P1115-004844,6,22.0,22.0,0.0,110.0,110.0,0.0,,2026-03-18 08:00:00,system,2026-03-18 08:00:00,system
4845,1119,4729,8,77,B26-P0077-004845,6,2.0,2.0,0.0,100.0,100.0,0.0,,2026-03-18 08:00:00,system,2026-03-18 08:00:00,system
4846,1120,4722,1,1139,B26-P1139-004846,6,2.0,2.0,0.0,20.0,20.0,0.0,,2026-03-20 08:00:00,system,2026-03-20 08:00:00,system
4847,1120,4725,2,1096,B26-P1096-004847,6,48.0,47.0,1.0,96.0,94.0,2.0,,2026-03-20 08:00:00,system,2026-03-20 08:00:00,system
4848,1120,4726,3,450,B26-P0450-004848,6,6.0,6.0,0.0,120.0,120.0,0.0,,2026-03-20 08:00:00,system,2026-03-20 08:00:00,system
4849,1120,4727,4,656,B26-P0656-004849,1,1.0,1.0,0.0,500.0,500.0,0.0,,2026-03-20 08:00:00,system,2026-03-20 08:00:00,system
4850,1120,4728,5,1115,B26-P1115-004850,6,11.0,11.0,0.0,55.0,55.0,0.0,,2026-03-20 08:00:00,system,2026-03-20 08:00:00,system
4851,1120,4729,6,77,B26-P0077-004851,6,2.0,2.0,0.0,100.0,100.0,0.0,,2026-03-20 08:00:00,system,2026-03-20 08:00:00,system
4852,1121,4730,1,1255,B26-P1255-004852,6,24.0,24.0,0.0,480.0,480.0,0.0,,2026-02-27 08:00:00,system,2026-02-27 08:00:00,system
4853,1121,4731,2,769,B26-P0769-004853,6,1.0,1.0,0.0,210.0,210.0,0.0,,2026-02-27 08:00:00,system,2026-02-27 08:00:00,system
4854,1121,4732,3,503,B26-P0503-004854,6,1.0,1.0,0.0,210.0,210.0,0.0,,2026-02-27 08:00:00,system,2026-02-27 08:00:00,system
4855,1122,4733,1,659,B26-P0659-004855,6,4.0,4.0,0.0,12.0,12.0,0.0,,2026-01-18 08:00:00,system,2026-01-18 08:00:00,system
4856,1122,4734,2,1149,B26-P1149-004856,6,3.0,2.0,1.0,3.0,2.0,1.0,,2026-01-18 08:00:00,system,2026-01-18 08:00:00,system
4857,1122,4735,3,48,B26-P0048-004857,6,4.0,4.0,0.0,20.0,20.0,0.0,,2026-01-18 08:00:00,system,2026-01-18 08:00:00,system
4858,1122,4736,4,759,B26-P0759-004858,6,15.0,15.0,0.0,45.0,45.0,0.0,,2026-01-18 08:00:00,system,2026-01-18 08:00:00,system
4859,1122,4737,5,1153,B26-P1153-004859,6,2.0,2.0,0.0,40.0,40.0,0.0,,2026-01-18 08:00:00,system,2026-01-18 08:00:00,system
4860,1123,4733,1,659,B26-P0659-004860,6,5.0,5.0,0.0,15.0,15.0,0.0,,2026-01-22 08:00:00,system,2026-01-22 08:00:00,system
4861,1123,4736,2,759,B26-P0759-004861,6,6.0,6.0,0.0,18.0,18.0,0.0,,2026-01-22 08:00:00,system,2026-01-22 08:00:00,system
4862,1123,4737,3,1153,B26-P1153-004862,6,3.0,3.0,0.0,60.0,60.0,0.0,,2026-01-22 08:00:00,system,2026-01-22 08:00:00,system
4863,1124,4738,1,233,B26-P0233-004863,6,70.0,70.0,0.0,56.0,56.0,0.0,,2026-04-24 08:00:00,system,2026-04-24 08:00:00,system
4864,1124,4739,2,275,B26-P0275-004864,6,12.0,11.0,1.0,60.0,55.0,5.0,,2026-04-24 08:00:00,system,2026-04-24 08:00:00,system
4865,1124,4740,3,1414,B26-P1414-004865,6,2.0,2.0,0.0,100.0,100.0,0.0,,2026-04-24 08:00:00,system,2026-04-24 08:00:00,system
4866,1125,4742,1,307,B26-P0307-004866,6,31.0,31.0,0.0,93.0,93.0,0.0,,2026-02-06 08:00:00,system,2026-02-06 08:00:00,system
4867,1125,4743,2,306,B26-P0306-004867,6,60.0,59.0,1.0,72.0,70.8,1.2,,2026-02-06 08:00:00,system,2026-02-06 08:00:00,system
4868,1125,4744,3,779,B26-P0779-004868,6,21.0,21.0,0.0,630.0,630.0,0.0,,2026-02-06 08:00:00,system,2026-02-06 08:00:00,system
4869,1125,4745,4,20,B26-P0020-004869,6,19.0,19.0,0.0,285.0,285.0,0.0,,2026-02-06 08:00:00,system,2026-02-06 08:00:00,system
4870,1125,4746,5,155,B26-P0155-004870,6,5.0,5.0,0.0,250.0,250.0,0.0,,2026-02-06 08:00:00,system,2026-02-06 08:00:00,system
4871,1125,4747,6,1123,B26-P1123-004871,6,1.0,1.0,0.0,50.0,50.0,0.0,,2026-02-06 08:00:00,system,2026-02-06 08:00:00,system
4872,1126,4749,1,1204,B26-P1204-004872,1,2.0,2.0,0.0,2000.0,2000.0,0.0,,2026-06-12 08:00:00,system,2026-06-12 08:00:00,system
4873,1126,4750,2,1454,B26-P1454-004873,6,1.0,1.0,0.0,5.0,5.0,0.0,,2026-06-12 08:00:00,system,2026-06-12 08:00:00,system
4874,1126,4751,3,603,B26-P0603-004874,6,3.0,2.0,1.0,630.0,420.0,210.0,,2026-06-12 08:00:00,system,2026-06-12 08:00:00,system
4875,1126,4752,4,780,B26-P0780-004875,6,2.0,2.0,0.0,100.0,100.0,0.0,,2026-06-12 08:00:00,system,2026-06-12 08:00:00,system
4876,1127,4753,1,166,B26-P0166-004876,6,7.0,7.0,0.0,105.0,105.0,0.0,,2026-04-29 08:00:00,system,2026-04-29 08:00:00,system
4877,1128,4754,1,1264,B26-P1264-004877,6,2.0,2.0,0.0,110.0,110.0,0.0,,2026-05-18 08:00:00,system,2026-05-18 08:00:00,system
4878,1128,4755,2,137,B26-P0137-004878,6,21.0,21.0,0.0,420.0,420.0,0.0,,2026-05-18 08:00:00,system,2026-05-18 08:00:00,system
4879,1128,4756,3,494,B26-P0494-004879,6,26.0,26.0,0.0,78.0,78.0,0.0,,2026-05-18 08:00:00,system,2026-05-18 08:00:00,system
4880,1129,4757,1,1131,B26-P1131-004880,6,4.0,4.0,0.0,72.0,72.0,0.0,,2026-02-24 08:00:00,system,2026-02-24 08:00:00,system
4881,1129,4758,2,90,B26-P0090-004881,6,6.0,6.0,0.0,150.0,150.0,0.0,,2026-02-24 08:00:00,system,2026-02-24 08:00:00,system
4882,1129,4759,3,315,B26-P0315-004882,6,10.0,10.0,0.0,550.0,550.0,0.0,,2026-02-24 08:00:00,system,2026-02-24 08:00:00,system
4883,1129,4760,4,34,B26-P0034-004883,6,18.0,18.0,0.0,180.0,180.0,0.0,,2026-02-24 08:00:00,system,2026-02-24 08:00:00,system
4884,1129,4761,5,1466,B26-P1466-004884,1,2.0,2.0,0.0,4000.0,4000.0,0.0,,2026-02-24 08:00:00,system,2026-02-24 08:00:00,system
4885,1130,4762,1,523,B26-P0523-004885,6,18.0,17.0,1.0,180.0,170.0,10.0,,2026-07-04 08:00:00,system,2026-07-04 08:00:00,system
4886,1130,4763,2,144,B26-P0144-004886,1,4.0,4.0,0.0,4000.0,4000.0,0.0,,2026-07-04 08:00:00,system,2026-07-04 08:00:00,system
4887,1130,4764,3,276,B26-P0276-004887,6,21.0,21.0,0.0,210.0,210.0,0.0,,2026-07-04 08:00:00,system,2026-07-04 08:00:00,system
4888,1131,4765,1,270,B26-P0270-004888,1,8.0,8.0,0.0,8000.0,8000.0,0.0,,2026-05-21 08:00:00,system,2026-05-21 08:00:00,system
4889,1131,4766,2,808,B26-P0808-004889,6,40.0,40.0,0.0,200.0,200.0,0.0,,2026-05-21 08:00:00,system,2026-05-21 08:00:00,system
4890,1131,4767,3,907,B26-P0907-004890,6,15.0,15.0,0.0,45.0,45.0,0.0,,2026-05-21 08:00:00,system,2026-05-21 08:00:00,system
4891,1131,4768,4,1396,B26-P1396-004891,6,6.0,6.0,0.0,90.0,90.0,0.0,,2026-05-21 08:00:00,system,2026-05-21 08:00:00,system
4892,1131,4769,5,233,B26-P0233-004892,6,75.0,75.0,0.0,60.0,60.0,0.0,,2026-05-21 08:00:00,system,2026-05-21 08:00:00,system
4893,1132,4780,1,1193,B26-P1193-004893,6,6.0,6.0,0.0,6.0,6.0,0.0,,2026-07-06 08:00:00,system,2026-07-06 08:00:00,system
4894,1132,4781,2,1360,B26-P1360-004894,1,6.0,6.0,0.0,6000.0,6000.0,0.0,,2026-07-06 08:00:00,system,2026-07-06 08:00:00,system
4895,1132,4782,3,1312,B26-P1312-004895,6,2.0,2.0,0.0,360.0,360.0,0.0,,2026-07-06 08:00:00,system,2026-07-06 08:00:00,system
4896,1132,4783,4,285,B26-P0285-004896,1,3.0,3.0,0.0,3000.0,3000.0,0.0,,2026-07-06 08:00:00,system,2026-07-06 08:00:00,system
4897,1133,4780,1,1193,B26-P1193-004897,6,5.0,5.0,0.0,5.0,5.0,0.0,,2026-07-10 08:00:00,system,2026-07-10 08:00:00,system
4898,1133,4781,2,1360,B26-P1360-004898,1,2.0,2.0,0.0,2000.0,2000.0,0.0,,2026-07-10 08:00:00,system,2026-07-10 08:00:00,system
4899,1133,4782,3,1312,B26-P1312-004899,6,8.0,8.0,0.0,1440.0,1440.0,0.0,,2026-07-10 08:00:00,system,2026-07-10 08:00:00,system
4900,1134,4784,1,180,B26-P0180-004900,6,17.0,17.0,0.0,170.0,170.0,0.0,,2026-01-21 08:00:00,system,2026-01-21 08:00:00,system
4901,1135,4785,1,884,B26-P0884-004901,6,25.0,25.0,0.0,750.0,750.0,0.0,,2026-04-06 08:00:00,system,2026-04-06 08:00:00,system
4902,1135,4786,2,1144,B26-P1144-004902,6,14.0,14.0,0.0,140.0,140.0,0.0,,2026-04-06 08:00:00,system,2026-04-06 08:00:00,system
4903,1135,4787,3,880,B26-P0880-004903,6,24.0,24.0,0.0,240.0,240.0,0.0,,2026-04-06 08:00:00,system,2026-04-06 08:00:00,system
4904,1135,4788,4,523,B26-P0523-004904,6,30.0,30.0,0.0,300.0,300.0,0.0,,2026-04-06 08:00:00,system,2026-04-06 08:00:00,system
4905,1135,4789,5,165,B26-P0165-004905,6,18.0,18.0,0.0,180.0,180.0,0.0,,2026-04-06 08:00:00,system,2026-04-06 08:00:00,system
4906,1136,4790,1,696,B26-P0696-004906,1,8.0,8.0,0.0,16000.0,16000.0,0.0,,2026-02-27 08:00:00,system,2026-02-27 08:00:00,system
4907,1136,4791,2,1341,B26-P1341-004907,6,5.0,5.0,0.0,1050.0,1050.0,0.0,,2026-02-27 08:00:00,system,2026-02-27 08:00:00,system
4908,1136,4792,3,466,B26-P0466-004908,6,35.0,35.0,0.0,350.0,350.0,0.0,,2026-02-27 08:00:00,system,2026-02-27 08:00:00,system
4909,1136,4793,4,788,B26-P0788-004909,6,21.0,21.0,0.0,105.0,105.0,0.0,,2026-02-27 08:00:00,system,2026-02-27 08:00:00,system
4910,1136,4794,5,214,B26-P0214-004910,6,2.0,2.0,0.0,110.0,110.0,0.0,,2026-02-27 08:00:00,system,2026-02-27 08:00:00,system
4911,1136,4795,6,349,B26-P0349-004911,6,28.0,28.0,0.0,22.4,22.4,0.0,,2026-02-27 08:00:00,system,2026-02-27 08:00:00,system
4912,1136,4796,7,777,B26-P0777-004912,6,6.0,6.0,0.0,120.0,120.0,0.0,,2026-02-27 08:00:00,system,2026-02-27 08:00:00,system
4913,1136,4797,8,895,B26-P0895-004913,6,7.0,7.0,0.0,70.0,70.0,0.0,,2026-02-27 08:00:00,system,2026-02-27 08:00:00,system
4914,1136,4798,9,1086,B26-P1086-004914,6,55.0,55.0,0.0,110.0,110.0,0.0,,2026-02-27 08:00:00,system,2026-02-27 08:00:00,system
4915,1136,4799,10,303,B26-P0303-004915,1,2.0,2.0,0.0,2000.0,2000.0,0.0,,2026-02-27 08:00:00,system,2026-02-27 08:00:00,system
4916,1137,4801,1,1286,B26-P1286-004916,6,13.0,13.0,0.0,65.0,65.0,0.0,,2026-03-10 08:00:00,system,2026-03-10 08:00:00,system
4917,1137,4802,2,369,B26-P0369-004917,6,14.0,14.0,0.0,16.8,16.8,0.0,,2026-03-10 08:00:00,system,2026-03-10 08:00:00,system
4918,1137,4803,3,793,B26-P0793-004918,6,1.0,1.0,0.0,30.0,30.0,0.0,,2026-03-10 08:00:00,system,2026-03-10 08:00:00,system
4919,1137,4805,4,127,B26-P0127-004919,6,6.0,6.0,0.0,4.8,4.8,0.0,,2026-03-10 08:00:00,system,2026-03-10 08:00:00,system
4920,1137,4806,5,639,B26-P0639-004920,6,1.0,1.0,0.0,55.0,55.0,0.0,,2026-03-10 08:00:00,system,2026-03-10 08:00:00,system
4921,1138,4801,1,1286,B26-P1286-004921,6,9.0,9.0,0.0,45.0,45.0,0.0,,2026-03-14 08:00:00,system,2026-03-14 08:00:00,system
4922,1138,4802,2,369,B26-P0369-004922,6,17.0,17.0,0.0,20.4,20.4,0.0,,2026-03-14 08:00:00,system,2026-03-14 08:00:00,system
4923,1138,4803,3,793,B26-P0793-004923,6,6.0,5.0,1.0,180.0,150.0,30.0,,2026-03-14 08:00:00,system,2026-03-14 08:00:00,system
4924,1138,4804,4,21,B26-P0021-004924,6,7.0,7.0,0.0,140.0,140.0,0.0,,2026-03-14 08:00:00,system,2026-03-14 08:00:00,system
4925,1138,4805,5,127,B26-P0127-004925,6,23.0,23.0,0.0,18.4,18.4,0.0,,2026-03-14 08:00:00,system,2026-03-14 08:00:00,system
4926,1139,4801,1,1286,B26-P1286-004926,6,18.0,18.0,0.0,90.0,90.0,0.0,,2026-03-17 08:00:00,system,2026-03-17 08:00:00,system
4927,1139,4802,2,369,B26-P0369-004927,6,10.0,10.0,0.0,12.0,12.0,0.0,,2026-03-17 08:00:00,system,2026-03-17 08:00:00,system
4928,1139,4803,3,793,B26-P0793-004928,6,4.0,4.0,0.0,120.0,120.0,0.0,,2026-03-17 08:00:00,system,2026-03-17 08:00:00,system
4929,1139,4805,4,127,B26-P0127-004929,6,7.0,6.0,1.0,5.6,4.8,0.8,,2026-03-17 08:00:00,system,2026-03-17 08:00:00,system
4930,1140,4807,1,68,B26-P0068-004930,6,30.0,30.0,0.0,900.0,900.0,0.0,,2026-05-21 08:00:00,system,2026-05-21 08:00:00,system
4931,1140,4808,2,721,B26-P0721-004931,6,39.0,39.0,0.0,117.0,117.0,0.0,,2026-05-21 08:00:00,system,2026-05-21 08:00:00,system
4932,1141,4812,1,328,B26-P0328-004932,6,12.0,12.0,0.0,360.0,360.0,0.0,,2026-02-04 08:00:00,system,2026-02-04 08:00:00,system
4933,1141,4813,2,763,B26-P0763-004933,6,21.0,21.0,0.0,420.0,420.0,0.0,,2026-02-04 08:00:00,system,2026-02-04 08:00:00,system
4934,1141,4814,3,69,B26-P0069-004934,6,12.0,12.0,0.0,600.0,600.0,0.0,,2026-02-04 08:00:00,system,2026-02-04 08:00:00,system
4935,1142,4817,1,1356,B26-P1356-004935,6,1.0,1.0,0.0,20.0,20.0,0.0,,2026-03-16 08:00:00,system,2026-03-16 08:00:00,system
4936,1142,4818,2,445,B26-P0445-004936,6,9.0,9.0,0.0,10.8,10.8,0.0,,2026-03-16 08:00:00,system,2026-03-16 08:00:00,system
4937,1143,4818,1,445,B26-P0445-004937,6,3.0,3.0,0.0,3.6,3.6,0.0,,2026-03-19 08:00:00,system,2026-03-19 08:00:00,system
4938,1143,4819,2,1463,B26-P1463-004938,6,1.0,1.0,0.0,210.0,210.0,0.0,,2026-03-19 08:00:00,system,2026-03-19 08:00:00,system
4939,1144,4816,1,643,B26-P0643-004939,1,1.0,1.0,0.0,1000.0,1000.0,0.0,,2026-03-23 08:00:00,system,2026-03-23 08:00:00,system
4940,1144,4818,2,445,B26-P0445-004940,6,8.0,8.0,0.0,9.6,9.6,0.0,,2026-03-23 08:00:00,system,2026-03-23 08:00:00,system
4941,1145,4821,1,459,B26-P0459-004941,6,11.0,11.0,0.0,11.0,11.0,0.0,,2026-02-24 08:00:00,system,2026-02-24 08:00:00,system
4942,1145,4822,2,84,B26-P0084-004942,6,26.0,26.0,0.0,31.2,31.2,0.0,,2026-02-24 08:00:00,system,2026-02-24 08:00:00,system
4943,1145,4823,3,1105,B26-P1105-004943,6,5.0,5.0,0.0,10.0,10.0,0.0,,2026-02-24 08:00:00,system,2026-02-24 08:00:00,system
4944,1145,4824,4,878,B26-P0878-004944,6,24.0,23.0,1.0,72.0,69.0,3.0,,2026-02-24 08:00:00,system,2026-02-24 08:00:00,system
4945,1145,4826,5,1469,B26-P1469-004945,6,5.0,5.0,0.0,50.0,50.0,0.0,,2026-02-24 08:00:00,system,2026-02-24 08:00:00,system
4946,1145,4827,6,1102,B26-P1102-004946,6,49.0,49.0,0.0,19.6,19.6,0.0,,2026-02-24 08:00:00,system,2026-02-24 08:00:00,system
4947,1145,4828,7,1037,B26-P1037-004947,6,12.0,12.0,0.0,4.8,4.8,0.0,,2026-02-24 08:00:00,system,2026-02-24 08:00:00,system
4948,1145,4829,8,869,B26-P0869-004948,6,9.0,9.0,0.0,225.0,225.0,0.0,,2026-02-24 08:00:00,system,2026-02-24 08:00:00,system
4949,1146,4821,1,459,B26-P0459-004949,6,16.0,16.0,0.0,16.0,16.0,0.0,,2026-03-01 08:00:00,system,2026-03-01 08:00:00,system
4950,1146,4822,2,84,B26-P0084-004950,6,3.0,3.0,0.0,3.6,3.6,0.0,,2026-03-01 08:00:00,system,2026-03-01 08:00:00,system
4951,1146,4823,3,1105,B26-P1105-004951,6,31.0,30.0,1.0,62.0,60.0,2.0,,2026-03-01 08:00:00,system,2026-03-01 08:00:00,system
4952,1146,4824,4,878,B26-P0878-004952,6,34.0,34.0,0.0,102.0,102.0,0.0,,2026-03-01 08:00:00,system,2026-03-01 08:00:00,system
4953,1146,4826,5,1469,B26-P1469-004953,6,8.0,8.0,0.0,80.0,80.0,0.0,,2026-03-01 08:00:00,system,2026-03-01 08:00:00,system
4954,1146,4827,6,1102,B26-P1102-004954,6,23.0,23.0,0.0,9.2,9.2,0.0,,2026-03-01 08:00:00,system,2026-03-01 08:00:00,system
4955,1146,4828,7,1037,B26-P1037-004955,6,9.0,9.0,0.0,3.6,3.6,0.0,,2026-03-01 08:00:00,system,2026-03-01 08:00:00,system
4956,1146,4829,8,869,B26-P0869-004956,6,17.0,17.0,0.0,425.0,425.0,0.0,,2026-03-01 08:00:00,system,2026-03-01 08:00:00,system
4957,1147,4831,1,544,B26-P0544-004957,6,2.0,2.0,0.0,360.0,360.0,0.0,,2026-07-04 08:00:00,system,2026-07-04 08:00:00,system
4958,1147,4832,2,557,B26-P0557-004958,6,3.0,3.0,0.0,150.0,150.0,0.0,,2026-07-04 08:00:00,system,2026-07-04 08:00:00,system
4959,1147,4833,3,10,B26-P0010-004959,6,7.0,7.0,0.0,385.0,385.0,0.0,,2026-07-04 08:00:00,system,2026-07-04 08:00:00,system
4960,1147,4835,4,35,B26-P0035-004960,6,13.0,13.0,0.0,195.0,195.0,0.0,,2026-07-04 08:00:00,system,2026-07-04 08:00:00,system
4961,1147,4836,5,175,B26-P0175-004961,6,16.0,16.0,0.0,12.8,12.8,0.0,,2026-07-04 08:00:00,system,2026-07-04 08:00:00,system
4962,1147,4837,6,1093,B26-P1093-004962,6,60.0,60.0,0.0,24.0,24.0,0.0,,2026-07-04 08:00:00,system,2026-07-04 08:00:00,system
4963,1147,4838,7,524,B26-P0524-004963,6,3.0,2.0,1.0,45.0,30.0,15.0,,2026-07-04 08:00:00,system,2026-07-04 08:00:00,system
4964,1147,4839,8,233,B26-P0233-004964,6,38.0,38.0,0.0,30.4,30.4,0.0,,2026-07-04 08:00:00,system,2026-07-04 08:00:00,system
4965,1148,4830,1,1359,B26-P1359-004965,6,5.0,5.0,0.0,1050.0,1050.0,0.0,,2026-07-05 08:00:00,system,2026-07-05 08:00:00,system
4966,1148,4832,2,557,B26-P0557-004966,6,1.0,0.0,1.0,50.0,0.0,50.0,,2026-07-05 08:00:00,system,2026-07-05 08:00:00,system
4967,1148,4833,3,10,B26-P0010-004967,6,3.0,2.0,1.0,165.0,110.0,55.0,,2026-07-05 08:00:00,system,2026-07-05 08:00:00,system
4968,1148,4834,4,1484,B26-P1484-004968,6,2.0,2.0,0.0,110.0,110.0,0.0,,2026-07-05 08:00:00,system,2026-07-05 08:00:00,system
4969,1148,4835,5,35,B26-P0035-004969,6,8.0,8.0,0.0,120.0,120.0,0.0,,2026-07-05 08:00:00,system,2026-07-05 08:00:00,system
4970,1148,4836,6,175,B26-P0175-004970,6,8.0,8.0,0.0,6.4,6.4,0.0,,2026-07-05 08:00:00,system,2026-07-05 08:00:00,system
4971,1148,4837,7,1093,B26-P1093-004971,6,12.0,12.0,0.0,4.8,4.8,0.0,,2026-07-05 08:00:00,system,2026-07-05 08:00:00,system
4972,1148,4838,8,524,B26-P0524-004972,6,4.0,4.0,0.0,60.0,60.0,0.0,,2026-07-05 08:00:00,system,2026-07-05 08:00:00,system
4973,1148,4839,9,233,B26-P0233-004973,6,32.0,32.0,0.0,25.6,25.6,0.0,,2026-07-05 08:00:00,system,2026-07-05 08:00:00,system
4974,1149,4840,1,1135,B26-P1135-004974,6,14.0,14.0,0.0,7.0,7.0,0.0,,2026-02-11 08:00:00,system,2026-02-11 08:00:00,system
4975,1149,4841,2,177,B26-P0177-004975,6,39.0,39.0,0.0,46.8,46.8,0.0,,2026-02-11 08:00:00,system,2026-02-11 08:00:00,system
4976,1149,4842,3,993,B26-P0993-004976,6,24.0,24.0,0.0,48.0,48.0,0.0,,2026-02-11 08:00:00,system,2026-02-11 08:00:00,system
4977,1149,4843,4,246,B26-P0246-004977,6,4.0,4.0,0.0,840.0,840.0,0.0,,2026-02-11 08:00:00,system,2026-02-11 08:00:00,system
4978,1149,4844,5,1095,B26-P1095-004978,6,24.0,24.0,0.0,24.0,24.0,0.0,,2026-02-11 08:00:00,system,2026-02-11 08:00:00,system
4979,1149,4845,6,471,B26-P0471-004979,6,8.0,8.0,0.0,400.0,400.0,0.0,,2026-02-11 08:00:00,system,2026-02-11 08:00:00,system
4980,1149,4846,7,999,B26-P0999-004980,6,90.0,90.0,0.0,36.0,36.0,0.0,,2026-02-11 08:00:00,system,2026-02-11 08:00:00,system
4981,1149,4847,8,194,B26-P0194-004981,6,16.0,16.0,0.0,80.0,80.0,0.0,,2026-02-11 08:00:00,system,2026-02-11 08:00:00,system
4982,1150,4848,1,915,B26-P0915-004982,6,4.0,4.0,0.0,220.0,220.0,0.0,,2026-02-09 08:00:00,system,2026-02-09 08:00:00,system
4983,1150,4849,2,255,B26-P0255-004983,1,4.0,4.0,0.0,4000.0,4000.0,0.0,,2026-02-09 08:00:00,system,2026-02-09 08:00:00,system
4984,1150,4850,3,676,B26-P0676-004984,6,15.0,15.0,0.0,750.0,750.0,0.0,,2026-02-09 08:00:00,system,2026-02-09 08:00:00,system
4985,1150,4851,4,821,B26-P0821-004985,6,39.0,39.0,0.0,117.0,117.0,0.0,,2026-02-09 08:00:00,system,2026-02-09 08:00:00,system
4986,1150,4852,5,245,B26-P0245-004986,6,2.0,2.0,0.0,360.0,360.0,0.0,,2026-02-09 08:00:00,system,2026-02-09 08:00:00,system
4987,1150,4853,6,285,B26-P0285-004987,1,4.0,4.0,0.0,4000.0,4000.0,0.0,,2026-02-09 08:00:00,system,2026-02-09 08:00:00,system
4988,1151,4854,1,1488,B26-P1488-004988,1,8.0,8.0,0.0,8000.0,8000.0,0.0,,2026-06-16 08:00:00,system,2026-06-16 08:00:00,system
4989,1152,4855,1,785,B26-P0785-004989,1,3.0,2.0,1.0,3000.0,2000.0,1000.0,,2026-06-06 08:00:00,system,2026-06-06 08:00:00,system
4990,1152,4856,2,140,B26-P0140-004990,6,3.0,3.0,0.0,150.0,150.0,0.0,,2026-06-06 08:00:00,system,2026-06-06 08:00:00,system
4991,1152,4858,3,895,B26-P0895-004991,6,21.0,21.0,0.0,210.0,210.0,0.0,,2026-06-06 08:00:00,system,2026-06-06 08:00:00,system
4992,1153,4855,1,785,B26-P0785-004992,1,1.0,1.0,0.0,1000.0,1000.0,0.0,,2026-06-09 08:00:00,system,2026-06-09 08:00:00,system
4993,1153,4856,2,140,B26-P0140-004993,6,1.0,1.0,0.0,50.0,50.0,0.0,,2026-06-09 08:00:00,system,2026-06-09 08:00:00,system
4994,1153,4857,3,1313,B26-P1313-004994,6,5.0,5.0,0.0,1050.0,1050.0,0.0,,2026-06-09 08:00:00,system,2026-06-09 08:00:00,system
4995,1153,4858,4,895,B26-P0895-004995,6,14.0,14.0,0.0,140.0,140.0,0.0,,2026-06-09 08:00:00,system,2026-06-09 08:00:00,system
4996,1154,4860,1,1424,B26-P1424-004996,6,6.0,5.0,1.0,90.0,75.0,15.0,,2026-06-23 08:00:00,system,2026-06-23 08:00:00,system
4997,1155,4860,1,1424,B26-P1424-004997,6,5.0,5.0,0.0,75.0,75.0,0.0,,2026-06-24 08:00:00,system,2026-06-24 08:00:00,system
4998,1156,4861,1,1048,B26-P1048-004998,6,85.0,85.0,0.0,85.0,85.0,0.0,,2026-04-11 08:00:00,system,2026-04-11 08:00:00,system
4999,1156,4862,2,434,B26-P0434-004999,6,32.0,32.0,0.0,480.0,480.0,0.0,,2026-04-11 08:00:00,system,2026-04-11 08:00:00,system
5000,1156,4863,3,212,B26-P0212-005000,6,32.0,32.0,0.0,960.0,960.0,0.0,,2026-04-11 08:00:00,system,2026-04-11 08:00:00,system
5001,1157,4864,1,531,B26-P0531-005001,6,5.0,5.0,0.0,1050.0,1050.0,0.0,,2026-05-18 08:00:00,system,2026-05-18 08:00:00,system
5002,1157,4865,2,33,B26-P0033-005002,6,18.0,17.0,1.0,90.0,85.0,5.0,,2026-05-18 08:00:00,system,2026-05-18 08:00:00,system
5003,1157,4866,3,523,B26-P0523-005003,6,12.0,12.0,0.0,120.0,120.0,0.0,,2026-05-18 08:00:00,system,2026-05-18 08:00:00,system
5004,1158,4867,1,177,B26-P0177-005004,6,5.0,4.0,1.0,6.0,4.8,1.2,,2026-06-09 08:00:00,system,2026-06-09 08:00:00,system
5005,1158,4868,2,202,B26-P0202-005005,1,1.0,1.0,0.0,1000.0,1000.0,0.0,,2026-06-09 08:00:00,system,2026-06-09 08:00:00,system
5006,1158,4869,3,1008,B26-P1008-005006,6,2.0,2.0,0.0,360.0,360.0,0.0,,2026-06-09 08:00:00,system,2026-06-09 08:00:00,system
5007,1158,4870,4,87,B26-P0087-005007,6,7.0,7.0,0.0,70.0,70.0,0.0,,2026-06-09 08:00:00,system,2026-06-09 08:00:00,system
5008,1159,4867,1,177,B26-P0177-005008,6,8.0,8.0,0.0,9.6,9.6,0.0,,2026-06-12 08:00:00,system,2026-06-12 08:00:00,system
5009,1159,4868,2,202,B26-P0202-005009,1,1.0,1.0,0.0,1000.0,1000.0,0.0,,2026-06-12 08:00:00,system,2026-06-12 08:00:00,system
5010,1159,4870,3,87,B26-P0087-005010,6,1.0,1.0,0.0,10.0,10.0,0.0,,2026-06-12 08:00:00,system,2026-06-12 08:00:00,system
5011,1160,4871,1,533,B26-P0533-005011,1,8.0,8.0,0.0,8000.0,8000.0,0.0,,2026-05-10 08:00:00,system,2026-05-10 08:00:00,system
5012,1160,4872,2,134,B26-P0134-005012,6,6.0,6.0,0.0,120.0,120.0,0.0,,2026-05-10 08:00:00,system,2026-05-10 08:00:00,system
5013,1161,4873,1,896,B26-P0896-005013,6,3.0,3.0,0.0,45.0,45.0,0.0,,2026-07-09 08:00:00,system,2026-07-09 08:00:00,system
5014,1161,4874,2,1239,B26-P1239-005014,6,16.0,16.0,0.0,160.0,160.0,0.0,,2026-07-09 08:00:00,system,2026-07-09 08:00:00,system
5015,1162,4873,1,896,B26-P0896-005015,6,3.0,3.0,0.0,45.0,45.0,0.0,,2026-07-11 08:00:00,system,2026-07-11 08:00:00,system
5016,1162,4874,2,1239,B26-P1239-005016,6,13.0,13.0,0.0,130.0,130.0,0.0,,2026-07-11 08:00:00,system,2026-07-11 08:00:00,system
5017,1163,4875,1,398,B26-P0398-005017,6,7.0,6.0,1.0,175.0,150.0,25.0,,2026-06-20 08:00:00,system,2026-06-20 08:00:00,system
5018,1163,4876,2,76,B26-P0076-005018,6,9.0,8.0,1.0,270.0,240.0,30.0,,2026-06-20 08:00:00,system,2026-06-20 08:00:00,system
5019,1163,4877,3,158,B26-P0158-005019,6,4.0,4.0,0.0,840.0,840.0,0.0,,2026-06-20 08:00:00,system,2026-06-20 08:00:00,system
5020,1164,4878,1,403,B26-P0403-005020,6,5.0,5.0,0.0,1050.0,1050.0,0.0,,2026-03-26 08:00:00,system,2026-03-26 08:00:00,system
5021,1164,4879,2,513,B26-P0513-005021,6,12.0,11.0,1.0,360.0,330.0,30.0,,2026-03-26 08:00:00,system,2026-03-26 08:00:00,system
5022,1164,4880,3,155,B26-P0155-005022,6,6.0,6.0,0.0,300.0,300.0,0.0,,2026-03-26 08:00:00,system,2026-03-26 08:00:00,system
5023,1165,4881,1,1193,B26-P1193-005023,6,13.0,13.0,0.0,13.0,13.0,0.0,,2026-01-20 08:00:00,system,2026-01-20 08:00:00,system
5024,1165,4882,2,1168,B26-P1168-005024,6,25.0,25.0,0.0,250.0,250.0,0.0,,2026-01-20 08:00:00,system,2026-01-20 08:00:00,system
5025,1166,4884,1,61,B26-P0061-005025,6,18.0,18.0,0.0,21.6,21.6,0.0,,2026-06-12 08:00:00,system,2026-06-12 08:00:00,system
5026,1166,4885,2,1476,B26-P1476-005026,6,80.0,80.0,0.0,240.0,240.0,0.0,,2026-06-12 08:00:00,system,2026-06-12 08:00:00,system
5027,1166,4886,3,39,B26-P0039-005027,6,8.0,8.0,0.0,400.0,400.0,0.0,,2026-06-12 08:00:00,system,2026-06-12 08:00:00,system
5028,1166,4887,4,713,B26-P0713-005028,6,35.0,35.0,0.0,1050.0,1050.0,0.0,,2026-06-12 08:00:00,system,2026-06-12 08:00:00,system
5029,1166,4888,5,720,B26-P0720-005029,1,2.0,2.0,0.0,4000.0,4000.0,0.0,,2026-06-12 08:00:00,system,2026-06-12 08:00:00,system
5030,1166,4889,6,830,B26-P0830-005030,6,15.0,15.0,0.0,2700.0,2700.0,0.0,,2026-06-12 08:00:00,system,2026-06-12 08:00:00,system
5031,1167,4890,1,1210,B26-P1210-005031,6,4.0,4.0,0.0,220.0,220.0,0.0,,2026-02-25 08:00:00,system,2026-02-25 08:00:00,system
5032,1167,4891,2,412,B26-P0412-005032,6,30.0,30.0,0.0,600.0,600.0,0.0,,2026-02-25 08:00:00,system,2026-02-25 08:00:00,system
5033,1168,4899,1,651,B26-P0651-005033,6,40.0,40.0,0.0,1200.0,1200.0,0.0,,2026-04-08 08:00:00,system,2026-04-08 08:00:00,system
5034,1169,4900,1,288,B26-P0288-005034,6,60.0,60.0,0.0,72.0,72.0,0.0,,2026-05-28 08:00:00,system,2026-05-28 08:00:00,system
5035,1169,4901,2,202,B26-P0202-005035,1,2.0,1.0,1.0,2000.0,1000.0,1000.0,,2026-05-28 08:00:00,system,2026-05-28 08:00:00,system
5036,1169,4902,3,167,B26-P0167-005036,6,35.0,35.0,0.0,700.0,700.0,0.0,,2026-05-28 08:00:00,system,2026-05-28 08:00:00,system
5037,1169,4903,4,193,B26-P0193-005037,6,60.0,60.0,0.0,180.0,180.0,0.0,,2026-05-28 08:00:00,system,2026-05-28 08:00:00,system
5038,1169,4904,5,1117,B26-P1117-005038,6,48.0,48.0,0.0,24.0,24.0,0.0,,2026-05-28 08:00:00,system,2026-05-28 08:00:00,system
5039,1170,4905,1,216,B26-P0216-005039,6,2.0,2.0,0.0,420.0,420.0,0.0,,2026-04-02 08:00:00,system,2026-04-02 08:00:00,system
5040,1170,4906,2,1438,B26-P1438-005040,6,6.0,6.0,0.0,330.0,330.0,0.0,,2026-04-02 08:00:00,system,2026-04-02 08:00:00,system
5041,1170,4907,3,610,B26-P0610-005041,6,28.0,28.0,0.0,420.0,420.0,0.0,,2026-04-02 08:00:00,system,2026-04-02 08:00:00,system
5042,1170,4908,4,79,B26-P0079-005042,6,2.0,2.0,0.0,360.0,360.0,0.0,,2026-04-02 08:00:00,system,2026-04-02 08:00:00,system
5043,1170,4909,5,277,B26-P0277-005043,6,18.0,18.0,0.0,270.0,270.0,0.0,,2026-04-02 08:00:00,system,2026-04-02 08:00:00,system
5044,1171,4912,1,35,B26-P0035-005044,6,6.0,6.0,0.0,90.0,90.0,0.0,,2026-04-16 08:00:00,system,2026-04-16 08:00:00,system
5045,1171,4913,2,1301,B26-P1301-005045,6,3.0,3.0,0.0,15.0,15.0,0.0,,2026-04-16 08:00:00,system,2026-04-16 08:00:00,system
5046,1171,4914,3,311,B26-P0311-005046,6,2.0,2.0,0.0,40.0,40.0,0.0,,2026-04-16 08:00:00,system,2026-04-16 08:00:00,system
5047,1171,4917,4,1476,B26-P1476-005047,6,9.0,8.0,1.0,27.0,24.0,3.0,,2026-04-16 08:00:00,system,2026-04-16 08:00:00,system
5048,1171,4920,5,340,B26-P0340-005048,6,4.0,4.0,0.0,60.0,60.0,0.0,,2026-04-16 08:00:00,system,2026-04-16 08:00:00,system
5049,1171,4921,6,885,B26-P0885-005049,6,1.0,1.0,0.0,50.0,50.0,0.0,,2026-04-16 08:00:00,system,2026-04-16 08:00:00,system
5050,1171,4922,7,291,B26-P0291-005050,6,1.0,1.0,0.0,10.0,10.0,0.0,,2026-04-16 08:00:00,system,2026-04-16 08:00:00,system
5051,1171,4923,8,1339,B26-P1339-005051,6,6.0,6.0,0.0,330.0,330.0,0.0,,2026-04-16 08:00:00,system,2026-04-16 08:00:00,system
5052,1171,4924,9,1227,B26-P1227-005052,1,1.0,1.0,0.0,1000.0,1000.0,0.0,,2026-04-16 08:00:00,system,2026-04-16 08:00:00,system
5053,1172,4910,1,949,B26-P0949-005053,6,22.0,22.0,0.0,440.0,440.0,0.0,,2026-04-21 08:00:00,system,2026-04-21 08:00:00,system
5054,1172,4911,2,1239,B26-P1239-005054,6,1.0,1.0,0.0,10.0,10.0,0.0,,2026-04-21 08:00:00,system,2026-04-21 08:00:00,system
5055,1172,4913,3,1301,B26-P1301-005055,6,1.0,1.0,0.0,5.0,5.0,0.0,,2026-04-21 08:00:00,system,2026-04-21 08:00:00,system
5056,1172,4914,4,311,B26-P0311-005056,6,2.0,1.0,1.0,40.0,20.0,20.0,,2026-04-21 08:00:00,system,2026-04-21 08:00:00,system
5057,1172,4915,5,696,B26-P0696-005057,1,3.0,2.0,1.0,6000.0,4000.0,2000.0,,2026-04-21 08:00:00,system,2026-04-21 08:00:00,system
5058,1172,4916,6,109,B26-P0109-005058,6,2.0,2.0,0.0,360.0,360.0,0.0,,2026-04-21 08:00:00,system,2026-04-21 08:00:00,system
5059,1172,4917,7,1476,B26-P1476-005059,6,12.0,12.0,0.0,36.0,36.0,0.0,,2026-04-21 08:00:00,system,2026-04-21 08:00:00,system
5060,1172,4918,8,544,B26-P0544-005060,6,3.0,3.0,0.0,540.0,540.0,0.0,,2026-04-21 08:00:00,system,2026-04-21 08:00:00,system
5061,1172,4920,9,340,B26-P0340-005061,6,1.0,1.0,0.0,15.0,15.0,0.0,,2026-04-21 08:00:00,system,2026-04-21 08:00:00,system
5062,1172,4921,10,885,B26-P0885-005062,6,1.0,1.0,0.0,50.0,50.0,0.0,,2026-04-21 08:00:00,system,2026-04-21 08:00:00,system
5063,1172,4922,11,291,B26-P0291-005063,6,2.0,2.0,0.0,20.0,20.0,0.0,,2026-04-21 08:00:00,system,2026-04-21 08:00:00,system
5064,1172,4923,12,1339,B26-P1339-005064,6,3.0,3.0,0.0,165.0,165.0,0.0,,2026-04-21 08:00:00,system,2026-04-21 08:00:00,system
5065,1172,4924,13,1227,B26-P1227-005065,1,1.0,1.0,0.0,1000.0,1000.0,0.0,,2026-04-21 08:00:00,system,2026-04-21 08:00:00,system
5066,1173,4910,1,949,B26-P0949-005066,6,4.0,4.0,0.0,80.0,80.0,0.0,,2026-04-24 08:00:00,system,2026-04-24 08:00:00,system
5067,1173,4911,2,1239,B26-P1239-005067,6,2.0,2.0,0.0,20.0,20.0,0.0,,2026-04-24 08:00:00,system,2026-04-24 08:00:00,system
5068,1173,4912,3,35,B26-P0035-005068,6,4.0,4.0,0.0,60.0,60.0,0.0,,2026-04-24 08:00:00,system,2026-04-24 08:00:00,system
5069,1173,4913,4,1301,B26-P1301-005069,6,6.0,6.0,0.0,30.0,30.0,0.0,,2026-04-24 08:00:00,system,2026-04-24 08:00:00,system
5070,1173,4914,5,311,B26-P0311-005070,6,1.0,1.0,0.0,20.0,20.0,0.0,,2026-04-24 08:00:00,system,2026-04-24 08:00:00,system
5071,1173,4915,6,696,B26-P0696-005071,1,1.0,1.0,0.0,2000.0,2000.0,0.0,,2026-04-24 08:00:00,system,2026-04-24 08:00:00,system
5072,1173,4917,7,1476,B26-P1476-005072,6,3.0,3.0,0.0,9.0,9.0,0.0,,2026-04-24 08:00:00,system,2026-04-24 08:00:00,system
5073,1173,4920,8,340,B26-P0340-005073,6,6.0,6.0,0.0,90.0,90.0,0.0,,2026-04-24 08:00:00,system,2026-04-24 08:00:00,system
5074,1173,4922,9,291,B26-P0291-005074,6,1.0,1.0,0.0,10.0,10.0,0.0,,2026-04-24 08:00:00,system,2026-04-24 08:00:00,system
5075,1174,4925,1,306,B26-P0306-005075,6,33.0,33.0,0.0,39.6,39.6,0.0,,2026-04-01 08:00:00,system,2026-04-01 08:00:00,system
5076,1175,4926,1,466,B26-P0466-005076,6,32.0,32.0,0.0,320.0,320.0,0.0,,2026-02-28 08:00:00,system,2026-02-28 08:00:00,system
5077,1176,4932,1,50,B26-P0050-005077,6,3.0,3.0,0.0,45.0,45.0,0.0,,2026-06-21 08:00:00,system,2026-06-21 08:00:00,system
5078,1177,4933,1,1079,B26-P1079-005078,6,12.0,12.0,0.0,120.0,120.0,0.0,,2026-06-26 08:00:00,system,2026-06-26 08:00:00,system
5079,1177,4934,2,864,B26-P0864-005079,6,70.0,70.0,0.0,210.0,210.0,0.0,,2026-06-26 08:00:00,system,2026-06-26 08:00:00,system
5080,1177,4935,3,1121,B26-P1121-005080,6,24.0,24.0,0.0,240.0,240.0,0.0,,2026-06-26 08:00:00,system,2026-06-26 08:00:00,system
5081,1177,4936,4,718,B26-P0718-005081,1,6.0,6.0,0.0,3000.0,3000.0,0.0,,2026-06-26 08:00:00,system,2026-06-26 08:00:00,system
5082,1178,4937,1,1374,B26-P1374-005082,6,10.0,10.0,0.0,1800.0,1800.0,0.0,,2026-05-12 08:00:00,system,2026-05-12 08:00:00,system
5083,1179,4938,1,1372,B26-P1372-005083,6,2.0,2.0,0.0,100.0,100.0,0.0,,2026-02-03 08:00:00,system,2026-02-03 08:00:00,system
5084,1179,4939,2,1374,B26-P1374-005084,6,2.0,2.0,0.0,360.0,360.0,0.0,,2026-02-03 08:00:00,system,2026-02-03 08:00:00,system
5085,1179,4941,3,755,B26-P0755-005085,6,5.0,5.0,0.0,1050.0,1050.0,0.0,,2026-02-03 08:00:00,system,2026-02-03 08:00:00,system
5086,1179,4942,4,194,B26-P0194-005086,6,17.0,17.0,0.0,85.0,85.0,0.0,,2026-02-03 08:00:00,system,2026-02-03 08:00:00,system
5087,1179,4943,5,315,B26-P0315-005087,6,1.0,1.0,0.0,55.0,55.0,0.0,,2026-02-03 08:00:00,system,2026-02-03 08:00:00,system
5088,1179,4944,6,982,B26-P0982-005088,6,20.0,20.0,0.0,10.0,10.0,0.0,,2026-02-03 08:00:00,system,2026-02-03 08:00:00,system
5089,1179,4945,7,1159,B26-P1159-005089,6,13.0,13.0,0.0,65.0,65.0,0.0,,2026-02-03 08:00:00,system,2026-02-03 08:00:00,system
5090,1179,4946,8,65,B26-P0065-005090,6,8.0,8.0,0.0,120.0,120.0,0.0,,2026-02-03 08:00:00,system,2026-02-03 08:00:00,system
5091,1180,4939,1,1374,B26-P1374-005091,6,6.0,6.0,0.0,1080.0,1080.0,0.0,,2026-02-05 08:00:00,system,2026-02-05 08:00:00,system
5092,1180,4940,2,133,B26-P0133-005092,6,25.0,25.0,0.0,375.0,375.0,0.0,,2026-02-05 08:00:00,system,2026-02-05 08:00:00,system
5093,1180,4942,3,194,B26-P0194-005093,6,7.0,7.0,0.0,35.0,35.0,0.0,,2026-02-05 08:00:00,system,2026-02-05 08:00:00,system
5094,1180,4943,4,315,B26-P0315-005094,6,1.0,0.0,1.0,55.0,0.0,55.0,,2026-02-05 08:00:00,system,2026-02-05 08:00:00,system
5095,1180,4944,5,982,B26-P0982-005095,6,32.0,32.0,0.0,16.0,16.0,0.0,,2026-02-05 08:00:00,system,2026-02-05 08:00:00,system
5096,1180,4945,6,1159,B26-P1159-005096,6,31.0,31.0,0.0,155.0,155.0,0.0,,2026-02-05 08:00:00,system,2026-02-05 08:00:00,system
5097,1180,4946,7,65,B26-P0065-005097,6,16.0,16.0,0.0,240.0,240.0,0.0,,2026-02-05 08:00:00,system,2026-02-05 08:00:00,system
5098,1181,4947,1,1312,B26-P1312-005098,6,8.0,8.0,0.0,1440.0,1440.0,0.0,,2026-04-05 08:00:00,system,2026-04-05 08:00:00,system
5099,1181,4948,2,244,B26-P0244-005099,6,5.0,5.0,0.0,275.0,275.0,0.0,,2026-04-05 08:00:00,system,2026-04-05 08:00:00,system
5100,1182,4949,1,222,B26-P0222-005100,6,11.0,11.0,0.0,55.0,55.0,0.0,,2026-03-31 08:00:00,system,2026-03-31 08:00:00,system
5101,1182,4951,2,102,B26-P0102-005101,6,1.0,1.0,0.0,10.0,10.0,0.0,,2026-03-31 08:00:00,system,2026-03-31 08:00:00,system
5102,1182,4952,3,1336,B26-P1336-005102,6,9.0,9.0,0.0,9.0,9.0,0.0,,2026-03-31 08:00:00,system,2026-03-31 08:00:00,system
5103,1182,4953,4,1317,B26-P1317-005103,1,1.0,1.0,0.0,2000.0,2000.0,0.0,,2026-03-31 08:00:00,system,2026-03-31 08:00:00,system
5104,1182,4954,5,696,B26-P0696-005104,1,5.0,5.0,0.0,10000.0,10000.0,0.0,,2026-03-31 08:00:00,system,2026-03-31 08:00:00,system
5105,1182,4956,6,166,B26-P0166-005105,6,12.0,12.0,0.0,180.0,180.0,0.0,,2026-03-31 08:00:00,system,2026-03-31 08:00:00,system
5106,1182,4957,7,1207,B26-P1207-005106,6,2.0,1.0,1.0,10.0,5.0,5.0,,2026-03-31 08:00:00,system,2026-03-31 08:00:00,system
5107,1182,4958,8,285,B26-P0285-005107,1,3.0,3.0,0.0,3000.0,3000.0,0.0,,2026-03-31 08:00:00,system,2026-03-31 08:00:00,system
5108,1183,4949,1,222,B26-P0222-005108,6,13.0,13.0,0.0,65.0,65.0,0.0,,2026-04-04 08:00:00,system,2026-04-04 08:00:00,system
5109,1183,4950,2,845,B26-P0845-005109,6,3.0,3.0,0.0,630.0,630.0,0.0,,2026-04-04 08:00:00,system,2026-04-04 08:00:00,system
5110,1183,4951,3,102,B26-P0102-005110,6,4.0,4.0,0.0,40.0,40.0,0.0,,2026-04-04 08:00:00,system,2026-04-04 08:00:00,system
5111,1183,4952,4,1336,B26-P1336-005111,6,3.0,3.0,0.0,3.0,3.0,0.0,,2026-04-04 08:00:00,system,2026-04-04 08:00:00,system
5112,1183,4954,5,696,B26-P0696-005112,1,1.0,0.0,1.0,2000.0,0.0,2000.0,,2026-04-04 08:00:00,system,2026-04-04 08:00:00,system
5113,1183,4955,6,1325,B26-P1325-005113,1,6.0,6.0,0.0,12000.0,12000.0,0.0,,2026-04-04 08:00:00,system,2026-04-04 08:00:00,system
5114,1183,4956,7,166,B26-P0166-005114,6,8.0,8.0,0.0,120.0,120.0,0.0,,2026-04-04 08:00:00,system,2026-04-04 08:00:00,system
5115,1183,4957,8,1207,B26-P1207-005115,6,68.0,68.0,0.0,340.0,340.0,0.0,,2026-04-04 08:00:00,system,2026-04-04 08:00:00,system
5116,1183,4958,9,285,B26-P0285-005116,1,1.0,1.0,0.0,1000.0,1000.0,0.0,,2026-04-04 08:00:00,system,2026-04-04 08:00:00,system
5117,1183,4959,10,1330,B26-P1330-005117,6,4.0,4.0,0.0,720.0,720.0,0.0,,2026-04-04 08:00:00,system,2026-04-04 08:00:00,system
5118,1184,4963,1,1375,B26-P1375-005118,6,1.0,1.0,0.0,210.0,210.0,0.0,,2026-03-14 08:00:00,system,2026-03-14 08:00:00,system
5119,1184,4964,2,961,B26-P0961-005119,6,18.0,18.0,0.0,180.0,180.0,0.0,,2026-03-14 08:00:00,system,2026-03-14 08:00:00,system
5120,1185,4962,1,1227,B26-P1227-005120,1,6.0,5.0,1.0,6000.0,5000.0,1000.0,,2026-03-18 08:00:00,system,2026-03-18 08:00:00,system
5121,1185,4963,2,1375,B26-P1375-005121,6,2.0,2.0,0.0,420.0,420.0,0.0,,2026-03-18 08:00:00,system,2026-03-18 08:00:00,system
5122,1185,4964,3,961,B26-P0961-005122,6,10.0,10.0,0.0,100.0,100.0,0.0,,2026-03-18 08:00:00,system,2026-03-18 08:00:00,system
5123,1186,4967,1,46,B26-P0046-005123,6,14.0,14.0,0.0,16.8,16.8,0.0,,2026-06-14 08:00:00,system,2026-06-14 08:00:00,system
5124,1186,4968,2,1337,B26-P1337-005124,6,9.0,9.0,0.0,45.0,45.0,0.0,,2026-06-14 08:00:00,system,2026-06-14 08:00:00,system
5125,1186,4969,3,210,B26-P0210-005125,6,5.0,5.0,0.0,100.0,100.0,0.0,,2026-06-14 08:00:00,system,2026-06-14 08:00:00,system
5126,1186,4971,4,246,B26-P0246-005126,6,3.0,3.0,0.0,630.0,630.0,0.0,,2026-06-14 08:00:00,system,2026-06-14 08:00:00,system
5127,1186,4973,5,429,B26-P0429-005127,6,1.0,1.0,0.0,30.0,30.0,0.0,,2026-06-14 08:00:00,system,2026-06-14 08:00:00,system
5128,1186,4975,6,1212,B26-P1212-005128,1,1.0,1.0,0.0,1000.0,1000.0,0.0,,2026-06-14 08:00:00,system,2026-06-14 08:00:00,system
5129,1186,4976,7,671,B26-P0671-005129,6,2.0,1.0,1.0,20.0,10.0,10.0,,2026-06-14 08:00:00,system,2026-06-14 08:00:00,system
5130,1186,4977,8,983,B26-P0983-005130,6,5.0,5.0,0.0,5.0,5.0,0.0,,2026-06-14 08:00:00,system,2026-06-14 08:00:00,system
5131,1186,4978,9,151,B26-P0151-005131,6,22.0,22.0,0.0,330.0,330.0,0.0,,2026-06-14 08:00:00,system,2026-06-14 08:00:00,system
5132,1187,4966,1,380,B26-P0380-005132,6,1.0,1.0,0.0,210.0,210.0,0.0,,2026-06-19 08:00:00,system,2026-06-19 08:00:00,system
5133,1187,4967,2,46,B26-P0046-005133,6,21.0,21.0,0.0,25.2,25.2,0.0,,2026-06-19 08:00:00,system,2026-06-19 08:00:00,system
5134,1187,4968,3,1337,B26-P1337-005134,6,18.0,18.0,0.0,90.0,90.0,0.0,,2026-06-19 08:00:00,system,2026-06-19 08:00:00,system
5135,1187,4969,4,210,B26-P0210-005135,6,5.0,5.0,0.0,100.0,100.0,0.0,,2026-06-19 08:00:00,system,2026-06-19 08:00:00,system
5136,1187,4971,5,246,B26-P0246-005136,6,2.0,2.0,0.0,420.0,420.0,0.0,,2026-06-19 08:00:00,system,2026-06-19 08:00:00,system
5137,1187,4972,6,354,B26-P0354-005137,6,12.0,12.0,0.0,14.4,14.4,0.0,,2026-06-19 08:00:00,system,2026-06-19 08:00:00,system
5138,1187,4973,7,429,B26-P0429-005138,6,4.0,4.0,0.0,120.0,120.0,0.0,,2026-06-19 08:00:00,system,2026-06-19 08:00:00,system
5139,1187,4976,8,671,B26-P0671-005139,6,19.0,19.0,0.0,190.0,190.0,0.0,,2026-06-19 08:00:00,system,2026-06-19 08:00:00,system
5140,1187,4977,9,983,B26-P0983-005140,6,4.0,4.0,0.0,4.0,4.0,0.0,,2026-06-19 08:00:00,system,2026-06-19 08:00:00,system
5141,1187,4978,10,151,B26-P0151-005141,6,3.0,3.0,0.0,45.0,45.0,0.0,,2026-06-19 08:00:00,system,2026-06-19 08:00:00,system
5142,1188,4967,1,46,B26-P0046-005142,6,21.0,21.0,0.0,25.2,25.2,0.0,,2026-06-23 08:00:00,system,2026-06-23 08:00:00,system
5143,1188,4968,2,1337,B26-P1337-005143,6,1.0,1.0,0.0,5.0,5.0,0.0,,2026-06-23 08:00:00,system,2026-06-23 08:00:00,system
5144,1188,4970,3,755,B26-P0755-005144,6,1.0,1.0,0.0,210.0,210.0,0.0,,2026-06-23 08:00:00,system,2026-06-23 08:00:00,system
5145,1188,4972,4,354,B26-P0354-005145,6,27.0,27.0,0.0,32.4,32.4,0.0,,2026-06-23 08:00:00,system,2026-06-23 08:00:00,system
5146,1188,4973,5,429,B26-P0429-005146,6,2.0,2.0,0.0,60.0,60.0,0.0,,2026-06-23 08:00:00,system,2026-06-23 08:00:00,system
5147,1188,4974,6,1396,B26-P1396-005147,6,12.0,12.0,0.0,180.0,180.0,0.0,,2026-06-23 08:00:00,system,2026-06-23 08:00:00,system
5148,1188,4975,7,1212,B26-P1212-005148,1,3.0,3.0,0.0,3000.0,3000.0,0.0,,2026-06-23 08:00:00,system,2026-06-23 08:00:00,system
5149,1188,4976,8,671,B26-P0671-005149,6,3.0,3.0,0.0,30.0,30.0,0.0,,2026-06-23 08:00:00,system,2026-06-23 08:00:00,system
5150,1188,4977,9,983,B26-P0983-005150,6,3.0,2.0,1.0,3.0,2.0,1.0,,2026-06-23 08:00:00,system,2026-06-23 08:00:00,system
5151,1189,4979,1,1153,B26-P1153-005151,6,30.0,30.0,0.0,600.0,600.0,0.0,,2026-06-03 08:00:00,system,2026-06-03 08:00:00,system
5152,1189,4980,2,1247,B26-P1247-005152,6,11.0,10.0,1.0,110.0,100.0,10.0,,2026-06-03 08:00:00,system,2026-06-03 08:00:00,system
5153,1189,4981,3,1369,B26-P1369-005153,1,5.0,5.0,0.0,10000.0,10000.0,0.0,,2026-06-03 08:00:00,system,2026-06-03 08:00:00,system
5154,1189,4983,4,99,B26-P0099-005154,6,1.0,1.0,0.0,1.2,1.2,0.0,,2026-06-03 08:00:00,system,2026-06-03 08:00:00,system
5155,1190,4984,1,740,B26-P0740-005155,6,11.0,11.0,0.0,275.0,275.0,0.0,,2026-01-11 08:00:00,system,2026-01-11 08:00:00,system
5156,1191,4984,1,740,B26-P0740-005156,6,3.0,3.0,0.0,75.0,75.0,0.0,,2026-01-15 08:00:00,system,2026-01-15 08:00:00,system
5157,1191,4985,2,1376,B26-P1376-005157,1,4.0,4.0,0.0,2000.0,2000.0,0.0,,2026-01-15 08:00:00,system,2026-01-15 08:00:00,system
5158,1192,4986,1,1157,B26-P1157-005158,6,36.0,36.0,0.0,36.0,36.0,0.0,,2026-06-05 08:00:00,system,2026-06-05 08:00:00,system
5159,1193,4987,1,57,B26-P0057-005159,6,5.0,5.0,0.0,1050.0,1050.0,0.0,,2026-04-29 08:00:00,system,2026-04-29 08:00:00,system
5160,1193,4988,2,483,B26-P0483-005160,6,10.0,10.0,0.0,200.0,200.0,0.0,,2026-04-29 08:00:00,system,2026-04-29 08:00:00,system
5161,1194,4989,1,87,B26-P0087-005161,6,1.0,1.0,0.0,10.0,10.0,0.0,,2026-01-15 08:00:00,system,2026-01-15 08:00:00,system
5162,1195,4991,1,861,B26-P0861-005162,1,2.0,2.0,0.0,1000.0,1000.0,0.0,,2026-01-28 08:00:00,system,2026-01-28 08:00:00,system
5163,1195,4992,2,1363,B26-P1363-005163,6,39.0,39.0,0.0,195.0,195.0,0.0,,2026-01-28 08:00:00,system,2026-01-28 08:00:00,system
5164,1195,4993,3,10,B26-P0010-005164,6,2.0,2.0,0.0,110.0,110.0,0.0,,2026-01-28 08:00:00,system,2026-01-28 08:00:00,system
5165,1195,4994,4,1068,B26-P1068-005165,6,12.0,12.0,0.0,24.0,24.0,0.0,,2026-01-28 08:00:00,system,2026-01-28 08:00:00,system
5166,1195,4995,5,1298,B26-P1298-005166,1,2.0,2.0,0.0,2000.0,2000.0,0.0,,2026-01-28 08:00:00,system,2026-01-28 08:00:00,system
5167,1195,4996,6,1159,B26-P1159-005167,6,40.0,40.0,0.0,200.0,200.0,0.0,,2026-01-28 08:00:00,system,2026-01-28 08:00:00,system
5168,1196,5001,1,552,B26-P0552-005168,6,1.0,1.0,0.0,10.0,10.0,0.0,,2026-04-28 08:00:00,system,2026-04-28 08:00:00,system
5169,1196,5002,2,970,B26-P0970-005169,1,1.0,0.0,1.0,500.0,0.0,500.0,,2026-04-28 08:00:00,system,2026-04-28 08:00:00,system
5170,1197,4998,1,1129,B26-P1129-005170,6,1.0,1.0,0.0,5.0,5.0,0.0,,2026-05-03 08:00:00,system,2026-05-03 08:00:00,system
5171,1197,5000,2,1053,B26-P1053-005171,6,1.0,1.0,0.0,50.0,50.0,0.0,,2026-05-03 08:00:00,system,2026-05-03 08:00:00,system
5172,1198,5003,1,822,B26-P0822-005172,6,30.0,30.0,0.0,150.0,150.0,0.0,,2026-03-08 08:00:00,system,2026-03-08 08:00:00,system
5173,1198,5004,2,1078,B26-P1078-005173,6,65.0,65.0,0.0,325.0,325.0,0.0,,2026-03-08 08:00:00,system,2026-03-08 08:00:00,system
5174,1198,5005,3,1159,B26-P1159-005174,6,11.0,11.0,0.0,55.0,55.0,0.0,,2026-03-08 08:00:00,system,2026-03-08 08:00:00,system
5175,1199,5011,1,991,B26-P0991-005175,6,31.0,31.0,0.0,15.5,15.5,0.0,,2026-02-24 08:00:00,system,2026-02-24 08:00:00,system
5176,1199,5012,2,1116,B26-P1116-005176,6,7.0,7.0,0.0,2.8,2.8,0.0,,2026-02-24 08:00:00,system,2026-02-24 08:00:00,system
5177,1199,5013,3,1363,B26-P1363-005177,6,20.0,20.0,0.0,100.0,100.0,0.0,,2026-02-24 08:00:00,system,2026-02-24 08:00:00,system
5178,1199,5014,4,293,B26-P0293-005178,6,13.0,13.0,0.0,260.0,260.0,0.0,,2026-02-24 08:00:00,system,2026-02-24 08:00:00,system
5179,1199,5015,5,886,B26-P0886-005179,6,5.0,5.0,0.0,275.0,275.0,0.0,,2026-02-24 08:00:00,system,2026-02-24 08:00:00,system
5180,1199,5016,6,989,B26-P0989-005180,6,3.0,3.0,0.0,540.0,540.0,0.0,,2026-02-24 08:00:00,system,2026-02-24 08:00:00,system
5181,1199,5017,7,335,B26-P0335-005181,6,21.0,20.0,1.0,21.0,20.0,1.0,,2026-02-24 08:00:00,system,2026-02-24 08:00:00,system
5182,1199,5018,8,1048,B26-P1048-005182,6,13.0,13.0,0.0,13.0,13.0,0.0,,2026-02-24 08:00:00,system,2026-02-24 08:00:00,system
5183,1200,5011,1,991,B26-P0991-005183,6,9.0,9.0,0.0,4.5,4.5,0.0,,2026-03-01 08:00:00,system,2026-03-01 08:00:00,system
5184,1200,5012,2,1116,B26-P1116-005184,6,19.0,19.0,0.0,7.6,7.6,0.0,,2026-03-01 08:00:00,system,2026-03-01 08:00:00,system
5185,1200,5013,3,1363,B26-P1363-005185,6,45.0,45.0,0.0,225.0,225.0,0.0,,2026-03-01 08:00:00,system,2026-03-01 08:00:00,system
5186,1200,5014,4,293,B26-P0293-005186,6,5.0,5.0,0.0,100.0,100.0,0.0,,2026-03-01 08:00:00,system,2026-03-01 08:00:00,system
5187,1200,5015,5,886,B26-P0886-005187,6,5.0,5.0,0.0,275.0,275.0,0.0,,2026-03-01 08:00:00,system,2026-03-01 08:00:00,system
5188,1200,5016,6,989,B26-P0989-005188,6,7.0,7.0,0.0,1260.0,1260.0,0.0,,2026-03-01 08:00:00,system,2026-03-01 08:00:00,system
5189,1200,5017,7,335,B26-P0335-005189,6,12.0,12.0,0.0,12.0,12.0,0.0,,2026-03-01 08:00:00,system,2026-03-01 08:00:00,system
5190,1200,5018,8,1048,B26-P1048-005190,6,9.0,9.0,0.0,9.0,9.0,0.0,,2026-03-01 08:00:00,system,2026-03-01 08:00:00,system
5191,1201,5019,1,1179,B26-P1179-005191,6,14.0,14.0,0.0,70.0,70.0,0.0,,2026-01-23 08:00:00,system,2026-01-23 08:00:00,system
5192,1201,5020,2,1335,B26-P1335-005192,6,22.0,21.0,1.0,110.0,105.0,5.0,,2026-01-23 08:00:00,system,2026-01-23 08:00:00,system
5193,1201,5021,3,1393,B26-P1393-005193,6,28.0,28.0,0.0,84.0,84.0,0.0,,2026-01-23 08:00:00,system,2026-01-23 08:00:00,system
5194,1202,5022,1,151,B26-P0151-005194,6,1.0,1.0,0.0,15.0,15.0,0.0,,2026-05-09 08:00:00,system,2026-05-09 08:00:00,system
5195,1202,5023,2,821,B26-P0821-005195,6,6.0,6.0,0.0,18.0,18.0,0.0,,2026-05-09 08:00:00,system,2026-05-09 08:00:00,system
5196,1203,5024,1,1322,B26-P1322-005196,6,9.0,9.0,0.0,1620.0,1620.0,0.0,,2026-06-20 08:00:00,system,2026-06-20 08:00:00,system
5197,1203,5025,2,556,B26-P0556-005197,6,2.0,2.0,0.0,60.0,60.0,0.0,,2026-06-20 08:00:00,system,2026-06-20 08:00:00,system
5198,1203,5026,3,766,B26-P0766-005198,6,3.0,3.0,0.0,150.0,150.0,0.0,,2026-06-20 08:00:00,system,2026-06-20 08:00:00,system
5199,1203,5027,4,728,B26-P0728-005199,6,2.0,2.0,0.0,100.0,100.0,0.0,,2026-06-20 08:00:00,system,2026-06-20 08:00:00,system
5200,1204,5024,1,1322,B26-P1322-005200,6,1.0,1.0,0.0,180.0,180.0,0.0,,2026-06-25 08:00:00,system,2026-06-25 08:00:00,system
5201,1204,5025,2,556,B26-P0556-005201,6,18.0,18.0,0.0,540.0,540.0,0.0,,2026-06-25 08:00:00,system,2026-06-25 08:00:00,system
5202,1204,5026,3,766,B26-P0766-005202,6,5.0,5.0,0.0,250.0,250.0,0.0,,2026-06-25 08:00:00,system,2026-06-25 08:00:00,system
5203,1204,5027,4,728,B26-P0728-005203,6,4.0,4.0,0.0,200.0,200.0,0.0,,2026-06-25 08:00:00,system,2026-06-25 08:00:00,system
5204,1205,5028,1,679,B26-P0679-005204,6,2.0,2.0,0.0,420.0,420.0,0.0,,2026-06-23 08:00:00,system,2026-06-23 08:00:00,system
5205,1206,5034,1,1059,B26-P1059-005205,6,60.0,60.0,0.0,300.0,300.0,0.0,,2026-01-28 08:00:00,system,2026-01-28 08:00:00,system
5206,1207,5039,1,193,B26-P0193-005206,6,19.0,19.0,0.0,57.0,57.0,0.0,,2026-01-20 08:00:00,system,2026-01-20 08:00:00,system
5207,1207,5042,2,1132,B26-P1132-005207,6,1.0,1.0,0.0,50.0,50.0,0.0,,2026-01-20 08:00:00,system,2026-01-20 08:00:00,system
5208,1207,5043,3,50,B26-P0050-005208,6,5.0,5.0,0.0,75.0,75.0,0.0,,2026-01-20 08:00:00,system,2026-01-20 08:00:00,system
5209,1208,5035,1,668,B26-P0668-005209,6,2.0,2.0,0.0,360.0,360.0,0.0,,2026-01-21 08:00:00,system,2026-01-21 08:00:00,system
5210,1208,5036,2,311,B26-P0311-005210,6,21.0,21.0,0.0,420.0,420.0,0.0,,2026-01-21 08:00:00,system,2026-01-21 08:00:00,system
5211,1208,5038,3,1465,B26-P1465-005211,1,8.0,8.0,0.0,8000.0,8000.0,0.0,,2026-01-21 08:00:00,system,2026-01-21 08:00:00,system
5212,1208,5039,4,193,B26-P0193-005212,6,10.0,10.0,0.0,30.0,30.0,0.0,,2026-01-21 08:00:00,system,2026-01-21 08:00:00,system
5213,1208,5040,5,212,B26-P0212-005213,6,22.0,22.0,0.0,660.0,660.0,0.0,,2026-01-21 08:00:00,system,2026-01-21 08:00:00,system
5214,1208,5041,6,255,B26-P0255-005214,1,2.0,2.0,0.0,2000.0,2000.0,0.0,,2026-01-21 08:00:00,system,2026-01-21 08:00:00,system
5215,1208,5043,7,50,B26-P0050-005215,6,9.0,9.0,0.0,135.0,135.0,0.0,,2026-01-21 08:00:00,system,2026-01-21 08:00:00,system
5216,1209,5045,1,1111,B26-P1111-005216,6,96.0,96.0,0.0,38.4,38.4,0.0,,2026-04-11 08:00:00,system,2026-04-11 08:00:00,system
5217,1209,5046,2,1500,B26-P1500-005217,6,3.0,3.0,0.0,630.0,630.0,0.0,,2026-04-11 08:00:00,system,2026-04-11 08:00:00,system
5218,1209,5047,3,1249,B26-P1249-005218,6,9.0,9.0,0.0,495.0,495.0,0.0,,2026-04-11 08:00:00,system,2026-04-11 08:00:00,system
5219,1210,5048,1,306,B26-P0306-005219,6,10.0,10.0,0.0,12.0,12.0,0.0,,2026-05-27 08:00:00,system,2026-05-27 08:00:00,system
5220,1210,5049,2,1101,B26-P1101-005220,6,2.0,1.0,1.0,360.0,180.0,180.0,,2026-05-27 08:00:00,system,2026-05-27 08:00:00,system
5221,1210,5050,3,1036,B26-P1036-005221,6,1.0,1.0,0.0,180.0,180.0,0.0,,2026-05-27 08:00:00,system,2026-05-27 08:00:00,system
5222,1210,5053,4,1296,B26-P1296-005222,6,4.0,4.0,0.0,720.0,720.0,0.0,,2026-05-27 08:00:00,system,2026-05-27 08:00:00,system
5223,1210,5054,5,165,B26-P0165-005223,6,7.0,7.0,0.0,70.0,70.0,0.0,,2026-05-27 08:00:00,system,2026-05-27 08:00:00,system
5224,1210,5056,6,155,B26-P0155-005224,6,1.0,1.0,0.0,50.0,50.0,0.0,,2026-05-27 08:00:00,system,2026-05-27 08:00:00,system
5225,1210,5057,7,1311,B26-P1311-005225,6,5.0,5.0,0.0,275.0,275.0,0.0,,2026-05-27 08:00:00,system,2026-05-27 08:00:00,system
5226,1211,5048,1,306,B26-P0306-005226,6,43.0,43.0,0.0,51.6,51.6,0.0,,2026-05-30 08:00:00,system,2026-05-30 08:00:00,system
5227,1211,5052,2,915,B26-P0915-005227,6,8.0,8.0,0.0,440.0,440.0,0.0,,2026-05-30 08:00:00,system,2026-05-30 08:00:00,system
5228,1211,5053,3,1296,B26-P1296-005228,6,1.0,1.0,0.0,180.0,180.0,0.0,,2026-05-30 08:00:00,system,2026-05-30 08:00:00,system
5229,1211,5054,4,165,B26-P0165-005229,6,3.0,3.0,0.0,30.0,30.0,0.0,,2026-05-30 08:00:00,system,2026-05-30 08:00:00,system
5230,1211,5056,5,155,B26-P0155-005230,6,5.0,5.0,0.0,250.0,250.0,0.0,,2026-05-30 08:00:00,system,2026-05-30 08:00:00,system
5231,1212,5048,1,306,B26-P0306-005231,6,7.0,7.0,0.0,8.4,8.4,0.0,,2026-06-03 08:00:00,system,2026-06-03 08:00:00,system
5232,1212,5050,2,1036,B26-P1036-005232,6,1.0,1.0,0.0,180.0,180.0,0.0,,2026-06-03 08:00:00,system,2026-06-03 08:00:00,system
5233,1212,5051,3,1424,B26-P1424-005233,6,20.0,20.0,0.0,300.0,300.0,0.0,,2026-06-03 08:00:00,system,2026-06-03 08:00:00,system
5234,1212,5053,4,1296,B26-P1296-005234,6,5.0,5.0,0.0,900.0,900.0,0.0,,2026-06-03 08:00:00,system,2026-06-03 08:00:00,system
5235,1212,5054,5,165,B26-P0165-005235,6,15.0,15.0,0.0,150.0,150.0,0.0,,2026-06-03 08:00:00,system,2026-06-03 08:00:00,system
5236,1212,5055,6,565,B26-P0565-005236,6,15.0,15.0,0.0,75.0,75.0,0.0,,2026-06-03 08:00:00,system,2026-06-03 08:00:00,system
5237,1212,5056,7,155,B26-P0155-005237,6,2.0,2.0,0.0,100.0,100.0,0.0,,2026-06-03 08:00:00,system,2026-06-03 08:00:00,system
5238,1212,5057,8,1311,B26-P1311-005238,6,5.0,5.0,0.0,275.0,275.0,0.0,,2026-06-03 08:00:00,system,2026-06-03 08:00:00,system
5239,1213,5058,1,1086,B26-P1086-005239,6,33.0,33.0,0.0,66.0,66.0,0.0,,2026-07-07 08:00:00,system,2026-07-07 08:00:00,system
5240,1213,5059,2,997,B26-P0997-005240,6,8.0,8.0,0.0,400.0,400.0,0.0,,2026-07-07 08:00:00,system,2026-07-07 08:00:00,system
5241,1213,5060,3,1201,B26-P1201-005241,6,14.0,14.0,0.0,280.0,280.0,0.0,,2026-07-07 08:00:00,system,2026-07-07 08:00:00,system
5242,1213,5061,4,500,B26-P0500-005242,6,7.0,7.0,0.0,210.0,210.0,0.0,,2026-07-07 08:00:00,system,2026-07-07 08:00:00,system
5243,1213,5062,5,1333,B26-P1333-005243,1,2.0,2.0,0.0,4000.0,4000.0,0.0,,2026-07-07 08:00:00,system,2026-07-07 08:00:00,system
5244,1213,5063,6,1295,B26-P1295-005244,6,6.0,6.0,0.0,120.0,120.0,0.0,,2026-07-07 08:00:00,system,2026-07-07 08:00:00,system
5245,1214,5064,1,208,B26-P0208-005245,6,21.0,20.0,1.0,210.0,200.0,10.0,,2026-06-11 08:00:00,system,2026-06-11 08:00:00,system
5246,1214,5065,2,713,B26-P0713-005246,6,28.0,28.0,0.0,840.0,840.0,0.0,,2026-06-11 08:00:00,system,2026-06-11 08:00:00,system
5247,1215,5066,1,482,B26-P0482-005247,6,15.0,15.0,0.0,225.0,225.0,0.0,,2026-01-15 08:00:00,system,2026-01-15 08:00:00,system
5248,1216,5066,1,482,B26-P0482-005248,6,20.0,20.0,0.0,300.0,300.0,0.0,,2026-01-17 08:00:00,system,2026-01-17 08:00:00,system
5249,1216,5067,2,189,B26-P0189-005249,1,2.0,2.0,0.0,2000.0,2000.0,0.0,,2026-01-17 08:00:00,system,2026-01-17 08:00:00,system
5250,1216,5068,3,845,B26-P0845-005250,6,4.0,3.0,1.0,840.0,630.0,210.0,,2026-01-17 08:00:00,system,2026-01-17 08:00:00,system
5251,1217,5073,1,568,B26-P0568-005251,6,32.0,32.0,0.0,640.0,640.0,0.0,,2026-02-20 08:00:00,system,2026-02-20 08:00:00,system
5252,1217,5074,2,654,B26-P0654-005252,6,2.0,2.0,0.0,360.0,360.0,0.0,,2026-02-20 08:00:00,system,2026-02-20 08:00:00,system
5253,1217,5075,3,1375,B26-P1375-005253,6,3.0,3.0,0.0,630.0,630.0,0.0,,2026-02-20 08:00:00,system,2026-02-20 08:00:00,system
5254,1217,5076,4,208,B26-P0208-005254,6,7.0,7.0,0.0,70.0,70.0,0.0,,2026-02-20 08:00:00,system,2026-02-20 08:00:00,system
5255,1217,5077,5,1073,B26-P1073-005255,6,6.0,6.0,0.0,1080.0,1080.0,0.0,,2026-02-20 08:00:00,system,2026-02-20 08:00:00,system
5256,1218,5078,1,1278,B26-P1278-005256,6,22.0,21.0,1.0,110.0,105.0,5.0,,2026-07-01 08:00:00,system,2026-07-01 08:00:00,system
5257,1218,5079,2,1334,B26-P1334-005257,6,56.0,56.0,0.0,56.0,56.0,0.0,,2026-07-01 08:00:00,system,2026-07-01 08:00:00,system
5258,1218,5080,3,89,B26-P0089-005258,6,7.0,7.0,0.0,140.0,140.0,0.0,,2026-07-01 08:00:00,system,2026-07-01 08:00:00,system
5259,1218,5081,4,756,B26-P0756-005259,1,4.0,4.0,0.0,2000.0,2000.0,0.0,,2026-07-01 08:00:00,system,2026-07-01 08:00:00,system
5260,1218,5082,5,295,B26-P0295-005260,6,10.0,10.0,0.0,300.0,300.0,0.0,,2026-07-01 08:00:00,system,2026-07-01 08:00:00,system
5261,1218,5083,6,1359,B26-P1359-005261,6,3.0,3.0,0.0,630.0,630.0,0.0,,2026-07-01 08:00:00,system,2026-07-01 08:00:00,system
5262,1219,5084,1,288,B26-P0288-005262,6,37.0,37.0,0.0,44.4,44.4,0.0,,2026-02-21 08:00:00,system,2026-02-21 08:00:00,system
5263,1219,5085,2,835,B26-P0835-005263,6,6.0,6.0,0.0,18.0,18.0,0.0,,2026-02-21 08:00:00,system,2026-02-21 08:00:00,system
5264,1219,5086,3,532,B26-P0532-005264,1,7.0,7.0,0.0,3500.0,3500.0,0.0,,2026-02-21 08:00:00,system,2026-02-21 08:00:00,system
5265,1219,5087,4,1414,B26-P1414-005265,6,1.0,1.0,0.0,50.0,50.0,0.0,,2026-02-21 08:00:00,system,2026-02-21 08:00:00,system
5266,1219,5088,5,579,B26-P0579-005266,6,1.0,1.0,0.0,5.0,5.0,0.0,,2026-02-21 08:00:00,system,2026-02-21 08:00:00,system
5267,1220,5084,1,288,B26-P0288-005267,6,15.0,15.0,0.0,18.0,18.0,0.0,,2026-02-23 08:00:00,system,2026-02-23 08:00:00,system
5268,1220,5085,2,835,B26-P0835-005268,6,7.0,7.0,0.0,21.0,21.0,0.0,,2026-02-23 08:00:00,system,2026-02-23 08:00:00,system
5269,1220,5086,3,532,B26-P0532-005269,1,1.0,1.0,0.0,500.0,500.0,0.0,,2026-02-23 08:00:00,system,2026-02-23 08:00:00,system
5270,1220,5087,4,1414,B26-P1414-005270,6,5.0,5.0,0.0,250.0,250.0,0.0,,2026-02-23 08:00:00,system,2026-02-23 08:00:00,system
5271,1220,5088,5,579,B26-P0579-005271,6,6.0,5.0,1.0,30.0,25.0,5.0,,2026-02-23 08:00:00,system,2026-02-23 08:00:00,system
5272,1221,5089,1,1455,B26-P1455-005272,6,8.0,8.0,0.0,80.0,80.0,0.0,,2026-06-10 08:00:00,system,2026-06-10 08:00:00,system
5273,1222,5090,1,857,B26-P0857-005273,6,2.0,2.0,0.0,100.0,100.0,0.0,,2026-05-01 08:00:00,system,2026-05-01 08:00:00,system
5274,1222,5091,2,212,B26-P0212-005274,6,24.0,24.0,0.0,720.0,720.0,0.0,,2026-05-01 08:00:00,system,2026-05-01 08:00:00,system
5275,1223,5093,1,104,B26-P0104-005275,6,9.0,9.0,0.0,180.0,180.0,0.0,,2026-04-22 08:00:00,system,2026-04-22 08:00:00,system
5276,1223,5094,2,434,B26-P0434-005276,6,9.0,9.0,0.0,135.0,135.0,0.0,,2026-04-22 08:00:00,system,2026-04-22 08:00:00,system
5277,1223,5095,3,1499,B26-P1499-005277,6,6.0,6.0,0.0,1080.0,1080.0,0.0,,2026-04-22 08:00:00,system,2026-04-22 08:00:00,system
5278,1224,5093,1,104,B26-P0104-005278,6,5.0,5.0,0.0,100.0,100.0,0.0,,2026-04-25 08:00:00,system,2026-04-25 08:00:00,system
5279,1224,5094,2,434,B26-P0434-005279,6,19.0,19.0,0.0,285.0,285.0,0.0,,2026-04-25 08:00:00,system,2026-04-25 08:00:00,system
5280,1224,5095,3,1499,B26-P1499-005280,6,4.0,4.0,0.0,720.0,720.0,0.0,,2026-04-25 08:00:00,system,2026-04-25 08:00:00,system
5281,1225,5096,1,273,B26-P0273-005281,6,25.0,25.0,0.0,30.0,30.0,0.0,,2026-01-21 08:00:00,system,2026-01-21 08:00:00,system
5282,1225,5097,2,735,B26-P0735-005282,6,13.0,13.0,0.0,39.0,39.0,0.0,,2026-01-21 08:00:00,system,2026-01-21 08:00:00,system
5283,1225,5098,3,908,B26-P0908-005283,6,2.0,2.0,0.0,10.0,10.0,0.0,,2026-01-21 08:00:00,system,2026-01-21 08:00:00,system
5284,1226,5099,1,1148,B26-P1148-005284,1,7.0,7.0,0.0,7000.0,7000.0,0.0,,2026-04-15 08:00:00,system,2026-04-15 08:00:00,system
5285,1226,5100,2,546,B26-P0546-005285,6,1.0,1.0,0.0,210.0,210.0,0.0,,2026-04-15 08:00:00,system,2026-04-15 08:00:00,system
5286,1227,5101,1,500,B26-P0500-005286,6,5.0,5.0,0.0,150.0,150.0,0.0,,2026-04-01 08:00:00,system,2026-04-01 08:00:00,system
5287,1228,5102,1,1427,B26-P1427-005287,1,2.0,2.0,0.0,1000.0,1000.0,0.0,,2026-03-30 08:00:00,system,2026-03-30 08:00:00,system
5288,1228,5103,2,1015,B26-P1015-005288,6,10.0,10.0,0.0,180.0,180.0,0.0,,2026-03-30 08:00:00,system,2026-03-30 08:00:00,system
5289,1229,5102,1,1427,B26-P1427-005289,1,1.0,1.0,0.0,500.0,500.0,0.0,,2026-04-03 08:00:00,system,2026-04-03 08:00:00,system
5290,1229,5103,2,1015,B26-P1015-005290,6,10.0,10.0,0.0,180.0,180.0,0.0,,2026-04-03 08:00:00,system,2026-04-03 08:00:00,system
5291,1230,5104,1,1038,B26-P1038-005291,6,33.0,33.0,0.0,16.5,16.5,0.0,,2026-02-12 08:00:00,system,2026-02-12 08:00:00,system
5292,1230,5105,2,1190,B26-P1190-005292,6,4.0,4.0,0.0,220.0,220.0,0.0,,2026-02-12 08:00:00,system,2026-02-12 08:00:00,system
5293,1230,5106,3,203,B26-P0203-005293,6,14.0,14.0,0.0,11.2,11.2,0.0,,2026-02-12 08:00:00,system,2026-02-12 08:00:00,system
5294,1231,5111,1,672,B26-P0672-005294,6,5.0,5.0,0.0,75.0,75.0,0.0,,2026-01-25 08:00:00,system,2026-01-25 08:00:00,system
5295,1231,5113,2,844,B26-P0844-005295,6,1.0,1.0,0.0,180.0,180.0,0.0,,2026-01-25 08:00:00,system,2026-01-25 08:00:00,system
5296,1231,5114,3,1109,B26-P1109-005296,6,6.0,6.0,0.0,300.0,300.0,0.0,,2026-01-25 08:00:00,system,2026-01-25 08:00:00,system
5297,1232,5115,1,409,B26-P0409-005297,6,5.0,4.0,1.0,25.0,20.0,5.0,,2026-01-14 08:00:00,system,2026-01-14 08:00:00,system
5298,1232,5116,2,188,B26-P0188-005298,6,2.0,2.0,0.0,420.0,420.0,0.0,,2026-01-14 08:00:00,system,2026-01-14 08:00:00,system
5299,1232,5117,3,1144,B26-P1144-005299,6,10.0,10.0,0.0,100.0,100.0,0.0,,2026-01-14 08:00:00,system,2026-01-14 08:00:00,system
5300,1232,5118,4,1482,B26-P1482-005300,6,4.0,4.0,0.0,120.0,120.0,0.0,,2026-01-14 08:00:00,system,2026-01-14 08:00:00,system
5301,1232,5119,5,251,B26-P0251-005301,6,8.0,8.0,0.0,400.0,400.0,0.0,,2026-01-14 08:00:00,system,2026-01-14 08:00:00,system
5302,1233,5115,1,409,B26-P0409-005302,6,25.0,25.0,0.0,125.0,125.0,0.0,,2026-01-18 08:00:00,system,2026-01-18 08:00:00,system
5303,1233,5116,2,188,B26-P0188-005303,6,1.0,1.0,0.0,210.0,210.0,0.0,,2026-01-18 08:00:00,system,2026-01-18 08:00:00,system
5304,1233,5117,3,1144,B26-P1144-005304,6,8.0,8.0,0.0,80.0,80.0,0.0,,2026-01-18 08:00:00,system,2026-01-18 08:00:00,system
5305,1233,5118,4,1482,B26-P1482-005305,6,5.0,5.0,0.0,150.0,150.0,0.0,,2026-01-18 08:00:00,system,2026-01-18 08:00:00,system
5306,1233,5119,5,251,B26-P0251-005306,6,2.0,2.0,0.0,100.0,100.0,0.0,,2026-01-18 08:00:00,system,2026-01-18 08:00:00,system
5307,1234,5123,1,1279,B26-P1279-005307,6,5.0,5.0,0.0,100.0,100.0,0.0,,2026-04-06 08:00:00,system,2026-04-06 08:00:00,system
5308,1234,5124,2,289,B26-P0289-005308,6,9.0,9.0,0.0,27.0,27.0,0.0,,2026-04-06 08:00:00,system,2026-04-06 08:00:00,system
5309,1234,5125,3,116,B26-P0116-005309,6,10.0,10.0,0.0,50.0,50.0,0.0,,2026-04-06 08:00:00,system,2026-04-06 08:00:00,system
5310,1234,5126,4,1073,B26-P1073-005310,6,2.0,2.0,0.0,360.0,360.0,0.0,,2026-04-06 08:00:00,system,2026-04-06 08:00:00,system
5311,1234,5127,5,594,B26-P0594-005311,6,7.0,7.0,0.0,35.0,35.0,0.0,,2026-04-06 08:00:00,system,2026-04-06 08:00:00,system
5312,1234,5129,6,414,B26-P0414-005312,6,10.0,10.0,0.0,300.0,300.0,0.0,,2026-04-06 08:00:00,system,2026-04-06 08:00:00,system
5313,1234,5130,7,1377,B26-P1377-005313,1,3.0,3.0,0.0,3000.0,3000.0,0.0,,2026-04-06 08:00:00,system,2026-04-06 08:00:00,system
5314,1234,5131,8,1149,B26-P1149-005314,6,5.0,5.0,0.0,5.0,5.0,0.0,,2026-04-06 08:00:00,system,2026-04-06 08:00:00,system
5315,1235,5123,1,1279,B26-P1279-005315,6,9.0,9.0,0.0,180.0,180.0,0.0,,2026-04-11 08:00:00,system,2026-04-11 08:00:00,system
5316,1235,5124,2,289,B26-P0289-005316,6,13.0,13.0,0.0,39.0,39.0,0.0,,2026-04-11 08:00:00,system,2026-04-11 08:00:00,system
5317,1235,5125,3,116,B26-P0116-005317,6,15.0,15.0,0.0,75.0,75.0,0.0,,2026-04-11 08:00:00,system,2026-04-11 08:00:00,system
5318,1235,5126,4,1073,B26-P1073-005318,6,4.0,4.0,0.0,720.0,720.0,0.0,,2026-04-11 08:00:00,system,2026-04-11 08:00:00,system
5319,1235,5127,5,594,B26-P0594-005319,6,7.0,7.0,0.0,35.0,35.0,0.0,,2026-04-11 08:00:00,system,2026-04-11 08:00:00,system
5320,1235,5128,6,39,B26-P0039-005320,6,8.0,8.0,0.0,400.0,400.0,0.0,,2026-04-11 08:00:00,system,2026-04-11 08:00:00,system
5321,1235,5129,7,414,B26-P0414-005321,6,4.0,4.0,0.0,120.0,120.0,0.0,,2026-04-11 08:00:00,system,2026-04-11 08:00:00,system
5322,1235,5130,8,1377,B26-P1377-005322,1,3.0,3.0,0.0,3000.0,3000.0,0.0,,2026-04-11 08:00:00,system,2026-04-11 08:00:00,system
5323,1235,5131,9,1149,B26-P1149-005323,6,28.0,28.0,0.0,28.0,28.0,0.0,,2026-04-11 08:00:00,system,2026-04-11 08:00:00,system
5324,1236,5132,1,1391,B26-P1391-005324,1,3.0,3.0,0.0,3000.0,3000.0,0.0,,2026-06-15 08:00:00,system,2026-06-15 08:00:00,system
5325,1236,5133,2,725,B26-P0725-005325,6,7.0,7.0,0.0,140.0,140.0,0.0,,2026-06-15 08:00:00,system,2026-06-15 08:00:00,system
5326,1236,5134,3,284,B26-P0284-005326,6,5.0,5.0,0.0,1050.0,1050.0,0.0,,2026-06-15 08:00:00,system,2026-06-15 08:00:00,system
5327,1237,5135,1,931,B26-P0931-005327,6,32.0,32.0,0.0,96.0,96.0,0.0,,2026-05-17 08:00:00,system,2026-05-17 08:00:00,system
5328,1238,5136,1,109,B26-P0109-005328,6,10.0,10.0,0.0,1800.0,1800.0,0.0,,2026-05-08 08:00:00,system,2026-05-08 08:00:00,system
5329,1238,5137,2,228,B26-P0228-005329,6,6.0,6.0,0.0,300.0,300.0,0.0,,2026-05-08 08:00:00,system,2026-05-08 08:00:00,system
5330,1238,5138,3,629,B26-P0629-005330,6,4.0,4.0,0.0,220.0,220.0,0.0,,2026-05-08 08:00:00,system,2026-05-08 08:00:00,system
5331,1238,5139,4,350,B26-P0350-005331,6,55.0,55.0,0.0,55.0,55.0,0.0,,2026-05-08 08:00:00,system,2026-05-08 08:00:00,system
5332,1238,5140,5,1360,B26-P1360-005332,1,6.0,6.0,0.0,6000.0,6000.0,0.0,,2026-05-08 08:00:00,system,2026-05-08 08:00:00,system
5333,1239,5145,1,1201,B26-P1201-005333,6,2.0,2.0,0.0,40.0,40.0,0.0,,2026-04-24 08:00:00,system,2026-04-24 08:00:00,system
5334,1239,5147,2,500,B26-P0500-005334,6,5.0,5.0,0.0,150.0,150.0,0.0,,2026-04-24 08:00:00,system,2026-04-24 08:00:00,system
5335,1239,5148,3,352,B26-P0352-005335,6,1.0,0.0,1.0,0.8,0.0,0.8,,2026-04-24 08:00:00,system,2026-04-24 08:00:00,system
5336,1239,5151,4,790,B26-P0790-005336,6,2.0,2.0,0.0,30.0,30.0,0.0,,2026-04-24 08:00:00,system,2026-04-24 08:00:00,system
5337,1239,5152,5,957,B26-P0957-005337,1,4.0,4.0,0.0,4000.0,4000.0,0.0,,2026-04-24 08:00:00,system,2026-04-24 08:00:00,system
5338,1239,5153,6,349,B26-P0349-005338,6,9.0,9.0,0.0,7.2,7.2,0.0,,2026-04-24 08:00:00,system,2026-04-24 08:00:00,system
5339,1239,5155,7,741,B26-P0741-005339,6,5.0,5.0,0.0,150.0,150.0,0.0,,2026-04-24 08:00:00,system,2026-04-24 08:00:00,system
5340,1240,5147,1,500,B26-P0500-005340,6,1.0,0.0,1.0,30.0,0.0,30.0,,2026-04-25 08:00:00,system,2026-04-25 08:00:00,system
5341,1240,5150,2,1264,B26-P1264-005341,6,5.0,5.0,0.0,275.0,275.0,0.0,,2026-04-25 08:00:00,system,2026-04-25 08:00:00,system
5342,1240,5151,3,790,B26-P0790-005342,6,3.0,3.0,0.0,45.0,45.0,0.0,,2026-04-25 08:00:00,system,2026-04-25 08:00:00,system
5343,1240,5152,4,957,B26-P0957-005343,1,3.0,3.0,0.0,3000.0,3000.0,0.0,,2026-04-25 08:00:00,system,2026-04-25 08:00:00,system
5344,1240,5153,5,349,B26-P0349-005344,6,14.0,13.0,1.0,11.2,10.4,0.8,,2026-04-25 08:00:00,system,2026-04-25 08:00:00,system
5345,1240,5155,6,741,B26-P0741-005345,6,1.0,1.0,0.0,30.0,30.0,0.0,,2026-04-25 08:00:00,system,2026-04-25 08:00:00,system
5346,1241,5156,1,729,B26-P0729-005346,6,2.0,2.0,0.0,110.0,110.0,0.0,,2026-04-29 08:00:00,system,2026-04-29 08:00:00,system
5347,1241,5157,2,927,B26-P0927-005347,6,3.0,3.0,0.0,90.0,90.0,0.0,,2026-04-29 08:00:00,system,2026-04-29 08:00:00,system
5348,1241,5159,3,108,B26-P0108-005348,6,4.0,4.0,0.0,220.0,220.0,0.0,,2026-04-29 08:00:00,system,2026-04-29 08:00:00,system
5349,1241,5160,4,69,B26-P0069-005349,6,3.0,3.0,0.0,150.0,150.0,0.0,,2026-04-29 08:00:00,system,2026-04-29 08:00:00,system
5350,1241,5161,5,805,B26-P0805-005350,1,2.0,2.0,0.0,2000.0,2000.0,0.0,,2026-04-29 08:00:00,system,2026-04-29 08:00:00,system
5351,1241,5163,6,1332,B26-P1332-005351,1,2.0,2.0,0.0,2000.0,2000.0,0.0,,2026-04-29 08:00:00,system,2026-04-29 08:00:00,system
5352,1241,5164,7,1227,B26-P1227-005352,1,1.0,1.0,0.0,1000.0,1000.0,0.0,,2026-04-29 08:00:00,system,2026-04-29 08:00:00,system
5353,1241,5165,8,395,B26-P0395-005353,6,2.0,1.0,1.0,20.0,10.0,10.0,,2026-04-29 08:00:00,system,2026-04-29 08:00:00,system
5354,1241,5166,9,1143,B26-P1143-005354,6,1.0,1.0,0.0,5.0,5.0,0.0,,2026-04-29 08:00:00,system,2026-04-29 08:00:00,system
5355,1241,5168,10,1070,B26-P1070-005355,6,4.0,4.0,0.0,40.0,40.0,0.0,,2026-04-29 08:00:00,system,2026-04-29 08:00:00,system
5356,1241,5170,11,475,B26-P0475-005356,1,1.0,1.0,0.0,1000.0,1000.0,0.0,,2026-04-29 08:00:00,system,2026-04-29 08:00:00,system
5357,1242,5156,1,729,B26-P0729-005357,6,1.0,1.0,0.0,55.0,55.0,0.0,,2026-05-03 08:00:00,system,2026-05-03 08:00:00,system
5358,1242,5157,2,927,B26-P0927-005358,6,4.0,4.0,0.0,120.0,120.0,0.0,,2026-05-03 08:00:00,system,2026-05-03 08:00:00,system
5359,1242,5158,3,1476,B26-P1476-005359,6,17.0,17.0,0.0,51.0,51.0,0.0,,2026-05-03 08:00:00,system,2026-05-03 08:00:00,system
5360,1242,5159,4,108,B26-P0108-005360,6,2.0,2.0,0.0,110.0,110.0,0.0,,2026-05-03 08:00:00,system,2026-05-03 08:00:00,system
5361,1242,5160,5,69,B26-P0069-005361,6,5.0,5.0,0.0,250.0,250.0,0.0,,2026-05-03 08:00:00,system,2026-05-03 08:00:00,system
5362,1242,5162,6,705,B26-P0705-005362,6,4.0,3.0,1.0,220.0,165.0,55.0,,2026-05-03 08:00:00,system,2026-05-03 08:00:00,system
5363,1242,5163,7,1332,B26-P1332-005363,1,3.0,3.0,0.0,3000.0,3000.0,0.0,,2026-05-03 08:00:00,system,2026-05-03 08:00:00,system
5364,1242,5164,8,1227,B26-P1227-005364,1,6.0,6.0,0.0,6000.0,6000.0,0.0,,2026-05-03 08:00:00,system,2026-05-03 08:00:00,system
5365,1242,5165,9,395,B26-P0395-005365,6,4.0,4.0,0.0,40.0,40.0,0.0,,2026-05-03 08:00:00,system,2026-05-03 08:00:00,system
5366,1242,5166,10,1143,B26-P1143-005366,6,7.0,7.0,0.0,35.0,35.0,0.0,,2026-05-03 08:00:00,system,2026-05-03 08:00:00,system
5367,1242,5167,11,528,B26-P0528-005367,6,1.0,1.0,0.0,50.0,50.0,0.0,,2026-05-03 08:00:00,system,2026-05-03 08:00:00,system
5368,1242,5169,12,1324,B26-P1324-005368,1,2.0,2.0,0.0,2000.0,2000.0,0.0,,2026-05-03 08:00:00,system,2026-05-03 08:00:00,system
5369,1242,5170,13,475,B26-P0475-005369,1,7.0,7.0,0.0,7000.0,7000.0,0.0,,2026-05-03 08:00:00,system,2026-05-03 08:00:00,system
5370,1243,5156,1,729,B26-P0729-005370,6,1.0,1.0,0.0,55.0,55.0,0.0,,2026-05-06 08:00:00,system,2026-05-06 08:00:00,system
5371,1243,5158,2,1476,B26-P1476-005371,6,19.0,19.0,0.0,57.0,57.0,0.0,,2026-05-06 08:00:00,system,2026-05-06 08:00:00,system
5372,1243,5163,3,1332,B26-P1332-005372,1,3.0,3.0,0.0,3000.0,3000.0,0.0,,2026-05-06 08:00:00,system,2026-05-06 08:00:00,system
5373,1243,5164,4,1227,B26-P1227-005373,1,1.0,1.0,0.0,1000.0,1000.0,0.0,,2026-05-06 08:00:00,system,2026-05-06 08:00:00,system
5374,1243,5166,5,1143,B26-P1143-005374,6,28.0,28.0,0.0,140.0,140.0,0.0,,2026-05-06 08:00:00,system,2026-05-06 08:00:00,system
5375,1243,5167,6,528,B26-P0528-005375,6,3.0,3.0,0.0,150.0,150.0,0.0,,2026-05-06 08:00:00,system,2026-05-06 08:00:00,system
5376,1244,5171,1,765,B26-P0765-005376,6,8.0,8.0,0.0,240.0,240.0,0.0,,2026-06-23 08:00:00,system,2026-06-23 08:00:00,system
5377,1244,5175,2,501,B26-P0501-005377,6,2.0,2.0,0.0,110.0,110.0,0.0,,2026-06-23 08:00:00,system,2026-06-23 08:00:00,system
5378,1245,5171,1,765,B26-P0765-005378,6,10.0,10.0,0.0,300.0,300.0,0.0,,2026-06-26 08:00:00,system,2026-06-26 08:00:00,system
5379,1245,5172,2,324,B26-P0324-005379,6,28.0,28.0,0.0,280.0,280.0,0.0,,2026-06-26 08:00:00,system,2026-06-26 08:00:00,system
5380,1245,5173,3,434,B26-P0434-005380,6,8.0,8.0,0.0,120.0,120.0,0.0,,2026-06-26 08:00:00,system,2026-06-26 08:00:00,system
5381,1245,5174,4,18,B26-P0018-005381,6,35.0,35.0,0.0,175.0,175.0,0.0,,2026-06-26 08:00:00,system,2026-06-26 08:00:00,system
5382,1246,5176,1,190,B26-P0190-005382,6,14.0,14.0,0.0,11.2,11.2,0.0,,2026-05-23 08:00:00,system,2026-05-23 08:00:00,system
5383,1246,5178,2,1466,B26-P1466-005383,1,4.0,4.0,0.0,8000.0,8000.0,0.0,,2026-05-23 08:00:00,system,2026-05-23 08:00:00,system
5384,1246,5179,3,624,B26-P0624-005384,6,21.0,21.0,0.0,315.0,315.0,0.0,,2026-05-23 08:00:00,system,2026-05-23 08:00:00,system
5385,1246,5180,4,1020,B26-P1020-005385,6,3.0,3.0,0.0,3.0,3.0,0.0,,2026-05-23 08:00:00,system,2026-05-23 08:00:00,system
5386,1247,5176,1,190,B26-P0190-005386,6,25.0,25.0,0.0,20.0,20.0,0.0,,2026-05-24 08:00:00,system,2026-05-24 08:00:00,system
5387,1247,5177,2,714,B26-P0714-005387,6,2.0,2.0,0.0,100.0,100.0,0.0,,2026-05-24 08:00:00,system,2026-05-24 08:00:00,system
5388,1247,5178,3,1466,B26-P1466-005388,1,2.0,2.0,0.0,4000.0,4000.0,0.0,,2026-05-24 08:00:00,system,2026-05-24 08:00:00,system
5389,1247,5180,4,1020,B26-P1020-005389,6,52.0,52.0,0.0,52.0,52.0,0.0,,2026-05-24 08:00:00,system,2026-05-24 08:00:00,system
5390,1247,5181,5,1156,B26-P1156-005390,1,6.0,6.0,0.0,6000.0,6000.0,0.0,,2026-05-24 08:00:00,system,2026-05-24 08:00:00,system
5391,1248,5182,1,554,B26-P0554-005391,6,9.0,9.0,0.0,180.0,180.0,0.0,,2026-05-28 08:00:00,system,2026-05-28 08:00:00,system
5392,1248,5183,2,165,B26-P0165-005392,6,4.0,4.0,0.0,40.0,40.0,0.0,,2026-05-28 08:00:00,system,2026-05-28 08:00:00,system
5393,1248,5184,3,548,B26-P0548-005393,1,2.0,1.0,1.0,2000.0,1000.0,1000.0,,2026-05-28 08:00:00,system,2026-05-28 08:00:00,system
5394,1249,5182,1,554,B26-P0554-005394,6,9.0,9.0,0.0,180.0,180.0,0.0,,2026-06-02 08:00:00,system,2026-06-02 08:00:00,system
5395,1249,5183,2,165,B26-P0165-005395,6,14.0,14.0,0.0,140.0,140.0,0.0,,2026-06-02 08:00:00,system,2026-06-02 08:00:00,system
5396,1249,5185,3,805,B26-P0805-005396,1,4.0,4.0,0.0,4000.0,4000.0,0.0,,2026-06-02 08:00:00,system,2026-06-02 08:00:00,system
5397,1250,5186,1,1115,B26-P1115-005397,6,56.0,56.0,0.0,280.0,280.0,0.0,,2026-07-06 08:00:00,system,2026-07-06 08:00:00,system
5398,1251,5194,1,1410,B26-P1410-005398,6,30.0,30.0,0.0,450.0,450.0,0.0,,2026-02-18 08:00:00,system,2026-02-18 08:00:00,system
5399,1251,5195,2,861,B26-P0861-005399,1,2.0,2.0,0.0,1000.0,1000.0,0.0,,2026-02-18 08:00:00,system,2026-02-18 08:00:00,system
5400,1252,5196,1,1480,B26-P1480-005400,6,12.0,12.0,0.0,240.0,240.0,0.0,,2026-05-26 08:00:00,system,2026-05-26 08:00:00,system
5401,1252,5197,2,697,B26-P0697-005401,6,11.0,11.0,0.0,33.0,33.0,0.0,,2026-05-26 08:00:00,system,2026-05-26 08:00:00,system
5402,1253,5198,1,957,B26-P0957-005402,1,4.0,4.0,0.0,4000.0,4000.0,0.0,,2026-04-12 08:00:00,system,2026-04-12 08:00:00,system
5403,1253,5199,2,39,B26-P0039-005403,6,8.0,8.0,0.0,400.0,400.0,0.0,,2026-04-12 08:00:00,system,2026-04-12 08:00:00,system
5404,1253,5200,3,254,B26-P0254-005404,6,1.0,1.0,0.0,210.0,210.0,0.0,,2026-04-12 08:00:00,system,2026-04-12 08:00:00,system
5405,1253,5201,4,1450,B26-P1450-005405,6,24.0,24.0,0.0,720.0,720.0,0.0,,2026-04-12 08:00:00,system,2026-04-12 08:00:00,system
5406,1253,5202,5,1,B26-P0001-005406,6,51.0,51.0,0.0,61.2,61.2,0.0,,2026-04-12 08:00:00,system,2026-04-12 08:00:00,system
5407,1253,5203,6,713,B26-P0713-005407,6,14.0,13.0,1.0,420.0,390.0,30.0,,2026-04-12 08:00:00,system,2026-04-12 08:00:00,system
5408,1253,5204,7,332,B26-P0332-005408,6,4.0,4.0,0.0,840.0,840.0,0.0,,2026-04-12 08:00:00,system,2026-04-12 08:00:00,system
5409,1254,5205,1,329,B26-P0329-005409,6,2.0,2.0,0.0,100.0,100.0,0.0,,2026-02-28 08:00:00,system,2026-02-28 08:00:00,system
5410,1255,5206,1,65,B26-P0065-005410,6,6.0,6.0,0.0,90.0,90.0,0.0,,2026-06-02 08:00:00,system,2026-06-02 08:00:00,system
5411,1256,5208,1,361,B26-P0361-005411,6,7.0,7.0,0.0,210.0,210.0,0.0,,2026-01-22 08:00:00,system,2026-01-22 08:00:00,system
5412,1256,5209,2,1367,B26-P1367-005412,6,2.0,2.0,0.0,420.0,420.0,0.0,,2026-01-22 08:00:00,system,2026-01-22 08:00:00,system
5413,1256,5210,3,1450,B26-P1450-005413,6,6.0,6.0,0.0,180.0,180.0,0.0,,2026-01-22 08:00:00,system,2026-01-22 08:00:00,system
5414,1256,5211,4,1303,B26-P1303-005414,6,4.0,4.0,0.0,220.0,220.0,0.0,,2026-01-22 08:00:00,system,2026-01-22 08:00:00,system
5415,1256,5212,5,1114,B26-P1114-005415,6,26.0,26.0,0.0,52.0,52.0,0.0,,2026-01-22 08:00:00,system,2026-01-22 08:00:00,system
5416,1256,5213,6,228,B26-P0228-005416,6,5.0,4.0,1.0,250.0,200.0,50.0,,2026-01-22 08:00:00,system,2026-01-22 08:00:00,system
5417,1256,5214,7,6,B26-P0006-005417,6,14.0,13.0,1.0,280.0,260.0,20.0,,2026-01-22 08:00:00,system,2026-01-22 08:00:00,system
5418,1257,5209,1,1367,B26-P1367-005418,6,1.0,1.0,0.0,210.0,210.0,0.0,,2026-01-23 08:00:00,system,2026-01-23 08:00:00,system
5419,1257,5210,2,1450,B26-P1450-005419,6,6.0,6.0,0.0,180.0,180.0,0.0,,2026-01-23 08:00:00,system,2026-01-23 08:00:00,system
5420,1257,5212,3,1114,B26-P1114-005420,6,30.0,30.0,0.0,60.0,60.0,0.0,,2026-01-23 08:00:00,system,2026-01-23 08:00:00,system
5421,1257,5213,4,228,B26-P0228-005421,6,3.0,3.0,0.0,150.0,150.0,0.0,,2026-01-23 08:00:00,system,2026-01-23 08:00:00,system
5422,1257,5214,5,6,B26-P0006-005422,6,14.0,14.0,0.0,280.0,280.0,0.0,,2026-01-23 08:00:00,system,2026-01-23 08:00:00,system
5423,1258,5215,1,1148,B26-P1148-005423,1,8.0,8.0,0.0,8000.0,8000.0,0.0,,2026-06-23 08:00:00,system,2026-06-23 08:00:00,system
5424,1258,5216,2,808,B26-P0808-005424,6,16.0,16.0,0.0,80.0,80.0,0.0,,2026-06-23 08:00:00,system,2026-06-23 08:00:00,system
5425,1258,5217,3,172,B26-P0172-005425,6,12.0,12.0,0.0,2160.0,2160.0,0.0,,2026-06-23 08:00:00,system,2026-06-23 08:00:00,system
5426,1259,5218,1,322,B26-P0322-005426,6,39.0,39.0,0.0,117.0,117.0,0.0,,2026-04-01 08:00:00,system,2026-04-01 08:00:00,system
5427,1259,5219,2,65,B26-P0065-005427,6,30.0,30.0,0.0,450.0,450.0,0.0,,2026-04-01 08:00:00,system,2026-04-01 08:00:00,system
5428,1259,5220,3,168,B26-P0168-005428,6,35.0,35.0,0.0,875.0,875.0,0.0,,2026-04-01 08:00:00,system,2026-04-01 08:00:00,system
5429,1260,5221,1,609,B26-P0609-005429,6,7.0,6.0,1.0,70.0,60.0,10.0,,2026-04-28 08:00:00,system,2026-04-28 08:00:00,system
5430,1261,5233,1,574,B26-P0574-005430,6,1.0,1.0,0.0,210.0,210.0,0.0,,2026-05-18 08:00:00,system,2026-05-18 08:00:00,system
5431,1262,5245,1,325,B26-P0325-005431,6,4.0,4.0,0.0,60.0,60.0,0.0,,2026-05-20 08:00:00,system,2026-05-20 08:00:00,system
5432,1262,5246,2,421,B26-P0421-005432,6,45.0,45.0,0.0,45.0,45.0,0.0,,2026-05-20 08:00:00,system,2026-05-20 08:00:00,system
5433,1263,5247,1,649,B26-P0649-005433,6,22.0,22.0,0.0,440.0,440.0,0.0,,2026-04-15 08:00:00,system,2026-04-15 08:00:00,system
5434,1263,5248,2,1500,B26-P1500-005434,6,3.0,3.0,0.0,630.0,630.0,0.0,,2026-04-15 08:00:00,system,2026-04-15 08:00:00,system
5435,1263,5249,3,974,B26-P0974-005435,6,58.0,58.0,0.0,58.0,58.0,0.0,,2026-04-15 08:00:00,system,2026-04-15 08:00:00,system
5436,1263,5251,4,684,B26-P0684-005436,6,1.0,1.0,0.0,5.0,5.0,0.0,,2026-04-15 08:00:00,system,2026-04-15 08:00:00,system
5437,1263,5252,5,741,B26-P0741-005437,6,5.0,5.0,0.0,150.0,150.0,0.0,,2026-04-15 08:00:00,system,2026-04-15 08:00:00,system
5438,1263,5253,6,410,B26-P0410-005438,6,38.0,38.0,0.0,380.0,380.0,0.0,,2026-04-15 08:00:00,system,2026-04-15 08:00:00,system
5439,1263,5254,7,1071,B26-P1071-005439,6,19.0,19.0,0.0,342.0,342.0,0.0,,2026-04-15 08:00:00,system,2026-04-15 08:00:00,system
5440,1263,5255,8,594,B26-P0594-005440,6,6.0,5.0,1.0,30.0,25.0,5.0,,2026-04-15 08:00:00,system,2026-04-15 08:00:00,system
5441,1263,5256,9,340,B26-P0340-005441,6,3.0,3.0,0.0,45.0,45.0,0.0,,2026-04-15 08:00:00,system,2026-04-15 08:00:00,system
5442,1263,5257,10,1231,B26-P1231-005442,6,11.0,11.0,0.0,110.0,110.0,0.0,,2026-04-15 08:00:00,system,2026-04-15 08:00:00,system
5443,1264,5247,1,649,B26-P0649-005443,6,10.0,10.0,0.0,200.0,200.0,0.0,,2026-04-17 08:00:00,system,2026-04-17 08:00:00,system
5444,1264,5248,2,1500,B26-P1500-005444,6,1.0,1.0,0.0,210.0,210.0,0.0,,2026-04-17 08:00:00,system,2026-04-17 08:00:00,system
5445,1264,5249,3,974,B26-P0974-005445,6,22.0,22.0,0.0,22.0,22.0,0.0,,2026-04-17 08:00:00,system,2026-04-17 08:00:00,system
5446,1264,5250,4,1150,B26-P1150-005446,6,13.0,13.0,0.0,39.0,39.0,0.0,,2026-04-17 08:00:00,system,2026-04-17 08:00:00,system
5447,1264,5251,5,684,B26-P0684-005447,6,29.0,29.0,0.0,145.0,145.0,0.0,,2026-04-17 08:00:00,system,2026-04-17 08:00:00,system
5448,1264,5252,6,741,B26-P0741-005448,6,3.0,3.0,0.0,90.0,90.0,0.0,,2026-04-17 08:00:00,system,2026-04-17 08:00:00,system
5449,1264,5253,7,410,B26-P0410-005449,6,2.0,2.0,0.0,20.0,20.0,0.0,,2026-04-17 08:00:00,system,2026-04-17 08:00:00,system
5450,1264,5254,8,1071,B26-P1071-005450,6,1.0,1.0,0.0,18.0,18.0,0.0,,2026-04-17 08:00:00,system,2026-04-17 08:00:00,system
5451,1264,5255,9,594,B26-P0594-005451,6,1.0,1.0,0.0,5.0,5.0,0.0,,2026-04-17 08:00:00,system,2026-04-17 08:00:00,system
5452,1264,5256,10,340,B26-P0340-005452,6,32.0,32.0,0.0,480.0,480.0,0.0,,2026-04-17 08:00:00,system,2026-04-17 08:00:00,system
5453,1264,5257,11,1231,B26-P1231-005453,6,1.0,1.0,0.0,10.0,10.0,0.0,,2026-04-17 08:00:00,system,2026-04-17 08:00:00,system
5454,1265,5258,1,397,B26-P0397-005454,6,10.0,10.0,0.0,200.0,200.0,0.0,,2026-06-03 08:00:00,system,2026-06-03 08:00:00,system
5455,1266,5263,1,100,B26-P0100-005455,6,23.0,23.0,0.0,69.0,69.0,0.0,,2026-04-18 08:00:00,system,2026-04-18 08:00:00,system
5456,1266,5264,2,268,B26-P0268-005456,6,9.0,9.0,0.0,1620.0,1620.0,0.0,,2026-04-18 08:00:00,system,2026-04-18 08:00:00,system
5457,1267,5265,1,312,B26-P0312-005457,6,9.0,9.0,0.0,225.0,225.0,0.0,,2026-04-04 08:00:00,system,2026-04-04 08:00:00,system
5458,1267,5266,2,1382,B26-P1382-005458,6,8.0,7.0,1.0,120.0,105.0,15.0,,2026-04-04 08:00:00,system,2026-04-04 08:00:00,system
5459,1267,5267,3,335,B26-P0335-005459,6,28.0,28.0,0.0,28.0,28.0,0.0,,2026-04-04 08:00:00,system,2026-04-04 08:00:00,system
5460,1267,5268,4,677,B26-P0677-005460,6,7.0,7.0,0.0,385.0,385.0,0.0,,2026-04-04 08:00:00,system,2026-04-04 08:00:00,system
5461,1267,5269,5,854,B26-P0854-005461,6,3.0,2.0,1.0,60.0,40.0,20.0,,2026-04-04 08:00:00,system,2026-04-04 08:00:00,system
5462,1267,5270,6,290,B26-P0290-005462,6,3.0,3.0,0.0,15.0,15.0,0.0,,2026-04-04 08:00:00,system,2026-04-04 08:00:00,system
5463,1268,5265,1,312,B26-P0312-005463,6,11.0,11.0,0.0,275.0,275.0,0.0,,2026-04-07 08:00:00,system,2026-04-07 08:00:00,system
5464,1268,5266,2,1382,B26-P1382-005464,6,10.0,10.0,0.0,150.0,150.0,0.0,,2026-04-07 08:00:00,system,2026-04-07 08:00:00,system
5465,1268,5267,3,335,B26-P0335-005465,6,27.0,27.0,0.0,27.0,27.0,0.0,,2026-04-07 08:00:00,system,2026-04-07 08:00:00,system
5466,1268,5268,4,677,B26-P0677-005466,6,1.0,1.0,0.0,55.0,55.0,0.0,,2026-04-07 08:00:00,system,2026-04-07 08:00:00,system
5467,1268,5269,5,854,B26-P0854-005467,6,2.0,2.0,0.0,40.0,40.0,0.0,,2026-04-07 08:00:00,system,2026-04-07 08:00:00,system
5468,1268,5270,6,290,B26-P0290-005468,6,9.0,9.0,0.0,45.0,45.0,0.0,,2026-04-07 08:00:00,system,2026-04-07 08:00:00,system
5469,1269,5271,1,350,B26-P0350-005469,6,58.0,58.0,0.0,58.0,58.0,0.0,,2026-02-18 08:00:00,system,2026-02-18 08:00:00,system
5470,1269,5272,2,534,B26-P0534-005470,1,4.0,3.0,1.0,8000.0,6000.0,2000.0,,2026-02-18 08:00:00,system,2026-02-18 08:00:00,system
5471,1269,5273,3,166,B26-P0166-005471,6,20.0,20.0,0.0,300.0,300.0,0.0,,2026-02-18 08:00:00,system,2026-02-18 08:00:00,system
5472,1269,5274,4,1182,B26-P1182-005472,6,6.0,6.0,0.0,330.0,330.0,0.0,,2026-02-18 08:00:00,system,2026-02-18 08:00:00,system
5473,1269,5275,5,835,B26-P0835-005473,6,14.0,14.0,0.0,42.0,42.0,0.0,,2026-02-18 08:00:00,system,2026-02-18 08:00:00,system
5474,1269,5276,6,1197,B26-P1197-005474,6,3.0,3.0,0.0,60.0,60.0,0.0,,2026-02-18 08:00:00,system,2026-02-18 08:00:00,system
5475,1270,5277,1,1222,B26-P1222-005475,6,4.0,4.0,0.0,12.0,12.0,0.0,,2026-05-21 08:00:00,system,2026-05-21 08:00:00,system
5476,1271,5278,1,1068,B26-P1068-005476,6,24.0,24.0,0.0,48.0,48.0,0.0,,2026-04-11 08:00:00,system,2026-04-11 08:00:00,system
5477,1271,5279,2,1267,B26-P1267-005477,6,13.0,13.0,0.0,13.0,13.0,0.0,,2026-04-11 08:00:00,system,2026-04-11 08:00:00,system
5478,1272,5280,1,1328,B26-P1328-005478,6,23.0,23.0,0.0,460.0,460.0,0.0,,2026-04-17 08:00:00,system,2026-04-17 08:00:00,system
5479,1272,5281,2,901,B26-P0901-005479,6,2.0,2.0,0.0,110.0,110.0,0.0,,2026-04-17 08:00:00,system,2026-04-17 08:00:00,system
5480,1273,5284,1,233,B26-P0233-005480,6,42.0,42.0,0.0,33.6,33.6,0.0,,2026-04-04 08:00:00,system,2026-04-04 08:00:00,system
5481,1274,5290,1,350,B26-P0350-005481,6,55.0,55.0,0.0,55.0,55.0,0.0,,2026-06-05 08:00:00,system,2026-06-05 08:00:00,system
5482,1275,5297,1,1158,B26-P1158-005482,6,8.0,8.0,0.0,24.0,24.0,0.0,,2026-06-28 08:00:00,system,2026-06-28 08:00:00,system
5483,1276,5297,1,1158,B26-P1158-005483,6,8.0,8.0,0.0,24.0,24.0,0.0,,2026-06-29 08:00:00,system,2026-06-29 08:00:00,system
5484,1277,5299,1,1117,B26-P1117-005484,6,32.0,32.0,0.0,16.0,16.0,0.0,,2026-05-10 08:00:00,system,2026-05-10 08:00:00,system
5485,1277,5300,2,102,B26-P0102-005485,6,4.0,4.0,0.0,40.0,40.0,0.0,,2026-05-10 08:00:00,system,2026-05-10 08:00:00,system
5486,1277,5301,3,1383,B26-P1383-005486,6,30.0,30.0,0.0,600.0,600.0,0.0,,2026-05-10 08:00:00,system,2026-05-10 08:00:00,system
5487,1278,5299,1,1117,B26-P1117-005487,6,20.0,20.0,0.0,10.0,10.0,0.0,,2026-05-11 08:00:00,system,2026-05-11 08:00:00,system
5488,1278,5300,2,102,B26-P0102-005488,6,3.0,3.0,0.0,30.0,30.0,0.0,,2026-05-11 08:00:00,system,2026-05-11 08:00:00,system
5489,1278,5301,3,1383,B26-P1383-005489,6,10.0,10.0,0.0,200.0,200.0,0.0,,2026-05-11 08:00:00,system,2026-05-11 08:00:00,system
5490,1279,5302,1,228,B26-P0228-005490,6,3.0,3.0,0.0,150.0,150.0,0.0,,2026-03-09 08:00:00,system,2026-03-09 08:00:00,system
5491,1280,5303,1,80,B26-P0080-005491,6,5.0,5.0,0.0,1050.0,1050.0,0.0,,2026-06-22 08:00:00,system,2026-06-22 08:00:00,system
5492,1280,5304,2,1111,B26-P1111-005492,6,20.0,20.0,0.0,8.0,8.0,0.0,,2026-06-22 08:00:00,system,2026-06-22 08:00:00,system
5493,1280,5305,3,373,B26-P0373-005493,6,3.0,3.0,0.0,45.0,45.0,0.0,,2026-06-22 08:00:00,system,2026-06-22 08:00:00,system
5494,1280,5306,4,410,B26-P0410-005494,6,6.0,6.0,0.0,60.0,60.0,0.0,,2026-06-22 08:00:00,system,2026-06-22 08:00:00,system
5495,1281,5304,1,1111,B26-P1111-005495,6,14.0,14.0,0.0,5.6,5.6,0.0,,2026-06-26 08:00:00,system,2026-06-26 08:00:00,system
5496,1281,5306,2,410,B26-P0410-005496,6,2.0,2.0,0.0,20.0,20.0,0.0,,2026-06-26 08:00:00,system,2026-06-26 08:00:00,system
5497,1282,5304,1,1111,B26-P1111-005497,6,14.0,13.0,1.0,5.6,5.2,0.4,,2026-06-30 08:00:00,system,2026-06-30 08:00:00,system
5498,1282,5305,2,373,B26-P0373-005498,6,4.0,4.0,0.0,60.0,60.0,0.0,,2026-06-30 08:00:00,system,2026-06-30 08:00:00,system
5499,1283,5307,1,18,B26-P0018-005499,6,28.0,28.0,0.0,140.0,140.0,0.0,,2026-06-08 08:00:00,system,2026-06-08 08:00:00,system
5500,1283,5308,2,33,B26-P0033-005500,6,18.0,18.0,0.0,90.0,90.0,0.0,,2026-06-08 08:00:00,system,2026-06-08 08:00:00,system
5501,1284,5309,1,1302,B26-P1302-005501,6,35.0,35.0,0.0,700.0,700.0,0.0,,2026-07-01 08:00:00,system,2026-07-01 08:00:00,system
5502,1285,5313,1,234,B26-P0234-005502,6,47.0,47.0,0.0,47.0,47.0,0.0,,2026-02-01 08:00:00,system,2026-02-01 08:00:00,system
5503,1285,5314,2,287,B26-P0287-005503,6,60.0,60.0,0.0,60.0,60.0,0.0,,2026-02-01 08:00:00,system,2026-02-01 08:00:00,system
5504,1285,5315,3,476,B26-P0476-005504,6,58.0,58.0,0.0,46.4,46.4,0.0,,2026-02-01 08:00:00,system,2026-02-01 08:00:00,system
5505,1286,5316,1,942,B26-P0942-005505,1,4.0,4.0,0.0,2000.0,2000.0,0.0,,2026-06-11 08:00:00,system,2026-06-11 08:00:00,system
5506,1286,5317,2,200,B26-P0200-005506,6,4.0,4.0,0.0,720.0,720.0,0.0,,2026-06-11 08:00:00,system,2026-06-11 08:00:00,system
5507,1286,5318,3,544,B26-P0544-005507,6,6.0,5.0,1.0,1080.0,900.0,180.0,,2026-06-11 08:00:00,system,2026-06-11 08:00:00,system
5508,1286,5319,4,1046,B26-P1046-005508,6,88.0,88.0,0.0,35.2,35.2,0.0,,2026-06-11 08:00:00,system,2026-06-11 08:00:00,system
5509,1286,5320,5,958,B26-P0958-005509,1,2.0,1.0,1.0,4000.0,2000.0,2000.0,,2026-06-11 08:00:00,system,2026-06-11 08:00:00,system
5510,1286,5321,6,543,B26-P0543-005510,6,8.0,8.0,0.0,440.0,440.0,0.0,,2026-06-11 08:00:00,system,2026-06-11 08:00:00,system
5511,1287,5322,1,378,B26-P0378-005511,6,6.0,6.0,0.0,330.0,330.0,0.0,,2026-06-16 08:00:00,system,2026-06-16 08:00:00,system
5512,1287,5323,2,294,B26-P0294-005512,6,18.0,18.0,0.0,450.0,450.0,0.0,,2026-06-16 08:00:00,system,2026-06-16 08:00:00,system
5513,1287,5324,3,704,B26-P0704-005513,6,9.0,9.0,0.0,450.0,450.0,0.0,,2026-06-16 08:00:00,system,2026-06-16 08:00:00,system
5514,1287,5325,4,144,B26-P0144-005514,1,2.0,2.0,0.0,2000.0,2000.0,0.0,,2026-06-16 08:00:00,system,2026-06-16 08:00:00,system
5515,1287,5326,5,459,B26-P0459-005515,6,70.0,70.0,0.0,70.0,70.0,0.0,,2026-06-16 08:00:00,system,2026-06-16 08:00:00,system
5516,1288,5327,1,15,B26-P0015-005516,6,4.0,4.0,0.0,4.0,4.0,0.0,,2026-03-23 08:00:00,system,2026-03-23 08:00:00,system
5517,1289,5338,1,1058,B26-P1058-005517,6,7.0,7.0,0.0,14.0,14.0,0.0,,2026-05-02 08:00:00,system,2026-05-02 08:00:00,system
5518,1290,5342,1,34,B26-P0034-005518,6,7.0,7.0,0.0,70.0,70.0,0.0,,2026-04-03 08:00:00,system,2026-04-03 08:00:00,system
5519,1290,5344,2,1363,B26-P1363-005519,6,8.0,8.0,0.0,40.0,40.0,0.0,,2026-04-03 08:00:00,system,2026-04-03 08:00:00,system
5520,1290,5345,3,1158,B26-P1158-005520,6,51.0,51.0,0.0,153.0,153.0,0.0,,2026-04-03 08:00:00,system,2026-04-03 08:00:00,system
5521,1290,5346,4,235,B26-P0235-005521,6,23.0,23.0,0.0,27.6,27.6,0.0,,2026-04-03 08:00:00,system,2026-04-03 08:00:00,system
5522,1291,5342,1,34,B26-P0034-005522,6,14.0,14.0,0.0,140.0,140.0,0.0,,2026-04-08 08:00:00,system,2026-04-08 08:00:00,system
5523,1291,5343,2,1210,B26-P1210-005523,6,8.0,8.0,0.0,440.0,440.0,0.0,,2026-04-08 08:00:00,system,2026-04-08 08:00:00,system
5524,1291,5344,3,1363,B26-P1363-005524,6,5.0,5.0,0.0,25.0,25.0,0.0,,2026-04-08 08:00:00,system,2026-04-08 08:00:00,system
5525,1291,5345,4,1158,B26-P1158-005525,6,19.0,19.0,0.0,57.0,57.0,0.0,,2026-04-08 08:00:00,system,2026-04-08 08:00:00,system
5526,1291,5346,5,235,B26-P0235-005526,6,1.0,1.0,0.0,1.2,1.2,0.0,,2026-04-08 08:00:00,system,2026-04-08 08:00:00,system
5527,1292,5353,1,311,B26-P0311-005527,6,7.0,7.0,0.0,140.0,140.0,0.0,,2026-05-15 08:00:00,system,2026-05-15 08:00:00,system
5528,1293,5354,1,247,B26-P0247-005528,1,2.0,2.0,0.0,2000.0,2000.0,0.0,,2026-06-02 08:00:00,system,2026-06-02 08:00:00,system
5529,1293,5355,2,359,B26-P0359-005529,6,6.0,6.0,0.0,120.0,120.0,0.0,,2026-06-02 08:00:00,system,2026-06-02 08:00:00,system
5530,1294,5361,1,608,B26-P0608-005530,6,40.0,40.0,0.0,200.0,200.0,0.0,,2026-06-23 08:00:00,system,2026-06-23 08:00:00,system
5531,1294,5362,2,309,B26-P0309-005531,6,12.0,12.0,0.0,120.0,120.0,0.0,,2026-06-23 08:00:00,system,2026-06-23 08:00:00,system
5532,1294,5363,3,1416,B26-P1416-005532,6,3.0,3.0,0.0,540.0,540.0,0.0,,2026-06-23 08:00:00,system,2026-06-23 08:00:00,system
5533,1294,5364,4,1049,B26-P1049-005533,6,65.0,65.0,0.0,130.0,130.0,0.0,,2026-06-23 08:00:00,system,2026-06-23 08:00:00,system
5534,1294,5365,5,1499,B26-P1499-005534,6,10.0,10.0,0.0,1800.0,1800.0,0.0,,2026-06-23 08:00:00,system,2026-06-23 08:00:00,system
5535,1294,5366,6,60,B26-P0060-005535,6,48.0,48.0,0.0,48.0,48.0,0.0,,2026-06-23 08:00:00,system,2026-06-23 08:00:00,system
5536,1294,5367,7,48,B26-P0048-005536,6,21.0,21.0,0.0,105.0,105.0,0.0,,2026-06-23 08:00:00,system,2026-06-23 08:00:00,system
5537,1295,5372,1,802,B26-P0802-005537,6,8.0,8.0,0.0,1440.0,1440.0,0.0,,2026-05-13 08:00:00,system,2026-05-13 08:00:00,system
5538,1295,5373,2,1081,B26-P1081-005538,6,2.0,2.0,0.0,100.0,100.0,0.0,,2026-05-13 08:00:00,system,2026-05-13 08:00:00,system
5539,1295,5374,3,563,B26-P0563-005539,1,4.0,4.0,0.0,8000.0,8000.0,0.0,,2026-05-13 08:00:00,system,2026-05-13 08:00:00,system
5540,1295,5375,4,870,B26-P0870-005540,6,15.0,15.0,0.0,450.0,450.0,0.0,,2026-05-13 08:00:00,system,2026-05-13 08:00:00,system
5541,1295,5376,5,1075,B26-P1075-005541,6,50.0,50.0,0.0,25.0,25.0,0.0,,2026-05-13 08:00:00,system,2026-05-13 08:00:00,system
5542,1295,5377,6,248,B26-P0248-005542,6,12.0,12.0,0.0,9.6,9.6,0.0,,2026-05-13 08:00:00,system,2026-05-13 08:00:00,system
5543,1296,5378,1,295,B26-P0295-005543,6,2.0,2.0,0.0,60.0,60.0,0.0,,2026-04-15 08:00:00,system,2026-04-15 08:00:00,system
5544,1296,5380,2,1283,B26-P1283-005544,1,1.0,1.0,0.0,1000.0,1000.0,0.0,,2026-04-15 08:00:00,system,2026-04-15 08:00:00,system
5545,1296,5382,3,814,B26-P0814-005545,6,1.0,1.0,0.0,50.0,50.0,0.0,,2026-04-15 08:00:00,system,2026-04-15 08:00:00,system
5546,1296,5385,4,258,B26-P0258-005546,6,1.0,1.0,0.0,1.2,1.2,0.0,,2026-04-15 08:00:00,system,2026-04-15 08:00:00,system
5547,1297,5378,1,295,B26-P0295-005547,6,3.0,3.0,0.0,90.0,90.0,0.0,,2026-04-20 08:00:00,system,2026-04-20 08:00:00,system
5548,1297,5381,2,663,B26-P0663-005548,6,4.0,4.0,0.0,80.0,80.0,0.0,,2026-04-20 08:00:00,system,2026-04-20 08:00:00,system
5549,1297,5383,3,532,B26-P0532-005549,1,1.0,1.0,0.0,500.0,500.0,0.0,,2026-04-20 08:00:00,system,2026-04-20 08:00:00,system
5550,1297,5385,4,258,B26-P0258-005550,6,2.0,2.0,0.0,2.4,2.4,0.0,,2026-04-20 08:00:00,system,2026-04-20 08:00:00,system
5551,1298,5387,1,1361,B26-P1361-005551,1,1.0,1.0,0.0,2000.0,2000.0,0.0,,2026-04-12 08:00:00,system,2026-04-12 08:00:00,system
5552,1298,5388,2,165,B26-P0165-005552,6,1.0,1.0,0.0,10.0,10.0,0.0,,2026-04-12 08:00:00,system,2026-04-12 08:00:00,system
5553,1298,5390,3,1434,B26-P1434-005553,6,3.0,3.0,0.0,60.0,60.0,0.0,,2026-04-12 08:00:00,system,2026-04-12 08:00:00,system
5554,1299,5391,1,140,B26-P0140-005554,6,10.0,10.0,0.0,500.0,500.0,0.0,,2026-05-26 08:00:00,system,2026-05-26 08:00:00,system
5555,1299,5392,2,471,B26-P0471-005555,6,10.0,10.0,0.0,500.0,500.0,0.0,,2026-05-26 08:00:00,system,2026-05-26 08:00:00,system
5556,1299,5393,3,97,B26-P0097-005556,6,28.0,28.0,0.0,22.4,22.4,0.0,,2026-05-26 08:00:00,system,2026-05-26 08:00:00,system
5557,1299,5394,4,973,B26-P0973-005557,6,39.0,39.0,0.0,19.5,19.5,0.0,,2026-05-26 08:00:00,system,2026-05-26 08:00:00,system
5558,1299,5395,5,19,B26-P0019-005558,6,7.0,7.0,0.0,70.0,70.0,0.0,,2026-05-26 08:00:00,system,2026-05-26 08:00:00,system
5559,1299,5396,6,1087,B26-P1087-005559,6,60.0,60.0,0.0,300.0,300.0,0.0,,2026-05-26 08:00:00,system,2026-05-26 08:00:00,system
5560,1300,5397,1,1089,B26-P1089-005560,6,8.0,8.0,0.0,144.0,144.0,0.0,,2026-03-08 08:00:00,system,2026-03-08 08:00:00,system
5561,1300,5398,2,775,B26-P0775-005561,6,28.0,28.0,0.0,280.0,280.0,0.0,,2026-03-08 08:00:00,system,2026-03-08 08:00:00,system
5562,1300,5399,3,599,B26-P0599-005562,6,8.0,8.0,0.0,240.0,240.0,0.0,,2026-03-08 08:00:00,system,2026-03-08 08:00:00,system
5563,1300,5400,4,563,B26-P0563-005563,1,2.0,2.0,0.0,4000.0,4000.0,0.0,,2026-03-08 08:00:00,system,2026-03-08 08:00:00,system
5564,1301,5406,1,676,B26-P0676-005564,6,2.0,2.0,0.0,100.0,100.0,0.0,,2026-04-28 08:00:00,system,2026-04-28 08:00:00,system
5565,1301,5407,2,1037,B26-P1037-005565,6,6.0,6.0,0.0,2.4,2.4,0.0,,2026-04-28 08:00:00,system,2026-04-28 08:00:00,system
5566,1301,5408,3,169,B26-P0169-005566,6,1.0,1.0,0.0,30.0,30.0,0.0,,2026-04-28 08:00:00,system,2026-04-28 08:00:00,system
5567,1301,5409,4,1190,B26-P1190-005567,6,5.0,5.0,0.0,275.0,275.0,0.0,,2026-04-28 08:00:00,system,2026-04-28 08:00:00,system
5568,1302,5418,1,332,B26-P0332-005568,6,4.0,4.0,0.0,840.0,840.0,0.0,,2026-02-01 08:00:00,system,2026-02-01 08:00:00,system
5569,1302,5419,2,1150,B26-P1150-005569,6,36.0,36.0,0.0,108.0,108.0,0.0,,2026-02-01 08:00:00,system,2026-02-01 08:00:00,system
5570,1302,5420,3,279,B26-P0279-005570,6,30.0,30.0,0.0,750.0,750.0,0.0,,2026-02-01 08:00:00,system,2026-02-01 08:00:00,system
5571,1302,5421,4,1003,B26-P1003-005571,6,20.0,20.0,0.0,40.0,40.0,0.0,,2026-02-01 08:00:00,system,2026-02-01 08:00:00,system
5572,1302,5422,5,314,B26-P0314-005572,6,5.0,5.0,0.0,250.0,250.0,0.0,,2026-02-01 08:00:00,system,2026-02-01 08:00:00,system
5573,1302,5424,6,668,B26-P0668-005573,6,10.0,10.0,0.0,1800.0,1800.0,0.0,,2026-02-01 08:00:00,system,2026-02-01 08:00:00,system
5574,1303,5419,1,1150,B26-P1150-005574,6,24.0,24.0,0.0,72.0,72.0,0.0,,2026-02-05 08:00:00,system,2026-02-05 08:00:00,system
5575,1303,5420,2,279,B26-P0279-005575,6,2.0,2.0,0.0,50.0,50.0,0.0,,2026-02-05 08:00:00,system,2026-02-05 08:00:00,system
5576,1303,5421,3,1003,B26-P1003-005576,6,8.0,8.0,0.0,16.0,16.0,0.0,,2026-02-05 08:00:00,system,2026-02-05 08:00:00,system
5577,1303,5422,4,314,B26-P0314-005577,6,1.0,1.0,0.0,50.0,50.0,0.0,,2026-02-05 08:00:00,system,2026-02-05 08:00:00,system
5578,1303,5423,5,964,B26-P0964-005578,6,35.0,35.0,0.0,875.0,875.0,0.0,,2026-02-05 08:00:00,system,2026-02-05 08:00:00,system
5579,1303,5424,6,668,B26-P0668-005579,6,2.0,2.0,0.0,360.0,360.0,0.0,,2026-02-05 08:00:00,system,2026-02-05 08:00:00,system
5580,1304,5425,1,149,B26-P0149-005580,6,11.0,11.0,0.0,55.0,55.0,0.0,,2026-06-02 08:00:00,system,2026-06-02 08:00:00,system
5581,1304,5426,2,754,B26-P0754-005581,6,5.0,5.0,0.0,900.0,900.0,0.0,,2026-06-02 08:00:00,system,2026-06-02 08:00:00,system
5582,1304,5427,3,727,B26-P0727-005582,6,4.0,3.0,1.0,120.0,90.0,30.0,,2026-06-02 08:00:00,system,2026-06-02 08:00:00,system
5583,1304,5428,4,638,B26-P0638-005583,6,4.0,4.0,0.0,200.0,200.0,0.0,,2026-06-02 08:00:00,system,2026-06-02 08:00:00,system
5584,1304,5429,5,580,B26-P0580-005584,6,2.0,2.0,0.0,20.0,20.0,0.0,,2026-06-02 08:00:00,system,2026-06-02 08:00:00,system
5585,1305,5425,1,149,B26-P0149-005585,6,13.0,13.0,0.0,65.0,65.0,0.0,,2026-06-05 08:00:00,system,2026-06-05 08:00:00,system
5586,1305,5426,2,754,B26-P0754-005586,6,3.0,3.0,0.0,540.0,540.0,0.0,,2026-06-05 08:00:00,system,2026-06-05 08:00:00,system
5587,1305,5427,3,727,B26-P0727-005587,6,2.0,2.0,0.0,60.0,60.0,0.0,,2026-06-05 08:00:00,system,2026-06-05 08:00:00,system
5588,1305,5428,4,638,B26-P0638-005588,6,6.0,6.0,0.0,300.0,300.0,0.0,,2026-06-05 08:00:00,system,2026-06-05 08:00:00,system
5589,1305,5429,5,580,B26-P0580-005589,6,4.0,4.0,0.0,40.0,40.0,0.0,,2026-06-05 08:00:00,system,2026-06-05 08:00:00,system
5590,1306,5430,1,202,B26-P0202-005590,1,2.0,2.0,0.0,2000.0,2000.0,0.0,,2026-01-18 08:00:00,system,2026-01-18 08:00:00,system
5591,1307,5431,1,277,B26-P0277-005591,6,14.0,14.0,0.0,210.0,210.0,0.0,,2026-05-15 08:00:00,system,2026-05-15 08:00:00,system
5592,1307,5432,2,526,B26-P0526-005592,6,6.0,6.0,0.0,150.0,150.0,0.0,,2026-05-15 08:00:00,system,2026-05-15 08:00:00,system
5593,1307,5433,3,169,B26-P0169-005593,6,7.0,7.0,0.0,210.0,210.0,0.0,,2026-05-15 08:00:00,system,2026-05-15 08:00:00,system
5594,1307,5434,4,785,B26-P0785-005594,1,2.0,2.0,0.0,2000.0,2000.0,0.0,,2026-05-15 08:00:00,system,2026-05-15 08:00:00,system
5595,1307,5435,5,1020,B26-P1020-005595,6,8.0,8.0,0.0,8.0,8.0,0.0,,2026-05-15 08:00:00,system,2026-05-15 08:00:00,system
5596,1307,5436,6,1286,B26-P1286-005596,6,28.0,28.0,0.0,140.0,140.0,0.0,,2026-05-15 08:00:00,system,2026-05-15 08:00:00,system
5597,1307,5437,7,843,B26-P0843-005597,6,3.0,3.0,0.0,165.0,165.0,0.0,,2026-05-15 08:00:00,system,2026-05-15 08:00:00,system
5598,1307,5438,8,1156,B26-P1156-005598,1,5.0,5.0,0.0,5000.0,5000.0,0.0,,2026-05-15 08:00:00,system,2026-05-15 08:00:00,system
5599,1307,5439,9,295,B26-P0295-005599,6,11.0,11.0,0.0,330.0,330.0,0.0,,2026-05-15 08:00:00,system,2026-05-15 08:00:00,system
5600,1307,5440,10,981,B26-P0981-005600,6,61.0,61.0,0.0,24.4,24.4,0.0,,2026-05-15 08:00:00,system,2026-05-15 08:00:00,system
5601,1307,5441,11,248,B26-P0248-005601,6,19.0,18.0,1.0,15.2,14.4,0.8,,2026-05-15 08:00:00,system,2026-05-15 08:00:00,system
5602,1307,5443,12,306,B26-P0306-005602,6,12.0,12.0,0.0,14.4,14.4,0.0,,2026-05-15 08:00:00,system,2026-05-15 08:00:00,system
5603,1307,5444,13,624,B26-P0624-005603,6,3.0,3.0,0.0,45.0,45.0,0.0,,2026-05-15 08:00:00,system,2026-05-15 08:00:00,system
5604,1308,5431,1,277,B26-P0277-005604,6,16.0,16.0,0.0,240.0,240.0,0.0,,2026-05-20 08:00:00,system,2026-05-20 08:00:00,system
5605,1308,5432,2,526,B26-P0526-005605,6,15.0,15.0,0.0,375.0,375.0,0.0,,2026-05-20 08:00:00,system,2026-05-20 08:00:00,system
5606,1308,5433,3,169,B26-P0169-005606,6,18.0,18.0,0.0,540.0,540.0,0.0,,2026-05-20 08:00:00,system,2026-05-20 08:00:00,system
5607,1308,5436,4,1286,B26-P1286-005607,6,22.0,22.0,0.0,110.0,110.0,0.0,,2026-05-20 08:00:00,system,2026-05-20 08:00:00,system
5608,1308,5438,5,1156,B26-P1156-005608,1,1.0,1.0,0.0,1000.0,1000.0,0.0,,2026-05-20 08:00:00,system,2026-05-20 08:00:00,system
5609,1308,5439,6,295,B26-P0295-005609,6,7.0,7.0,0.0,210.0,210.0,0.0,,2026-05-20 08:00:00,system,2026-05-20 08:00:00,system
5610,1308,5440,7,981,B26-P0981-005610,6,20.0,20.0,0.0,8.0,8.0,0.0,,2026-05-20 08:00:00,system,2026-05-20 08:00:00,system
5611,1308,5441,8,248,B26-P0248-005611,6,4.0,4.0,0.0,3.2,3.2,0.0,,2026-05-20 08:00:00,system,2026-05-20 08:00:00,system
5612,1308,5442,9,1495,B26-P1495-005612,6,21.0,21.0,0.0,525.0,525.0,0.0,,2026-05-20 08:00:00,system,2026-05-20 08:00:00,system
5613,1308,5443,10,306,B26-P0306-005613,6,8.0,8.0,0.0,9.6,9.6,0.0,,2026-05-20 08:00:00,system,2026-05-20 08:00:00,system
5614,1309,5432,1,526,B26-P0526-005614,6,7.0,7.0,0.0,175.0,175.0,0.0,,2026-05-22 08:00:00,system,2026-05-22 08:00:00,system
5615,1309,5435,2,1020,B26-P1020-005615,6,14.0,14.0,0.0,14.0,14.0,0.0,,2026-05-22 08:00:00,system,2026-05-22 08:00:00,system
5616,1309,5437,3,843,B26-P0843-005616,6,1.0,1.0,0.0,55.0,55.0,0.0,,2026-05-22 08:00:00,system,2026-05-22 08:00:00,system
5617,1309,5440,4,981,B26-P0981-005617,6,24.0,24.0,0.0,9.6,9.6,0.0,,2026-05-22 08:00:00,system,2026-05-22 08:00:00,system
5618,1309,5441,5,248,B26-P0248-005618,6,25.0,25.0,0.0,20.0,20.0,0.0,,2026-05-22 08:00:00,system,2026-05-22 08:00:00,system
5619,1309,5442,6,1495,B26-P1495-005619,6,3.0,3.0,0.0,75.0,75.0,0.0,,2026-05-22 08:00:00,system,2026-05-22 08:00:00,system
5620,1309,5443,7,306,B26-P0306-005620,6,4.0,4.0,0.0,4.8,4.8,0.0,,2026-05-22 08:00:00,system,2026-05-22 08:00:00,system
5621,1309,5444,8,624,B26-P0624-005621,6,4.0,3.0,1.0,60.0,45.0,15.0,,2026-05-22 08:00:00,system,2026-05-22 08:00:00,system
5622,1310,5450,1,822,B26-P0822-005622,6,11.0,11.0,0.0,55.0,55.0,0.0,,2026-01-12 08:00:00,system,2026-01-12 08:00:00,system
5623,1310,5451,2,49,B26-P0049-005623,6,7.0,6.0,1.0,70.0,60.0,10.0,,2026-01-12 08:00:00,system,2026-01-12 08:00:00,system
5624,1310,5453,3,115,B26-P0115-005624,6,32.0,32.0,0.0,96.0,96.0,0.0,,2026-01-12 08:00:00,system,2026-01-12 08:00:00,system
5625,1310,5454,4,863,B26-P0863-005625,1,2.0,2.0,0.0,4000.0,4000.0,0.0,,2026-01-12 08:00:00,system,2026-01-12 08:00:00,system
5626,1310,5455,5,1428,B26-P1428-005626,1,2.0,2.0,0.0,2000.0,2000.0,0.0,,2026-01-12 08:00:00,system,2026-01-12 08:00:00,system
5627,1311,5450,1,822,B26-P0822-005627,6,7.0,7.0,0.0,35.0,35.0,0.0,,2026-01-17 08:00:00,system,2026-01-17 08:00:00,system
5628,1311,5451,2,49,B26-P0049-005628,6,5.0,5.0,0.0,50.0,50.0,0.0,,2026-01-17 08:00:00,system,2026-01-17 08:00:00,system
5629,1311,5452,3,1401,B26-P1401-005629,6,4.0,4.0,0.0,220.0,220.0,0.0,,2026-01-17 08:00:00,system,2026-01-17 08:00:00,system
5630,1311,5453,4,115,B26-P0115-005630,6,16.0,16.0,0.0,48.0,48.0,0.0,,2026-01-17 08:00:00,system,2026-01-17 08:00:00,system
5631,1311,5455,5,1428,B26-P1428-005631,1,2.0,2.0,0.0,2000.0,2000.0,0.0,,2026-01-17 08:00:00,system,2026-01-17 08:00:00,system
5632,1312,5456,1,435,B26-P0435-005632,6,12.0,12.0,0.0,240.0,240.0,0.0,,2026-05-02 08:00:00,system,2026-05-02 08:00:00,system
5633,1313,5457,1,912,B26-P0912-005633,6,28.0,28.0,0.0,700.0,700.0,0.0,,2026-03-16 08:00:00,system,2026-03-16 08:00:00,system
5634,1313,5458,2,204,B26-P0204-005634,6,14.0,14.0,0.0,14.0,14.0,0.0,,2026-03-16 08:00:00,system,2026-03-16 08:00:00,system
5635,1313,5459,3,742,B26-P0742-005635,6,2.0,2.0,0.0,100.0,100.0,0.0,,2026-03-16 08:00:00,system,2026-03-16 08:00:00,system
5636,1314,5466,1,1028,B26-P1028-005636,6,26.0,26.0,0.0,13.0,13.0,0.0,,2026-04-16 08:00:00,system,2026-04-16 08:00:00,system
5637,1315,5476,1,1238,B26-P1238-005637,6,7.0,7.0,0.0,35.0,35.0,0.0,,2026-07-24 08:00:00,system,2026-07-24 08:00:00,system
5638,1315,5477,2,432,B26-P0432-005638,6,2.0,2.0,0.0,10.0,10.0,0.0,,2026-07-24 08:00:00,system,2026-07-24 08:00:00,system
5639,1316,5476,1,1238,B26-P1238-005639,6,11.0,10.0,1.0,55.0,50.0,5.0,,2026-07-26 08:00:00,system,2026-07-26 08:00:00,system
5640,1316,5477,2,432,B26-P0432-005640,6,4.0,4.0,0.0,20.0,20.0,0.0,,2026-07-26 08:00:00,system,2026-07-26 08:00:00,system
5641,1317,5480,1,1270,B26-P1270-005641,6,2.0,2.0,0.0,20.0,20.0,0.0,,2026-03-07 08:00:00,system,2026-03-07 08:00:00,system
5642,1317,5481,2,1447,B26-P1447-005642,6,24.0,24.0,0.0,360.0,360.0,0.0,,2026-03-07 08:00:00,system,2026-03-07 08:00:00,system
5643,1317,5482,3,801,B26-P0801-005643,6,13.0,13.0,0.0,715.0,715.0,0.0,,2026-03-07 08:00:00,system,2026-03-07 08:00:00,system
5644,1317,5484,4,1,B26-P0001-005644,6,11.0,11.0,0.0,13.2,13.2,0.0,,2026-03-07 08:00:00,system,2026-03-07 08:00:00,system
5645,1318,5480,1,1270,B26-P1270-005645,6,4.0,4.0,0.0,40.0,40.0,0.0,,2026-03-10 08:00:00,system,2026-03-10 08:00:00,system
5646,1318,5482,2,801,B26-P0801-005646,6,2.0,2.0,0.0,110.0,110.0,0.0,,2026-03-10 08:00:00,system,2026-03-10 08:00:00,system
5647,1318,5483,3,436,B26-P0436-005647,6,6.0,6.0,0.0,150.0,150.0,0.0,,2026-03-10 08:00:00,system,2026-03-10 08:00:00,system
5648,1318,5484,4,1,B26-P0001-005648,6,53.0,53.0,0.0,63.6,63.6,0.0,,2026-03-10 08:00:00,system,2026-03-10 08:00:00,system
5649,1318,5485,5,1396,B26-P1396-005649,6,21.0,21.0,0.0,315.0,315.0,0.0,,2026-03-10 08:00:00,system,2026-03-10 08:00:00,system
5650,1319,5487,1,567,B26-P0567-005650,6,1.0,1.0,0.0,15.0,15.0,0.0,,2026-02-17 08:00:00,system,2026-02-17 08:00:00,system
5651,1319,5490,2,1302,B26-P1302-005651,6,1.0,0.0,1.0,20.0,0.0,20.0,,2026-02-17 08:00:00,system,2026-02-17 08:00:00,system
5652,1320,5486,1,495,B26-P0495-005652,6,15.0,15.0,0.0,75.0,75.0,0.0,,2026-02-21 08:00:00,system,2026-02-21 08:00:00,system
5653,1320,5487,2,567,B26-P0567-005653,6,4.0,4.0,0.0,60.0,60.0,0.0,,2026-02-21 08:00:00,system,2026-02-21 08:00:00,system
5654,1320,5489,3,1095,B26-P1095-005654,6,5.0,5.0,0.0,5.0,5.0,0.0,,2026-02-21 08:00:00,system,2026-02-21 08:00:00,system
5655,1320,5490,4,1302,B26-P1302-005655,6,7.0,7.0,0.0,140.0,140.0,0.0,,2026-02-21 08:00:00,system,2026-02-21 08:00:00,system
5656,1321,5491,1,248,B26-P0248-005656,6,12.0,12.0,0.0,9.6,9.6,0.0,,2026-02-04 08:00:00,system,2026-02-04 08:00:00,system
5657,1321,5492,2,749,B26-P0749-005657,6,52.0,52.0,0.0,156.0,156.0,0.0,,2026-02-04 08:00:00,system,2026-02-04 08:00:00,system
5658,1322,5493,1,670,B26-P0670-005658,1,8.0,8.0,0.0,4000.0,4000.0,0.0,,2026-05-25 08:00:00,system,2026-05-25 08:00:00,system
5659,1322,5494,2,210,B26-P0210-005659,6,40.0,40.0,0.0,800.0,800.0,0.0,,2026-05-25 08:00:00,system,2026-05-25 08:00:00,system
5660,1322,5495,3,675,B26-P0675-005660,6,14.0,14.0,0.0,420.0,420.0,0.0,,2026-05-25 08:00:00,system,2026-05-25 08:00:00,system
5661,1322,5496,4,176,B26-P0176-005661,6,80.0,80.0,0.0,80.0,80.0,0.0,,2026-05-25 08:00:00,system,2026-05-25 08:00:00,system
5662,1323,5501,1,981,B26-P0981-005662,6,1.0,1.0,0.0,0.4,0.4,0.0,,2026-06-22 08:00:00,system,2026-06-22 08:00:00,system
5663,1323,5502,2,898,B26-P0898-005663,6,9.0,8.0,1.0,225.0,200.0,25.0,,2026-06-22 08:00:00,system,2026-06-22 08:00:00,system
5664,1324,5510,1,432,B26-P0432-005664,6,7.0,7.0,0.0,35.0,35.0,0.0,,2026-06-14 08:00:00,system,2026-06-14 08:00:00,system
5665,1324,5511,2,435,B26-P0435-005665,6,28.0,28.0,0.0,560.0,560.0,0.0,,2026-06-14 08:00:00,system,2026-06-14 08:00:00,system
5666,1324,5512,3,1267,B26-P1267-005666,6,42.0,42.0,0.0,42.0,42.0,0.0,,2026-06-14 08:00:00,system,2026-06-14 08:00:00,system
5667,1324,5513,4,822,B26-P0822-005667,6,24.0,24.0,0.0,120.0,120.0,0.0,,2026-06-14 08:00:00,system,2026-06-14 08:00:00,system
5668,1325,5515,1,532,B26-P0532-005668,1,1.0,1.0,0.0,500.0,500.0,0.0,,2026-04-02 08:00:00,system,2026-04-02 08:00:00,system
5669,1325,5517,2,663,B26-P0663-005669,6,4.0,4.0,0.0,80.0,80.0,0.0,,2026-04-02 08:00:00,system,2026-04-02 08:00:00,system
5670,1326,5520,1,756,B26-P0756-005670,1,3.0,3.0,0.0,1500.0,1500.0,0.0,,2026-06-05 08:00:00,system,2026-06-05 08:00:00,system
5671,1326,5521,2,690,B26-P0690-005671,6,7.0,7.0,0.0,350.0,350.0,0.0,,2026-06-05 08:00:00,system,2026-06-05 08:00:00,system
5672,1326,5522,3,1463,B26-P1463-005672,6,2.0,2.0,0.0,420.0,420.0,0.0,,2026-06-05 08:00:00,system,2026-06-05 08:00:00,system
5673,1326,5523,4,92,B26-P0092-005673,6,6.0,5.0,1.0,300.0,250.0,50.0,,2026-06-05 08:00:00,system,2026-06-05 08:00:00,system
5674,1326,5524,5,112,B26-P0112-005674,6,44.0,44.0,0.0,35.2,35.2,0.0,,2026-06-05 08:00:00,system,2026-06-05 08:00:00,system
5675,1326,5525,6,1027,B26-P1027-005675,6,113.0,113.0,0.0,45.2,45.2,0.0,,2026-06-05 08:00:00,system,2026-06-05 08:00:00,system
5676,1326,5526,7,1467,B26-P1467-005676,6,30.0,30.0,0.0,90.0,90.0,0.0,,2026-06-05 08:00:00,system,2026-06-05 08:00:00,system
5677,1326,5528,8,1150,B26-P1150-005677,6,28.0,28.0,0.0,84.0,84.0,0.0,,2026-06-05 08:00:00,system,2026-06-05 08:00:00,system
5678,1326,5529,9,249,B26-P0249-005678,6,22.0,22.0,0.0,22.0,22.0,0.0,,2026-06-05 08:00:00,system,2026-06-05 08:00:00,system
5679,1326,5530,10,198,B26-P0198-005679,6,2.0,1.0,1.0,100.0,50.0,50.0,,2026-06-05 08:00:00,system,2026-06-05 08:00:00,system
5680,1326,5531,11,803,B26-P0803-005680,6,1.0,0.0,1.0,210.0,0.0,210.0,,2026-06-05 08:00:00,system,2026-06-05 08:00:00,system
5681,1326,5532,12,1127,B26-P1127-005681,6,12.0,12.0,0.0,12.0,12.0,0.0,,2026-06-05 08:00:00,system,2026-06-05 08:00:00,system
5682,1327,5520,1,756,B26-P0756-005682,1,3.0,3.0,0.0,1500.0,1500.0,0.0,,2026-06-08 08:00:00,system,2026-06-08 08:00:00,system
5683,1327,5521,2,690,B26-P0690-005683,6,1.0,1.0,0.0,50.0,50.0,0.0,,2026-06-08 08:00:00,system,2026-06-08 08:00:00,system
5684,1327,5522,3,1463,B26-P1463-005684,6,3.0,3.0,0.0,630.0,630.0,0.0,,2026-06-08 08:00:00,system,2026-06-08 08:00:00,system
5685,1327,5523,4,92,B26-P0092-005685,6,3.0,3.0,0.0,150.0,150.0,0.0,,2026-06-08 08:00:00,system,2026-06-08 08:00:00,system
5686,1327,5524,5,112,B26-P0112-005686,6,1.0,1.0,0.0,0.8,0.8,0.0,,2026-06-08 08:00:00,system,2026-06-08 08:00:00,system
5687,1327,5525,6,1027,B26-P1027-005687,6,47.0,47.0,0.0,18.8,18.8,0.0,,2026-06-08 08:00:00,system,2026-06-08 08:00:00,system
5688,1327,5526,7,1467,B26-P1467-005688,6,18.0,18.0,0.0,54.0,54.0,0.0,,2026-06-08 08:00:00,system,2026-06-08 08:00:00,system
5689,1327,5527,8,300,B26-P0300-005689,1,4.0,4.0,0.0,4000.0,4000.0,0.0,,2026-06-08 08:00:00,system,2026-06-08 08:00:00,system
5690,1327,5528,9,1150,B26-P1150-005690,6,4.0,4.0,0.0,12.0,12.0,0.0,,2026-06-08 08:00:00,system,2026-06-08 08:00:00,system
5691,1327,5529,10,249,B26-P0249-005691,6,8.0,8.0,0.0,8.0,8.0,0.0,,2026-06-08 08:00:00,system,2026-06-08 08:00:00,system
5692,1327,5531,11,803,B26-P0803-005692,6,2.0,2.0,0.0,420.0,420.0,0.0,,2026-06-08 08:00:00,system,2026-06-08 08:00:00,system
5693,1327,5532,12,1127,B26-P1127-005693,6,30.0,30.0,0.0,30.0,30.0,0.0,,2026-06-08 08:00:00,system,2026-06-08 08:00:00,system
5694,1327,5533,13,949,B26-P0949-005694,6,14.0,14.0,0.0,280.0,280.0,0.0,,2026-06-08 08:00:00,system,2026-06-08 08:00:00,system
5695,1328,5534,1,769,B26-P0769-005695,6,1.0,1.0,0.0,210.0,210.0,0.0,,2026-01-22 08:00:00,system,2026-01-22 08:00:00,system
5696,1328,5535,2,1197,B26-P1197-005696,6,9.0,9.0,0.0,180.0,180.0,0.0,,2026-01-22 08:00:00,system,2026-01-22 08:00:00,system
5697,1329,5534,1,769,B26-P0769-005697,6,1.0,1.0,0.0,210.0,210.0,0.0,,2026-01-23 08:00:00,system,2026-01-23 08:00:00,system
5698,1329,5535,2,1197,B26-P1197-005698,6,5.0,5.0,0.0,100.0,100.0,0.0,,2026-01-23 08:00:00,system,2026-01-23 08:00:00,system
5699,1330,5536,1,1447,B26-P1447-005699,6,2.0,2.0,0.0,30.0,30.0,0.0,,2026-07-03 08:00:00,system,2026-07-03 08:00:00,system
5700,1330,5537,2,97,B26-P0097-005700,6,16.0,16.0,0.0,12.8,12.8,0.0,,2026-07-03 08:00:00,system,2026-07-03 08:00:00,system
5701,1330,5538,3,637,B26-P0637-005701,6,14.0,14.0,0.0,420.0,420.0,0.0,,2026-07-03 08:00:00,system,2026-07-03 08:00:00,system
5702,1330,5539,4,598,B26-P0598-005702,6,25.0,25.0,0.0,625.0,625.0,0.0,,2026-07-03 08:00:00,system,2026-07-03 08:00:00,system
5703,1330,5540,5,222,B26-P0222-005703,6,14.0,14.0,0.0,70.0,70.0,0.0,,2026-07-03 08:00:00,system,2026-07-03 08:00:00,system
5704,1330,5542,6,549,B26-P0549-005704,1,5.0,5.0,0.0,10000.0,10000.0,0.0,,2026-07-03 08:00:00,system,2026-07-03 08:00:00,system
5705,1330,5543,7,711,B26-P0711-005705,6,19.0,19.0,0.0,380.0,380.0,0.0,,2026-07-03 08:00:00,system,2026-07-03 08:00:00,system
5706,1331,5536,1,1447,B26-P1447-005706,6,10.0,10.0,0.0,150.0,150.0,0.0,,2026-07-08 08:00:00,system,2026-07-08 08:00:00,system
5707,1331,5537,2,97,B26-P0097-005707,6,40.0,39.0,1.0,32.0,31.2,0.8,,2026-07-08 08:00:00,system,2026-07-08 08:00:00,system
5708,1331,5538,3,637,B26-P0637-005708,6,7.0,7.0,0.0,210.0,210.0,0.0,,2026-07-08 08:00:00,system,2026-07-08 08:00:00,system
5709,1331,5539,4,598,B26-P0598-005709,6,10.0,10.0,0.0,250.0,250.0,0.0,,2026-07-08 08:00:00,system,2026-07-08 08:00:00,system
5710,1331,5540,5,222,B26-P0222-005710,6,4.0,4.0,0.0,20.0,20.0,0.0,,2026-07-08 08:00:00,system,2026-07-08 08:00:00,system
5711,1331,5541,6,771,B26-P0771-005711,1,6.0,6.0,0.0,6000.0,6000.0,0.0,,2026-07-08 08:00:00,system,2026-07-08 08:00:00,system
5712,1331,5542,7,549,B26-P0549-005712,1,3.0,3.0,0.0,6000.0,6000.0,0.0,,2026-07-08 08:00:00,system,2026-07-08 08:00:00,system
5713,1331,5543,8,711,B26-P0711-005713,6,5.0,5.0,0.0,100.0,100.0,0.0,,2026-07-08 08:00:00,system,2026-07-08 08:00:00,system
5714,1332,5550,1,58,B26-P0058-005714,1,3.0,3.0,0.0,3000.0,3000.0,0.0,,2026-02-22 08:00:00,system,2026-02-22 08:00:00,system
5715,1332,5551,2,569,B26-P0569-005715,6,2.0,2.0,0.0,50.0,50.0,0.0,,2026-02-22 08:00:00,system,2026-02-22 08:00:00,system
5716,1332,5552,3,1383,B26-P1383-005716,6,17.0,17.0,0.0,340.0,340.0,0.0,,2026-02-22 08:00:00,system,2026-02-22 08:00:00,system
5717,1332,5553,4,1118,B26-P1118-005717,6,39.0,39.0,0.0,39.0,39.0,0.0,,2026-02-22 08:00:00,system,2026-02-22 08:00:00,system
5718,1333,5565,1,231,B26-P0231-005718,6,3.0,3.0,0.0,630.0,630.0,0.0,,2026-02-08 08:00:00,system,2026-02-08 08:00:00,system
5719,1333,5567,2,1391,B26-P1391-005719,1,3.0,3.0,0.0,3000.0,3000.0,0.0,,2026-02-08 08:00:00,system,2026-02-08 08:00:00,system
5720,1334,5578,1,179,B26-P0179-005720,6,2.0,2.0,0.0,10.0,10.0,0.0,,2026-03-12 08:00:00,system,2026-03-12 08:00:00,system
5721,1334,5581,2,9,B26-P0009-005721,6,1.0,1.0,0.0,50.0,50.0,0.0,,2026-03-12 08:00:00,system,2026-03-12 08:00:00,system
5722,1335,5578,1,179,B26-P0179-005722,6,2.0,2.0,0.0,10.0,10.0,0.0,,2026-03-14 08:00:00,system,2026-03-14 08:00:00,system
5723,1336,5583,1,1491,B26-P1491-005723,6,5.0,5.0,0.0,25.0,25.0,0.0,,2026-01-18 08:00:00,system,2026-01-18 08:00:00,system
5724,1336,5584,2,220,B26-P0220-005724,6,39.0,39.0,0.0,46.8,46.8,0.0,,2026-01-18 08:00:00,system,2026-01-18 08:00:00,system
5725,1336,5585,3,663,B26-P0663-005725,6,1.0,1.0,0.0,20.0,20.0,0.0,,2026-01-18 08:00:00,system,2026-01-18 08:00:00,system
5726,1336,5586,4,311,B26-P0311-005726,6,2.0,2.0,0.0,40.0,40.0,0.0,,2026-01-18 08:00:00,system,2026-01-18 08:00:00,system
5727,1337,5583,1,1491,B26-P1491-005727,6,10.0,10.0,0.0,50.0,50.0,0.0,,2026-01-23 08:00:00,system,2026-01-23 08:00:00,system
5728,1337,5584,2,220,B26-P0220-005728,6,13.0,12.0,1.0,15.6,14.4,1.2,,2026-01-23 08:00:00,system,2026-01-23 08:00:00,system
5729,1337,5585,3,663,B26-P0663-005729,6,29.0,28.0,1.0,580.0,560.0,20.0,,2026-01-23 08:00:00,system,2026-01-23 08:00:00,system
5730,1337,5586,4,311,B26-P0311-005730,6,3.0,2.0,1.0,60.0,40.0,20.0,,2026-01-23 08:00:00,system,2026-01-23 08:00:00,system
5731,1338,5587,1,413,B26-P0413-005731,6,5.0,5.0,0.0,125.0,125.0,0.0,,2026-05-27 08:00:00,system,2026-05-27 08:00:00,system
5732,1338,5588,2,944,B26-P0944-005732,1,2.0,1.0,1.0,4000.0,2000.0,2000.0,,2026-05-27 08:00:00,system,2026-05-27 08:00:00,system
5733,1339,5587,1,413,B26-P0413-005733,6,2.0,2.0,0.0,50.0,50.0,0.0,,2026-05-29 08:00:00,system,2026-05-29 08:00:00,system
5734,1339,5588,2,944,B26-P0944-005734,1,2.0,2.0,0.0,4000.0,4000.0,0.0,,2026-05-29 08:00:00,system,2026-05-29 08:00:00,system
5735,1340,5589,1,394,B26-P0394-005735,6,10.0,10.0,0.0,50.0,50.0,0.0,,2026-03-14 08:00:00,system,2026-03-14 08:00:00,system
5736,1340,5590,2,1311,B26-P1311-005736,6,1.0,1.0,0.0,55.0,55.0,0.0,,2026-03-14 08:00:00,system,2026-03-14 08:00:00,system
5737,1340,5591,3,524,B26-P0524-005737,6,6.0,6.0,0.0,90.0,90.0,0.0,,2026-03-14 08:00:00,system,2026-03-14 08:00:00,system
5738,1340,5592,4,613,B26-P0613-005738,6,9.0,9.0,0.0,270.0,270.0,0.0,,2026-03-14 08:00:00,system,2026-03-14 08:00:00,system
5739,1340,5594,5,216,B26-P0216-005739,6,2.0,2.0,0.0,420.0,420.0,0.0,,2026-03-14 08:00:00,system,2026-03-14 08:00:00,system
5740,1340,5596,6,620,B26-P0620-005740,1,1.0,0.0,1.0,2000.0,0.0,2000.0,,2026-03-14 08:00:00,system,2026-03-14 08:00:00,system
5741,1340,5597,7,1272,B26-P1272-005741,6,5.0,5.0,0.0,275.0,275.0,0.0,,2026-03-14 08:00:00,system,2026-03-14 08:00:00,system
5742,1340,5598,8,408,B26-P0408-005742,6,2.0,1.0,1.0,6.0,3.0,3.0,,2026-03-14 08:00:00,system,2026-03-14 08:00:00,system
5743,1340,5599,9,1448,B26-P1448-005743,6,11.0,11.0,0.0,220.0,220.0,0.0,,2026-03-14 08:00:00,system,2026-03-14 08:00:00,system
5744,1340,5600,10,1108,B26-P1108-005744,6,2.0,2.0,0.0,36.0,36.0,0.0,,2026-03-14 08:00:00,system,2026-03-14 08:00:00,system
5745,1340,5601,11,355,B26-P0355-005745,6,17.0,17.0,0.0,51.0,51.0,0.0,,2026-03-14 08:00:00,system,2026-03-14 08:00:00,system
5746,1341,5591,1,524,B26-P0524-005746,6,4.0,4.0,0.0,60.0,60.0,0.0,,2026-03-19 08:00:00,system,2026-03-19 08:00:00,system
5747,1341,5592,2,613,B26-P0613-005747,6,7.0,7.0,0.0,210.0,210.0,0.0,,2026-03-19 08:00:00,system,2026-03-19 08:00:00,system
5748,1341,5593,3,1296,B26-P1296-005748,6,6.0,6.0,0.0,1080.0,1080.0,0.0,,2026-03-19 08:00:00,system,2026-03-19 08:00:00,system
5749,1341,5594,4,216,B26-P0216-005749,6,1.0,1.0,0.0,210.0,210.0,0.0,,2026-03-19 08:00:00,system,2026-03-19 08:00:00,system
5750,1341,5598,5,408,B26-P0408-005750,6,3.0,3.0,0.0,9.0,9.0,0.0,,2026-03-19 08:00:00,system,2026-03-19 08:00:00,system
5751,1341,5599,6,1448,B26-P1448-005751,6,2.0,2.0,0.0,40.0,40.0,0.0,,2026-03-19 08:00:00,system,2026-03-19 08:00:00,system
5752,1341,5600,7,1108,B26-P1108-005752,6,6.0,5.0,1.0,108.0,90.0,18.0,,2026-03-19 08:00:00,system,2026-03-19 08:00:00,system
5753,1341,5601,8,355,B26-P0355-005753,6,8.0,8.0,0.0,24.0,24.0,0.0,,2026-03-19 08:00:00,system,2026-03-19 08:00:00,system
5754,1342,5589,1,394,B26-P0394-005754,6,2.0,2.0,0.0,10.0,10.0,0.0,,2026-03-21 08:00:00,system,2026-03-21 08:00:00,system
5755,1342,5590,2,1311,B26-P1311-005755,6,7.0,7.0,0.0,385.0,385.0,0.0,,2026-03-21 08:00:00,system,2026-03-21 08:00:00,system
5756,1342,5592,3,613,B26-P0613-005756,6,2.0,2.0,0.0,60.0,60.0,0.0,,2026-03-21 08:00:00,system,2026-03-21 08:00:00,system
5757,1342,5594,4,216,B26-P0216-005757,6,1.0,1.0,0.0,210.0,210.0,0.0,,2026-03-21 08:00:00,system,2026-03-21 08:00:00,system
5758,1342,5595,5,1306,B26-P1306-005758,1,2.0,2.0,0.0,2000.0,2000.0,0.0,,2026-03-21 08:00:00,system,2026-03-21 08:00:00,system
5759,1342,5596,6,620,B26-P0620-005759,1,7.0,7.0,0.0,14000.0,14000.0,0.0,,2026-03-21 08:00:00,system,2026-03-21 08:00:00,system
5760,1342,5597,7,1272,B26-P1272-005760,6,1.0,1.0,0.0,55.0,55.0,0.0,,2026-03-21 08:00:00,system,2026-03-21 08:00:00,system
5761,1342,5598,8,408,B26-P0408-005761,6,8.0,8.0,0.0,24.0,24.0,0.0,,2026-03-21 08:00:00,system,2026-03-21 08:00:00,system
5762,1342,5599,9,1448,B26-P1448-005762,6,11.0,11.0,0.0,220.0,220.0,0.0,,2026-03-21 08:00:00,system,2026-03-21 08:00:00,system
5763,1342,5600,10,1108,B26-P1108-005763,6,4.0,4.0,0.0,72.0,72.0,0.0,,2026-03-21 08:00:00,system,2026-03-21 08:00:00,system
5764,1342,5601,11,355,B26-P0355-005764,6,3.0,3.0,0.0,9.0,9.0,0.0,,2026-03-21 08:00:00,system,2026-03-21 08:00:00,system
5765,1343,5602,1,991,B26-P0991-005765,6,30.0,30.0,0.0,15.0,15.0,0.0,,2026-03-19 08:00:00,system,2026-03-19 08:00:00,system
5766,1344,5608,1,1293,B26-P1293-005766,6,40.0,40.0,0.0,40.0,40.0,0.0,,2026-05-14 08:00:00,system,2026-05-14 08:00:00,system
5767,1344,5609,2,477,B26-P0477-005767,6,24.0,24.0,0.0,24.0,24.0,0.0,,2026-05-14 08:00:00,system,2026-05-14 08:00:00,system
5768,1344,5610,3,36,B26-P0036-005768,6,18.0,17.0,1.0,360.0,340.0,20.0,,2026-05-14 08:00:00,system,2026-05-14 08:00:00,system
5769,1344,5611,4,1033,B26-P1033-005769,6,3.0,2.0,1.0,30.0,20.0,10.0,,2026-05-14 08:00:00,system,2026-05-14 08:00:00,system
5770,1344,5612,5,983,B26-P0983-005770,6,14.0,14.0,0.0,14.0,14.0,0.0,,2026-05-14 08:00:00,system,2026-05-14 08:00:00,system
5771,1344,5613,6,151,B26-P0151-005771,6,8.0,8.0,0.0,120.0,120.0,0.0,,2026-05-14 08:00:00,system,2026-05-14 08:00:00,system
5772,1345,5608,1,1293,B26-P1293-005772,6,8.0,8.0,0.0,8.0,8.0,0.0,,2026-05-19 08:00:00,system,2026-05-19 08:00:00,system
5773,1345,5609,2,477,B26-P0477-005773,6,20.0,20.0,0.0,20.0,20.0,0.0,,2026-05-19 08:00:00,system,2026-05-19 08:00:00,system
5774,1345,5610,3,36,B26-P0036-005774,6,7.0,7.0,0.0,140.0,140.0,0.0,,2026-05-19 08:00:00,system,2026-05-19 08:00:00,system
5775,1345,5611,4,1033,B26-P1033-005775,6,5.0,5.0,0.0,50.0,50.0,0.0,,2026-05-19 08:00:00,system,2026-05-19 08:00:00,system
5776,1345,5612,5,983,B26-P0983-005776,6,46.0,46.0,0.0,46.0,46.0,0.0,,2026-05-19 08:00:00,system,2026-05-19 08:00:00,system
5777,1345,5613,6,151,B26-P0151-005777,6,2.0,2.0,0.0,30.0,30.0,0.0,,2026-05-19 08:00:00,system,2026-05-19 08:00:00,system
5778,1346,5616,1,268,B26-P0268-005778,6,15.0,15.0,0.0,2700.0,2700.0,0.0,,2026-03-22 08:00:00,system,2026-03-22 08:00:00,system
5779,1346,5617,2,36,B26-P0036-005779,6,35.0,35.0,0.0,700.0,700.0,0.0,,2026-03-22 08:00:00,system,2026-03-22 08:00:00,system
5780,1346,5618,3,135,B26-P0135-005780,6,35.0,35.0,0.0,875.0,875.0,0.0,,2026-03-22 08:00:00,system,2026-03-22 08:00:00,system
5781,1346,5619,4,575,B26-P0575-005781,1,1.0,1.0,0.0,500.0,500.0,0.0,,2026-03-22 08:00:00,system,2026-03-22 08:00:00,system
5782,1347,5620,1,225,B26-P0225-005782,6,21.0,21.0,0.0,420.0,420.0,0.0,,2026-01-28 08:00:00,system,2026-01-28 08:00:00,system
5783,1347,5621,2,149,B26-P0149-005783,6,18.0,18.0,0.0,90.0,90.0,0.0,,2026-01-28 08:00:00,system,2026-01-28 08:00:00,system
5784,1347,5622,3,94,B26-P0094-005784,6,4.0,4.0,0.0,720.0,720.0,0.0,,2026-01-28 08:00:00,system,2026-01-28 08:00:00,system
5785,1347,5623,4,1291,B26-P1291-005785,1,4.0,4.0,0.0,4000.0,4000.0,0.0,,2026-01-28 08:00:00,system,2026-01-28 08:00:00,system
5786,1347,5624,5,1325,B26-P1325-005786,1,3.0,3.0,0.0,6000.0,6000.0,0.0,,2026-01-28 08:00:00,system,2026-01-28 08:00:00,system
5787,1347,5625,6,1383,B26-P1383-005787,6,7.0,6.0,1.0,140.0,120.0,20.0,,2026-01-28 08:00:00,system,2026-01-28 08:00:00,system
5788,1347,5626,7,960,B26-P0960-005788,6,18.0,18.0,0.0,90.0,90.0,0.0,,2026-01-28 08:00:00,system,2026-01-28 08:00:00,system
5789,1348,5627,1,612,B26-P0612-005789,6,15.0,15.0,0.0,375.0,375.0,0.0,,2026-04-28 08:00:00,system,2026-04-28 08:00:00,system
5790,1348,5628,2,1449,B26-P1449-005790,6,2.0,1.0,1.0,50.0,25.0,25.0,,2026-04-28 08:00:00,system,2026-04-28 08:00:00,system
5791,1349,5627,1,612,B26-P0612-005791,6,6.0,6.0,0.0,150.0,150.0,0.0,,2026-05-02 08:00:00,system,2026-05-02 08:00:00,system
5792,1349,5628,2,1449,B26-P1449-005792,6,5.0,5.0,0.0,125.0,125.0,0.0,,2026-05-02 08:00:00,system,2026-05-02 08:00:00,system
5793,1349,5629,3,1052,B26-P1052-005793,6,4.0,4.0,0.0,72.0,72.0,0.0,,2026-05-02 08:00:00,system,2026-05-02 08:00:00,system
5794,1350,5630,1,1321,B26-P1321-005794,6,6.0,6.0,0.0,330.0,330.0,0.0,,2026-05-10 08:00:00,system,2026-05-10 08:00:00,system
5795,1350,5632,2,119,B26-P0119-005795,6,3.0,3.0,0.0,60.0,60.0,0.0,,2026-05-10 08:00:00,system,2026-05-10 08:00:00,system
5796,1350,5633,3,750,B26-P0750-005796,6,23.0,23.0,0.0,115.0,115.0,0.0,,2026-05-10 08:00:00,system,2026-05-10 08:00:00,system
5797,1350,5634,4,1098,B26-P1098-005797,6,1.0,1.0,0.0,10.0,10.0,0.0,,2026-05-10 08:00:00,system,2026-05-10 08:00:00,system
5798,1350,5635,5,1336,B26-P1336-005798,6,11.0,11.0,0.0,11.0,11.0,0.0,,2026-05-10 08:00:00,system,2026-05-10 08:00:00,system
5799,1350,5636,6,791,B26-P0791-005799,6,31.0,31.0,0.0,620.0,620.0,0.0,,2026-05-10 08:00:00,system,2026-05-10 08:00:00,system
5800,1350,5637,7,1085,B26-P1085-005800,6,4.0,4.0,0.0,4.0,4.0,0.0,,2026-05-10 08:00:00,system,2026-05-10 08:00:00,system
5801,1350,5638,8,543,B26-P0543-005801,6,1.0,1.0,0.0,55.0,55.0,0.0,,2026-05-10 08:00:00,system,2026-05-10 08:00:00,system
5802,1350,5639,9,720,B26-P0720-005802,1,3.0,3.0,0.0,6000.0,6000.0,0.0,,2026-05-10 08:00:00,system,2026-05-10 08:00:00,system
5803,1350,5640,10,261,B26-P0261-005803,6,2.0,2.0,0.0,20.0,20.0,0.0,,2026-05-10 08:00:00,system,2026-05-10 08:00:00,system
5804,1350,5641,11,1335,B26-P1335-005804,6,14.0,14.0,0.0,70.0,70.0,0.0,,2026-05-10 08:00:00,system,2026-05-10 08:00:00,system
5805,1350,5642,12,305,B26-P0305-005805,6,29.0,29.0,0.0,29.0,29.0,0.0,,2026-05-10 08:00:00,system,2026-05-10 08:00:00,system
5806,1351,5630,1,1321,B26-P1321-005806,6,4.0,4.0,0.0,220.0,220.0,0.0,,2026-05-14 08:00:00,system,2026-05-14 08:00:00,system
5807,1351,5631,2,1463,B26-P1463-005807,6,4.0,4.0,0.0,840.0,840.0,0.0,,2026-05-14 08:00:00,system,2026-05-14 08:00:00,system
5808,1351,5632,3,119,B26-P0119-005808,6,15.0,15.0,0.0,300.0,300.0,0.0,,2026-05-14 08:00:00,system,2026-05-14 08:00:00,system
5809,1351,5633,4,750,B26-P0750-005809,6,1.0,1.0,0.0,5.0,5.0,0.0,,2026-05-14 08:00:00,system,2026-05-14 08:00:00,system
5810,1351,5634,5,1098,B26-P1098-005810,6,7.0,7.0,0.0,70.0,70.0,0.0,,2026-05-14 08:00:00,system,2026-05-14 08:00:00,system
5811,1351,5635,6,1336,B26-P1336-005811,6,1.0,1.0,0.0,1.0,1.0,0.0,,2026-05-14 08:00:00,system,2026-05-14 08:00:00,system
5812,1351,5636,7,791,B26-P0791-005812,6,4.0,4.0,0.0,80.0,80.0,0.0,,2026-05-14 08:00:00,system,2026-05-14 08:00:00,system
5813,1351,5637,8,1085,B26-P1085-005813,6,8.0,8.0,0.0,8.0,8.0,0.0,,2026-05-14 08:00:00,system,2026-05-14 08:00:00,system
5814,1351,5638,9,543,B26-P0543-005814,6,3.0,3.0,0.0,165.0,165.0,0.0,,2026-05-14 08:00:00,system,2026-05-14 08:00:00,system
5815,1351,5639,10,720,B26-P0720-005815,1,3.0,3.0,0.0,6000.0,6000.0,0.0,,2026-05-14 08:00:00,system,2026-05-14 08:00:00,system
5816,1351,5640,11,261,B26-P0261-005816,6,13.0,12.0,1.0,130.0,120.0,10.0,,2026-05-14 08:00:00,system,2026-05-14 08:00:00,system
5817,1351,5641,12,1335,B26-P1335-005817,6,19.0,19.0,0.0,95.0,95.0,0.0,,2026-05-14 08:00:00,system,2026-05-14 08:00:00,system
5818,1351,5642,13,305,B26-P0305-005818,6,31.0,31.0,0.0,31.0,31.0,0.0,,2026-05-14 08:00:00,system,2026-05-14 08:00:00,system
5819,1352,5643,1,989,B26-P0989-005819,6,1.0,1.0,0.0,180.0,180.0,0.0,,2026-04-18 08:00:00,system,2026-04-18 08:00:00,system
5820,1353,5644,1,1116,B26-P1116-005820,6,7.0,7.0,0.0,2.8,2.8,0.0,,2026-02-27 08:00:00,system,2026-02-27 08:00:00,system
5821,1353,5645,2,976,B26-P0976-005821,6,16.0,16.0,0.0,80.0,80.0,0.0,,2026-02-27 08:00:00,system,2026-02-27 08:00:00,system
5822,1353,5646,3,312,B26-P0312-005822,6,1.0,1.0,0.0,25.0,25.0,0.0,,2026-02-27 08:00:00,system,2026-02-27 08:00:00,system
5823,1354,5644,1,1116,B26-P1116-005823,6,45.0,45.0,0.0,18.0,18.0,0.0,,2026-03-03 08:00:00,system,2026-03-03 08:00:00,system
5824,1354,5645,2,976,B26-P0976-005824,6,54.0,54.0,0.0,270.0,270.0,0.0,,2026-03-03 08:00:00,system,2026-03-03 08:00:00,system
5825,1354,5646,3,312,B26-P0312-005825,6,4.0,4.0,0.0,100.0,100.0,0.0,,2026-03-03 08:00:00,system,2026-03-03 08:00:00,system
5826,1355,5653,1,100,B26-P0100-005826,6,12.0,12.0,0.0,36.0,36.0,0.0,,2026-04-29 08:00:00,system,2026-04-29 08:00:00,system
5827,1355,5654,2,29,B26-P0029-005827,6,65.0,65.0,0.0,52.0,52.0,0.0,,2026-04-29 08:00:00,system,2026-04-29 08:00:00,system
5828,1355,5655,3,1301,B26-P1301-005828,6,10.0,10.0,0.0,50.0,50.0,0.0,,2026-04-29 08:00:00,system,2026-04-29 08:00:00,system
5829,1355,5656,4,169,B26-P0169-005829,6,24.0,24.0,0.0,720.0,720.0,0.0,,2026-04-29 08:00:00,system,2026-04-29 08:00:00,system
5830,1356,5661,1,209,B26-P0209-005830,6,6.0,5.0,1.0,90.0,75.0,15.0,,2026-04-04 08:00:00,system,2026-04-04 08:00:00,system
5831,1356,5662,2,1290,B26-P1290-005831,6,5.0,5.0,0.0,1050.0,1050.0,0.0,,2026-04-04 08:00:00,system,2026-04-04 08:00:00,system
5832,1356,5663,3,912,B26-P0912-005832,6,14.0,13.0,1.0,350.0,325.0,25.0,,2026-04-04 08:00:00,system,2026-04-04 08:00:00,system
5833,1356,5664,4,1293,B26-P1293-005833,6,24.0,24.0,0.0,24.0,24.0,0.0,,2026-04-04 08:00:00,system,2026-04-04 08:00:00,system
5834,1356,5665,5,695,B26-P0695-005834,1,4.0,4.0,0.0,4000.0,4000.0,0.0,,2026-04-04 08:00:00,system,2026-04-04 08:00:00,system
5835,1356,5666,6,687,B26-P0687-005835,6,18.0,18.0,0.0,360.0,360.0,0.0,,2026-04-04 08:00:00,system,2026-04-04 08:00:00,system
5836,1356,5667,7,146,B26-P0146-005836,6,60.0,60.0,0.0,60.0,60.0,0.0,,2026-04-04 08:00:00,system,2026-04-04 08:00:00,system
5837,1356,5668,8,911,B26-P0911-005837,6,35.0,35.0,0.0,700.0,700.0,0.0,,2026-04-04 08:00:00,system,2026-04-04 08:00:00,system
5838,1357,5669,1,872,B26-P0872-005838,6,3.0,3.0,0.0,165.0,165.0,0.0,,2026-07-08 08:00:00,system,2026-07-08 08:00:00,system
5839,1357,5670,2,39,B26-P0039-005839,6,4.0,4.0,0.0,200.0,200.0,0.0,,2026-07-08 08:00:00,system,2026-07-08 08:00:00,system
5840,1358,5672,1,1400,B26-P1400-005840,6,5.0,5.0,0.0,250.0,250.0,0.0,,2026-03-08 08:00:00,system,2026-03-08 08:00:00,system
5841,1358,5673,2,99,B26-P0099-005841,6,18.0,18.0,0.0,21.6,21.6,0.0,,2026-03-08 08:00:00,system,2026-03-08 08:00:00,system
5842,1359,5671,1,1063,B26-P1063-005842,6,4.0,4.0,0.0,200.0,200.0,0.0,,2026-03-09 08:00:00,system,2026-03-09 08:00:00,system
5843,1359,5672,2,1400,B26-P1400-005843,6,3.0,3.0,0.0,150.0,150.0,0.0,,2026-03-09 08:00:00,system,2026-03-09 08:00:00,system
5844,1359,5673,3,99,B26-P0099-005844,6,26.0,26.0,0.0,31.2,31.2,0.0,,2026-03-09 08:00:00,system,2026-03-09 08:00:00,system
5845,1360,5674,1,483,B26-P0483-005845,6,6.0,6.0,0.0,120.0,120.0,0.0,,2026-03-27 08:00:00,system,2026-03-27 08:00:00,system
5846,1360,5675,2,707,B26-P0707-005846,6,1.0,1.0,0.0,210.0,210.0,0.0,,2026-03-27 08:00:00,system,2026-03-27 08:00:00,system
5847,1360,5676,3,862,B26-P0862-005847,1,3.0,3.0,0.0,3000.0,3000.0,0.0,,2026-03-27 08:00:00,system,2026-03-27 08:00:00,system
5848,1360,5677,4,1421,B26-P1421-005848,6,2.0,2.0,0.0,6.0,6.0,0.0,,2026-03-27 08:00:00,system,2026-03-27 08:00:00,system
5849,1360,5678,5,1135,B26-P1135-005849,6,6.0,6.0,0.0,3.0,3.0,0.0,,2026-03-27 08:00:00,system,2026-03-27 08:00:00,system
5850,1360,5681,6,269,B26-P0269-005850,6,2.0,2.0,0.0,420.0,420.0,0.0,,2026-03-27 08:00:00,system,2026-03-27 08:00:00,system
5851,1360,5682,7,1491,B26-P1491-005851,6,1.0,1.0,0.0,5.0,5.0,0.0,,2026-03-27 08:00:00,system,2026-03-27 08:00:00,system
5852,1360,5683,8,167,B26-P0167-005852,6,22.0,22.0,0.0,440.0,440.0,0.0,,2026-03-27 08:00:00,system,2026-03-27 08:00:00,system
5853,1360,5685,9,986,B26-P0986-005853,6,10.0,10.0,0.0,100.0,100.0,0.0,,2026-03-27 08:00:00,system,2026-03-27 08:00:00,system
5854,1361,5674,1,483,B26-P0483-005854,6,4.0,4.0,0.0,80.0,80.0,0.0,,2026-03-28 08:00:00,system,2026-03-28 08:00:00,system
5855,1361,5676,2,862,B26-P0862-005855,1,1.0,1.0,0.0,1000.0,1000.0,0.0,,2026-03-28 08:00:00,system,2026-03-28 08:00:00,system
5856,1361,5677,3,1421,B26-P1421-005856,6,12.0,12.0,0.0,36.0,36.0,0.0,,2026-03-28 08:00:00,system,2026-03-28 08:00:00,system
5857,1361,5678,4,1135,B26-P1135-005857,6,30.0,30.0,0.0,15.0,15.0,0.0,,2026-03-28 08:00:00,system,2026-03-28 08:00:00,system
5858,1361,5679,5,528,B26-P0528-005858,6,2.0,2.0,0.0,100.0,100.0,0.0,,2026-03-28 08:00:00,system,2026-03-28 08:00:00,system
5859,1361,5680,6,943,B26-P0943-005859,1,2.0,2.0,0.0,2000.0,2000.0,0.0,,2026-03-28 08:00:00,system,2026-03-28 08:00:00,system
5860,1361,5682,7,1491,B26-P1491-005860,6,9.0,9.0,0.0,45.0,45.0,0.0,,2026-03-28 08:00:00,system,2026-03-28 08:00:00,system
5861,1361,5683,8,167,B26-P0167-005861,6,8.0,8.0,0.0,160.0,160.0,0.0,,2026-03-28 08:00:00,system,2026-03-28 08:00:00,system
5862,1361,5684,9,590,B26-P0590-005862,1,1.0,1.0,0.0,1000.0,1000.0,0.0,,2026-03-28 08:00:00,system,2026-03-28 08:00:00,system
5863,1361,5685,10,986,B26-P0986-005863,6,2.0,2.0,0.0,20.0,20.0,0.0,,2026-03-28 08:00:00,system,2026-03-28 08:00:00,system
5864,1362,5686,1,381,B26-P0381-005864,1,8.0,8.0,0.0,8000.0,8000.0,0.0,,2026-04-17 08:00:00,system,2026-04-17 08:00:00,system
5865,1362,5687,2,513,B26-P0513-005865,6,7.0,7.0,0.0,210.0,210.0,0.0,,2026-04-17 08:00:00,system,2026-04-17 08:00:00,system
5866,1362,5688,3,1417,B26-P1417-005866,6,2.0,2.0,0.0,420.0,420.0,0.0,,2026-04-17 08:00:00,system,2026-04-17 08:00:00,system
5867,1362,5689,4,1471,B26-P1471-005867,6,35.0,35.0,0.0,700.0,700.0,0.0,,2026-04-17 08:00:00,system,2026-04-17 08:00:00,system
5868,1363,5693,1,1045,B26-P1045-005868,6,1.0,1.0,0.0,180.0,180.0,0.0,,2026-03-05 08:00:00,system,2026-03-05 08:00:00,system
5869,1364,5694,1,584,B26-P0584-005869,6,24.0,24.0,0.0,720.0,720.0,0.0,,2026-06-14 08:00:00,system,2026-06-14 08:00:00,system
5870,1364,5695,2,693,B26-P0693-005870,6,4.0,4.0,0.0,840.0,840.0,0.0,,2026-06-14 08:00:00,system,2026-06-14 08:00:00,system
5871,1364,5696,3,54,B26-P0054-005871,6,12.0,11.0,1.0,600.0,550.0,50.0,,2026-06-14 08:00:00,system,2026-06-14 08:00:00,system
5872,1365,5717,1,435,B26-P0435-005872,6,10.0,10.0,0.0,200.0,200.0,0.0,,2026-03-21 08:00:00,system,2026-03-21 08:00:00,system
5873,1365,5718,2,7,B26-P0007-005873,6,13.0,13.0,0.0,325.0,325.0,0.0,,2026-03-21 08:00:00,system,2026-03-21 08:00:00,system
5874,1365,5719,3,1349,B26-P1349-005874,6,1.0,1.0,0.0,210.0,210.0,0.0,,2026-03-21 08:00:00,system,2026-03-21 08:00:00,system
5875,1366,5717,1,435,B26-P0435-005875,6,25.0,25.0,0.0,500.0,500.0,0.0,,2026-03-22 08:00:00,system,2026-03-22 08:00:00,system
5876,1366,5718,2,7,B26-P0007-005876,6,7.0,7.0,0.0,175.0,175.0,0.0,,2026-03-22 08:00:00,system,2026-03-22 08:00:00,system
5877,1366,5719,3,1349,B26-P1349-005877,6,2.0,2.0,0.0,420.0,420.0,0.0,,2026-03-22 08:00:00,system,2026-03-22 08:00:00,system
5878,1366,5720,4,1277,B26-P1277-005878,6,12.0,12.0,0.0,12.0,12.0,0.0,,2026-03-22 08:00:00,system,2026-03-22 08:00:00,system
5879,1367,5722,1,690,B26-P0690-005879,6,4.0,3.0,1.0,200.0,150.0,50.0,,2026-04-22 08:00:00,system,2026-04-22 08:00:00,system
5880,1367,5723,2,346,B26-P0346-005880,6,6.0,6.0,0.0,1080.0,1080.0,0.0,,2026-04-22 08:00:00,system,2026-04-22 08:00:00,system
5881,1367,5724,3,1333,B26-P1333-005881,1,1.0,1.0,0.0,2000.0,2000.0,0.0,,2026-04-22 08:00:00,system,2026-04-22 08:00:00,system
5882,1368,5723,1,346,B26-P0346-005882,6,4.0,4.0,0.0,720.0,720.0,0.0,,2026-04-25 08:00:00,system,2026-04-25 08:00:00,system
5883,1368,5724,2,1333,B26-P1333-005883,1,1.0,1.0,0.0,2000.0,2000.0,0.0,,2026-04-25 08:00:00,system,2026-04-25 08:00:00,system
5884,1368,5725,3,557,B26-P0557-005884,6,6.0,6.0,0.0,300.0,300.0,0.0,,2026-04-25 08:00:00,system,2026-04-25 08:00:00,system
5885,1368,5726,4,1289,B26-P1289-005885,6,4.0,4.0,0.0,720.0,720.0,0.0,,2026-04-25 08:00:00,system,2026-04-25 08:00:00,system
5886,1369,5728,1,1290,B26-P1290-005886,6,5.0,5.0,0.0,1050.0,1050.0,0.0,,2026-04-29 08:00:00,system,2026-04-29 08:00:00,system
5887,1369,5731,2,1238,B26-P1238-005887,6,5.0,5.0,0.0,25.0,25.0,0.0,,2026-04-29 08:00:00,system,2026-04-29 08:00:00,system
5888,1369,5732,3,285,B26-P0285-005888,1,1.0,1.0,0.0,1000.0,1000.0,0.0,,2026-04-29 08:00:00,system,2026-04-29 08:00:00,system
5889,1369,5734,4,545,B26-P0545-005889,6,1.0,1.0,0.0,210.0,210.0,0.0,,2026-04-29 08:00:00,system,2026-04-29 08:00:00,system
5890,1369,5737,5,1224,B26-P1224-005890,6,2.0,1.0,1.0,20.0,10.0,10.0,,2026-04-29 08:00:00,system,2026-04-29 08:00:00,system
5891,1369,5739,6,481,B26-P0481-005891,6,2.0,2.0,0.0,20.0,20.0,0.0,,2026-04-29 08:00:00,system,2026-04-29 08:00:00,system
5892,1369,5740,7,1482,B26-P1482-005892,6,3.0,3.0,0.0,90.0,90.0,0.0,,2026-04-29 08:00:00,system,2026-04-29 08:00:00,system
5893,1369,5741,8,1169,B26-P1169-005893,6,1.0,1.0,0.0,20.0,20.0,0.0,,2026-04-29 08:00:00,system,2026-04-29 08:00:00,system
5894,1370,5727,1,895,B26-P0895-005894,6,6.0,6.0,0.0,60.0,60.0,0.0,,2026-04-30 08:00:00,system,2026-04-30 08:00:00,system
5895,1370,5729,2,999,B26-P0999-005895,6,9.0,9.0,0.0,3.6,3.6,0.0,,2026-04-30 08:00:00,system,2026-04-30 08:00:00,system
5896,1370,5738,3,944,B26-P0944-005896,1,3.0,3.0,0.0,6000.0,6000.0,0.0,,2026-04-30 08:00:00,system,2026-04-30 08:00:00,system
5897,1370,5739,4,481,B26-P0481-005897,6,1.0,1.0,0.0,10.0,10.0,0.0,,2026-04-30 08:00:00,system,2026-04-30 08:00:00,system
5898,1370,5740,5,1482,B26-P1482-005898,6,1.0,1.0,0.0,30.0,30.0,0.0,,2026-04-30 08:00:00,system,2026-04-30 08:00:00,system
5899,1370,5741,6,1169,B26-P1169-005899,6,1.0,1.0,0.0,20.0,20.0,0.0,,2026-04-30 08:00:00,system,2026-04-30 08:00:00,system
5900,1371,5727,1,895,B26-P0895-005900,6,1.0,0.0,1.0,10.0,0.0,10.0,,2026-05-01 08:00:00,system,2026-05-01 08:00:00,system
5901,1371,5729,2,999,B26-P0999-005901,6,33.0,33.0,0.0,13.2,13.2,0.0,,2026-05-01 08:00:00,system,2026-05-01 08:00:00,system
5902,1371,5731,3,1238,B26-P1238-005902,6,11.0,11.0,0.0,55.0,55.0,0.0,,2026-05-01 08:00:00,system,2026-05-01 08:00:00,system
5903,1371,5732,4,285,B26-P0285-005903,1,2.0,2.0,0.0,2000.0,2000.0,0.0,,2026-05-01 08:00:00,system,2026-05-01 08:00:00,system
5904,1371,5733,5,419,B26-P0419-005904,1,4.0,4.0,0.0,4000.0,4000.0,0.0,,2026-05-01 08:00:00,system,2026-05-01 08:00:00,system
5905,1371,5735,6,906,B26-P0906-005905,1,1.0,1.0,0.0,2000.0,2000.0,0.0,,2026-05-01 08:00:00,system,2026-05-01 08:00:00,system
5906,1371,5736,7,812,B26-P0812-005906,6,24.0,24.0,0.0,600.0,600.0,0.0,,2026-05-01 08:00:00,system,2026-05-01 08:00:00,system
5907,1371,5737,8,1224,B26-P1224-005907,6,5.0,5.0,0.0,50.0,50.0,0.0,,2026-05-01 08:00:00,system,2026-05-01 08:00:00,system
5908,1371,5738,9,944,B26-P0944-005908,1,1.0,1.0,0.0,2000.0,2000.0,0.0,,2026-05-01 08:00:00,system,2026-05-01 08:00:00,system
5909,1371,5739,10,481,B26-P0481-005909,6,16.0,16.0,0.0,160.0,160.0,0.0,,2026-05-01 08:00:00,system,2026-05-01 08:00:00,system
5910,1371,5740,11,1482,B26-P1482-005910,6,2.0,2.0,0.0,60.0,60.0,0.0,,2026-05-01 08:00:00,system,2026-05-01 08:00:00,system
5911,1371,5741,12,1169,B26-P1169-005911,6,1.0,1.0,0.0,20.0,20.0,0.0,,2026-05-01 08:00:00,system,2026-05-01 08:00:00,system
5912,1372,5742,1,564,B26-P0564-005912,6,55.0,55.0,0.0,165.0,165.0,0.0,,2026-04-12 08:00:00,system,2026-04-12 08:00:00,system
5913,1372,5743,2,334,B26-P0334-005913,6,31.0,31.0,0.0,24.8,24.8,0.0,,2026-04-12 08:00:00,system,2026-04-12 08:00:00,system
5914,1372,5745,3,1078,B26-P1078-005914,6,29.0,29.0,0.0,145.0,145.0,0.0,,2026-04-12 08:00:00,system,2026-04-12 08:00:00,system
5915,1372,5746,4,988,B26-P0988-005915,6,3.0,3.0,0.0,150.0,150.0,0.0,,2026-04-12 08:00:00,system,2026-04-12 08:00:00,system
5916,1373,5742,1,564,B26-P0564-005916,6,25.0,25.0,0.0,75.0,75.0,0.0,,2026-04-15 08:00:00,system,2026-04-15 08:00:00,system
5917,1373,5743,2,334,B26-P0334-005917,6,54.0,54.0,0.0,43.2,43.2,0.0,,2026-04-15 08:00:00,system,2026-04-15 08:00:00,system
5918,1373,5744,3,26,B26-P0026-005918,6,2.0,2.0,0.0,360.0,360.0,0.0,,2026-04-15 08:00:00,system,2026-04-15 08:00:00,system
5919,1373,5745,4,1078,B26-P1078-005919,6,7.0,7.0,0.0,35.0,35.0,0.0,,2026-04-15 08:00:00,system,2026-04-15 08:00:00,system
5920,1373,5746,5,988,B26-P0988-005920,6,5.0,5.0,0.0,250.0,250.0,0.0,,2026-04-15 08:00:00,system,2026-04-15 08:00:00,system
5921,1374,5747,1,1026,B26-P1026-005921,6,3.0,3.0,0.0,540.0,540.0,0.0,,2026-04-25 08:00:00,system,2026-04-25 08:00:00,system
5922,1374,5748,2,431,B26-P0431-005922,6,27.0,26.0,1.0,81.0,78.0,3.0,,2026-04-25 08:00:00,system,2026-04-25 08:00:00,system
5923,1374,5749,3,699,B26-P0699-005923,6,19.0,19.0,0.0,190.0,190.0,0.0,,2026-04-25 08:00:00,system,2026-04-25 08:00:00,system
5924,1374,5750,4,1239,B26-P1239-005924,6,4.0,4.0,0.0,40.0,40.0,0.0,,2026-04-25 08:00:00,system,2026-04-25 08:00:00,system
5925,1374,5751,5,133,B26-P0133-005925,6,5.0,5.0,0.0,75.0,75.0,0.0,,2026-04-25 08:00:00,system,2026-04-25 08:00:00,system
5926,1374,5752,6,1293,B26-P1293-005926,6,12.0,12.0,0.0,12.0,12.0,0.0,,2026-04-25 08:00:00,system,2026-04-25 08:00:00,system
5927,1374,5753,7,228,B26-P0228-005927,6,2.0,2.0,0.0,100.0,100.0,0.0,,2026-04-25 08:00:00,system,2026-04-25 08:00:00,system
5928,1374,5754,8,976,B26-P0976-005928,6,36.0,36.0,0.0,180.0,180.0,0.0,,2026-04-25 08:00:00,system,2026-04-25 08:00:00,system
5929,1374,5755,9,208,B26-P0208-005929,6,2.0,2.0,0.0,20.0,20.0,0.0,,2026-04-25 08:00:00,system,2026-04-25 08:00:00,system
5930,1374,5756,10,778,B26-P0778-005930,6,2.0,2.0,0.0,50.0,50.0,0.0,,2026-04-25 08:00:00,system,2026-04-25 08:00:00,system
5931,1375,5747,1,1026,B26-P1026-005931,6,7.0,7.0,0.0,1260.0,1260.0,0.0,,2026-04-26 08:00:00,system,2026-04-26 08:00:00,system
5932,1375,5748,2,431,B26-P0431-005932,6,38.0,38.0,0.0,114.0,114.0,0.0,,2026-04-26 08:00:00,system,2026-04-26 08:00:00,system
5933,1375,5749,3,699,B26-P0699-005933,6,2.0,2.0,0.0,20.0,20.0,0.0,,2026-04-26 08:00:00,system,2026-04-26 08:00:00,system
5934,1375,5750,4,1239,B26-P1239-005934,6,8.0,8.0,0.0,80.0,80.0,0.0,,2026-04-26 08:00:00,system,2026-04-26 08:00:00,system
5935,1375,5754,5,976,B26-P0976-005935,6,34.0,34.0,0.0,170.0,170.0,0.0,,2026-04-26 08:00:00,system,2026-04-26 08:00:00,system
5936,1375,5755,6,208,B26-P0208-005936,6,5.0,5.0,0.0,50.0,50.0,0.0,,2026-04-26 08:00:00,system,2026-04-26 08:00:00,system
5937,1375,5756,7,778,B26-P0778-005937,6,16.0,16.0,0.0,400.0,400.0,0.0,,2026-04-26 08:00:00,system,2026-04-26 08:00:00,system
5938,1376,5757,1,542,B26-P0542-005938,6,6.0,6.0,0.0,300.0,300.0,0.0,,2026-01-24 08:00:00,system,2026-01-24 08:00:00,system
5939,1377,5768,1,141,B26-P0141-005939,6,10.0,10.0,0.0,550.0,550.0,0.0,,2026-03-22 08:00:00,system,2026-03-22 08:00:00,system
5940,1377,5769,2,1264,B26-P1264-005940,6,10.0,10.0,0.0,550.0,550.0,0.0,,2026-03-22 08:00:00,system,2026-03-22 08:00:00,system
5941,1378,5772,1,742,B26-P0742-005941,6,1.0,1.0,0.0,50.0,50.0,0.0,,2026-04-13 08:00:00,system,2026-04-13 08:00:00,system
5942,1378,5773,2,84,B26-P0084-005942,6,5.0,5.0,0.0,6.0,6.0,0.0,,2026-04-13 08:00:00,system,2026-04-13 08:00:00,system
5943,1378,5774,3,111,B26-P0111-005943,1,3.0,3.0,0.0,3000.0,3000.0,0.0,,2026-04-13 08:00:00,system,2026-04-13 08:00:00,system
5944,1378,5775,4,1180,B26-P1180-005944,6,7.0,7.0,0.0,70.0,70.0,0.0,,2026-04-13 08:00:00,system,2026-04-13 08:00:00,system
5945,1378,5776,5,1487,B26-P1487-005945,1,2.0,2.0,0.0,1000.0,1000.0,0.0,,2026-04-13 08:00:00,system,2026-04-13 08:00:00,system
5946,1379,5772,1,742,B26-P0742-005946,6,3.0,2.0,1.0,150.0,100.0,50.0,,2026-04-16 08:00:00,system,2026-04-16 08:00:00,system
5947,1379,5773,2,84,B26-P0084-005947,6,21.0,21.0,0.0,25.2,25.2,0.0,,2026-04-16 08:00:00,system,2026-04-16 08:00:00,system
5948,1379,5775,3,1180,B26-P1180-005948,6,7.0,7.0,0.0,70.0,70.0,0.0,,2026-04-16 08:00:00,system,2026-04-16 08:00:00,system
5949,1380,5777,1,168,B26-P0168-005949,6,25.0,25.0,0.0,625.0,625.0,0.0,,2026-05-15 08:00:00,system,2026-05-15 08:00:00,system
5950,1380,5778,2,1330,B26-P1330-005950,6,4.0,4.0,0.0,720.0,720.0,0.0,,2026-05-15 08:00:00,system,2026-05-15 08:00:00,system
5951,1380,5779,3,1335,B26-P1335-005951,6,38.0,38.0,0.0,190.0,190.0,0.0,,2026-05-15 08:00:00,system,2026-05-15 08:00:00,system
5952,1380,5780,4,1309,B26-P1309-005952,6,12.0,12.0,0.0,60.0,60.0,0.0,,2026-05-15 08:00:00,system,2026-05-15 08:00:00,system
5953,1380,5781,5,1254,B26-P1254-005953,6,11.0,10.0,1.0,110.0,100.0,10.0,,2026-05-15 08:00:00,system,2026-05-15 08:00:00,system
5954,1381,5777,1,168,B26-P0168-005954,6,5.0,5.0,0.0,125.0,125.0,0.0,,2026-05-19 08:00:00,system,2026-05-19 08:00:00,system
5955,1381,5778,2,1330,B26-P1330-005955,6,4.0,4.0,0.0,720.0,720.0,0.0,,2026-05-19 08:00:00,system,2026-05-19 08:00:00,system
5956,1381,5779,3,1335,B26-P1335-005956,6,6.0,6.0,0.0,30.0,30.0,0.0,,2026-05-19 08:00:00,system,2026-05-19 08:00:00,system
5957,1381,5780,4,1309,B26-P1309-005957,6,16.0,16.0,0.0,80.0,80.0,0.0,,2026-05-19 08:00:00,system,2026-05-19 08:00:00,system
5958,1381,5781,5,1254,B26-P1254-005958,6,1.0,1.0,0.0,10.0,10.0,0.0,,2026-05-19 08:00:00,system,2026-05-19 08:00:00,system
5959,1382,5782,1,637,B26-P0637-005959,6,1.0,0.0,1.0,30.0,0.0,30.0,,2026-01-16 08:00:00,system,2026-01-16 08:00:00,system
5960,1382,5784,2,515,B26-P0515-005960,6,3.0,3.0,0.0,165.0,165.0,0.0,,2026-01-16 08:00:00,system,2026-01-16 08:00:00,system
5961,1382,5785,3,221,B26-P0221-005961,6,1.0,1.0,0.0,3.0,3.0,0.0,,2026-01-16 08:00:00,system,2026-01-16 08:00:00,system
5962,1383,5786,1,1073,B26-P1073-005962,6,8.0,8.0,0.0,1440.0,1440.0,0.0,,2026-03-24 08:00:00,system,2026-03-24 08:00:00,system
5963,1383,5787,2,295,B26-P0295-005963,6,18.0,18.0,0.0,540.0,540.0,0.0,,2026-03-24 08:00:00,system,2026-03-24 08:00:00,system
5964,1383,5788,3,130,B26-P0130-005964,6,60.0,60.0,0.0,180.0,180.0,0.0,,2026-03-24 08:00:00,system,2026-03-24 08:00:00,system
5965,1384,5789,1,1317,B26-P1317-005965,1,1.0,1.0,0.0,2000.0,2000.0,0.0,,2026-05-26 08:00:00,system,2026-05-26 08:00:00,system
5966,1384,5790,2,1077,B26-P1077-005966,6,25.0,25.0,0.0,50.0,50.0,0.0,,2026-05-26 08:00:00,system,2026-05-26 08:00:00,system
5967,1384,5791,3,305,B26-P0305-005967,6,6.0,6.0,0.0,6.0,6.0,0.0,,2026-05-26 08:00:00,system,2026-05-26 08:00:00,system
5968,1385,5790,1,1077,B26-P1077-005968,6,19.0,19.0,0.0,38.0,38.0,0.0,,2026-05-27 08:00:00,system,2026-05-27 08:00:00,system
5969,1385,5791,2,305,B26-P0305-005969,6,54.0,54.0,0.0,54.0,54.0,0.0,,2026-05-27 08:00:00,system,2026-05-27 08:00:00,system
5970,1386,5795,1,494,B26-P0494-005970,6,13.0,13.0,0.0,39.0,39.0,0.0,,2026-05-10 08:00:00,system,2026-05-10 08:00:00,system
5971,1386,5796,2,1185,B26-P1185-005971,6,14.0,14.0,0.0,14.0,14.0,0.0,,2026-05-10 08:00:00,system,2026-05-10 08:00:00,system
5972,1386,5797,3,604,B26-P0604-005972,1,4.0,4.0,0.0,2000.0,2000.0,0.0,,2026-05-10 08:00:00,system,2026-05-10 08:00:00,system
5973,1386,5798,4,1076,B26-P1076-005973,6,32.0,32.0,0.0,32.0,32.0,0.0,,2026-05-10 08:00:00,system,2026-05-10 08:00:00,system
5974,1386,5799,5,960,B26-P0960-005974,6,40.0,40.0,0.0,200.0,200.0,0.0,,2026-05-10 08:00:00,system,2026-05-10 08:00:00,system
5975,1387,5802,1,741,B26-P0741-005975,6,40.0,40.0,0.0,1200.0,1200.0,0.0,,2026-04-04 08:00:00,system,2026-04-04 08:00:00,system
5976,1388,5808,1,102,B26-P0102-005976,6,7.0,7.0,0.0,70.0,70.0,0.0,,2026-02-22 08:00:00,system,2026-02-22 08:00:00,system
5977,1389,5809,1,1278,B26-P1278-005977,6,4.0,4.0,0.0,20.0,20.0,0.0,,2026-05-02 08:00:00,system,2026-05-02 08:00:00,system
5978,1390,5810,1,322,B26-P0322-005978,6,11.0,11.0,0.0,33.0,33.0,0.0,,2026-03-04 08:00:00,system,2026-03-04 08:00:00,system
5979,1390,5811,2,247,B26-P0247-005979,1,2.0,2.0,0.0,2000.0,2000.0,0.0,,2026-03-04 08:00:00,system,2026-03-04 08:00:00,system
5980,1390,5812,3,373,B26-P0373-005980,6,2.0,2.0,0.0,30.0,30.0,0.0,,2026-03-04 08:00:00,system,2026-03-04 08:00:00,system
5981,1390,5815,4,389,B26-P0389-005981,6,2.0,2.0,0.0,40.0,40.0,0.0,,2026-03-04 08:00:00,system,2026-03-04 08:00:00,system
5982,1390,5816,5,474,B26-P0474-005982,6,1.0,1.0,0.0,210.0,210.0,0.0,,2026-03-04 08:00:00,system,2026-03-04 08:00:00,system
5983,1390,5820,6,718,B26-P0718-005983,1,1.0,1.0,0.0,500.0,500.0,0.0,,2026-03-04 08:00:00,system,2026-03-04 08:00:00,system
5984,1391,5810,1,322,B26-P0322-005984,6,8.0,8.0,0.0,24.0,24.0,0.0,,2026-03-08 08:00:00,system,2026-03-08 08:00:00,system
5985,1391,5811,2,247,B26-P0247-005985,1,1.0,1.0,0.0,1000.0,1000.0,0.0,,2026-03-08 08:00:00,system,2026-03-08 08:00:00,system
5986,1391,5812,3,373,B26-P0373-005986,6,11.0,11.0,0.0,165.0,165.0,0.0,,2026-03-08 08:00:00,system,2026-03-08 08:00:00,system
5987,1391,5814,4,999,B26-P0999-005987,6,10.0,10.0,0.0,4.0,4.0,0.0,,2026-03-08 08:00:00,system,2026-03-08 08:00:00,system
5988,1391,5815,5,389,B26-P0389-005988,6,9.0,9.0,0.0,180.0,180.0,0.0,,2026-03-08 08:00:00,system,2026-03-08 08:00:00,system
5989,1391,5816,6,474,B26-P0474-005989,6,1.0,1.0,0.0,210.0,210.0,0.0,,2026-03-08 08:00:00,system,2026-03-08 08:00:00,system
5990,1391,5818,7,1381,B26-P1381-005990,6,1.0,1.0,0.0,10.0,10.0,0.0,,2026-03-08 08:00:00,system,2026-03-08 08:00:00,system
5991,1391,5819,8,1270,B26-P1270-005991,6,1.0,0.0,1.0,10.0,0.0,10.0,,2026-03-08 08:00:00,system,2026-03-08 08:00:00,system
5992,1391,5821,9,1347,B26-P1347-005992,6,4.0,4.0,0.0,220.0,220.0,0.0,,2026-03-08 08:00:00,system,2026-03-08 08:00:00,system
5993,1392,5822,1,706,B26-P0706-005993,6,8.0,8.0,0.0,1440.0,1440.0,0.0,,2026-03-06 08:00:00,system,2026-03-06 08:00:00,system
5994,1392,5823,2,550,B26-P0550-005994,6,39.0,39.0,0.0,117.0,117.0,0.0,,2026-03-06 08:00:00,system,2026-03-06 08:00:00,system
5995,1392,5824,3,1109,B26-P1109-005995,6,6.0,6.0,0.0,300.0,300.0,0.0,,2026-03-06 08:00:00,system,2026-03-06 08:00:00,system
5996,1392,5825,4,484,B26-P0484-005996,6,34.0,33.0,1.0,850.0,825.0,25.0,,2026-03-06 08:00:00,system,2026-03-06 08:00:00,system
5997,1393,5826,1,1474,B26-P1474-005997,6,10.0,10.0,0.0,500.0,500.0,0.0,,2026-05-04 08:00:00,system,2026-05-04 08:00:00,system
5998,1394,5827,1,1290,B26-P1290-005998,6,1.0,1.0,0.0,210.0,210.0,0.0,,2026-01-11 08:00:00,system,2026-01-11 08:00:00,system
5999,1395,5828,1,308,B26-P0308-005999,6,5.0,5.0,0.0,25.0,25.0,0.0,,2026-06-18 08:00:00,system,2026-06-18 08:00:00,system
6000,1395,5829,2,314,B26-P0314-006000,6,2.0,2.0,0.0,100.0,100.0,0.0,,2026-06-18 08:00:00,system,2026-06-18 08:00:00,system
6001,1396,5830,1,820,B26-P0820-006001,1,2.0,2.0,0.0,4000.0,4000.0,0.0,,2026-04-25 08:00:00,system,2026-04-25 08:00:00,system
6002,1396,5831,2,355,B26-P0355-006002,6,70.0,69.0,1.0,210.0,207.0,3.0,,2026-04-25 08:00:00,system,2026-04-25 08:00:00,system
6003,1397,5832,1,649,B26-P0649-006003,6,20.0,20.0,0.0,400.0,400.0,0.0,,2026-07-14 08:00:00,system,2026-07-14 08:00:00,system
6004,1397,5833,2,262,B26-P0262-006004,6,4.0,4.0,0.0,60.0,60.0,0.0,,2026-07-14 08:00:00,system,2026-07-14 08:00:00,system
6005,1397,5834,3,29,B26-P0029-006005,6,26.0,26.0,0.0,20.8,20.8,0.0,,2026-07-14 08:00:00,system,2026-07-14 08:00:00,system
6006,1397,5836,4,49,B26-P0049-006006,6,7.0,6.0,1.0,70.0,60.0,10.0,,2026-07-14 08:00:00,system,2026-07-14 08:00:00,system
6007,1397,5837,5,1437,B26-P1437-006007,6,3.0,3.0,0.0,150.0,150.0,0.0,,2026-07-14 08:00:00,system,2026-07-14 08:00:00,system
6008,1398,5832,1,649,B26-P0649-006008,6,4.0,4.0,0.0,80.0,80.0,0.0,,2026-07-15 08:00:00,system,2026-07-15 08:00:00,system
6009,1398,5833,2,262,B26-P0262-006009,6,1.0,1.0,0.0,15.0,15.0,0.0,,2026-07-15 08:00:00,system,2026-07-15 08:00:00,system
6010,1398,5834,3,29,B26-P0029-006010,6,13.0,13.0,0.0,10.4,10.4,0.0,,2026-07-15 08:00:00,system,2026-07-15 08:00:00,system
6011,1398,5835,4,23,B26-P0023-006011,6,7.0,7.0,0.0,210.0,210.0,0.0,,2026-07-15 08:00:00,system,2026-07-15 08:00:00,system
6012,1398,5836,5,49,B26-P0049-006012,6,21.0,21.0,0.0,210.0,210.0,0.0,,2026-07-15 08:00:00,system,2026-07-15 08:00:00,system
6013,1398,5837,6,1437,B26-P1437-006013,6,3.0,3.0,0.0,150.0,150.0,0.0,,2026-07-15 08:00:00,system,2026-07-15 08:00:00,system
6014,1399,5838,1,907,B26-P0907-006014,6,8.0,8.0,0.0,24.0,24.0,0.0,,2026-03-10 08:00:00,system,2026-03-10 08:00:00,system
6015,1399,5839,2,1414,B26-P1414-006015,6,1.0,1.0,0.0,50.0,50.0,0.0,,2026-03-10 08:00:00,system,2026-03-10 08:00:00,system
6016,1399,5840,3,1166,B26-P1166-006016,6,17.0,17.0,0.0,51.0,51.0,0.0,,2026-03-10 08:00:00,system,2026-03-10 08:00:00,system
6017,1399,5841,4,127,B26-P0127-006017,6,6.0,6.0,0.0,4.8,4.8,0.0,,2026-03-10 08:00:00,system,2026-03-10 08:00:00,system
6018,1400,5838,1,907,B26-P0907-006018,6,25.0,25.0,0.0,75.0,75.0,0.0,,2026-03-15 08:00:00,system,2026-03-15 08:00:00,system
6019,1400,5839,2,1414,B26-P1414-006019,6,3.0,3.0,0.0,150.0,150.0,0.0,,2026-03-15 08:00:00,system,2026-03-15 08:00:00,system
6020,1400,5840,3,1166,B26-P1166-006020,6,27.0,27.0,0.0,81.0,81.0,0.0,,2026-03-15 08:00:00,system,2026-03-15 08:00:00,system
6021,1400,5841,4,127,B26-P0127-006021,6,36.0,36.0,0.0,28.8,28.8,0.0,,2026-03-15 08:00:00,system,2026-03-15 08:00:00,system
6022,1400,5842,5,532,B26-P0532-006022,1,8.0,8.0,0.0,4000.0,4000.0,0.0,,2026-03-15 08:00:00,system,2026-03-15 08:00:00,system
6023,1401,5843,1,133,B26-P0133-006023,6,22.0,22.0,0.0,330.0,330.0,0.0,,2026-05-13 08:00:00,system,2026-05-13 08:00:00,system
6024,1401,5844,2,322,B26-P0322-006024,6,9.0,9.0,0.0,27.0,27.0,0.0,,2026-05-13 08:00:00,system,2026-05-13 08:00:00,system
6025,1401,5845,3,1373,B26-P1373-006025,6,6.0,6.0,0.0,330.0,330.0,0.0,,2026-05-13 08:00:00,system,2026-05-13 08:00:00,system
6026,1401,5846,4,2,B26-P0002-006026,6,35.0,35.0,0.0,105.0,105.0,0.0,,2026-05-13 08:00:00,system,2026-05-13 08:00:00,system
6027,1401,5847,5,142,B26-P0142-006027,6,2.0,2.0,0.0,360.0,360.0,0.0,,2026-05-13 08:00:00,system,2026-05-13 08:00:00,system
6028,1401,5848,6,492,B26-P0492-006028,6,31.0,30.0,1.0,31.0,30.0,1.0,,2026-05-13 08:00:00,system,2026-05-13 08:00:00,system
6029,1401,5849,7,872,B26-P0872-006029,6,4.0,4.0,0.0,220.0,220.0,0.0,,2026-05-13 08:00:00,system,2026-05-13 08:00:00,system
6030,1402,5843,1,133,B26-P0133-006030,6,2.0,1.0,1.0,30.0,15.0,15.0,,2026-05-17 08:00:00,system,2026-05-17 08:00:00,system
6031,1402,5844,2,322,B26-P0322-006031,6,56.0,56.0,0.0,168.0,168.0,0.0,,2026-05-17 08:00:00,system,2026-05-17 08:00:00,system
6032,1402,5846,3,2,B26-P0002-006032,6,21.0,21.0,0.0,63.0,63.0,0.0,,2026-05-17 08:00:00,system,2026-05-17 08:00:00,system
6033,1402,5847,4,142,B26-P0142-006033,6,2.0,2.0,0.0,360.0,360.0,0.0,,2026-05-17 08:00:00,system,2026-05-17 08:00:00,system
6034,1402,5848,5,492,B26-P0492-006034,6,2.0,2.0,0.0,2.0,2.0,0.0,,2026-05-17 08:00:00,system,2026-05-17 08:00:00,system
6035,1403,5853,1,1362,B26-P1362-006035,6,1.0,1.0,0.0,1.0,1.0,0.0,,2026-06-27 08:00:00,system,2026-06-27 08:00:00,system
6036,1404,5853,1,1362,B26-P1362-006036,6,1.0,1.0,0.0,1.0,1.0,0.0,,2026-06-29 08:00:00,system,2026-06-29 08:00:00,system
6037,1405,5855,1,1410,B26-P1410-006037,6,14.0,14.0,0.0,210.0,210.0,0.0,,2026-01-26 08:00:00,system,2026-01-26 08:00:00,system
6038,1405,5856,2,1222,B26-P1222-006038,6,42.0,42.0,0.0,126.0,126.0,0.0,,2026-01-26 08:00:00,system,2026-01-26 08:00:00,system
6039,1405,5857,3,299,B26-P0299-006039,6,4.0,4.0,0.0,840.0,840.0,0.0,,2026-01-26 08:00:00,system,2026-01-26 08:00:00,system
6040,1405,5858,4,490,B26-P0490-006040,1,1.0,1.0,0.0,1000.0,1000.0,0.0,,2026-01-26 08:00:00,system,2026-01-26 08:00:00,system
6041,1405,5859,5,210,B26-P0210-006041,6,13.0,13.0,0.0,260.0,260.0,0.0,,2026-01-26 08:00:00,system,2026-01-26 08:00:00,system
6042,1405,5860,6,1385,B26-P1385-006042,6,8.0,8.0,0.0,240.0,240.0,0.0,,2026-01-26 08:00:00,system,2026-01-26 08:00:00,system
6043,1405,5861,7,123,B26-P0123-006043,6,1.0,1.0,0.0,55.0,55.0,0.0,,2026-01-26 08:00:00,system,2026-01-26 08:00:00,system
6044,1405,5862,8,911,B26-P0911-006044,6,14.0,14.0,0.0,280.0,280.0,0.0,,2026-01-26 08:00:00,system,2026-01-26 08:00:00,system
6045,1405,5864,9,757,B26-P0757-006045,1,3.0,2.0,1.0,3000.0,2000.0,1000.0,,2026-01-26 08:00:00,system,2026-01-26 08:00:00,system
6046,1405,5865,10,976,B26-P0976-006046,6,7.0,6.0,1.0,35.0,30.0,5.0,,2026-01-26 08:00:00,system,2026-01-26 08:00:00,system
6047,1405,5866,11,9,B26-P0009-006047,6,5.0,5.0,0.0,250.0,250.0,0.0,,2026-01-26 08:00:00,system,2026-01-26 08:00:00,system
6048,1406,5855,1,1410,B26-P1410-006048,6,10.0,9.0,1.0,150.0,135.0,15.0,,2026-01-27 08:00:00,system,2026-01-27 08:00:00,system
6049,1406,5856,2,1222,B26-P1222-006049,6,6.0,6.0,0.0,18.0,18.0,0.0,,2026-01-27 08:00:00,system,2026-01-27 08:00:00,system
6050,1406,5858,3,490,B26-P0490-006050,1,1.0,1.0,0.0,1000.0,1000.0,0.0,,2026-01-27 08:00:00,system,2026-01-27 08:00:00,system
6051,1406,5859,4,210,B26-P0210-006051,6,12.0,11.0,1.0,240.0,220.0,20.0,,2026-01-27 08:00:00,system,2026-01-27 08:00:00,system
6052,1406,5860,5,1385,B26-P1385-006052,6,27.0,27.0,0.0,810.0,810.0,0.0,,2026-01-27 08:00:00,system,2026-01-27 08:00:00,system
6053,1406,5861,6,123,B26-P0123-006053,6,1.0,0.0,1.0,55.0,0.0,55.0,,2026-01-27 08:00:00,system,2026-01-27 08:00:00,system
6054,1406,5862,7,911,B26-P0911-006054,6,14.0,14.0,0.0,280.0,280.0,0.0,,2026-01-27 08:00:00,system,2026-01-27 08:00:00,system
6055,1406,5863,8,1428,B26-P1428-006055,1,2.0,2.0,0.0,2000.0,2000.0,0.0,,2026-01-27 08:00:00,system,2026-01-27 08:00:00,system
6056,1406,5864,9,757,B26-P0757-006056,1,1.0,1.0,0.0,1000.0,1000.0,0.0,,2026-01-27 08:00:00,system,2026-01-27 08:00:00,system
6057,1406,5865,10,976,B26-P0976-006057,6,7.0,7.0,0.0,35.0,35.0,0.0,,2026-01-27 08:00:00,system,2026-01-27 08:00:00,system
6058,1406,5866,11,9,B26-P0009-006058,6,3.0,3.0,0.0,150.0,150.0,0.0,,2026-01-27 08:00:00,system,2026-01-27 08:00:00,system
6059,1407,5867,1,1189,B26-P1189-006059,6,10.0,10.0,0.0,200.0,200.0,0.0,,2026-07-15 08:00:00,system,2026-07-15 08:00:00,system
6060,1407,5868,2,580,B26-P0580-006060,6,5.0,5.0,0.0,50.0,50.0,0.0,,2026-07-15 08:00:00,system,2026-07-15 08:00:00,system
6061,1408,5869,1,711,B26-P0711-006061,6,2.0,2.0,0.0,40.0,40.0,0.0,,2026-06-29 08:00:00,system,2026-06-29 08:00:00,system
6062,1408,5870,2,31,B26-P0031-006062,6,44.0,44.0,0.0,52.8,52.8,0.0,,2026-06-29 08:00:00,system,2026-06-29 08:00:00,system
6063,1408,5871,3,1307,B26-P1307-006063,1,1.0,1.0,0.0,2000.0,2000.0,0.0,,2026-06-29 08:00:00,system,2026-06-29 08:00:00,system
6064,1408,5872,4,822,B26-P0822-006064,6,4.0,4.0,0.0,20.0,20.0,0.0,,2026-06-29 08:00:00,system,2026-06-29 08:00:00,system
6065,1408,5873,5,1159,B26-P1159-006065,6,18.0,18.0,0.0,90.0,90.0,0.0,,2026-06-29 08:00:00,system,2026-06-29 08:00:00,system
6066,1409,5869,1,711,B26-P0711-006066,6,4.0,4.0,0.0,80.0,80.0,0.0,,2026-07-04 08:00:00,system,2026-07-04 08:00:00,system
6067,1409,5870,2,31,B26-P0031-006067,6,8.0,8.0,0.0,9.6,9.6,0.0,,2026-07-04 08:00:00,system,2026-07-04 08:00:00,system
6068,1409,5872,3,822,B26-P0822-006068,6,8.0,8.0,0.0,40.0,40.0,0.0,,2026-07-04 08:00:00,system,2026-07-04 08:00:00,system
6069,1410,5874,1,1490,B26-P1490-006069,6,55.0,55.0,0.0,165.0,165.0,0.0,,2026-04-20 08:00:00,system,2026-04-20 08:00:00,system
6070,1410,5875,2,228,B26-P0228-006070,6,2.0,2.0,0.0,100.0,100.0,0.0,,2026-04-20 08:00:00,system,2026-04-20 08:00:00,system
6071,1410,5876,3,1421,B26-P1421-006071,6,54.0,54.0,0.0,162.0,162.0,0.0,,2026-04-20 08:00:00,system,2026-04-20 08:00:00,system
6072,1410,5877,4,616,B26-P0616-006072,6,6.0,6.0,0.0,1080.0,1080.0,0.0,,2026-04-20 08:00:00,system,2026-04-20 08:00:00,system
6073,1411,5878,1,1410,B26-P1410-006073,6,8.0,8.0,0.0,120.0,120.0,0.0,,2026-03-12 08:00:00,system,2026-03-12 08:00:00,system
6074,1411,5879,2,501,B26-P0501-006074,6,1.0,1.0,0.0,55.0,55.0,0.0,,2026-03-12 08:00:00,system,2026-03-12 08:00:00,system
6075,1412,5878,1,1410,B26-P1410-006075,6,10.0,10.0,0.0,150.0,150.0,0.0,,2026-03-13 08:00:00,system,2026-03-13 08:00:00,system
6076,1412,5879,2,501,B26-P0501-006076,6,3.0,3.0,0.0,165.0,165.0,0.0,,2026-03-13 08:00:00,system,2026-03-13 08:00:00,system
6077,1413,5880,1,590,B26-P0590-006077,1,2.0,2.0,0.0,2000.0,2000.0,0.0,,2026-02-02 08:00:00,system,2026-02-02 08:00:00,system
6078,1414,5881,1,155,B26-P0155-006078,6,10.0,10.0,0.0,500.0,500.0,0.0,,2026-01-13 08:00:00,system,2026-01-13 08:00:00,system
6079,1414,5882,2,414,B26-P0414-006079,6,35.0,35.0,0.0,1050.0,1050.0,0.0,,2026-01-13 08:00:00,system,2026-01-13 08:00:00,system
6080,1415,5883,1,945,B26-P0945-006080,6,65.0,65.0,0.0,195.0,195.0,0.0,,2026-06-07 08:00:00,system,2026-06-07 08:00:00,system
6081,1415,5884,2,166,B26-P0166-006081,6,21.0,21.0,0.0,315.0,315.0,0.0,,2026-06-07 08:00:00,system,2026-06-07 08:00:00,system
6082,1415,5885,3,389,B26-P0389-006082,6,18.0,18.0,0.0,360.0,360.0,0.0,,2026-06-07 08:00:00,system,2026-06-07 08:00:00,system
6083,1415,5886,4,477,B26-P0477-006083,6,12.0,12.0,0.0,12.0,12.0,0.0,,2026-06-07 08:00:00,system,2026-06-07 08:00:00,system
6084,1416,5888,1,315,B26-P0315-006084,6,1.0,1.0,0.0,55.0,55.0,0.0,,2026-05-12 08:00:00,system,2026-05-12 08:00:00,system
6085,1416,5889,2,1336,B26-P1336-006085,6,21.0,20.0,1.0,21.0,20.0,1.0,,2026-05-12 08:00:00,system,2026-05-12 08:00:00,system
6086,1416,5890,3,877,B26-P0877-006086,1,2.0,2.0,0.0,4000.0,4000.0,0.0,,2026-05-12 08:00:00,system,2026-05-12 08:00:00,system
6087,1416,5891,4,67,B26-P0067-006087,6,17.0,17.0,0.0,425.0,425.0,0.0,,2026-05-12 08:00:00,system,2026-05-12 08:00:00,system
6088,1416,5892,5,265,B26-P0265-006088,6,16.0,16.0,0.0,480.0,480.0,0.0,,2026-05-12 08:00:00,system,2026-05-12 08:00:00,system
6089,1416,5893,6,73,B26-P0073-006089,6,8.0,8.0,0.0,120.0,120.0,0.0,,2026-05-12 08:00:00,system,2026-05-12 08:00:00,system
6090,1416,5894,7,994,B26-P0994-006090,6,1.0,1.0,0.0,5.0,5.0,0.0,,2026-05-12 08:00:00,system,2026-05-12 08:00:00,system
6091,1416,5895,8,1095,B26-P1095-006091,6,18.0,18.0,0.0,18.0,18.0,0.0,,2026-05-12 08:00:00,system,2026-05-12 08:00:00,system
6092,1417,5887,1,487,B26-P0487-006092,6,1.0,1.0,0.0,55.0,55.0,0.0,,2026-05-16 08:00:00,system,2026-05-16 08:00:00,system
6093,1417,5888,2,315,B26-P0315-006093,6,1.0,1.0,0.0,55.0,55.0,0.0,,2026-05-16 08:00:00,system,2026-05-16 08:00:00,system
6094,1417,5889,3,1336,B26-P1336-006094,6,7.0,7.0,0.0,7.0,7.0,0.0,,2026-05-16 08:00:00,system,2026-05-16 08:00:00,system
6095,1417,5890,4,877,B26-P0877-006095,1,2.0,2.0,0.0,4000.0,4000.0,0.0,,2026-05-16 08:00:00,system,2026-05-16 08:00:00,system
6096,1417,5891,5,67,B26-P0067-006096,6,8.0,8.0,0.0,200.0,200.0,0.0,,2026-05-16 08:00:00,system,2026-05-16 08:00:00,system
6097,1417,5892,6,265,B26-P0265-006097,6,5.0,4.0,1.0,150.0,120.0,30.0,,2026-05-16 08:00:00,system,2026-05-16 08:00:00,system
6098,1417,5893,7,73,B26-P0073-006098,6,4.0,4.0,0.0,60.0,60.0,0.0,,2026-05-16 08:00:00,system,2026-05-16 08:00:00,system
6099,1417,5894,8,994,B26-P0994-006099,6,3.0,3.0,0.0,15.0,15.0,0.0,,2026-05-16 08:00:00,system,2026-05-16 08:00:00,system
6100,1417,5895,9,1095,B26-P1095-006100,6,21.0,21.0,0.0,21.0,21.0,0.0,,2026-05-16 08:00:00,system,2026-05-16 08:00:00,system
6101,1418,5896,1,160,B26-P0160-006101,6,21.0,21.0,0.0,16.8,16.8,0.0,,2026-03-16 08:00:00,system,2026-03-16 08:00:00,system
6102,1419,5897,1,250,B26-P0250-006102,6,60.0,60.0,0.0,72.0,72.0,0.0,,2026-02-26 08:00:00,system,2026-02-26 08:00:00,system
6103,1419,5898,2,499,B26-P0499-006103,6,28.0,28.0,0.0,700.0,700.0,0.0,,2026-02-26 08:00:00,system,2026-02-26 08:00:00,system
6104,1419,5899,3,211,B26-P0211-006104,6,8.0,8.0,0.0,200.0,200.0,0.0,,2026-02-26 08:00:00,system,2026-02-26 08:00:00,system
6105,1419,5900,4,651,B26-P0651-006105,6,16.0,16.0,0.0,480.0,480.0,0.0,,2026-02-26 08:00:00,system,2026-02-26 08:00:00,system
6106,1419,5901,5,468,B26-P0468-006106,6,24.0,24.0,0.0,480.0,480.0,0.0,,2026-02-26 08:00:00,system,2026-02-26 08:00:00,system
6107,1420,5905,1,883,B26-P0883-006107,6,3.0,3.0,0.0,75.0,75.0,0.0,,2026-01-29 08:00:00,system,2026-01-29 08:00:00,system
6108,1421,5908,1,141,B26-P0141-006108,6,6.0,6.0,0.0,330.0,330.0,0.0,,2026-01-26 08:00:00,system,2026-01-26 08:00:00,system
6109,1421,5909,2,875,B26-P0875-006109,1,8.0,8.0,0.0,4000.0,4000.0,0.0,,2026-01-26 08:00:00,system,2026-01-26 08:00:00,system
6110,1421,5910,3,348,B26-P0348-006110,1,6.0,6.0,0.0,6000.0,6000.0,0.0,,2026-01-26 08:00:00,system,2026-01-26 08:00:00,system
6111,1421,5911,4,438,B26-P0438-006111,6,8.0,8.0,0.0,400.0,400.0,0.0,,2026-01-26 08:00:00,system,2026-01-26 08:00:00,system
6112,1421,5912,5,170,B26-P0170-006112,6,8.0,7.0,1.0,400.0,350.0,50.0,,2026-01-26 08:00:00,system,2026-01-26 08:00:00,system
6113,1421,5913,6,1432,B26-P1432-006113,6,35.0,35.0,0.0,350.0,350.0,0.0,,2026-01-26 08:00:00,system,2026-01-26 08:00:00,system
6114,1422,5914,1,1481,B26-P1481-006114,6,28.0,28.0,0.0,700.0,700.0,0.0,,2026-06-19 08:00:00,system,2026-06-19 08:00:00,system
6115,1422,5915,2,784,B26-P0784-006115,1,4.0,4.0,0.0,2000.0,2000.0,0.0,,2026-06-19 08:00:00,system,2026-06-19 08:00:00,system
6116,1422,5916,3,898,B26-P0898-006116,6,14.0,14.0,0.0,350.0,350.0,0.0,,2026-06-19 08:00:00,system,2026-06-19 08:00:00,system
6117,1423,5921,1,410,B26-P0410-006117,6,24.0,24.0,0.0,240.0,240.0,0.0,,2026-04-23 08:00:00,system,2026-04-23 08:00:00,system
6118,1424,5922,1,1361,B26-P1361-006118,1,1.0,0.0,1.0,2000.0,0.0,2000.0,,2026-05-08 08:00:00,system,2026-05-08 08:00:00,system
6119,1424,5923,2,434,B26-P0434-006119,6,3.0,3.0,0.0,45.0,45.0,0.0,,2026-05-08 08:00:00,system,2026-05-08 08:00:00,system
6120,1424,5924,3,1312,B26-P1312-006120,6,1.0,1.0,0.0,180.0,180.0,0.0,,2026-05-08 08:00:00,system,2026-05-08 08:00:00,system
6121,1424,5925,4,144,B26-P0144-006121,1,2.0,2.0,0.0,2000.0,2000.0,0.0,,2026-05-08 08:00:00,system,2026-05-08 08:00:00,system
6122,1424,5926,5,884,B26-P0884-006122,6,9.0,9.0,0.0,270.0,270.0,0.0,,2026-05-08 08:00:00,system,2026-05-08 08:00:00,system
6123,1424,5927,6,1364,B26-P1364-006123,6,5.0,5.0,0.0,100.0,100.0,0.0,,2026-05-08 08:00:00,system,2026-05-08 08:00:00,system
6124,1424,5928,7,927,B26-P0927-006124,6,16.0,16.0,0.0,480.0,480.0,0.0,,2026-05-08 08:00:00,system,2026-05-08 08:00:00,system
6125,1424,5929,8,1093,B26-P1093-006125,6,9.0,9.0,0.0,3.6,3.6,0.0,,2026-05-08 08:00:00,system,2026-05-08 08:00:00,system
6126,1425,5922,1,1361,B26-P1361-006126,1,2.0,2.0,0.0,4000.0,4000.0,0.0,,2026-05-12 08:00:00,system,2026-05-12 08:00:00,system
6127,1425,5923,2,434,B26-P0434-006127,6,9.0,9.0,0.0,135.0,135.0,0.0,,2026-05-12 08:00:00,system,2026-05-12 08:00:00,system
6128,1425,5924,3,1312,B26-P1312-006128,6,3.0,3.0,0.0,540.0,540.0,0.0,,2026-05-12 08:00:00,system,2026-05-12 08:00:00,system
6129,1425,5926,4,884,B26-P0884-006129,6,6.0,6.0,0.0,180.0,180.0,0.0,,2026-05-12 08:00:00,system,2026-05-12 08:00:00,system
6130,1425,5927,5,1364,B26-P1364-006130,6,2.0,2.0,0.0,40.0,40.0,0.0,,2026-05-12 08:00:00,system,2026-05-12 08:00:00,system
6131,1425,5928,6,927,B26-P0927-006131,6,12.0,12.0,0.0,360.0,360.0,0.0,,2026-05-12 08:00:00,system,2026-05-12 08:00:00,system
6132,1425,5929,7,1093,B26-P1093-006132,6,14.0,14.0,0.0,5.6,5.6,0.0,,2026-05-12 08:00:00,system,2026-05-12 08:00:00,system
6133,1426,5941,1,1003,B26-P1003-006133,6,28.0,28.0,0.0,56.0,56.0,0.0,,2026-05-10 08:00:00,system,2026-05-10 08:00:00,system
6134,1426,5942,2,764,B26-P0764-006134,6,6.0,6.0,0.0,150.0,150.0,0.0,,2026-05-10 08:00:00,system,2026-05-10 08:00:00,system
6135,1426,5943,3,1283,B26-P1283-006135,1,2.0,2.0,0.0,2000.0,2000.0,0.0,,2026-05-10 08:00:00,system,2026-05-10 08:00:00,system
6136,1427,5944,1,526,B26-P0526-006136,6,32.0,32.0,0.0,800.0,800.0,0.0,,2026-06-08 08:00:00,system,2026-06-08 08:00:00,system
6137,1428,5947,1,48,B26-P0048-006137,6,2.0,2.0,0.0,10.0,10.0,0.0,,2026-02-21 08:00:00,system,2026-02-21 08:00:00,system
6138,1428,5949,2,1426,B26-P1426-006138,6,1.0,1.0,0.0,210.0,210.0,0.0,,2026-02-21 08:00:00,system,2026-02-21 08:00:00,system
6139,1428,5952,3,58,B26-P0058-006139,1,2.0,2.0,0.0,2000.0,2000.0,0.0,,2026-02-21 08:00:00,system,2026-02-21 08:00:00,system
6140,1428,5953,4,38,B26-P0038-006140,6,2.0,2.0,0.0,60.0,60.0,0.0,,2026-02-21 08:00:00,system,2026-02-21 08:00:00,system
6141,1429,5946,1,580,B26-P0580-006141,6,8.0,8.0,0.0,80.0,80.0,0.0,,2026-02-25 08:00:00,system,2026-02-25 08:00:00,system
6142,1429,5947,2,48,B26-P0048-006142,6,12.0,12.0,0.0,60.0,60.0,0.0,,2026-02-25 08:00:00,system,2026-02-25 08:00:00,system
6143,1429,5948,3,871,B26-P0871-006143,6,3.0,3.0,0.0,150.0,150.0,0.0,,2026-02-25 08:00:00,system,2026-02-25 08:00:00,system
6144,1429,5949,4,1426,B26-P1426-006144,6,1.0,1.0,0.0,210.0,210.0,0.0,,2026-02-25 08:00:00,system,2026-02-25 08:00:00,system
6145,1429,5950,5,95,B26-P0095-006145,6,1.0,1.0,0.0,210.0,210.0,0.0,,2026-02-25 08:00:00,system,2026-02-25 08:00:00,system
6146,1429,5952,6,58,B26-P0058-006146,1,1.0,0.0,1.0,1000.0,0.0,1000.0,,2026-02-25 08:00:00,system,2026-02-25 08:00:00,system
6147,1429,5953,7,38,B26-P0038-006147,6,4.0,4.0,0.0,120.0,120.0,0.0,,2026-02-25 08:00:00,system,2026-02-25 08:00:00,system
6148,1430,5954,1,36,B26-P0036-006148,6,21.0,21.0,0.0,420.0,420.0,0.0,,2026-06-15 08:00:00,system,2026-06-15 08:00:00,system
6149,1430,5955,2,50,B26-P0050-006149,6,1.0,1.0,0.0,15.0,15.0,0.0,,2026-06-15 08:00:00,system,2026-06-15 08:00:00,system
6150,1430,5956,3,603,B26-P0603-006150,6,3.0,3.0,0.0,630.0,630.0,0.0,,2026-06-15 08:00:00,system,2026-06-15 08:00:00,system
6151,1430,5957,4,996,B26-P0996-006151,6,5.0,5.0,0.0,90.0,90.0,0.0,,2026-06-15 08:00:00,system,2026-06-15 08:00:00,system
6152,1431,5954,1,36,B26-P0036-006152,6,7.0,7.0,0.0,140.0,140.0,0.0,,2026-06-19 08:00:00,system,2026-06-19 08:00:00,system
6153,1431,5955,2,50,B26-P0050-006153,6,6.0,6.0,0.0,90.0,90.0,0.0,,2026-06-19 08:00:00,system,2026-06-19 08:00:00,system
6154,1431,5957,3,996,B26-P0996-006154,6,10.0,10.0,0.0,180.0,180.0,0.0,,2026-06-19 08:00:00,system,2026-06-19 08:00:00,system
6155,1431,5958,4,534,B26-P0534-006155,1,2.0,2.0,0.0,4000.0,4000.0,0.0,,2026-06-19 08:00:00,system,2026-06-19 08:00:00,system
6156,1432,5959,1,311,B26-P0311-006156,6,15.0,15.0,0.0,300.0,300.0,0.0,,2026-05-15 08:00:00,system,2026-05-15 08:00:00,system
6157,1433,5973,1,224,B26-P0224-006157,6,8.0,8.0,0.0,120.0,120.0,0.0,,2026-06-24 08:00:00,system,2026-06-24 08:00:00,system
6158,1433,5974,2,610,B26-P0610-006158,6,13.0,13.0,0.0,195.0,195.0,0.0,,2026-06-24 08:00:00,system,2026-06-24 08:00:00,system
6159,1433,5975,3,957,B26-P0957-006159,1,1.0,1.0,0.0,1000.0,1000.0,0.0,,2026-06-24 08:00:00,system,2026-06-24 08:00:00,system
6160,1433,5976,4,165,B26-P0165-006160,6,7.0,7.0,0.0,70.0,70.0,0.0,,2026-06-24 08:00:00,system,2026-06-24 08:00:00,system
6161,1433,5977,5,906,B26-P0906-006161,1,4.0,4.0,0.0,8000.0,8000.0,0.0,,2026-06-24 08:00:00,system,2026-06-24 08:00:00,system
6162,1434,5973,1,224,B26-P0224-006162,6,2.0,1.0,1.0,30.0,15.0,15.0,,2026-06-26 08:00:00,system,2026-06-26 08:00:00,system
6163,1434,5974,2,610,B26-P0610-006163,6,12.0,12.0,0.0,180.0,180.0,0.0,,2026-06-26 08:00:00,system,2026-06-26 08:00:00,system
6164,1434,5975,3,957,B26-P0957-006164,1,1.0,1.0,0.0,1000.0,1000.0,0.0,,2026-06-26 08:00:00,system,2026-06-26 08:00:00,system
6165,1435,6002,1,1130,B26-P1130-006165,6,12.0,12.0,0.0,120.0,120.0,0.0,,2026-04-29 08:00:00,system,2026-04-29 08:00:00,system
6166,1435,6003,2,674,B26-P0674-006166,6,21.0,21.0,0.0,525.0,525.0,0.0,,2026-04-29 08:00:00,system,2026-04-29 08:00:00,system
6167,1435,6004,3,1456,B26-P1456-006167,6,12.0,12.0,0.0,180.0,180.0,0.0,,2026-04-29 08:00:00,system,2026-04-29 08:00:00,system
6168,1435,6005,4,1167,B26-P1167-006168,6,26.0,26.0,0.0,130.0,130.0,0.0,,2026-04-29 08:00:00,system,2026-04-29 08:00:00,system
6169,1436,6006,1,306,B26-P0306-006169,6,11.0,11.0,0.0,13.2,13.2,0.0,,2026-06-08 08:00:00,system,2026-06-08 08:00:00,system
6170,1437,6007,1,1240,B26-P1240-006170,6,14.0,14.0,0.0,280.0,280.0,0.0,,2026-06-21 08:00:00,system,2026-06-21 08:00:00,system
6171,1437,6008,2,1177,B26-P1177-006171,6,75.0,75.0,0.0,75.0,75.0,0.0,,2026-06-21 08:00:00,system,2026-06-21 08:00:00,system
6172,1437,6009,3,336,B26-P0336-006172,6,80.0,80.0,0.0,96.0,96.0,0.0,,2026-06-21 08:00:00,system,2026-06-21 08:00:00,system
6173,1438,6010,1,1083,B26-P1083-006173,6,63.0,63.0,0.0,25.2,25.2,0.0,,2026-03-20 08:00:00,system,2026-03-20 08:00:00,system
6174,1438,6011,2,1414,B26-P1414-006174,6,4.0,4.0,0.0,200.0,200.0,0.0,,2026-03-20 08:00:00,system,2026-03-20 08:00:00,system
6175,1438,6012,3,994,B26-P0994-006175,6,12.0,12.0,0.0,60.0,60.0,0.0,,2026-03-20 08:00:00,system,2026-03-20 08:00:00,system
6176,1438,6013,4,1484,B26-P1484-006176,6,10.0,10.0,0.0,550.0,550.0,0.0,,2026-03-20 08:00:00,system,2026-03-20 08:00:00,system
6177,1438,6014,5,1373,B26-P1373-006177,6,10.0,10.0,0.0,550.0,550.0,0.0,,2026-03-20 08:00:00,system,2026-03-20 08:00:00,system
6178,1438,6015,6,1239,B26-P1239-006178,6,12.0,12.0,0.0,120.0,120.0,0.0,,2026-03-20 08:00:00,system,2026-03-20 08:00:00,system
6179,1438,6016,7,974,B26-P0974-006179,6,65.0,64.0,1.0,65.0,64.0,1.0,,2026-03-20 08:00:00,system,2026-03-20 08:00:00,system
6180,1438,6017,8,1078,B26-P1078-006180,6,56.0,56.0,0.0,280.0,280.0,0.0,,2026-03-20 08:00:00,system,2026-03-20 08:00:00,system
6181,1439,6022,1,717,B26-P0717-006181,6,5.0,5.0,0.0,1050.0,1050.0,0.0,,2026-06-24 08:00:00,system,2026-06-24 08:00:00,system
6182,1439,6023,2,1218,B26-P1218-006182,6,6.0,6.0,0.0,330.0,330.0,0.0,,2026-06-24 08:00:00,system,2026-06-24 08:00:00,system
6183,1439,6024,3,687,B26-P0687-006183,6,18.0,18.0,0.0,360.0,360.0,0.0,,2026-06-24 08:00:00,system,2026-06-24 08:00:00,system
6184,1439,6025,4,1332,B26-P1332-006184,1,6.0,6.0,0.0,6000.0,6000.0,0.0,,2026-06-24 08:00:00,system,2026-06-24 08:00:00,system
6185,1439,6026,5,475,B26-P0475-006185,1,8.0,8.0,0.0,8000.0,8000.0,0.0,,2026-06-24 08:00:00,system,2026-06-24 08:00:00,system
6186,1439,6027,6,690,B26-P0690-006186,6,2.0,2.0,0.0,100.0,100.0,0.0,,2026-06-24 08:00:00,system,2026-06-24 08:00:00,system
6187,1439,6028,7,1283,B26-P1283-006187,1,1.0,1.0,0.0,1000.0,1000.0,0.0,,2026-06-24 08:00:00,system,2026-06-24 08:00:00,system
6188,1439,6029,8,255,B26-P0255-006188,1,2.0,2.0,0.0,2000.0,2000.0,0.0,,2026-06-24 08:00:00,system,2026-06-24 08:00:00,system
6189,1439,6030,9,1444,B26-P1444-006189,6,60.0,60.0,0.0,180.0,180.0,0.0,,2026-06-24 08:00:00,system,2026-06-24 08:00:00,system
6190,1440,6034,1,50,B26-P0050-006190,6,21.0,21.0,0.0,315.0,315.0,0.0,,2026-03-13 08:00:00,system,2026-03-13 08:00:00,system
6191,1440,6035,2,655,B26-P0655-006191,6,3.0,2.0,1.0,630.0,420.0,210.0,,2026-03-13 08:00:00,system,2026-03-13 08:00:00,system
6192,1441,6034,1,50,B26-P0050-006192,6,9.0,9.0,0.0,135.0,135.0,0.0,,2026-03-17 08:00:00,system,2026-03-17 08:00:00,system
6193,1441,6035,2,655,B26-P0655-006193,6,1.0,1.0,0.0,210.0,210.0,0.0,,2026-03-17 08:00:00,system,2026-03-17 08:00:00,system
6194,1442,6036,1,965,B26-P0965-006194,6,5.0,5.0,0.0,150.0,150.0,0.0,,2026-06-19 08:00:00,system,2026-06-19 08:00:00,system
6195,1443,6037,1,958,B26-P0958-006195,1,4.0,4.0,0.0,8000.0,8000.0,0.0,,2026-06-03 08:00:00,system,2026-06-03 08:00:00,system
6196,1443,6038,2,593,B26-P0593-006196,6,55.0,55.0,0.0,165.0,165.0,0.0,,2026-06-03 08:00:00,system,2026-06-03 08:00:00,system
6197,1443,6039,3,1158,B26-P1158-006197,6,56.0,56.0,0.0,168.0,168.0,0.0,,2026-06-03 08:00:00,system,2026-06-03 08:00:00,system
6198,1444,6040,1,759,B26-P0759-006198,6,32.0,32.0,0.0,96.0,96.0,0.0,,2026-03-10 08:00:00,system,2026-03-10 08:00:00,system
6199,1445,6041,1,1299,B26-P1299-006199,1,1.0,1.0,0.0,2000.0,2000.0,0.0,,2026-04-11 08:00:00,system,2026-04-11 08:00:00,system
6200,1445,6042,2,287,B26-P0287-006200,6,12.0,12.0,0.0,12.0,12.0,0.0,,2026-04-11 08:00:00,system,2026-04-11 08:00:00,system
6201,1445,6043,3,1288,B26-P1288-006201,6,5.0,5.0,0.0,275.0,275.0,0.0,,2026-04-11 08:00:00,system,2026-04-11 08:00:00,system
6202,1446,6042,1,287,B26-P0287-006202,6,12.0,12.0,0.0,12.0,12.0,0.0,,2026-04-16 08:00:00,system,2026-04-16 08:00:00,system
6203,1446,6043,2,1288,B26-P1288-006203,6,1.0,1.0,0.0,55.0,55.0,0.0,,2026-04-16 08:00:00,system,2026-04-16 08:00:00,system
6204,1447,6046,1,279,B26-P0279-006204,6,2.0,2.0,0.0,50.0,50.0,0.0,,2026-04-03 08:00:00,system,2026-04-03 08:00:00,system
6205,1447,6047,2,606,B26-P0606-006205,1,1.0,1.0,0.0,2000.0,2000.0,0.0,,2026-04-03 08:00:00,system,2026-04-03 08:00:00,system
6206,1447,6048,3,1423,B26-P1423-006206,6,7.0,6.0,1.0,70.0,60.0,10.0,,2026-04-03 08:00:00,system,2026-04-03 08:00:00,system
6207,1447,6049,4,763,B26-P0763-006207,6,1.0,1.0,0.0,20.0,20.0,0.0,,2026-04-03 08:00:00,system,2026-04-03 08:00:00,system
6208,1447,6050,5,1018,B26-P1018-006208,6,21.0,21.0,0.0,8.4,8.4,0.0,,2026-04-03 08:00:00,system,2026-04-03 08:00:00,system
6209,1447,6052,6,1158,B26-P1158-006209,6,7.0,7.0,0.0,21.0,21.0,0.0,,2026-04-03 08:00:00,system,2026-04-03 08:00:00,system
6210,1447,6053,7,559,B26-P0559-006210,6,1.0,1.0,0.0,180.0,180.0,0.0,,2026-04-03 08:00:00,system,2026-04-03 08:00:00,system
6211,1447,6054,8,951,B26-P0951-006211,6,3.0,3.0,0.0,90.0,90.0,0.0,,2026-04-03 08:00:00,system,2026-04-03 08:00:00,system
6212,1447,6055,9,567,B26-P0567-006212,6,2.0,1.0,1.0,30.0,15.0,15.0,,2026-04-03 08:00:00,system,2026-04-03 08:00:00,system
6213,1447,6057,10,1297,B26-P1297-006213,6,2.0,2.0,0.0,420.0,420.0,0.0,,2026-04-03 08:00:00,system,2026-04-03 08:00:00,system
6214,1447,6058,11,1170,B26-P1170-006214,6,1.0,1.0,0.0,55.0,55.0,0.0,,2026-04-03 08:00:00,system,2026-04-03 08:00:00,system
6215,1448,6046,1,279,B26-P0279-006215,6,5.0,5.0,0.0,125.0,125.0,0.0,,2026-04-04 08:00:00,system,2026-04-04 08:00:00,system
6216,1448,6048,2,1423,B26-P1423-006216,6,23.0,23.0,0.0,230.0,230.0,0.0,,2026-04-04 08:00:00,system,2026-04-04 08:00:00,system
6217,1448,6049,3,763,B26-P0763-006217,6,5.0,5.0,0.0,100.0,100.0,0.0,,2026-04-04 08:00:00,system,2026-04-04 08:00:00,system
6218,1448,6050,4,1018,B26-P1018-006218,6,4.0,4.0,0.0,1.6,1.6,0.0,,2026-04-04 08:00:00,system,2026-04-04 08:00:00,system
6219,1448,6051,5,300,B26-P0300-006219,1,2.0,2.0,0.0,2000.0,2000.0,0.0,,2026-04-04 08:00:00,system,2026-04-04 08:00:00,system
6220,1448,6052,6,1158,B26-P1158-006220,6,7.0,7.0,0.0,21.0,21.0,0.0,,2026-04-04 08:00:00,system,2026-04-04 08:00:00,system
6221,1448,6053,7,559,B26-P0559-006221,6,3.0,3.0,0.0,540.0,540.0,0.0,,2026-04-04 08:00:00,system,2026-04-04 08:00:00,system
6222,1448,6054,8,951,B26-P0951-006222,6,22.0,22.0,0.0,660.0,660.0,0.0,,2026-04-04 08:00:00,system,2026-04-04 08:00:00,system
6223,1448,6055,9,567,B26-P0567-006223,6,19.0,19.0,0.0,285.0,285.0,0.0,,2026-04-04 08:00:00,system,2026-04-04 08:00:00,system
6224,1448,6056,10,594,B26-P0594-006224,6,7.0,7.0,0.0,35.0,35.0,0.0,,2026-04-04 08:00:00,system,2026-04-04 08:00:00,system
6225,1448,6057,11,1297,B26-P1297-006225,6,3.0,3.0,0.0,630.0,630.0,0.0,,2026-04-04 08:00:00,system,2026-04-04 08:00:00,system
6226,1448,6058,12,1170,B26-P1170-006226,6,1.0,1.0,0.0,55.0,55.0,0.0,,2026-04-04 08:00:00,system,2026-04-04 08:00:00,system
6227,1449,6066,1,489,B26-P0489-006227,6,4.0,4.0,0.0,840.0,840.0,0.0,,2026-02-24 08:00:00,system,2026-02-24 08:00:00,system
6228,1449,6069,2,285,B26-P0285-006228,1,6.0,6.0,0.0,6000.0,6000.0,0.0,,2026-02-24 08:00:00,system,2026-02-24 08:00:00,system
6229,1449,6070,3,1029,B26-P1029-006229,6,4.0,3.0,1.0,4.0,3.0,1.0,,2026-02-24 08:00:00,system,2026-02-24 08:00:00,system
6230,1449,6071,4,1392,B26-P1392-006230,1,2.0,2.0,0.0,4000.0,4000.0,0.0,,2026-02-24 08:00:00,system,2026-02-24 08:00:00,system
6231,1449,6072,5,1067,B26-P1067-006231,6,2.0,2.0,0.0,2.0,2.0,0.0,,2026-02-24 08:00:00,system,2026-02-24 08:00:00,system
6232,1449,6073,6,1169,B26-P1169-006232,6,4.0,4.0,0.0,80.0,80.0,0.0,,2026-02-24 08:00:00,system,2026-02-24 08:00:00,system
6233,1450,6067,1,367,B26-P0367-006233,6,5.0,5.0,0.0,4.0,4.0,0.0,,2026-03-01 08:00:00,system,2026-03-01 08:00:00,system
6234,1450,6068,2,471,B26-P0471-006234,6,3.0,3.0,0.0,150.0,150.0,0.0,,2026-03-01 08:00:00,system,2026-03-01 08:00:00,system
6235,1450,6070,3,1029,B26-P1029-006235,6,2.0,2.0,0.0,2.0,2.0,0.0,,2026-03-01 08:00:00,system,2026-03-01 08:00:00,system
6236,1450,6072,4,1067,B26-P1067-006236,6,5.0,5.0,0.0,5.0,5.0,0.0,,2026-03-01 08:00:00,system,2026-03-01 08:00:00,system
6237,1450,6073,5,1169,B26-P1169-006237,6,1.0,1.0,0.0,20.0,20.0,0.0,,2026-03-01 08:00:00,system,2026-03-01 08:00:00,system
6238,1451,6067,1,367,B26-P0367-006238,6,9.0,9.0,0.0,7.2,7.2,0.0,,2026-03-04 08:00:00,system,2026-03-04 08:00:00,system
6239,1451,6068,2,471,B26-P0471-006239,6,5.0,5.0,0.0,250.0,250.0,0.0,,2026-03-04 08:00:00,system,2026-03-04 08:00:00,system
6240,1451,6070,3,1029,B26-P1029-006240,6,5.0,5.0,0.0,5.0,5.0,0.0,,2026-03-04 08:00:00,system,2026-03-04 08:00:00,system
6241,1451,6072,4,1067,B26-P1067-006241,6,6.0,6.0,0.0,6.0,6.0,0.0,,2026-03-04 08:00:00,system,2026-03-04 08:00:00,system
6242,1451,6073,5,1169,B26-P1169-006242,6,1.0,1.0,0.0,20.0,20.0,0.0,,2026-03-04 08:00:00,system,2026-03-04 08:00:00,system
6243,1452,6074,1,1471,B26-P1471-006243,6,7.0,7.0,0.0,140.0,140.0,0.0,,2026-07-01 08:00:00,system,2026-07-01 08:00:00,system
6244,1452,6075,2,1390,B26-P1390-006244,1,8.0,8.0,0.0,4000.0,4000.0,0.0,,2026-07-01 08:00:00,system,2026-07-01 08:00:00,system
6245,1452,6076,3,368,B26-P0368-006245,6,32.0,32.0,0.0,32.0,32.0,0.0,,2026-07-01 08:00:00,system,2026-07-01 08:00:00,system
6246,1452,6077,4,1387,B26-P1387-006246,6,6.0,6.0,0.0,330.0,330.0,0.0,,2026-07-01 08:00:00,system,2026-07-01 08:00:00,system
6247,1453,6078,1,676,B26-P0676-006247,6,13.0,13.0,0.0,650.0,650.0,0.0,,2026-05-04 08:00:00,system,2026-05-04 08:00:00,system
6248,1454,6079,1,221,B26-P0221-006248,6,14.0,14.0,0.0,42.0,42.0,0.0,,2026-03-28 08:00:00,system,2026-03-28 08:00:00,system
6249,1454,6080,2,731,B26-P0731-006249,6,3.0,3.0,0.0,630.0,630.0,0.0,,2026-03-28 08:00:00,system,2026-03-28 08:00:00,system
6250,1454,6081,3,754,B26-P0754-006250,6,6.0,6.0,0.0,1080.0,1080.0,0.0,,2026-03-28 08:00:00,system,2026-03-28 08:00:00,system
6251,1454,6082,4,100,B26-P0100-006251,6,14.0,14.0,0.0,42.0,42.0,0.0,,2026-03-28 08:00:00,system,2026-03-28 08:00:00,system
6252,1454,6083,5,845,B26-P0845-006252,6,2.0,1.0,1.0,420.0,210.0,210.0,,2026-03-28 08:00:00,system,2026-03-28 08:00:00,system
6253,1454,6084,6,61,B26-P0061-006253,6,75.0,75.0,0.0,90.0,90.0,0.0,,2026-03-28 08:00:00,system,2026-03-28 08:00:00,system
6254,1455,6085,1,629,B26-P0629-006254,6,4.0,4.0,0.0,220.0,220.0,0.0,,2026-03-09 08:00:00,system,2026-03-09 08:00:00,system
6255,1455,6086,2,1444,B26-P1444-006255,6,22.0,21.0,1.0,66.0,63.0,3.0,,2026-03-09 08:00:00,system,2026-03-09 08:00:00,system
6256,1456,6087,1,830,B26-P0830-006256,6,4.0,4.0,0.0,720.0,720.0,0.0,,2026-02-11 08:00:00,system,2026-02-11 08:00:00,system
6257,1456,6088,2,1070,B26-P1070-006257,6,4.0,4.0,0.0,40.0,40.0,0.0,,2026-02-11 08:00:00,system,2026-02-11 08:00:00,system
6258,1457,6089,1,663,B26-P0663-006258,6,1.0,1.0,0.0,20.0,20.0,0.0,,2026-05-01 08:00:00,system,2026-05-01 08:00:00,system
6259,1457,6090,2,945,B26-P0945-006259,6,10.0,10.0,0.0,30.0,30.0,0.0,,2026-05-01 08:00:00,system,2026-05-01 08:00:00,system
6260,1457,6091,3,1056,B26-P1056-006260,6,13.0,13.0,0.0,6.5,6.5,0.0,,2026-05-01 08:00:00,system,2026-05-01 08:00:00,system
6261,1457,6092,4,30,B26-P0030-006261,6,27.0,27.0,0.0,27.0,27.0,0.0,,2026-05-01 08:00:00,system,2026-05-01 08:00:00,system
6262,1458,6089,1,663,B26-P0663-006262,6,26.0,26.0,0.0,520.0,520.0,0.0,,2026-05-02 08:00:00,system,2026-05-02 08:00:00,system
6263,1458,6090,2,945,B26-P0945-006263,6,13.0,13.0,0.0,39.0,39.0,0.0,,2026-05-02 08:00:00,system,2026-05-02 08:00:00,system
6264,1458,6091,3,1056,B26-P1056-006264,6,18.0,18.0,0.0,9.0,9.0,0.0,,2026-05-02 08:00:00,system,2026-05-02 08:00:00,system
6265,1458,6092,4,30,B26-P0030-006265,6,24.0,24.0,0.0,24.0,24.0,0.0,,2026-05-02 08:00:00,system,2026-05-02 08:00:00,system
6266,1459,6093,1,1321,B26-P1321-006266,6,2.0,2.0,0.0,110.0,110.0,0.0,,2026-06-10 08:00:00,system,2026-06-10 08:00:00,system
6267,1459,6094,2,203,B26-P0203-006267,6,32.0,32.0,0.0,25.6,25.6,0.0,,2026-06-10 08:00:00,system,2026-06-10 08:00:00,system
6268,1459,6095,3,1013,B26-P1013-006268,6,16.0,16.0,0.0,80.0,80.0,0.0,,2026-06-10 08:00:00,system,2026-06-10 08:00:00,system
6269,1459,6096,4,627,B26-P0627-006269,6,21.0,21.0,0.0,630.0,630.0,0.0,,2026-06-10 08:00:00,system,2026-06-10 08:00:00,system
6270,1459,6097,5,743,B26-P0743-006270,6,4.0,4.0,0.0,220.0,220.0,0.0,,2026-06-10 08:00:00,system,2026-06-10 08:00:00,system
6271,1460,6093,1,1321,B26-P1321-006271,6,6.0,6.0,0.0,330.0,330.0,0.0,,2026-06-11 08:00:00,system,2026-06-11 08:00:00,system
6272,1460,6094,2,203,B26-P0203-006272,6,10.0,10.0,0.0,8.0,8.0,0.0,,2026-06-11 08:00:00,system,2026-06-11 08:00:00,system
6273,1460,6095,3,1013,B26-P1013-006273,6,8.0,8.0,0.0,40.0,40.0,0.0,,2026-06-11 08:00:00,system,2026-06-11 08:00:00,system
6274,1460,6096,4,627,B26-P0627-006274,6,14.0,14.0,0.0,420.0,420.0,0.0,,2026-06-11 08:00:00,system,2026-06-11 08:00:00,system
6275,1460,6097,5,743,B26-P0743-006275,6,6.0,6.0,0.0,330.0,330.0,0.0,,2026-06-11 08:00:00,system,2026-06-11 08:00:00,system
6276,1461,6098,1,882,B26-P0882-006276,6,5.0,5.0,0.0,100.0,100.0,0.0,,2026-06-29 08:00:00,system,2026-06-29 08:00:00,system
6277,1461,6099,2,806,B26-P0806-006277,1,8.0,8.0,0.0,16000.0,16000.0,0.0,,2026-06-29 08:00:00,system,2026-06-29 08:00:00,system
6278,1461,6100,3,6,B26-P0006-006278,6,7.0,7.0,0.0,140.0,140.0,0.0,,2026-06-29 08:00:00,system,2026-06-29 08:00:00,system
6279,1461,6101,4,820,B26-P0820-006279,1,3.0,3.0,0.0,6000.0,6000.0,0.0,,2026-06-29 08:00:00,system,2026-06-29 08:00:00,system
6280,1461,6102,5,1291,B26-P1291-006280,1,1.0,1.0,0.0,1000.0,1000.0,0.0,,2026-06-29 08:00:00,system,2026-06-29 08:00:00,system
6281,1461,6103,6,155,B26-P0155-006281,6,2.0,2.0,0.0,100.0,100.0,0.0,,2026-06-29 08:00:00,system,2026-06-29 08:00:00,system
6282,1462,6098,1,882,B26-P0882-006282,6,9.0,9.0,0.0,180.0,180.0,0.0,,2026-06-30 08:00:00,system,2026-06-30 08:00:00,system
6283,1462,6101,2,820,B26-P0820-006283,1,1.0,1.0,0.0,2000.0,2000.0,0.0,,2026-06-30 08:00:00,system,2026-06-30 08:00:00,system
6284,1462,6102,3,1291,B26-P1291-006284,1,3.0,3.0,0.0,3000.0,3000.0,0.0,,2026-06-30 08:00:00,system,2026-06-30 08:00:00,system
6285,1462,6103,4,155,B26-P0155-006285,6,2.0,2.0,0.0,100.0,100.0,0.0,,2026-06-30 08:00:00,system,2026-06-30 08:00:00,system
6286,1462,6104,5,1422,B26-P1422-006286,6,14.0,14.0,0.0,70.0,70.0,0.0,,2026-06-30 08:00:00,system,2026-06-30 08:00:00,system
6287,1463,6115,1,583,B26-P0583-006287,6,14.0,14.0,0.0,350.0,350.0,0.0,,2026-02-13 08:00:00,system,2026-02-13 08:00:00,system
6288,1463,6116,2,1448,B26-P1448-006288,6,11.0,11.0,0.0,220.0,220.0,0.0,,2026-02-13 08:00:00,system,2026-02-13 08:00:00,system
6289,1463,6117,3,308,B26-P0308-006289,6,1.0,1.0,0.0,5.0,5.0,0.0,,2026-02-13 08:00:00,system,2026-02-13 08:00:00,system
6290,1463,6118,4,392,B26-P0392-006290,6,26.0,26.0,0.0,31.2,31.2,0.0,,2026-02-13 08:00:00,system,2026-02-13 08:00:00,system
6291,1464,6119,1,1256,B26-P1256-006291,6,8.0,8.0,0.0,440.0,440.0,0.0,,2026-03-03 08:00:00,system,2026-03-03 08:00:00,system
6292,1464,6120,2,1274,B26-P1274-006292,6,2.0,2.0,0.0,420.0,420.0,0.0,,2026-03-03 08:00:00,system,2026-03-03 08:00:00,system
6293,1465,6119,1,1256,B26-P1256-006293,6,2.0,2.0,0.0,110.0,110.0,0.0,,2026-03-05 08:00:00,system,2026-03-05 08:00:00,system
6294,1466,6128,1,1081,B26-P1081-006294,6,6.0,6.0,0.0,300.0,300.0,0.0,,2026-01-16 08:00:00,system,2026-01-16 08:00:00,system
6295,1467,6129,1,352,B26-P0352-006295,6,66.0,66.0,0.0,52.8,52.8,0.0,,2026-06-28 08:00:00,system,2026-06-28 08:00:00,system
6296,1467,6130,2,1042,B26-P1042-006296,6,4.0,4.0,0.0,40.0,40.0,0.0,,2026-06-28 08:00:00,system,2026-06-28 08:00:00,system
6297,1467,6131,3,994,B26-P0994-006297,6,33.0,33.0,0.0,165.0,165.0,0.0,,2026-06-28 08:00:00,system,2026-06-28 08:00:00,system
6298,1467,6132,4,981,B26-P0981-006298,6,38.0,38.0,0.0,15.2,15.2,0.0,,2026-06-28 08:00:00,system,2026-06-28 08:00:00,system
6299,1467,6133,5,819,B26-P0819-006299,1,4.0,4.0,0.0,4000.0,4000.0,0.0,,2026-06-28 08:00:00,system,2026-06-28 08:00:00,system
6300,1467,6134,6,609,B26-P0609-006300,6,3.0,3.0,0.0,30.0,30.0,0.0,,2026-06-28 08:00:00,system,2026-06-28 08:00:00,system
6301,1468,6129,1,352,B26-P0352-006301,6,14.0,14.0,0.0,11.2,11.2,0.0,,2026-07-03 08:00:00,system,2026-07-03 08:00:00,system
6302,1468,6131,2,994,B26-P0994-006302,6,27.0,27.0,0.0,135.0,135.0,0.0,,2026-07-03 08:00:00,system,2026-07-03 08:00:00,system
6303,1468,6132,3,981,B26-P0981-006303,6,82.0,82.0,0.0,32.8,32.8,0.0,,2026-07-03 08:00:00,system,2026-07-03 08:00:00,system
6304,1468,6134,4,609,B26-P0609-006304,6,18.0,18.0,0.0,180.0,180.0,0.0,,2026-07-03 08:00:00,system,2026-07-03 08:00:00,system
6305,1469,6135,1,361,B26-P0361-006305,6,7.0,7.0,0.0,210.0,210.0,0.0,,2026-01-30 08:00:00,system,2026-01-30 08:00:00,system
6306,1469,6136,2,1162,B26-P1162-006306,6,8.0,8.0,0.0,440.0,440.0,0.0,,2026-01-30 08:00:00,system,2026-01-30 08:00:00,system
6307,1469,6137,3,2,B26-P0002-006307,6,13.0,13.0,0.0,39.0,39.0,0.0,,2026-01-30 08:00:00,system,2026-01-30 08:00:00,system
6308,1470,6141,1,1477,B26-P1477-006308,6,24.0,24.0,0.0,120.0,120.0,0.0,,2026-03-03 08:00:00,system,2026-03-03 08:00:00,system
6309,1470,6142,2,1382,B26-P1382-006309,6,28.0,28.0,0.0,420.0,420.0,0.0,,2026-03-03 08:00:00,system,2026-03-03 08:00:00,system
6310,1470,6143,3,1004,B26-P1004-006310,6,33.0,33.0,0.0,165.0,165.0,0.0,,2026-03-03 08:00:00,system,2026-03-03 08:00:00,system
6311,1471,6153,1,439,B26-P0439-006311,6,2.0,2.0,0.0,110.0,110.0,0.0,,2026-04-23 08:00:00,system,2026-04-23 08:00:00,system
6312,1471,6154,2,266,B26-P0266-006312,6,2.0,1.0,1.0,100.0,50.0,50.0,,2026-04-23 08:00:00,system,2026-04-23 08:00:00,system
6313,1472,6154,1,266,B26-P0266-006313,6,2.0,1.0,1.0,100.0,50.0,50.0,,2026-04-28 08:00:00,system,2026-04-28 08:00:00,system
6314,1473,6155,1,328,B26-P0328-006314,6,18.0,18.0,0.0,540.0,540.0,0.0,,2026-01-27 08:00:00,system,2026-01-27 08:00:00,system
6315,1474,6156,1,107,B26-P0107-006315,6,3.0,3.0,0.0,150.0,150.0,0.0,,2026-01-28 08:00:00,system,2026-01-28 08:00:00,system
6316,1474,6157,2,780,B26-P0780-006316,6,6.0,6.0,0.0,300.0,300.0,0.0,,2026-01-28 08:00:00,system,2026-01-28 08:00:00,system
6317,1474,6158,3,680,B26-P0680-006317,1,8.0,8.0,0.0,4000.0,4000.0,0.0,,2026-01-28 08:00:00,system,2026-01-28 08:00:00,system
6318,1474,6159,4,278,B26-P0278-006318,6,40.0,40.0,0.0,800.0,800.0,0.0,,2026-01-28 08:00:00,system,2026-01-28 08:00:00,system
6319,1474,6160,5,501,B26-P0501-006319,6,10.0,10.0,0.0,550.0,550.0,0.0,,2026-01-28 08:00:00,system,2026-01-28 08:00:00,system
6320,1475,6161,1,474,B26-P0474-006320,6,5.0,5.0,0.0,1050.0,1050.0,0.0,,2026-05-24 08:00:00,system,2026-05-24 08:00:00,system
6321,1475,6162,2,124,B26-P0124-006321,6,6.0,6.0,0.0,1080.0,1080.0,0.0,,2026-05-24 08:00:00,system,2026-05-24 08:00:00,system
6322,1475,6163,3,764,B26-P0764-006322,6,12.0,12.0,0.0,300.0,300.0,0.0,,2026-05-24 08:00:00,system,2026-05-24 08:00:00,system
6323,1476,6164,1,389,B26-P0389-006323,6,3.0,3.0,0.0,60.0,60.0,0.0,,2026-03-25 08:00:00,system,2026-03-25 08:00:00,system
6324,1476,6165,2,1040,B26-P1040-006324,6,7.0,7.0,0.0,14.0,14.0,0.0,,2026-03-25 08:00:00,system,2026-03-25 08:00:00,system
6325,1476,6166,3,555,B26-P0555-006325,6,10.0,10.0,0.0,250.0,250.0,0.0,,2026-03-25 08:00:00,system,2026-03-25 08:00:00,system
6326,1476,6167,4,1042,B26-P1042-006326,6,6.0,6.0,0.0,60.0,60.0,0.0,,2026-03-25 08:00:00,system,2026-03-25 08:00:00,system
6327,1476,6169,5,351,B26-P0351-006327,1,4.0,4.0,0.0,4000.0,4000.0,0.0,,2026-03-25 08:00:00,system,2026-03-25 08:00:00,system
6328,1477,6164,1,389,B26-P0389-006328,6,4.0,4.0,0.0,80.0,80.0,0.0,,2026-03-29 08:00:00,system,2026-03-29 08:00:00,system
6329,1477,6165,2,1040,B26-P1040-006329,6,9.0,9.0,0.0,18.0,18.0,0.0,,2026-03-29 08:00:00,system,2026-03-29 08:00:00,system
6330,1477,6166,3,555,B26-P0555-006330,6,8.0,8.0,0.0,200.0,200.0,0.0,,2026-03-29 08:00:00,system,2026-03-29 08:00:00,system
6331,1477,6167,4,1042,B26-P1042-006331,6,14.0,14.0,0.0,140.0,140.0,0.0,,2026-03-29 08:00:00,system,2026-03-29 08:00:00,system
6332,1477,6168,5,619,B26-P0619-006332,1,2.0,2.0,0.0,2000.0,2000.0,0.0,,2026-03-29 08:00:00,system,2026-03-29 08:00:00,system
6333,1477,6169,6,351,B26-P0351-006333,1,4.0,4.0,0.0,4000.0,4000.0,0.0,,2026-03-29 08:00:00,system,2026-03-29 08:00:00,system
6334,1478,6180,1,1160,B26-P1160-006334,6,6.0,6.0,0.0,60.0,60.0,0.0,,2026-06-03 08:00:00,system,2026-06-03 08:00:00,system
6335,1478,6181,2,466,B26-P0466-006335,6,31.0,30.0,1.0,310.0,300.0,10.0,,2026-06-03 08:00:00,system,2026-06-03 08:00:00,system
6336,1478,6182,3,735,B26-P0735-006336,6,10.0,10.0,0.0,30.0,30.0,0.0,,2026-06-03 08:00:00,system,2026-06-03 08:00:00,system
6337,1478,6183,4,986,B26-P0986-006337,6,10.0,10.0,0.0,100.0,100.0,0.0,,2026-06-03 08:00:00,system,2026-06-03 08:00:00,system
6338,1478,6184,5,1010,B26-P1010-006338,6,6.0,6.0,0.0,3.0,3.0,0.0,,2026-06-03 08:00:00,system,2026-06-03 08:00:00,system
6339,1478,6185,6,564,B26-P0564-006339,6,24.0,24.0,0.0,72.0,72.0,0.0,,2026-06-03 08:00:00,system,2026-06-03 08:00:00,system
6340,1479,6180,1,1160,B26-P1160-006340,6,15.0,15.0,0.0,150.0,150.0,0.0,,2026-06-07 08:00:00,system,2026-06-07 08:00:00,system
6341,1479,6181,2,466,B26-P0466-006341,6,4.0,4.0,0.0,40.0,40.0,0.0,,2026-06-07 08:00:00,system,2026-06-07 08:00:00,system
6342,1479,6182,3,735,B26-P0735-006342,6,26.0,26.0,0.0,78.0,78.0,0.0,,2026-06-07 08:00:00,system,2026-06-07 08:00:00,system
6343,1479,6183,4,986,B26-P0986-006343,6,6.0,6.0,0.0,60.0,60.0,0.0,,2026-06-07 08:00:00,system,2026-06-07 08:00:00,system
6344,1479,6184,5,1010,B26-P1010-006344,6,6.0,6.0,0.0,3.0,3.0,0.0,,2026-06-07 08:00:00,system,2026-06-07 08:00:00,system
6345,1479,6185,6,564,B26-P0564-006345,6,8.0,8.0,0.0,24.0,24.0,0.0,,2026-06-07 08:00:00,system,2026-06-07 08:00:00,system
6346,1479,6186,7,332,B26-P0332-006346,6,5.0,5.0,0.0,1050.0,1050.0,0.0,,2026-06-07 08:00:00,system,2026-06-07 08:00:00,system
6347,1480,6187,1,12,B26-P0012-006347,6,2.0,2.0,0.0,420.0,420.0,0.0,,2026-01-24 08:00:00,system,2026-01-24 08:00:00,system
6348,1481,6201,1,1095,B26-P1095-006348,6,55.0,55.0,0.0,55.0,55.0,0.0,,2026-03-06 08:00:00,system,2026-03-06 08:00:00,system
6349,1481,6202,2,794,B26-P0794-006349,6,6.0,6.0,0.0,300.0,300.0,0.0,,2026-03-06 08:00:00,system,2026-03-06 08:00:00,system
6350,1481,6203,3,1312,B26-P1312-006350,6,10.0,9.0,1.0,1800.0,1620.0,180.0,,2026-03-06 08:00:00,system,2026-03-06 08:00:00,system
6351,1482,6204,1,713,B26-P0713-006351,6,3.0,3.0,0.0,90.0,90.0,0.0,,2026-03-12 08:00:00,system,2026-03-12 08:00:00,system
6352,1482,6205,2,927,B26-P0927-006352,6,3.0,3.0,0.0,90.0,90.0,0.0,,2026-03-12 08:00:00,system,2026-03-12 08:00:00,system
6353,1482,6206,3,1010,B26-P1010-006353,6,16.0,15.0,1.0,8.0,7.5,0.5,,2026-03-12 08:00:00,system,2026-03-12 08:00:00,system
6354,1482,6207,4,564,B26-P0564-006354,6,68.0,68.0,0.0,204.0,204.0,0.0,,2026-03-12 08:00:00,system,2026-03-12 08:00:00,system
6355,1482,6208,5,410,B26-P0410-006355,6,38.0,38.0,0.0,380.0,380.0,0.0,,2026-03-12 08:00:00,system,2026-03-12 08:00:00,system
6356,1482,6209,6,1431,B26-P1431-006356,6,11.0,11.0,0.0,55.0,55.0,0.0,,2026-03-12 08:00:00,system,2026-03-12 08:00:00,system
6357,1482,6210,7,1088,B26-P1088-006357,6,6.0,6.0,0.0,60.0,60.0,0.0,,2026-03-12 08:00:00,system,2026-03-12 08:00:00,system
6358,1482,6211,8,1118,B26-P1118-006358,6,14.0,14.0,0.0,14.0,14.0,0.0,,2026-03-12 08:00:00,system,2026-03-12 08:00:00,system
6359,1482,6212,9,170,B26-P0170-006359,6,3.0,3.0,0.0,150.0,150.0,0.0,,2026-03-12 08:00:00,system,2026-03-12 08:00:00,system
6360,1482,6215,10,996,B26-P0996-006360,6,15.0,15.0,0.0,270.0,270.0,0.0,,2026-03-12 08:00:00,system,2026-03-12 08:00:00,system
6361,1482,6216,11,295,B26-P0295-006361,6,5.0,5.0,0.0,150.0,150.0,0.0,,2026-03-12 08:00:00,system,2026-03-12 08:00:00,system
6362,1483,6204,1,713,B26-P0713-006362,6,18.0,18.0,0.0,540.0,540.0,0.0,,2026-03-17 08:00:00,system,2026-03-17 08:00:00,system
6363,1483,6205,2,927,B26-P0927-006363,6,4.0,4.0,0.0,120.0,120.0,0.0,,2026-03-17 08:00:00,system,2026-03-17 08:00:00,system
6364,1483,6206,3,1010,B26-P1010-006364,6,8.0,8.0,0.0,4.0,4.0,0.0,,2026-03-17 08:00:00,system,2026-03-17 08:00:00,system
6365,1483,6207,4,564,B26-P0564-006365,6,12.0,12.0,0.0,36.0,36.0,0.0,,2026-03-17 08:00:00,system,2026-03-17 08:00:00,system
6366,1483,6208,5,410,B26-P0410-006366,6,2.0,1.0,1.0,20.0,10.0,10.0,,2026-03-17 08:00:00,system,2026-03-17 08:00:00,system
6367,1483,6209,6,1431,B26-P1431-006367,6,7.0,6.0,1.0,35.0,30.0,5.0,,2026-03-17 08:00:00,system,2026-03-17 08:00:00,system
6368,1483,6210,7,1088,B26-P1088-006368,6,9.0,9.0,0.0,90.0,90.0,0.0,,2026-03-17 08:00:00,system,2026-03-17 08:00:00,system
6369,1483,6211,8,1118,B26-P1118-006369,6,46.0,46.0,0.0,46.0,46.0,0.0,,2026-03-17 08:00:00,system,2026-03-17 08:00:00,system
6370,1483,6212,9,170,B26-P0170-006370,6,5.0,5.0,0.0,250.0,250.0,0.0,,2026-03-17 08:00:00,system,2026-03-17 08:00:00,system
6371,1483,6213,10,1375,B26-P1375-006371,6,1.0,1.0,0.0,210.0,210.0,0.0,,2026-03-17 08:00:00,system,2026-03-17 08:00:00,system
6372,1483,6214,11,847,B26-P0847-006372,1,4.0,4.0,0.0,2000.0,2000.0,0.0,,2026-03-17 08:00:00,system,2026-03-17 08:00:00,system
6373,1483,6215,12,996,B26-P0996-006373,6,5.0,5.0,0.0,90.0,90.0,0.0,,2026-03-17 08:00:00,system,2026-03-17 08:00:00,system
6374,1483,6216,13,295,B26-P0295-006374,6,19.0,19.0,0.0,570.0,570.0,0.0,,2026-03-17 08:00:00,system,2026-03-17 08:00:00,system
6375,1484,6218,1,1164,B26-P1164-006375,1,2.0,2.0,0.0,2000.0,2000.0,0.0,,2026-04-07 08:00:00,system,2026-04-07 08:00:00,system
6376,1485,6221,1,421,B26-P0421-006376,6,30.0,30.0,0.0,30.0,30.0,0.0,,2026-04-19 08:00:00,system,2026-04-19 08:00:00,system
6377,1486,6222,1,1067,B26-P1067-006377,6,26.0,26.0,0.0,26.0,26.0,0.0,,2026-05-24 08:00:00,system,2026-05-24 08:00:00,system
6378,1486,6223,2,268,B26-P0268-006378,6,9.0,9.0,0.0,1620.0,1620.0,0.0,,2026-05-24 08:00:00,system,2026-05-24 08:00:00,system
6379,1486,6225,3,853,B26-P0853-006379,6,1.0,1.0,0.0,15.0,15.0,0.0,,2026-05-24 08:00:00,system,2026-05-24 08:00:00,system
6380,1486,6226,4,400,B26-P0400-006380,6,1.0,1.0,0.0,50.0,50.0,0.0,,2026-05-24 08:00:00,system,2026-05-24 08:00:00,system
6381,1486,6227,5,1252,B26-P1252-006381,6,9.0,9.0,0.0,27.0,27.0,0.0,,2026-05-24 08:00:00,system,2026-05-24 08:00:00,system
6382,1486,6228,6,1336,B26-P1336-006382,6,3.0,3.0,0.0,3.0,3.0,0.0,,2026-05-24 08:00:00,system,2026-05-24 08:00:00,system
6383,1487,6222,1,1067,B26-P1067-006383,6,39.0,39.0,0.0,39.0,39.0,0.0,,2026-05-27 08:00:00,system,2026-05-27 08:00:00,system
6384,1487,6223,2,268,B26-P0268-006384,6,1.0,1.0,0.0,180.0,180.0,0.0,,2026-05-27 08:00:00,system,2026-05-27 08:00:00,system
6385,1487,6224,3,1224,B26-P1224-006385,6,12.0,12.0,0.0,120.0,120.0,0.0,,2026-05-27 08:00:00,system,2026-05-27 08:00:00,system
6386,1487,6225,4,853,B26-P0853-006386,6,4.0,4.0,0.0,60.0,60.0,0.0,,2026-05-27 08:00:00,system,2026-05-27 08:00:00,system
6387,1487,6226,5,400,B26-P0400-006387,6,1.0,1.0,0.0,50.0,50.0,0.0,,2026-05-27 08:00:00,system,2026-05-27 08:00:00,system
6388,1487,6227,6,1252,B26-P1252-006388,6,13.0,13.0,0.0,39.0,39.0,0.0,,2026-05-27 08:00:00,system,2026-05-27 08:00:00,system
6389,1487,6228,7,1336,B26-P1336-006389,6,45.0,45.0,0.0,45.0,45.0,0.0,,2026-05-27 08:00:00,system,2026-05-27 08:00:00,system
6390,1488,6229,1,1195,B26-P1195-006390,6,17.0,17.0,0.0,85.0,85.0,0.0,,2026-06-29 08:00:00,system,2026-06-29 08:00:00,system
6391,1488,6230,2,763,B26-P0763-006391,6,9.0,8.0,1.0,180.0,160.0,20.0,,2026-06-29 08:00:00,system,2026-06-29 08:00:00,system
6392,1488,6231,3,351,B26-P0351-006392,1,4.0,4.0,0.0,4000.0,4000.0,0.0,,2026-06-29 08:00:00,system,2026-06-29 08:00:00,system
6393,1488,6232,4,116,B26-P0116-006393,6,12.0,12.0,0.0,60.0,60.0,0.0,,2026-06-29 08:00:00,system,2026-06-29 08:00:00,system
6394,1488,6233,5,235,B26-P0235-006394,6,14.0,14.0,0.0,16.8,16.8,0.0,,2026-06-29 08:00:00,system,2026-06-29 08:00:00,system
6395,1488,6234,6,118,B26-P0118-006395,6,4.0,4.0,0.0,60.0,60.0,0.0,,2026-06-29 08:00:00,system,2026-06-29 08:00:00,system
6396,1488,6238,7,275,B26-P0275-006396,6,13.0,13.0,0.0,65.0,65.0,0.0,,2026-06-29 08:00:00,system,2026-06-29 08:00:00,system
6397,1489,6229,1,1195,B26-P1195-006397,6,3.0,3.0,0.0,15.0,15.0,0.0,,2026-07-03 08:00:00,system,2026-07-03 08:00:00,system
6398,1489,6230,2,763,B26-P0763-006398,6,3.0,3.0,0.0,60.0,60.0,0.0,,2026-07-03 08:00:00,system,2026-07-03 08:00:00,system
6399,1489,6232,3,116,B26-P0116-006399,6,8.0,8.0,0.0,40.0,40.0,0.0,,2026-07-03 08:00:00,system,2026-07-03 08:00:00,system
6400,1489,6233,4,235,B26-P0235-006400,6,34.0,34.0,0.0,40.8,40.8,0.0,,2026-07-03 08:00:00,system,2026-07-03 08:00:00,system
6401,1489,6234,5,118,B26-P0118-006401,6,6.0,6.0,0.0,90.0,90.0,0.0,,2026-07-03 08:00:00,system,2026-07-03 08:00:00,system
6402,1489,6235,6,1158,B26-P1158-006402,6,14.0,14.0,0.0,42.0,42.0,0.0,,2026-07-03 08:00:00,system,2026-07-03 08:00:00,system
6403,1489,6236,7,561,B26-P0561-006403,1,1.0,1.0,0.0,500.0,500.0,0.0,,2026-07-03 08:00:00,system,2026-07-03 08:00:00,system
6404,1489,6237,8,478,B26-P0478-006404,6,12.0,12.0,0.0,14.4,14.4,0.0,,2026-07-03 08:00:00,system,2026-07-03 08:00:00,system
6405,1489,6238,9,275,B26-P0275-006405,6,7.0,7.0,0.0,35.0,35.0,0.0,,2026-07-03 08:00:00,system,2026-07-03 08:00:00,system
6406,1489,6239,10,951,B26-P0951-006406,6,5.0,5.0,0.0,150.0,150.0,0.0,,2026-07-03 08:00:00,system,2026-07-03 08:00:00,system
6407,1490,6240,1,1342,B26-P1342-006407,1,2.0,2.0,0.0,2000.0,2000.0,0.0,,2026-01-18 08:00:00,system,2026-01-18 08:00:00,system
6408,1490,6242,2,768,B26-P0768-006408,6,5.0,4.0,1.0,900.0,720.0,180.0,,2026-01-18 08:00:00,system,2026-01-18 08:00:00,system
6409,1491,6241,1,1368,B26-P1368-006409,1,2.0,1.0,1.0,2000.0,1000.0,1000.0,,2026-01-20 08:00:00,system,2026-01-20 08:00:00,system
6410,1491,6242,2,768,B26-P0768-006410,6,1.0,1.0,0.0,180.0,180.0,0.0,,2026-01-20 08:00:00,system,2026-01-20 08:00:00,system
6411,1492,6243,1,206,B26-P0206-006411,6,56.0,56.0,0.0,168.0,168.0,0.0,,2026-04-09 08:00:00,system,2026-04-09 08:00:00,system
6412,1492,6244,2,1359,B26-P1359-006412,6,3.0,3.0,0.0,630.0,630.0,0.0,,2026-04-09 08:00:00,system,2026-04-09 08:00:00,system
6413,1492,6245,3,1274,B26-P1274-006413,6,4.0,3.0,1.0,840.0,630.0,210.0,,2026-04-09 08:00:00,system,2026-04-09 08:00:00,system
6414,1492,6246,4,1367,B26-P1367-006414,6,1.0,1.0,0.0,210.0,210.0,0.0,,2026-04-09 08:00:00,system,2026-04-09 08:00:00,system
6415,1493,6247,1,638,B26-P0638-006415,6,2.0,2.0,0.0,100.0,100.0,0.0,,2026-01-31 08:00:00,system,2026-01-31 08:00:00,system
6416,1493,6248,2,209,B26-P0209-006416,6,30.0,30.0,0.0,450.0,450.0,0.0,,2026-01-31 08:00:00,system,2026-01-31 08:00:00,system
6417,1493,6249,3,81,B26-P0081-006417,1,2.0,2.0,0.0,2000.0,2000.0,0.0,,2026-01-31 08:00:00,system,2026-01-31 08:00:00,system
6418,1494,6250,1,960,B26-P0960-006418,6,30.0,29.0,1.0,150.0,145.0,5.0,,2026-02-13 08:00:00,system,2026-02-13 08:00:00,system
6419,1494,6251,2,317,B26-P0317-006419,6,5.0,5.0,0.0,1050.0,1050.0,0.0,,2026-02-13 08:00:00,system,2026-02-13 08:00:00,system
6420,1494,6252,3,1184,B26-P1184-006420,1,4.0,4.0,0.0,4000.0,4000.0,0.0,,2026-02-13 08:00:00,system,2026-02-13 08:00:00,system
6421,1494,6253,4,267,B26-P0267-006421,6,8.0,8.0,0.0,440.0,440.0,0.0,,2026-02-13 08:00:00,system,2026-02-13 08:00:00,system
6422,1495,6254,1,495,B26-P0495-006422,6,12.0,12.0,0.0,60.0,60.0,0.0,,2026-02-16 08:00:00,system,2026-02-16 08:00:00,system
6423,1495,6255,2,1078,B26-P1078-006423,6,65.0,65.0,0.0,325.0,325.0,0.0,,2026-02-16 08:00:00,system,2026-02-16 08:00:00,system
6424,1495,6256,3,502,B26-P0502-006424,6,2.0,2.0,0.0,360.0,360.0,0.0,,2026-02-16 08:00:00,system,2026-02-16 08:00:00,system
6425,1496,6257,1,883,B26-P0883-006425,6,18.0,18.0,0.0,450.0,450.0,0.0,,2026-02-20 08:00:00,system,2026-02-20 08:00:00,system
6426,1497,6258,1,790,B26-P0790-006426,6,6.0,6.0,0.0,90.0,90.0,0.0,,2026-05-18 08:00:00,system,2026-05-18 08:00:00,system
6427,1497,6259,2,743,B26-P0743-006427,6,6.0,6.0,0.0,330.0,330.0,0.0,,2026-05-18 08:00:00,system,2026-05-18 08:00:00,system
6428,1497,6260,3,709,B26-P0709-006428,1,4.0,4.0,0.0,4000.0,4000.0,0.0,,2026-05-18 08:00:00,system,2026-05-18 08:00:00,system
6429,1498,6261,1,101,B26-P0101-006429,6,25.0,25.0,0.0,125.0,125.0,0.0,,2026-05-31 08:00:00,system,2026-05-31 08:00:00,system
6430,1499,6270,1,862,B26-P0862-006430,1,6.0,6.0,0.0,6000.0,6000.0,0.0,,2026-01-23 08:00:00,system,2026-01-23 08:00:00,system
6431,1499,6271,2,691,B26-P0691-006431,6,4.0,4.0,0.0,220.0,220.0,0.0,,2026-01-23 08:00:00,system,2026-01-23 08:00:00,system
6432,1500,6273,1,79,B26-P0079-006432,6,8.0,8.0,0.0,1440.0,1440.0,0.0,,2026-04-17 08:00:00,system,2026-04-17 08:00:00,system
6433,1500,6274,2,279,B26-P0279-006433,6,6.0,6.0,0.0,150.0,150.0,0.0,,2026-04-17 08:00:00,system,2026-04-17 08:00:00,system
6434,1501,6275,1,1380,B26-P1380-006434,6,12.0,12.0,0.0,60.0,60.0,0.0,,2026-04-16 08:00:00,system,2026-04-16 08:00:00,system
6435,1501,6276,2,1095,B26-P1095-006435,6,48.0,48.0,0.0,48.0,48.0,0.0,,2026-04-16 08:00:00,system,2026-04-16 08:00:00,system
6436,1502,6277,1,1154,B26-P1154-006436,6,10.0,10.0,0.0,550.0,550.0,0.0,,2026-07-21 08:00:00,system,2026-07-21 08:00:00,system
6437,1502,6278,2,544,B26-P0544-006437,6,10.0,10.0,0.0,1800.0,1800.0,0.0,,2026-07-21 08:00:00,system,2026-07-21 08:00:00,system
6438,1502,6279,3,832,B26-P0832-006438,1,3.0,3.0,0.0,1500.0,1500.0,0.0,,2026-07-21 08:00:00,system,2026-07-21 08:00:00,system
6439,1503,6280,1,1103,B26-P1103-006439,6,55.0,55.0,0.0,27.5,27.5,0.0,,2026-06-25 08:00:00,system,2026-06-25 08:00:00,system
6440,1503,6281,2,1321,B26-P1321-006440,6,4.0,4.0,0.0,220.0,220.0,0.0,,2026-06-25 08:00:00,system,2026-06-25 08:00:00,system
6441,1504,6282,1,133,B26-P0133-006441,6,1.0,0.0,1.0,15.0,0.0,15.0,,2026-03-20 08:00:00,system,2026-03-20 08:00:00,system
6442,1504,6283,2,31,B26-P0031-006442,6,8.0,8.0,0.0,9.6,9.6,0.0,,2026-03-20 08:00:00,system,2026-03-20 08:00:00,system
6443,1504,6284,3,993,B26-P0993-006443,6,7.0,7.0,0.0,14.0,14.0,0.0,,2026-03-20 08:00:00,system,2026-03-20 08:00:00,system
6444,1505,6285,1,753,B26-P0753-006444,6,2.0,2.0,0.0,110.0,110.0,0.0,,2026-04-20 08:00:00,system,2026-04-20 08:00:00,system
6445,1505,6287,2,997,B26-P0997-006445,6,1.0,1.0,0.0,50.0,50.0,0.0,,2026-04-20 08:00:00,system,2026-04-20 08:00:00,system
6446,1505,6288,3,1312,B26-P1312-006446,6,2.0,2.0,0.0,360.0,360.0,0.0,,2026-04-20 08:00:00,system,2026-04-20 08:00:00,system
6447,1505,6289,4,812,B26-P0812-006447,6,1.0,1.0,0.0,25.0,25.0,0.0,,2026-04-20 08:00:00,system,2026-04-20 08:00:00,system
6448,1507,6291,1,1077,B26-P1077-006448,6,1.0,1.0,0.0,2.0,2.0,0.0,,2026-04-07 08:00:00,system,2026-04-07 08:00:00,system
6449,1507,6292,2,1076,B26-P1076-006449,6,3.0,3.0,0.0,3.0,3.0,0.0,,2026-04-07 08:00:00,system,2026-04-07 08:00:00,system
6450,1507,6293,3,627,B26-P0627-006450,6,4.0,4.0,0.0,120.0,120.0,0.0,,2026-04-07 08:00:00,system,2026-04-07 08:00:00,system
6451,1507,6294,4,1153,B26-P1153-006451,6,4.0,4.0,0.0,80.0,80.0,0.0,,2026-04-07 08:00:00,system,2026-04-07 08:00:00,system
6452,1508,6291,1,1077,B26-P1077-006452,6,32.0,32.0,0.0,64.0,64.0,0.0,,2026-04-09 08:00:00,system,2026-04-09 08:00:00,system
6453,1508,6292,2,1076,B26-P1076-006453,6,7.0,7.0,0.0,7.0,7.0,0.0,,2026-04-09 08:00:00,system,2026-04-09 08:00:00,system
6454,1508,6293,3,627,B26-P0627-006454,6,3.0,3.0,0.0,90.0,90.0,0.0,,2026-04-09 08:00:00,system,2026-04-09 08:00:00,system
6455,1508,6294,4,1153,B26-P1153-006455,6,8.0,8.0,0.0,160.0,160.0,0.0,,2026-04-09 08:00:00,system,2026-04-09 08:00:00,system
6456,1509,6295,1,555,B26-P0555-006456,6,3.0,3.0,0.0,75.0,75.0,0.0,,2026-05-09 08:00:00,system,2026-05-09 08:00:00,system
6457,1509,6296,2,1280,B26-P1280-006457,6,2.0,2.0,0.0,110.0,110.0,0.0,,2026-05-09 08:00:00,system,2026-05-09 08:00:00,system
6458,1509,6297,3,1072,B26-P1072-006458,6,1.0,1.0,0.0,50.0,50.0,0.0,,2026-05-09 08:00:00,system,2026-05-09 08:00:00,system
6459,1509,6301,4,70,B26-P0070-006459,6,1.0,1.0,0.0,55.0,55.0,0.0,,2026-05-09 08:00:00,system,2026-05-09 08:00:00,system
6460,1509,6302,5,48,B26-P0048-006460,6,15.0,15.0,0.0,75.0,75.0,0.0,,2026-05-09 08:00:00,system,2026-05-09 08:00:00,system
6461,1510,6295,1,555,B26-P0555-006461,6,1.0,1.0,0.0,25.0,25.0,0.0,,2026-05-14 08:00:00,system,2026-05-14 08:00:00,system
6462,1510,6299,2,1274,B26-P1274-006462,6,5.0,5.0,0.0,1050.0,1050.0,0.0,,2026-05-14 08:00:00,system,2026-05-14 08:00:00,system
6463,1510,6301,3,70,B26-P0070-006463,6,3.0,3.0,0.0,165.0,165.0,0.0,,2026-05-14 08:00:00,system,2026-05-14 08:00:00,system
6464,1510,6302,4,48,B26-P0048-006464,6,2.0,1.0,1.0,10.0,5.0,5.0,,2026-05-14 08:00:00,system,2026-05-14 08:00:00,system
6465,1511,6303,1,1005,B26-P1005-006465,6,10.0,10.0,0.0,100.0,100.0,0.0,,2026-04-30 08:00:00,system,2026-04-30 08:00:00,system
6466,1511,6304,2,839,B26-P0839-006466,6,10.0,10.0,0.0,200.0,200.0,0.0,,2026-04-30 08:00:00,system,2026-04-30 08:00:00,system
6467,1511,6305,3,639,B26-P0639-006467,6,8.0,8.0,0.0,440.0,440.0,0.0,,2026-04-30 08:00:00,system,2026-04-30 08:00:00,system
6468,1512,6307,1,1221,B26-P1221-006468,6,65.0,65.0,0.0,65.0,65.0,0.0,,2026-07-01 08:00:00,system,2026-07-01 08:00:00,system
6469,1513,6308,1,977,B26-P0977-006469,6,16.0,16.0,0.0,160.0,160.0,0.0,,2026-06-26 08:00:00,system,2026-06-26 08:00:00,system
6470,1514,6309,1,21,B26-P0021-006470,6,30.0,30.0,0.0,600.0,600.0,0.0,,2026-01-28 08:00:00,system,2026-01-28 08:00:00,system
6471,1514,6310,2,704,B26-P0704-006471,6,10.0,10.0,0.0,500.0,500.0,0.0,,2026-01-28 08:00:00,system,2026-01-28 08:00:00,system
6472,1515,6311,1,101,B26-P0101-006472,6,5.0,5.0,0.0,25.0,25.0,0.0,,2026-03-03 08:00:00,system,2026-03-03 08:00:00,system
6473,1515,6312,2,952,B26-P0952-006473,6,6.0,6.0,0.0,300.0,300.0,0.0,,2026-03-03 08:00:00,system,2026-03-03 08:00:00,system
6474,1515,6313,3,1349,B26-P1349-006474,6,1.0,1.0,0.0,210.0,210.0,0.0,,2026-03-03 08:00:00,system,2026-03-03 08:00:00,system
6475,1516,6311,1,101,B26-P0101-006475,6,1.0,1.0,0.0,5.0,5.0,0.0,,2026-03-04 08:00:00,system,2026-03-04 08:00:00,system
6476,1516,6313,2,1349,B26-P1349-006476,6,2.0,2.0,0.0,420.0,420.0,0.0,,2026-03-04 08:00:00,system,2026-03-04 08:00:00,system
6477,1517,6316,1,1124,B26-P1124-006477,6,5.0,5.0,0.0,900.0,900.0,0.0,,2026-07-15 08:00:00,system,2026-07-15 08:00:00,system
6478,1518,6318,1,979,B26-P0979-006478,6,9.0,8.0,1.0,450.0,400.0,50.0,,2026-07-07 08:00:00,system,2026-07-07 08:00:00,system
6479,1518,6319,2,608,B26-P0608-006479,6,6.0,6.0,0.0,30.0,30.0,0.0,,2026-07-07 08:00:00,system,2026-07-07 08:00:00,system
6480,1518,6320,3,801,B26-P0801-006480,6,3.0,3.0,0.0,165.0,165.0,0.0,,2026-07-07 08:00:00,system,2026-07-07 08:00:00,system
6481,1519,6317,1,756,B26-P0756-006481,1,2.0,2.0,0.0,1000.0,1000.0,0.0,,2026-07-09 08:00:00,system,2026-07-09 08:00:00,system
6482,1519,6318,2,979,B26-P0979-006482,6,6.0,6.0,0.0,300.0,300.0,0.0,,2026-07-09 08:00:00,system,2026-07-09 08:00:00,system
6483,1519,6319,3,608,B26-P0608-006483,6,26.0,26.0,0.0,130.0,130.0,0.0,,2026-07-09 08:00:00,system,2026-07-09 08:00:00,system
6484,1520,6331,1,18,B26-P0018-006484,6,1.0,0.0,1.0,5.0,0.0,5.0,,2026-04-07 08:00:00,system,2026-04-07 08:00:00,system
6485,1520,6332,2,764,B26-P0764-006485,6,1.0,1.0,0.0,25.0,25.0,0.0,,2026-04-07 08:00:00,system,2026-04-07 08:00:00,system
6486,1520,6333,3,153,B26-P0153-006486,6,5.0,5.0,0.0,125.0,125.0,0.0,,2026-04-07 08:00:00,system,2026-04-07 08:00:00,system
6487,1520,6334,4,222,B26-P0222-006487,6,12.0,12.0,0.0,60.0,60.0,0.0,,2026-04-07 08:00:00,system,2026-04-07 08:00:00,system
6488,1521,6331,1,18,B26-P0018-006488,6,13.0,13.0,0.0,65.0,65.0,0.0,,2026-04-09 08:00:00,system,2026-04-09 08:00:00,system
6489,1521,6332,2,764,B26-P0764-006489,6,23.0,23.0,0.0,575.0,575.0,0.0,,2026-04-09 08:00:00,system,2026-04-09 08:00:00,system
6490,1521,6334,3,222,B26-P0222-006490,6,2.0,2.0,0.0,10.0,10.0,0.0,,2026-04-09 08:00:00,system,2026-04-09 08:00:00,system
6491,1522,6335,1,954,B26-P0954-006491,6,1.0,1.0,0.0,180.0,180.0,0.0,,2026-03-07 08:00:00,system,2026-03-07 08:00:00,system
6492,1522,6336,2,101,B26-P0101-006492,6,22.0,22.0,0.0,110.0,110.0,0.0,,2026-03-07 08:00:00,system,2026-03-07 08:00:00,system
6493,1522,6337,3,930,B26-P0930-006493,6,4.0,4.0,0.0,720.0,720.0,0.0,,2026-03-07 08:00:00,system,2026-03-07 08:00:00,system
6494,1523,6347,1,1098,B26-P1098-006494,6,3.0,3.0,0.0,30.0,30.0,0.0,,2026-01-14 08:00:00,system,2026-01-14 08:00:00,system
6495,1523,6348,2,1363,B26-P1363-006495,6,1.0,1.0,0.0,5.0,5.0,0.0,,2026-01-14 08:00:00,system,2026-01-14 08:00:00,system
6496,1524,6347,1,1098,B26-P1098-006496,6,1.0,1.0,0.0,10.0,10.0,0.0,,2026-01-19 08:00:00,system,2026-01-19 08:00:00,system
6497,1525,6359,1,722,B26-P0722-006497,6,21.0,21.0,0.0,105.0,105.0,0.0,,2026-01-22 08:00:00,system,2026-01-22 08:00:00,system
6498,1526,6360,1,257,B26-P0257-006498,6,34.0,34.0,0.0,34.0,34.0,0.0,,2026-05-19 08:00:00,system,2026-05-19 08:00:00,system
6499,1526,6361,2,57,B26-P0057-006499,6,3.0,2.0,1.0,630.0,420.0,210.0,,2026-05-19 08:00:00,system,2026-05-19 08:00:00,system
6500,1526,6362,3,807,B26-P0807-006500,6,65.0,65.0,0.0,195.0,195.0,0.0,,2026-05-19 08:00:00,system,2026-05-19 08:00:00,system
6501,1527,6363,1,1201,B26-P1201-006501,6,7.0,7.0,0.0,140.0,140.0,0.0,,2026-06-14 08:00:00,system,2026-06-14 08:00:00,system
6502,1527,6364,2,896,B26-P0896-006502,6,7.0,6.0,1.0,105.0,90.0,15.0,,2026-06-14 08:00:00,system,2026-06-14 08:00:00,system
6503,1527,6365,3,149,B26-P0149-006503,6,2.0,2.0,0.0,10.0,10.0,0.0,,2026-06-14 08:00:00,system,2026-06-14 08:00:00,system
6504,1527,6366,4,916,B26-P0916-006504,6,1.0,1.0,0.0,180.0,180.0,0.0,,2026-06-14 08:00:00,system,2026-06-14 08:00:00,system
6505,1527,6367,5,1380,B26-P1380-006505,6,16.0,16.0,0.0,80.0,80.0,0.0,,2026-06-14 08:00:00,system,2026-06-14 08:00:00,system
6506,1528,6368,1,1455,B26-P1455-006506,6,11.0,11.0,0.0,110.0,110.0,0.0,,2026-05-15 08:00:00,system,2026-05-15 08:00:00,system
6507,1528,6370,2,1240,B26-P1240-006507,6,5.0,5.0,0.0,100.0,100.0,0.0,,2026-05-15 08:00:00,system,2026-05-15 08:00:00,system
6508,1529,6378,1,73,B26-P0073-006508,6,11.0,11.0,0.0,165.0,165.0,0.0,,2026-06-26 08:00:00,system,2026-06-26 08:00:00,system
6509,1529,6379,2,249,B26-P0249-006509,6,8.0,8.0,0.0,8.0,8.0,0.0,,2026-06-26 08:00:00,system,2026-06-26 08:00:00,system
6510,1529,6380,3,200,B26-P0200-006510,6,2.0,2.0,0.0,360.0,360.0,0.0,,2026-06-26 08:00:00,system,2026-06-26 08:00:00,system
6511,1530,6378,1,73,B26-P0073-006511,6,5.0,5.0,0.0,75.0,75.0,0.0,,2026-06-28 08:00:00,system,2026-06-28 08:00:00,system
6512,1531,6381,1,277,B26-P0277-006512,6,18.0,18.0,0.0,270.0,270.0,0.0,,2026-01-23 08:00:00,system,2026-01-23 08:00:00,system
6513,1531,6382,2,987,B26-P0987-006513,6,15.0,15.0,0.0,270.0,270.0,0.0,,2026-01-23 08:00:00,system,2026-01-23 08:00:00,system
6514,1531,6383,3,95,B26-P0095-006514,6,1.0,1.0,0.0,210.0,210.0,0.0,,2026-01-23 08:00:00,system,2026-01-23 08:00:00,system
6515,1532,6392,1,853,B26-P0853-006515,6,1.0,1.0,0.0,15.0,15.0,0.0,,2026-07-02 08:00:00,system,2026-07-02 08:00:00,system
6516,1532,6393,2,45,B26-P0045-006516,6,50.0,49.0,1.0,50.0,49.0,1.0,,2026-07-02 08:00:00,system,2026-07-02 08:00:00,system
6517,1532,6395,3,349,B26-P0349-006517,6,53.0,53.0,0.0,42.4,42.4,0.0,,2026-07-02 08:00:00,system,2026-07-02 08:00:00,system
6518,1532,6397,4,750,B26-P0750-006518,6,7.0,7.0,0.0,35.0,35.0,0.0,,2026-07-02 08:00:00,system,2026-07-02 08:00:00,system
6519,1532,6399,5,1070,B26-P1070-006519,6,8.0,8.0,0.0,80.0,80.0,0.0,,2026-07-02 08:00:00,system,2026-07-02 08:00:00,system
6520,1532,6400,6,709,B26-P0709-006520,1,5.0,5.0,0.0,5000.0,5000.0,0.0,,2026-07-02 08:00:00,system,2026-07-02 08:00:00,system
6521,1533,6392,1,853,B26-P0853-006521,6,14.0,13.0,1.0,210.0,195.0,15.0,,2026-07-06 08:00:00,system,2026-07-06 08:00:00,system
6522,1533,6393,2,45,B26-P0045-006522,6,6.0,6.0,0.0,6.0,6.0,0.0,,2026-07-06 08:00:00,system,2026-07-06 08:00:00,system
6523,1533,6394,3,1367,B26-P1367-006523,6,4.0,4.0,0.0,840.0,840.0,0.0,,2026-07-06 08:00:00,system,2026-07-06 08:00:00,system
6524,1533,6395,4,349,B26-P0349-006524,6,17.0,17.0,0.0,13.6,13.6,0.0,,2026-07-06 08:00:00,system,2026-07-06 08:00:00,system
6525,1533,6396,5,489,B26-P0489-006525,6,4.0,3.0,1.0,840.0,630.0,210.0,,2026-07-06 08:00:00,system,2026-07-06 08:00:00,system
6526,1533,6397,6,750,B26-P0750-006526,6,11.0,11.0,0.0,55.0,55.0,0.0,,2026-07-06 08:00:00,system,2026-07-06 08:00:00,system
6527,1533,6398,7,1333,B26-P1333-006527,1,8.0,8.0,0.0,16000.0,16000.0,0.0,,2026-07-06 08:00:00,system,2026-07-06 08:00:00,system
6528,1533,6399,8,1070,B26-P1070-006528,6,2.0,2.0,0.0,20.0,20.0,0.0,,2026-07-06 08:00:00,system,2026-07-06 08:00:00,system
6529,1533,6400,9,709,B26-P0709-006529,1,1.0,1.0,0.0,1000.0,1000.0,0.0,,2026-07-06 08:00:00,system,2026-07-06 08:00:00,system
6530,1534,6401,1,1423,B26-P1423-006530,6,18.0,18.0,0.0,180.0,180.0,0.0,,2026-03-27 08:00:00,system,2026-03-27 08:00:00,system
6531,1535,6405,1,1249,B26-P1249-006531,6,1.0,1.0,0.0,55.0,55.0,0.0,,2026-06-11 08:00:00,system,2026-06-11 08:00:00,system
6532,1535,6406,2,1078,B26-P1078-006532,6,41.0,41.0,0.0,205.0,205.0,0.0,,2026-06-11 08:00:00,system,2026-06-11 08:00:00,system
6533,1535,6407,3,274,B26-P0274-006533,6,10.0,10.0,0.0,30.0,30.0,0.0,,2026-06-11 08:00:00,system,2026-06-11 08:00:00,system
6534,1535,6408,4,1098,B26-P1098-006534,6,2.0,1.0,1.0,20.0,10.0,10.0,,2026-06-11 08:00:00,system,2026-06-11 08:00:00,system
6535,1535,6409,5,324,B26-P0324-006535,6,26.0,26.0,0.0,260.0,260.0,0.0,,2026-06-11 08:00:00,system,2026-06-11 08:00:00,system
6536,1535,6411,6,35,B26-P0035-006536,6,5.0,5.0,0.0,75.0,75.0,0.0,,2026-06-11 08:00:00,system,2026-06-11 08:00:00,system
6537,1536,6405,1,1249,B26-P1249-006537,6,1.0,1.0,0.0,55.0,55.0,0.0,,2026-06-14 08:00:00,system,2026-06-14 08:00:00,system
6538,1536,6406,2,1078,B26-P1078-006538,6,15.0,15.0,0.0,75.0,75.0,0.0,,2026-06-14 08:00:00,system,2026-06-14 08:00:00,system
6539,1536,6407,3,274,B26-P0274-006539,6,3.0,3.0,0.0,9.0,9.0,0.0,,2026-06-14 08:00:00,system,2026-06-14 08:00:00,system
6540,1536,6408,4,1098,B26-P1098-006540,6,2.0,2.0,0.0,20.0,20.0,0.0,,2026-06-14 08:00:00,system,2026-06-14 08:00:00,system
6541,1536,6409,5,324,B26-P0324-006541,6,4.0,4.0,0.0,40.0,40.0,0.0,,2026-06-14 08:00:00,system,2026-06-14 08:00:00,system
6542,1536,6410,6,1083,B26-P1083-006542,6,21.0,21.0,0.0,8.4,8.4,0.0,,2026-06-14 08:00:00,system,2026-06-14 08:00:00,system
6543,1536,6411,7,35,B26-P0035-006543,6,23.0,23.0,0.0,345.0,345.0,0.0,,2026-06-14 08:00:00,system,2026-06-14 08:00:00,system
6544,1537,6412,1,440,B26-P0440-006544,6,6.0,6.0,0.0,1080.0,1080.0,0.0,,2026-01-27 08:00:00,system,2026-01-27 08:00:00,system
6545,1537,6413,2,337,B26-P0337-006545,6,13.0,13.0,0.0,39.0,39.0,0.0,,2026-01-27 08:00:00,system,2026-01-27 08:00:00,system
6546,1537,6414,3,1118,B26-P1118-006546,6,20.0,20.0,0.0,20.0,20.0,0.0,,2026-01-27 08:00:00,system,2026-01-27 08:00:00,system
6547,1537,6415,4,1127,B26-P1127-006547,6,50.0,50.0,0.0,50.0,50.0,0.0,,2026-01-27 08:00:00,system,2026-01-27 08:00:00,system
6548,1537,6416,5,128,B26-P0128-006548,6,22.0,22.0,0.0,22.0,22.0,0.0,,2026-01-27 08:00:00,system,2026-01-27 08:00:00,system
6549,1537,6417,6,1334,B26-P1334-006549,6,42.0,42.0,0.0,42.0,42.0,0.0,,2026-01-27 08:00:00,system,2026-01-27 08:00:00,system
6550,1538,6418,1,553,B26-P0553-006550,6,1.0,1.0,0.0,15.0,15.0,0.0,,2026-03-14 08:00:00,system,2026-03-14 08:00:00,system
6551,1538,6424,2,835,B26-P0835-006551,6,1.0,1.0,0.0,3.0,3.0,0.0,,2026-03-14 08:00:00,system,2026-03-14 08:00:00,system
6552,1538,6426,3,962,B26-P0962-006552,6,11.0,11.0,0.0,165.0,165.0,0.0,,2026-03-14 08:00:00,system,2026-03-14 08:00:00,system
6553,1539,6418,1,553,B26-P0553-006553,6,1.0,0.0,1.0,15.0,0.0,15.0,,2026-03-19 08:00:00,system,2026-03-19 08:00:00,system
6554,1539,6424,2,835,B26-P0835-006554,6,1.0,1.0,0.0,3.0,3.0,0.0,,2026-03-19 08:00:00,system,2026-03-19 08:00:00,system
6555,1539,6426,3,962,B26-P0962-006555,6,6.0,6.0,0.0,90.0,90.0,0.0,,2026-03-19 08:00:00,system,2026-03-19 08:00:00,system
6556,1540,6427,1,108,B26-P0108-006556,6,10.0,10.0,0.0,550.0,550.0,0.0,,2026-03-31 08:00:00,system,2026-03-31 08:00:00,system
6557,1540,6428,2,912,B26-P0912-006557,6,28.0,28.0,0.0,700.0,700.0,0.0,,2026-03-31 08:00:00,system,2026-03-31 08:00:00,system
6558,1540,6429,3,744,B26-P0744-006558,6,6.0,6.0,0.0,1080.0,1080.0,0.0,,2026-03-31 08:00:00,system,2026-03-31 08:00:00,system
6559,1541,6430,1,1334,B26-P1334-006559,6,39.0,39.0,0.0,39.0,39.0,0.0,,2026-04-22 08:00:00,system,2026-04-22 08:00:00,system
6560,1541,6431,2,886,B26-P0886-006560,6,1.0,1.0,0.0,55.0,55.0,0.0,,2026-04-22 08:00:00,system,2026-04-22 08:00:00,system
6561,1541,6432,3,1414,B26-P1414-006561,6,2.0,2.0,0.0,100.0,100.0,0.0,,2026-04-22 08:00:00,system,2026-04-22 08:00:00,system
6562,1541,6433,4,963,B26-P0963-006562,6,1.0,1.0,0.0,20.0,20.0,0.0,,2026-04-22 08:00:00,system,2026-04-22 08:00:00,system
6563,1541,6434,5,907,B26-P0907-006563,6,35.0,34.0,1.0,105.0,102.0,3.0,,2026-04-22 08:00:00,system,2026-04-22 08:00:00,system
6564,1541,6435,6,861,B26-P0861-006564,1,2.0,2.0,0.0,1000.0,1000.0,0.0,,2026-04-22 08:00:00,system,2026-04-22 08:00:00,system
6565,1541,6436,7,1200,B26-P1200-006565,1,3.0,3.0,0.0,3000.0,3000.0,0.0,,2026-04-22 08:00:00,system,2026-04-22 08:00:00,system
6566,1541,6437,8,322,B26-P0322-006566,6,9.0,8.0,1.0,27.0,24.0,3.0,,2026-04-22 08:00:00,system,2026-04-22 08:00:00,system
6567,1542,6430,1,1334,B26-P1334-006567,6,14.0,14.0,0.0,14.0,14.0,0.0,,2026-04-23 08:00:00,system,2026-04-23 08:00:00,system
6568,1542,6432,2,1414,B26-P1414-006568,6,3.0,3.0,0.0,150.0,150.0,0.0,,2026-04-23 08:00:00,system,2026-04-23 08:00:00,system
6569,1542,6433,3,963,B26-P0963-006569,6,1.0,1.0,0.0,20.0,20.0,0.0,,2026-04-23 08:00:00,system,2026-04-23 08:00:00,system
6570,1542,6434,4,907,B26-P0907-006570,6,14.0,14.0,0.0,42.0,42.0,0.0,,2026-04-23 08:00:00,system,2026-04-23 08:00:00,system
6571,1542,6437,5,322,B26-P0322-006571,6,36.0,36.0,0.0,108.0,108.0,0.0,,2026-04-23 08:00:00,system,2026-04-23 08:00:00,system
6572,1543,6430,1,1334,B26-P1334-006572,6,3.0,3.0,0.0,3.0,3.0,0.0,,2026-04-25 08:00:00,system,2026-04-25 08:00:00,system
6573,1543,6431,2,886,B26-P0886-006573,6,3.0,3.0,0.0,165.0,165.0,0.0,,2026-04-25 08:00:00,system,2026-04-25 08:00:00,system
6574,1543,6432,3,1414,B26-P1414-006574,6,1.0,1.0,0.0,50.0,50.0,0.0,,2026-04-25 08:00:00,system,2026-04-25 08:00:00,system
6575,1543,6433,4,963,B26-P0963-006575,6,19.0,18.0,1.0,380.0,360.0,20.0,,2026-04-25 08:00:00,system,2026-04-25 08:00:00,system
6576,1543,6434,5,907,B26-P0907-006576,6,6.0,6.0,0.0,18.0,18.0,0.0,,2026-04-25 08:00:00,system,2026-04-25 08:00:00,system
6577,1543,6437,6,322,B26-P0322-006577,6,7.0,7.0,0.0,21.0,21.0,0.0,,2026-04-25 08:00:00,system,2026-04-25 08:00:00,system
6578,1543,6438,7,1489,B26-P1489-006578,1,2.0,2.0,0.0,4000.0,4000.0,0.0,,2026-04-25 08:00:00,system,2026-04-25 08:00:00,system
6579,1544,6448,1,1296,B26-P1296-006579,6,1.0,1.0,0.0,180.0,180.0,0.0,,2026-07-04 08:00:00,system,2026-07-04 08:00:00,system
6580,1544,6450,2,394,B26-P0394-006580,6,1.0,1.0,0.0,5.0,5.0,0.0,,2026-07-04 08:00:00,system,2026-07-04 08:00:00,system
6581,1545,6448,1,1296,B26-P1296-006581,6,3.0,3.0,0.0,540.0,540.0,0.0,,2026-07-05 08:00:00,system,2026-07-05 08:00:00,system
6582,1545,6449,2,1324,B26-P1324-006582,1,1.0,1.0,0.0,1000.0,1000.0,0.0,,2026-07-05 08:00:00,system,2026-07-05 08:00:00,system
6583,1545,6450,3,394,B26-P0394-006583,6,5.0,5.0,0.0,25.0,25.0,0.0,,2026-07-05 08:00:00,system,2026-07-05 08:00:00,system
6584,1546,6451,1,1335,B26-P1335-006584,6,13.0,13.0,0.0,65.0,65.0,0.0,,2026-05-27 08:00:00,system,2026-05-27 08:00:00,system
6585,1547,6452,1,1187,B26-P1187-006585,6,32.0,32.0,0.0,160.0,160.0,0.0,,2026-06-19 08:00:00,system,2026-06-19 08:00:00,system
6586,1547,6453,2,1326,B26-P1326-006586,6,31.0,31.0,0.0,31.0,31.0,0.0,,2026-06-19 08:00:00,system,2026-06-19 08:00:00,system
6587,1547,6454,3,1293,B26-P1293-006587,6,48.0,48.0,0.0,48.0,48.0,0.0,,2026-06-19 08:00:00,system,2026-06-19 08:00:00,system
6588,1547,6455,4,598,B26-P0598-006588,6,13.0,13.0,0.0,325.0,325.0,0.0,,2026-06-19 08:00:00,system,2026-06-19 08:00:00,system
6589,1548,6457,1,291,B26-P0291-006589,6,4.0,4.0,0.0,40.0,40.0,0.0,,2026-01-14 08:00:00,system,2026-01-14 08:00:00,system
6590,1548,6458,2,1193,B26-P1193-006590,6,2.0,2.0,0.0,2.0,2.0,0.0,,2026-01-14 08:00:00,system,2026-01-14 08:00:00,system
6591,1548,6460,3,419,B26-P0419-006591,1,1.0,1.0,0.0,1000.0,1000.0,0.0,,2026-01-14 08:00:00,system,2026-01-14 08:00:00,system
6592,1549,6458,1,1193,B26-P1193-006592,6,3.0,3.0,0.0,3.0,3.0,0.0,,2026-01-18 08:00:00,system,2026-01-18 08:00:00,system
6593,1550,6460,1,419,B26-P0419-006593,1,1.0,1.0,0.0,1000.0,1000.0,0.0,,2026-01-20 08:00:00,system,2026-01-20 08:00:00,system
6594,1551,6476,1,490,B26-P0490-006594,1,4.0,3.0,1.0,4000.0,3000.0,1000.0,,2026-05-06 08:00:00,system,2026-05-06 08:00:00,system
6595,1551,6477,2,408,B26-P0408-006595,6,29.0,29.0,0.0,87.0,87.0,0.0,,2026-05-06 08:00:00,system,2026-05-06 08:00:00,system
6596,1551,6478,3,894,B26-P0894-006596,6,3.0,2.0,1.0,15.0,10.0,5.0,,2026-05-06 08:00:00,system,2026-05-06 08:00:00,system
6597,1552,6480,1,942,B26-P0942-006597,1,5.0,5.0,0.0,2500.0,2500.0,0.0,,2026-05-12 08:00:00,system,2026-05-12 08:00:00,system
6598,1552,6481,2,865,B26-P0865-006598,6,6.0,6.0,0.0,30.0,30.0,0.0,,2026-05-12 08:00:00,system,2026-05-12 08:00:00,system
6599,1552,6483,3,124,B26-P0124-006599,6,5.0,5.0,0.0,900.0,900.0,0.0,,2026-05-12 08:00:00,system,2026-05-12 08:00:00,system
6600,1552,6484,4,663,B26-P0663-006600,6,4.0,4.0,0.0,80.0,80.0,0.0,,2026-05-12 08:00:00,system,2026-05-12 08:00:00,system
6601,1552,6485,5,1134,B26-P1134-006601,6,47.0,47.0,0.0,18.8,18.8,0.0,,2026-05-12 08:00:00,system,2026-05-12 08:00:00,system
6602,1552,6486,6,528,B26-P0528-006602,6,2.0,2.0,0.0,100.0,100.0,0.0,,2026-05-12 08:00:00,system,2026-05-12 08:00:00,system
6603,1552,6487,7,1481,B26-P1481-006603,6,8.0,8.0,0.0,200.0,200.0,0.0,,2026-05-12 08:00:00,system,2026-05-12 08:00:00,system
6604,1553,6480,1,942,B26-P0942-006604,1,1.0,1.0,0.0,500.0,500.0,0.0,,2026-05-13 08:00:00,system,2026-05-13 08:00:00,system
6605,1553,6481,2,865,B26-P0865-006605,6,9.0,9.0,0.0,45.0,45.0,0.0,,2026-05-13 08:00:00,system,2026-05-13 08:00:00,system
6606,1553,6482,3,896,B26-P0896-006606,6,18.0,18.0,0.0,270.0,270.0,0.0,,2026-05-13 08:00:00,system,2026-05-13 08:00:00,system
6607,1553,6483,4,124,B26-P0124-006607,6,5.0,5.0,0.0,900.0,900.0,0.0,,2026-05-13 08:00:00,system,2026-05-13 08:00:00,system
6608,1553,6484,5,663,B26-P0663-006608,6,2.0,2.0,0.0,40.0,40.0,0.0,,2026-05-13 08:00:00,system,2026-05-13 08:00:00,system
6609,1553,6485,6,1134,B26-P1134-006609,6,28.0,28.0,0.0,11.2,11.2,0.0,,2026-05-13 08:00:00,system,2026-05-13 08:00:00,system
6610,1553,6486,7,528,B26-P0528-006610,6,8.0,8.0,0.0,400.0,400.0,0.0,,2026-05-13 08:00:00,system,2026-05-13 08:00:00,system
6611,1553,6487,8,1481,B26-P1481-006611,6,7.0,6.0,1.0,175.0,150.0,25.0,,2026-05-13 08:00:00,system,2026-05-13 08:00:00,system
6612,1554,6488,1,6,B26-P0006-006612,6,40.0,39.0,1.0,800.0,780.0,20.0,,2026-06-09 08:00:00,system,2026-06-09 08:00:00,system
6613,1554,6489,2,257,B26-P0257-006613,6,34.0,34.0,0.0,34.0,34.0,0.0,,2026-06-09 08:00:00,system,2026-06-09 08:00:00,system
6614,1555,6504,1,1399,B26-P1399-006614,6,4.0,4.0,0.0,120.0,120.0,0.0,,2026-04-18 08:00:00,system,2026-04-18 08:00:00,system
6615,1555,6505,2,641,B26-P0641-006615,6,4.0,3.0,1.0,840.0,630.0,210.0,,2026-04-18 08:00:00,system,2026-04-18 08:00:00,system
6616,1556,6504,1,1399,B26-P1399-006616,6,2.0,2.0,0.0,60.0,60.0,0.0,,2026-04-19 08:00:00,system,2026-04-19 08:00:00,system
6617,1556,6505,2,641,B26-P0641-006617,6,1.0,1.0,0.0,210.0,210.0,0.0,,2026-04-19 08:00:00,system,2026-04-19 08:00:00,system
6618,1557,6507,1,752,B26-P0752-006618,6,1.0,1.0,0.0,50.0,50.0,0.0,,2026-03-25 08:00:00,system,2026-03-25 08:00:00,system
6619,1557,6508,2,561,B26-P0561-006619,1,1.0,1.0,0.0,500.0,500.0,0.0,,2026-03-25 08:00:00,system,2026-03-25 08:00:00,system
6620,1557,6509,3,378,B26-P0378-006620,6,4.0,4.0,0.0,220.0,220.0,0.0,,2026-03-25 08:00:00,system,2026-03-25 08:00:00,system
6621,1557,6510,4,1138,B26-P1138-006621,6,3.0,3.0,0.0,15.0,15.0,0.0,,2026-03-25 08:00:00,system,2026-03-25 08:00:00,system
6622,1557,6511,5,1410,B26-P1410-006622,6,4.0,4.0,0.0,60.0,60.0,0.0,,2026-03-25 08:00:00,system,2026-03-25 08:00:00,system
6623,1558,6507,1,752,B26-P0752-006623,6,4.0,4.0,0.0,200.0,200.0,0.0,,2026-03-30 08:00:00,system,2026-03-30 08:00:00,system
6624,1558,6508,2,561,B26-P0561-006624,1,6.0,6.0,0.0,3000.0,3000.0,0.0,,2026-03-30 08:00:00,system,2026-03-30 08:00:00,system
6625,1558,6509,3,378,B26-P0378-006625,6,1.0,1.0,0.0,55.0,55.0,0.0,,2026-03-30 08:00:00,system,2026-03-30 08:00:00,system
6626,1558,6510,4,1138,B26-P1138-006626,6,3.0,3.0,0.0,15.0,15.0,0.0,,2026-03-30 08:00:00,system,2026-03-30 08:00:00,system
6627,1558,6511,5,1410,B26-P1410-006627,6,4.0,3.0,1.0,60.0,45.0,15.0,,2026-03-30 08:00:00,system,2026-03-30 08:00:00,system
6628,1559,6512,1,421,B26-P0421-006628,6,21.0,21.0,0.0,21.0,21.0,0.0,,2026-03-28 08:00:00,system,2026-03-28 08:00:00,system
6629,1559,6513,2,853,B26-P0853-006629,6,23.0,22.0,1.0,345.0,330.0,15.0,,2026-03-28 08:00:00,system,2026-03-28 08:00:00,system
6630,1559,6514,3,1049,B26-P1049-006630,6,2.0,2.0,0.0,4.0,4.0,0.0,,2026-03-28 08:00:00,system,2026-03-28 08:00:00,system
6631,1559,6515,4,808,B26-P0808-006631,6,3.0,3.0,0.0,15.0,15.0,0.0,,2026-03-28 08:00:00,system,2026-03-28 08:00:00,system
6632,1559,6516,5,95,B26-P0095-006632,6,3.0,3.0,0.0,630.0,630.0,0.0,,2026-03-28 08:00:00,system,2026-03-28 08:00:00,system
6633,1559,6517,6,1261,B26-P1261-006633,6,50.0,50.0,0.0,250.0,250.0,0.0,,2026-03-28 08:00:00,system,2026-03-28 08:00:00,system
6634,1560,6512,1,421,B26-P0421-006634,6,3.0,3.0,0.0,3.0,3.0,0.0,,2026-03-29 08:00:00,system,2026-03-29 08:00:00,system
6635,1560,6513,2,853,B26-P0853-006635,6,17.0,17.0,0.0,255.0,255.0,0.0,,2026-03-29 08:00:00,system,2026-03-29 08:00:00,system
6636,1560,6514,3,1049,B26-P1049-006636,6,63.0,62.0,1.0,126.0,124.0,2.0,,2026-03-29 08:00:00,system,2026-03-29 08:00:00,system
6637,1560,6515,4,808,B26-P0808-006637,6,21.0,21.0,0.0,105.0,105.0,0.0,,2026-03-29 08:00:00,system,2026-03-29 08:00:00,system
6638,1560,6517,5,1261,B26-P1261-006638,6,10.0,10.0,0.0,50.0,50.0,0.0,,2026-03-29 08:00:00,system,2026-03-29 08:00:00,system
6639,1561,6518,1,660,B26-P0660-006639,6,21.0,21.0,0.0,105.0,105.0,0.0,,2026-06-30 08:00:00,system,2026-06-30 08:00:00,system
6640,1561,6519,2,402,B26-P0402-006640,6,10.0,10.0,0.0,1800.0,1800.0,0.0,,2026-06-30 08:00:00,system,2026-06-30 08:00:00,system
6641,1561,6520,3,1500,B26-P1500-006641,6,5.0,5.0,0.0,1050.0,1050.0,0.0,,2026-06-30 08:00:00,system,2026-06-30 08:00:00,system
6642,1561,6521,4,1179,B26-P1179-006642,6,13.0,13.0,0.0,65.0,65.0,0.0,,2026-06-30 08:00:00,system,2026-06-30 08:00:00,system
6643,1562,6522,1,546,B26-P0546-006643,6,4.0,4.0,0.0,840.0,840.0,0.0,,2026-04-09 08:00:00,system,2026-04-09 08:00:00,system
6644,1562,6523,2,1398,B26-P1398-006644,6,28.0,28.0,0.0,700.0,700.0,0.0,,2026-04-09 08:00:00,system,2026-04-09 08:00:00,system
6645,1562,6524,3,36,B26-P0036-006645,6,21.0,21.0,0.0,420.0,420.0,0.0,,2026-04-09 08:00:00,system,2026-04-09 08:00:00,system
6646,1562,6525,4,1093,B26-P1093-006646,6,150.0,150.0,0.0,60.0,60.0,0.0,,2026-04-09 08:00:00,system,2026-04-09 08:00:00,system
6647,1562,6526,5,869,B26-P0869-006647,6,18.0,18.0,0.0,450.0,450.0,0.0,,2026-04-09 08:00:00,system,2026-04-09 08:00:00,system
6648,1562,6527,6,1465,B26-P1465-006648,1,8.0,8.0,0.0,8000.0,8000.0,0.0,,2026-04-09 08:00:00,system,2026-04-09 08:00:00,system
6649,1563,6528,1,1168,B26-P1168-006649,6,35.0,35.0,0.0,350.0,350.0,0.0,,2026-05-13 08:00:00,system,2026-05-13 08:00:00,system
6650,1563,6529,2,191,B26-P0191-006650,6,70.0,70.0,0.0,70.0,70.0,0.0,,2026-05-13 08:00:00,system,2026-05-13 08:00:00,system
6651,1563,6530,3,713,B26-P0713-006651,6,35.0,35.0,0.0,1050.0,1050.0,0.0,,2026-05-13 08:00:00,system,2026-05-13 08:00:00,system
6652,1563,6531,4,1077,B26-P1077-006652,6,32.0,32.0,0.0,64.0,64.0,0.0,,2026-05-13 08:00:00,system,2026-05-13 08:00:00,system
6653,1563,6532,5,859,B26-P0859-006653,6,6.0,6.0,0.0,1080.0,1080.0,0.0,,2026-05-13 08:00:00,system,2026-05-13 08:00:00,system
6654,1563,6533,6,841,B26-P0841-006654,6,7.0,6.0,1.0,210.0,180.0,30.0,,2026-05-13 08:00:00,system,2026-05-13 08:00:00,system
6655,1563,6534,7,1392,B26-P1392-006655,1,8.0,8.0,0.0,16000.0,16000.0,0.0,,2026-05-13 08:00:00,system,2026-05-13 08:00:00,system
