purchase_order_id,po_number,supplier_id,warehouse_id,payment_term_id,po_date,expected_date,status,notes,created_date,created_by,updated_date,updated_by
1,PO2026000001,1,7,3,2026-04-07,2026-04-18,partially_received,,2026-04-07 08:00:00,system,2026-04-07 08:00:00,system
2,PO2026000002,3,4,3,2026-05-02,2026-05-16,approved,,2026-05-02 08:00:00,system,2026-05-02 08:00:00,system
3,PO2026000003,4,4,5,2026-03-14,2026-03-23,received,,2026-03-14 08:00:00,system,2026-03-14 08:00:00,system
4,PO2026000004,8,7,4,2026-04-19,2026-05-01,partially_received,,2026-04-19 08:00:00,system,2026-04-19 08:00:00,system
5,PO2026000005,11,7,4,2026-05-08,2026-05-16,received,,2026-05-08 08:00:00,system,2026-05-08 08:00:00,system
6,PO2026000006,13,1,3,2026-02-01,2026-02-05,received,,2026-02-01 08:00:00,system,2026-02-01 08:00:00,system
7,PO2026000007,12,8,5,2026-06-06,2026-06-18,partially_received,,2026-06-06 08:00:00,system,2026-06-06 08:00:00,system
8,PO2026000008,4,4,5,2026-05-13,2026-05-23,approved,,2026-05-13 08:00:00,system,2026-05-13 08:00:00,system
9,PO2026000009,16,4,3,2026-05-15,2026-05-24,received,,2026-05-15 08:00:00,system,2026-05-15 08:00:00,system
10,PO2026000010,1,2,3,2026-01-19,2026-01-30,approved,,2026-01-19 08:00:00,system,2026-01-19 08:00:00,system
11,PO2026000011,3,6,3,2026-06-30,2026-07-12,cancelled,,2026-06-30 08:00:00,system,2026-06-30 08:00:00,system
12,PO2026000012,21,3,8,2026-05-04,2026-06-04,partially_received,,2026-05-04 08:00:00,system,2026-05-04 08:00:00,system
13,PO2026000013,1,6,3,2026-01-27,2026-02-08,received,,2026-01-27 08:00:00,system,2026-01-27 08:00:00,system
14,PO2026000014,14,6,2,2026-06-15,2026-06-18,received,,2026-06-15 08:00:00,system,2026-06-15 08:00:00,system
15,PO2026000015,3,6,3,2026-06-24,2026-07-06,received,,2026-06-24 08:00:00,system,2026-06-24 08:00:00,system
16,PO2026000016,5,8,6,2026-06-15,2026-07-01,draft,,2026-06-15 08:00:00,system,2026-06-15 08:00:00,system
17,PO2026000017,11,1,4,2026-04-01,2026-04-11,received,,2026-04-01 08:00:00,system,2026-04-01 08:00:00,system
18,PO2026000018,23,4,6,2026-06-10,2026-06-28,partially_received,,2026-06-10 08:00:00,system,2026-06-10 08:00:00,system
19,PO2026000019,2,3,4,2026-02-11,2026-02-24,approved,,2026-02-11 08:00:00,system,2026-02-11 08:00:00,system
20,PO2026000020,10,3,3,2026-06-18,2026-06-24,received,,2026-06-18 08:00:00,system,2026-06-18 08:00:00,system
21,PO2026000021,1,1,3,2026-01-21,2026-01-30,received,,2026-01-21 08:00:00,system,2026-01-21 08:00:00,system
22,PO2026000022,2,6,4,2026-06-26,2026-07-11,received,,2026-06-26 08:00:00,system,2026-06-26 08:00:00,system
23,PO2026000023,6,3,3,2026-06-22,2026-07-04,received,,2026-06-22 08:00:00,system,2026-06-22 08:00:00,system
24,PO2026000024,8,3,4,2026-03-13,2026-03-26,partially_received,,2026-03-13 08:00:00,system,2026-03-13 08:00:00,system
25,PO2026000025,9,8,2,2026-03-04,2026-03-09,partially_received,,2026-03-04 08:00:00,system,2026-03-04 08:00:00,system
26,PO2026000026,6,6,3,2026-02-11,2026-02-21,partially_received,,2026-02-11 08:00:00,system,2026-02-11 08:00:00,system
27,PO2026000027,6,1,3,2026-03-03,2026-03-15,approved,,2026-03-03 08:00:00,system,2026-03-03 08:00:00,system
28,PO2026000028,2,4,4,2026-03-16,2026-04-01,received,,2026-03-16 08:00:00,system,2026-03-16 08:00:00,system
29,PO2026000029,2,6,4,2026-05-12,2026-05-25,received,,2026-05-12 08:00:00,system,2026-05-12 08:00:00,system
30,PO2026000030,11,2,4,2026-06-17,2026-06-26,received,,2026-06-17 08:00:00,system,2026-06-17 08:00:00,system
31,PO2026000031,16,2,3,2026-06-30,2026-07-07,partially_received,,2026-06-30 08:00:00,system,2026-06-30 08:00:00,system
32,PO2026000032,14,4,2,2026-04-05,2026-04-12,received,,2026-04-05 08:00:00,system,2026-04-05 08:00:00,system
33,PO2026000033,12,9,5,2026-05-27,2026-06-07,received,,2026-05-27 08:00:00,system,2026-05-27 08:00:00,system
34,PO2026000034,5,5,6,2026-04-28,2026-05-14,received,,2026-04-28 08:00:00,system,2026-04-28 08:00:00,system
35,PO2026000035,10,7,3,2026-06-24,2026-07-01,draft,,2026-06-24 08:00:00,system,2026-06-24 08:00:00,system
36,PO2026000036,12,9,5,2026-01-23,2026-01-31,received,,2026-01-23 08:00:00,system,2026-01-23 08:00:00,system
37,PO2026000037,2,8,4,2026-03-18,2026-03-26,partially_received,,2026-03-18 08:00:00,system,2026-03-18 08:00:00,system
38,PO2026000038,10,1,3,2026-06-26,2026-07-04,partially_received,,2026-06-26 08:00:00,system,2026-06-26 08:00:00,system
39,PO2026000039,11,5,4,2026-01-02,2026-01-12,received,,2026-01-02 08:00:00,system,2026-01-02 08:00:00,system
40,PO2026000040,11,9,4,2026-02-05,2026-02-10,approved,,2026-02-05 08:00:00,system,2026-02-05 08:00:00,system
41,PO2026000041,1,4,3,2026-01-31,2026-02-06,received,,2026-01-31 08:00:00,system,2026-01-31 08:00:00,system
42,PO2026000042,4,1,5,2026-02-16,2026-02-23,received,,2026-02-16 08:00:00,system,2026-02-16 08:00:00,system
43,PO2026000043,5,9,6,2026-03-18,2026-04-02,approved,,2026-03-18 08:00:00,system,2026-03-18 08:00:00,system
44,PO2026000044,1,4,3,2026-05-07,2026-05-15,received,,2026-05-07 08:00:00,system,2026-05-07 08:00:00,system
45,PO2026000045,9,7,2,2026-02-02,2026-02-11,cancelled,,2026-02-02 08:00:00,system,2026-02-02 08:00:00,system
46,PO2026000046,13,1,3,2026-06-21,2026-06-30,received,,2026-06-21 08:00:00,system,2026-06-21 08:00:00,system
47,PO2026000047,9,9,2,2026-03-28,2026-04-06,sent,,2026-03-28 08:00:00,system,2026-03-28 08:00:00,system
48,PO2026000048,5,5,6,2026-01-02,2026-01-17,received,,2026-01-02 08:00:00,system,2026-01-02 08:00:00,system
49,PO2026000049,4,1,5,2026-04-22,2026-05-03,partially_received,,2026-04-22 08:00:00,system,2026-04-22 08:00:00,system
50,PO2026000050,6,7,3,2026-03-04,2026-03-16,received,,2026-03-04 08:00:00,system,2026-03-04 08:00:00,system
51,PO2026000051,6,5,3,2026-05-31,2026-06-12,received,,2026-05-31 08:00:00,system,2026-05-31 08:00:00,system
52,PO2026000052,9,7,2,2026-03-31,2026-04-03,received,,2026-03-31 08:00:00,system,2026-03-31 08:00:00,system
53,PO2026000053,18,4,3,2026-05-05,2026-05-14,partially_received,,2026-05-05 08:00:00,system,2026-05-05 08:00:00,system
54,PO2026000054,1,9,3,2026-06-27,2026-07-08,received,,2026-06-27 08:00:00,system,2026-06-27 08:00:00,system
55,PO2026000055,3,7,3,2026-05-11,2026-05-21,received,,2026-05-11 08:00:00,system,2026-05-11 08:00:00,system
56,PO2026000056,5,3,6,2026-03-17,2026-04-01,approved,,2026-03-17 08:00:00,system,2026-03-17 08:00:00,system
57,PO2026000057,6,8,3,2026-01-01,2026-01-14,received,,2026-01-01 08:00:00,system,2026-01-01 08:00:00,system
58,PO2026000058,13,5,3,2026-06-19,2026-06-29,approved,,2026-06-19 08:00:00,system,2026-06-19 08:00:00,system
59,PO2026000059,3,8,3,2026-04-08,2026-04-20,cancelled,,2026-04-08 08:00:00,system,2026-04-08 08:00:00,system
60,PO2026000060,18,4,3,2026-04-13,2026-04-22,partially_received,,2026-04-13 08:00:00,system,2026-04-13 08:00:00,system
61,PO2026000061,4,5,5,2026-05-09,2026-05-18,approved,,2026-05-09 08:00:00,system,2026-05-09 08:00:00,system
62,PO2026000062,4,3,5,2026-01-17,2026-01-27,received,,2026-01-17 08:00:00,system,2026-01-17 08:00:00,system
63,PO2026000063,12,5,5,2026-05-07,2026-05-18,sent,,2026-05-07 08:00:00,system,2026-05-07 08:00:00,system
64,PO2026000064,5,4,6,2026-06-24,2026-07-10,draft,,2026-06-24 08:00:00,system,2026-06-24 08:00:00,system
65,PO2026000065,3,7,3,2026-01-21,2026-02-04,received,,2026-01-21 08:00:00,system,2026-01-21 08:00:00,system
66,PO2026000066,7,5,5,2026-01-07,2026-01-22,cancelled,,2026-01-07 08:00:00,system,2026-01-07 08:00:00,system
67,PO2026000067,2,9,4,2026-06-17,2026-07-02,partially_received,,2026-06-17 08:00:00,system,2026-06-17 08:00:00,system
68,PO2026000068,6,3,3,2026-05-02,2026-05-14,partially_received,,2026-05-02 08:00:00,system,2026-05-02 08:00:00,system
69,PO2026000069,8,9,4,2026-02-10,2026-02-23,received,,2026-02-10 08:00:00,system,2026-02-10 08:00:00,system
70,PO2026000070,6,4,3,2026-03-29,2026-04-08,partially_received,,2026-03-29 08:00:00,system,2026-03-29 08:00:00,system
71,PO2026000071,10,8,3,2026-03-18,2026-03-25,received,,2026-03-18 08:00:00,system,2026-03-18 08:00:00,system
72,PO2026000072,3,7,3,2026-06-05,2026-06-17,sent,,2026-06-05 08:00:00,system,2026-06-05 08:00:00,system
73,PO2026000073,15,1,4,2026-05-19,2026-05-30,draft,,2026-05-19 08:00:00,system,2026-05-19 08:00:00,system
74,PO2026000074,13,4,3,2026-01-23,2026-02-01,approved,,2026-01-23 08:00:00,system,2026-01-23 08:00:00,system
75,PO2026000075,5,2,6,2026-05-05,2026-05-22,received,,2026-05-05 08:00:00,system,2026-05-05 08:00:00,system
76,PO2026000076,8,5,4,2026-03-29,2026-04-10,partially_received,,2026-03-29 08:00:00,system,2026-03-29 08:00:00,system
77,PO2026000077,8,8,4,2026-04-08,2026-04-22,sent,,2026-04-08 08:00:00,system,2026-04-08 08:00:00,system
78,PO2026000078,15,9,4,2026-01-11,2026-01-21,received,,2026-01-11 08:00:00,system,2026-01-11 08:00:00,system
79,PO2026000079,8,5,4,2026-05-13,2026-05-27,received,,2026-05-13 08:00:00,system,2026-05-13 08:00:00,system
80,PO2026000080,8,9,4,2026-03-23,2026-04-06,received,,2026-03-23 08:00:00,system,2026-03-23 08:00:00,system
81,PO2026000081,6,1,3,2026-02-17,2026-03-01,sent,,2026-02-17 08:00:00,system,2026-02-17 08:00:00,system
82,PO2026000082,1,8,3,2026-02-17,2026-02-28,partially_received,,2026-02-17 08:00:00,system,2026-02-17 08:00:00,system
83,PO2026000083,4,6,5,2026-01-31,2026-02-06,received,,2026-01-31 08:00:00,system,2026-01-31 08:00:00,system
84,PO2026000084,21,2,8,2026-03-04,2026-04-07,received,,2026-03-04 08:00:00,system,2026-03-04 08:00:00,system
85,PO2026000085,12,6,5,2026-01-03,2026-01-14,received,,2026-01-03 08:00:00,system,2026-01-03 08:00:00,system
86,PO2026000086,9,9,2,2026-06-23,2026-07-03,received,,2026-06-23 08:00:00,system,2026-06-23 08:00:00,system
87,PO2026000087,14,8,2,2026-03-04,2026-03-10,approved,,2026-03-04 08:00:00,system,2026-03-04 08:00:00,system
88,PO2026000088,6,6,3,2026-06-15,2026-06-27,partially_received,,2026-06-15 08:00:00,system,2026-06-15 08:00:00,system
89,PO2026000089,18,2,3,2026-02-26,2026-03-07,received,,2026-02-26 08:00:00,system,2026-02-26 08:00:00,system
90,PO2026000090,7,5,5,2026-04-14,2026-04-28,received,,2026-04-14 08:00:00,system,2026-04-14 08:00:00,system
91,PO2026000091,9,3,2,2026-05-09,2026-05-17,cancelled,,2026-05-09 08:00:00,system,2026-05-09 08:00:00,system
92,PO2026000092,2,9,4,2026-04-26,2026-05-09,received,,2026-04-26 08:00:00,system,2026-04-26 08:00:00,system
93,PO2026000093,13,1,3,2026-01-06,2026-01-13,received,,2026-01-06 08:00:00,system,2026-01-06 08:00:00,system
94,PO2026000094,16,6,3,2026-03-07,2026-03-15,received,,2026-03-07 08:00:00,system,2026-03-07 08:00:00,system
95,PO2026000095,8,4,4,2026-04-13,2026-04-27,partially_received,,2026-04-13 08:00:00,system,2026-04-13 08:00:00,system
96,PO2026000096,5,8,6,2026-05-24,2026-06-08,partially_received,,2026-05-24 08:00:00,system,2026-05-24 08:00:00,system
97,PO2026000097,4,8,5,2026-04-09,2026-04-19,draft,,2026-04-09 08:00:00,system,2026-04-09 08:00:00,system
98,PO2026000098,11,2,4,2026-02-06,2026-02-15,partially_received,,2026-02-06 08:00:00,system,2026-02-06 08:00:00,system
99,PO2026000099,4,1,5,2026-05-03,2026-05-15,draft,,2026-05-03 08:00:00,system,2026-05-03 08:00:00,system
100,PO2026000100,6,8,3,2026-03-20,2026-04-01,cancelled,,2026-03-20 08:00:00,system,2026-03-20 08:00:00,system
101,PO2026000101,8,6,4,2026-01-11,2026-01-22,partially_received,,2026-01-11 08:00:00,system,2026-01-11 08:00:00,system
102,PO2026000102,8,8,4,2026-03-20,2026-04-03,sent,,2026-03-20 08:00:00,system,2026-03-20 08:00:00,system
103,PO2026000103,6,5,3,2026-01-14,2026-01-25,sent,,2026-01-14 08:00:00,system,2026-01-14 08:00:00,system
104,PO2026000104,10,9,3,2026-01-15,2026-01-21,draft,,2026-01-15 08:00:00,system,2026-01-15 08:00:00,system
105,PO2026000105,2,1,4,2026-01-11,2026-01-24,partially_received,,2026-01-11 08:00:00,system,2026-01-11 08:00:00,system
106,PO2026000106,6,9,3,2026-04-08,2026-04-19,cancelled,,2026-04-08 08:00:00,system,2026-04-08 08:00:00,system
107,PO2026000107,7,1,5,2026-05-03,2026-05-18,draft,,2026-05-03 08:00:00,system,2026-05-03 08:00:00,system
108,PO2026000108,5,2,6,2026-01-27,2026-02-12,received,,2026-01-27 08:00:00,system,2026-01-27 08:00:00,system
109,PO2026000109,8,6,4,2026-05-02,2026-05-14,approved,,2026-05-02 08:00:00,system,2026-05-02 08:00:00,system
110,PO2026000110,7,7,5,2026-01-23,2026-02-06,received,,2026-01-23 08:00:00,system,2026-01-23 08:00:00,system
111,PO2026000111,6,4,3,2026-04-02,2026-04-13,sent,,2026-04-02 08:00:00,system,2026-04-02 08:00:00,system
112,PO2026000112,5,3,6,2026-05-03,2026-05-17,cancelled,,2026-05-03 08:00:00,system,2026-05-03 08:00:00,system
113,PO2026000113,10,6,3,2026-05-13,2026-05-18,received,,2026-05-13 08:00:00,system,2026-05-13 08:00:00,system
114,PO2026000114,5,2,6,2026-01-16,2026-01-29,received,,2026-01-16 08:00:00,system,2026-01-16 08:00:00,system
115,PO2026000115,2,2,4,2026-02-14,2026-02-28,partially_received,,2026-02-14 08:00:00,system,2026-02-14 08:00:00,system
116,PO2026000116,4,4,5,2026-04-12,2026-04-20,received,,2026-04-12 08:00:00,system,2026-04-12 08:00:00,system
117,PO2026000117,8,3,4,2026-03-20,2026-04-05,partially_received,,2026-03-20 08:00:00,system,2026-03-20 08:00:00,system
118,PO2026000118,5,4,6,2026-03-06,2026-03-21,received,,2026-03-06 08:00:00,system,2026-03-06 08:00:00,system
119,PO2026000119,2,3,4,2026-06-02,2026-06-18,approved,,2026-06-02 08:00:00,system,2026-06-02 08:00:00,system
120,PO2026000120,10,2,3,2026-01-20,2026-01-27,approved,,2026-01-20 08:00:00,system,2026-01-20 08:00:00,system
121,PO2026000121,8,8,4,2026-01-04,2026-01-13,received,,2026-01-04 08:00:00,system,2026-01-04 08:00:00,system
122,PO2026000122,20,7,7,2026-04-28,2026-05-26,cancelled,,2026-04-28 08:00:00,system,2026-04-28 08:00:00,system
123,PO2026000123,1,9,3,2026-02-15,2026-02-26,approved,,2026-02-15 08:00:00,system,2026-02-15 08:00:00,system
124,PO2026000124,7,4,5,2026-05-25,2026-06-06,received,,2026-05-25 08:00:00,system,2026-05-25 08:00:00,system
125,PO2026000125,5,4,6,2026-01-20,2026-02-04,partially_received,,2026-01-20 08:00:00,system,2026-01-20 08:00:00,system
126,PO2026000126,12,9,5,2026-05-12,2026-05-22,draft,,2026-05-12 08:00:00,system,2026-05-12 08:00:00,system
127,PO2026000127,4,1,5,2026-04-01,2026-04-11,received,,2026-04-01 08:00:00,system,2026-04-01 08:00:00,system
128,PO2026000128,14,3,2,2026-03-16,2026-03-25,received,,2026-03-16 08:00:00,system,2026-03-16 08:00:00,system
129,PO2026000129,11,5,4,2026-06-06,2026-06-15,partially_received,,2026-06-06 08:00:00,system,2026-06-06 08:00:00,system
130,PO2026000130,9,8,2,2026-05-12,2026-05-18,received,,2026-05-12 08:00:00,system,2026-05-12 08:00:00,system
131,PO2026000131,8,1,4,2026-02-01,2026-02-16,partially_received,,2026-02-01 08:00:00,system,2026-02-01 08:00:00,system
132,PO2026000132,8,8,4,2026-01-02,2026-01-16,received,,2026-01-02 08:00:00,system,2026-01-02 08:00:00,system
133,PO2026000133,20,9,7,2026-05-30,2026-06-28,received,,2026-05-30 08:00:00,system,2026-05-30 08:00:00,system
134,PO2026000134,5,1,6,2026-03-24,2026-04-08,received,,2026-03-24 08:00:00,system,2026-03-24 08:00:00,system
135,PO2026000135,6,2,3,2026-03-09,2026-03-21,received,,2026-03-09 08:00:00,system,2026-03-09 08:00:00,system
136,PO2026000136,1,3,3,2026-05-23,2026-06-03,received,,2026-05-23 08:00:00,system,2026-05-23 08:00:00,system
137,PO2026000137,6,4,3,2026-04-22,2026-05-02,received,,2026-04-22 08:00:00,system,2026-04-22 08:00:00,system
138,PO2026000138,5,9,6,2026-06-11,2026-06-26,cancelled,,2026-06-11 08:00:00,system,2026-06-11 08:00:00,system
139,PO2026000139,1,9,3,2026-05-17,2026-05-29,received,,2026-05-17 08:00:00,system,2026-05-17 08:00:00,system
140,PO2026000140,2,8,4,2026-03-23,2026-04-04,received,,2026-03-23 08:00:00,system,2026-03-23 08:00:00,system
141,PO2026000141,2,9,4,2026-01-17,2026-01-29,received,,2026-01-17 08:00:00,system,2026-01-17 08:00:00,system
142,PO2026000142,2,6,4,2026-04-14,2026-04-27,received,,2026-04-14 08:00:00,system,2026-04-14 08:00:00,system
143,PO2026000143,2,5,4,2026-05-16,2026-05-29,received,,2026-05-16 08:00:00,system,2026-05-16 08:00:00,system
144,PO2026000144,8,8,4,2026-02-26,2026-03-12,approved,,2026-02-26 08:00:00,system,2026-02-26 08:00:00,system
145,PO2026000145,10,9,3,2026-02-23,2026-03-02,sent,,2026-02-23 08:00:00,system,2026-02-23 08:00:00,system
146,PO2026000146,2,9,4,2026-02-22,2026-03-05,received,,2026-02-22 08:00:00,system,2026-02-22 08:00:00,system
147,PO2026000147,4,7,5,2026-04-12,2026-04-17,approved,,2026-04-12 08:00:00,system,2026-04-12 08:00:00,system
148,PO2026000148,13,3,3,2026-05-15,2026-05-21,sent,,2026-05-15 08:00:00,system,2026-05-15 08:00:00,system
149,PO2026000149,8,3,4,2026-06-21,2026-06-29,received,,2026-06-21 08:00:00,system,2026-06-21 08:00:00,system
150,PO2026000150,5,4,6,2026-05-29,2026-06-11,partially_received,,2026-05-29 08:00:00,system,2026-05-29 08:00:00,system
151,PO2026000151,4,8,5,2026-04-16,2026-04-26,partially_received,,2026-04-16 08:00:00,system,2026-04-16 08:00:00,system
152,PO2026000152,3,1,3,2026-01-06,2026-01-16,partially_received,,2026-01-06 08:00:00,system,2026-01-06 08:00:00,system
153,PO2026000153,1,5,3,2026-01-15,2026-01-25,partially_received,,2026-01-15 08:00:00,system,2026-01-15 08:00:00,system
154,PO2026000154,22,5,7,2026-02-09,2026-03-06,received,,2026-02-09 08:00:00,system,2026-02-09 08:00:00,system
155,PO2026000155,3,4,3,2026-05-12,2026-05-25,sent,,2026-05-12 08:00:00,system,2026-05-12 08:00:00,system
156,PO2026000156,11,2,4,2026-04-08,2026-04-18,received,,2026-04-08 08:00:00,system,2026-04-08 08:00:00,system
157,PO2026000157,14,7,2,2026-04-07,2026-04-14,sent,,2026-04-07 08:00:00,system,2026-04-07 08:00:00,system
158,PO2026000158,1,9,3,2026-03-05,2026-03-15,received,,2026-03-05 08:00:00,system,2026-03-05 08:00:00,system
159,PO2026000159,14,8,2,2026-03-11,2026-03-20,draft,,2026-03-11 08:00:00,system,2026-03-11 08:00:00,system
160,PO2026000160,11,4,4,2026-01-04,2026-01-13,partially_received,,2026-01-04 08:00:00,system,2026-01-04 08:00:00,system
161,PO2026000161,4,9,5,2026-05-27,2026-06-06,partially_received,,2026-05-27 08:00:00,system,2026-05-27 08:00:00,system
162,PO2026000162,8,9,4,2026-02-28,2026-03-14,sent,,2026-02-28 08:00:00,system,2026-02-28 08:00:00,system
163,PO2026000163,7,6,5,2026-04-17,2026-05-03,cancelled,,2026-04-17 08:00:00,system,2026-04-17 08:00:00,system
164,PO2026000164,4,4,5,2026-06-21,2026-06-30,received,,2026-06-21 08:00:00,system,2026-06-21 08:00:00,system
165,PO2026000165,1,9,3,2026-02-13,2026-02-23,received,,2026-02-13 08:00:00,system,2026-02-13 08:00:00,system
166,PO2026000166,18,2,3,2026-02-27,2026-03-08,received,,2026-02-27 08:00:00,system,2026-02-27 08:00:00,system
167,PO2026000167,6,5,3,2026-03-19,2026-03-27,received,,2026-03-19 08:00:00,system,2026-03-19 08:00:00,system
168,PO2026000168,17,3,5,2026-05-30,2026-06-10,partially_received,,2026-05-30 08:00:00,system,2026-05-30 08:00:00,system
169,PO2026000169,5,1,6,2026-03-26,2026-04-08,partially_received,,2026-03-26 08:00:00,system,2026-03-26 08:00:00,system
170,PO2026000170,3,7,3,2026-06-08,2026-06-19,received,,2026-06-08 08:00:00,system,2026-06-08 08:00:00,system
171,PO2026000171,8,2,4,2026-06-16,2026-06-30,partially_received,,2026-06-16 08:00:00,system,2026-06-16 08:00:00,system
172,PO2026000172,7,7,5,2026-04-11,2026-04-26,received,,2026-04-11 08:00:00,system,2026-04-11 08:00:00,system
173,PO2026000173,1,8,3,2026-04-26,2026-05-08,received,,2026-04-26 08:00:00,system,2026-04-26 08:00:00,system
174,PO2026000174,14,1,2,2026-04-30,2026-05-04,received,,2026-04-30 08:00:00,system,2026-04-30 08:00:00,system
175,PO2026000175,17,8,5,2026-02-17,2026-03-01,received,,2026-02-17 08:00:00,system,2026-02-17 08:00:00,system
176,PO2026000176,1,1,3,2026-03-18,2026-03-26,received,,2026-03-18 08:00:00,system,2026-03-18 08:00:00,system
177,PO2026000177,7,8,5,2026-02-11,2026-02-27,approved,,2026-02-11 08:00:00,system,2026-02-11 08:00:00,system
178,PO2026000178,5,8,6,2026-05-13,2026-05-27,received,,2026-05-13 08:00:00,system,2026-05-13 08:00:00,system
179,PO2026000179,18,9,3,2026-03-11,2026-03-20,received,,2026-03-11 08:00:00,system,2026-03-11 08:00:00,system
180,PO2026000180,8,9,4,2026-03-02,2026-03-16,cancelled,,2026-03-02 08:00:00,system,2026-03-02 08:00:00,system
181,PO2026000181,12,5,5,2026-01-01,2026-01-12,received,,2026-01-01 08:00:00,system,2026-01-01 08:00:00,system
182,PO2026000182,4,5,5,2026-02-16,2026-02-25,partially_received,,2026-02-16 08:00:00,system,2026-02-16 08:00:00,system
183,PO2026000183,11,6,4,2026-06-14,2026-06-24,sent,,2026-06-14 08:00:00,system,2026-06-14 08:00:00,system
184,PO2026000184,13,5,3,2026-03-07,2026-03-13,draft,,2026-03-07 08:00:00,system,2026-03-07 08:00:00,system
185,PO2026000185,8,2,4,2026-04-09,2026-04-22,received,,2026-04-09 08:00:00,system,2026-04-09 08:00:00,system
186,PO2026000186,2,3,4,2026-01-13,2026-01-27,received,,2026-01-13 08:00:00,system,2026-01-13 08:00:00,system
187,PO2026000187,11,4,4,2026-02-23,2026-03-04,partially_received,,2026-02-23 08:00:00,system,2026-02-23 08:00:00,system
188,PO2026000188,1,1,3,2026-06-29,2026-07-09,received,,2026-06-29 08:00:00,system,2026-06-29 08:00:00,system
189,PO2026000189,2,2,4,2026-04-25,2026-05-08,approved,,2026-04-25 08:00:00,system,2026-04-25 08:00:00,system
190,PO2026000190,5,8,6,2026-03-03,2026-03-17,approved,,2026-03-03 08:00:00,system,2026-03-03 08:00:00,system
191,PO2026000191,4,4,5,2026-01-26,2026-02-06,received,,2026-01-26 08:00:00,system,2026-01-26 08:00:00,system
192,PO2026000192,7,5,5,2026-02-20,2026-03-07,received,,2026-02-20 08:00:00,system,2026-02-20 08:00:00,system
193,PO2026000193,4,4,5,2026-05-27,2026-06-03,partially_received,,2026-05-27 08:00:00,system,2026-05-27 08:00:00,system
194,PO2026000194,4,5,5,2026-01-05,2026-01-15,cancelled,,2026-01-05 08:00:00,system,2026-01-05 08:00:00,system
195,PO2026000195,5,2,6,2026-01-04,2026-01-18,received,,2026-01-04 08:00:00,system,2026-01-04 08:00:00,system
196,PO2026000196,6,7,3,2026-06-26,2026-07-07,partially_received,,2026-06-26 08:00:00,system,2026-06-26 08:00:00,system
197,PO2026000197,5,4,6,2026-04-11,2026-04-28,received,,2026-04-11 08:00:00,system,2026-04-11 08:00:00,system
198,PO2026000198,5,3,6,2026-05-29,2026-06-14,received,,2026-05-29 08:00:00,system,2026-05-29 08:00:00,system
199,PO2026000199,7,8,5,2026-05-18,2026-06-01,cancelled,,2026-05-18 08:00:00,system,2026-05-18 08:00:00,system
200,PO2026000200,6,6,3,2026-05-30,2026-06-08,received,,2026-05-30 08:00:00,system,2026-05-30 08:00:00,system
201,PO2026000201,6,4,3,2026-05-22,2026-06-02,received,,2026-05-22 08:00:00,system,2026-05-22 08:00:00,system
202,PO2026000202,8,2,4,2026-05-17,2026-05-30,received,,2026-05-17 08:00:00,system,2026-05-17 08:00:00,system
203,PO2026000203,4,8,5,2026-02-06,2026-02-12,received,,2026-02-06 08:00:00,system,2026-02-06 08:00:00,system
204,PO2026000204,17,4,5,2026-06-10,2026-06-21,received,,2026-06-10 08:00:00,system,2026-06-10 08:00:00,system
205,PO2026000205,6,4,3,2026-04-09,2026-04-21,received,,2026-04-09 08:00:00,system,2026-04-09 08:00:00,system
206,PO2026000206,18,4,3,2026-06-15,2026-06-23,approved,,2026-06-15 08:00:00,system,2026-06-15 08:00:00,system
207,PO2026000207,3,3,3,2026-02-19,2026-02-26,received,,2026-02-19 08:00:00,system,2026-02-19 08:00:00,system
208,PO2026000208,11,4,4,2026-04-06,2026-04-16,received,,2026-04-06 08:00:00,system,2026-04-06 08:00:00,system
209,PO2026000209,15,3,4,2026-02-06,2026-02-16,received,,2026-02-06 08:00:00,system,2026-02-06 08:00:00,system
210,PO2026000210,8,5,4,2026-02-23,2026-03-05,sent,,2026-02-23 08:00:00,system,2026-02-23 08:00:00,system
211,PO2026000211,15,2,4,2026-03-29,2026-04-08,partially_received,,2026-03-29 08:00:00,system,2026-03-29 08:00:00,system
212,PO2026000212,8,3,4,2026-05-13,2026-05-23,received,,2026-05-13 08:00:00,system,2026-05-13 08:00:00,system
213,PO2026000213,1,3,3,2026-03-03,2026-03-09,sent,,2026-03-03 08:00:00,system,2026-03-03 08:00:00,system
214,PO2026000214,7,2,5,2026-06-06,2026-06-20,partially_received,,2026-06-06 08:00:00,system,2026-06-06 08:00:00,system
215,PO2026000215,5,2,6,2026-01-25,2026-02-08,partially_received,,2026-01-25 08:00:00,system,2026-01-25 08:00:00,system
216,PO2026000216,4,3,5,2026-05-31,2026-06-09,received,,2026-05-31 08:00:00,system,2026-05-31 08:00:00,system
217,PO2026000217,4,4,5,2026-05-11,2026-05-20,partially_received,,2026-05-11 08:00:00,system,2026-05-11 08:00:00,system
218,PO2026000218,9,8,2,2026-05-31,2026-06-10,received,,2026-05-31 08:00:00,system,2026-05-31 08:00:00,system
219,PO2026000219,7,3,5,2026-01-01,2026-01-15,approved,,2026-01-01 08:00:00,system,2026-01-01 08:00:00,system
220,PO2026000220,6,1,3,2026-04-07,2026-04-19,received,,2026-04-07 08:00:00,system,2026-04-07 08:00:00,system
221,PO2026000221,3,6,3,2026-03-01,2026-03-13,received,,2026-03-01 08:00:00,system,2026-03-01 08:00:00,system
222,PO2026000222,14,5,2,2026-04-03,2026-04-10,received,,2026-04-03 08:00:00,system,2026-04-03 08:00:00,system
223,PO2026000223,3,1,3,2026-03-29,2026-04-09,received,,2026-03-29 08:00:00,system,2026-03-29 08:00:00,system
224,PO2026000224,1,4,3,2026-06-07,2026-06-18,received,,2026-06-07 08:00:00,system,2026-06-07 08:00:00,system
225,PO2026000225,3,4,3,2026-04-11,2026-04-25,received,,2026-04-11 08:00:00,system,2026-04-11 08:00:00,system
226,PO2026000226,1,2,3,2026-04-17,2026-04-28,received,,2026-04-17 08:00:00,system,2026-04-17 08:00:00,system
227,PO2026000227,4,5,5,2026-06-22,2026-06-30,partially_received,,2026-06-22 08:00:00,system,2026-06-22 08:00:00,system
228,PO2026000228,7,2,5,2026-03-10,2026-03-21,received,,2026-03-10 08:00:00,system,2026-03-10 08:00:00,system
229,PO2026000229,17,9,5,2026-02-07,2026-02-17,received,,2026-02-07 08:00:00,system,2026-02-07 08:00:00,system
230,PO2026000230,8,4,4,2026-03-04,2026-03-14,received,,2026-03-04 08:00:00,system,2026-03-04 08:00:00,system
231,PO2026000231,1,8,3,2026-06-13,2026-06-25,received,,2026-06-13 08:00:00,system,2026-06-13 08:00:00,system
232,PO2026000232,1,4,3,2026-04-20,2026-04-26,received,,2026-04-20 08:00:00,system,2026-04-20 08:00:00,system
233,PO2026000233,14,6,2,2026-01-20,2026-01-26,received,,2026-01-20 08:00:00,system,2026-01-20 08:00:00,system
234,PO2026000234,11,4,4,2026-05-18,2026-05-22,received,,2026-05-18 08:00:00,system,2026-05-18 08:00:00,system
235,PO2026000235,5,1,6,2026-06-12,2026-06-25,received,,2026-06-12 08:00:00,system,2026-06-12 08:00:00,system
236,PO2026000236,16,5,3,2026-04-07,2026-04-15,received,,2026-04-07 08:00:00,system,2026-04-07 08:00:00,system
237,PO2026000237,4,7,5,2026-05-17,2026-05-27,received,,2026-05-17 08:00:00,system,2026-05-17 08:00:00,system
238,PO2026000238,3,7,3,2026-01-09,2026-01-21,sent,,2026-01-09 08:00:00,system,2026-01-09 08:00:00,system
239,PO2026000239,13,4,3,2026-02-27,2026-03-08,sent,,2026-02-27 08:00:00,system,2026-02-27 08:00:00,system
240,PO2026000240,8,3,4,2026-06-28,2026-07-12,received,,2026-06-28 08:00:00,system,2026-06-28 08:00:00,system
241,PO2026000241,13,3,3,2026-01-15,2026-01-19,approved,,2026-01-15 08:00:00,system,2026-01-15 08:00:00,system
242,PO2026000242,8,1,4,2026-01-03,2026-01-17,received,,2026-01-03 08:00:00,system,2026-01-03 08:00:00,system
243,PO2026000243,2,1,4,2026-05-30,2026-06-12,sent,,2026-05-30 08:00:00,system,2026-05-30 08:00:00,system
244,PO2026000244,5,6,6,2026-01-04,2026-01-19,received,,2026-01-04 08:00:00,system,2026-01-04 08:00:00,system
245,PO2026000245,15,2,4,2026-05-11,2026-05-21,partially_received,,2026-05-11 08:00:00,system,2026-05-11 08:00:00,system
246,PO2026000246,6,4,3,2026-06-05,2026-06-17,received,,2026-06-05 08:00:00,system,2026-06-05 08:00:00,system
247,PO2026000247,11,5,4,2026-04-26,2026-05-05,sent,,2026-04-26 08:00:00,system,2026-04-26 08:00:00,system
248,PO2026000248,10,3,3,2026-02-25,2026-03-02,partially_received,,2026-02-25 08:00:00,system,2026-02-25 08:00:00,system
249,PO2026000249,11,9,4,2026-01-15,2026-01-23,received,,2026-01-15 08:00:00,system,2026-01-15 08:00:00,system
250,PO2026000250,16,9,3,2026-05-14,2026-05-23,approved,,2026-05-14 08:00:00,system,2026-05-14 08:00:00,system
251,PO2026000251,3,4,3,2026-04-22,2026-05-06,received,,2026-04-22 08:00:00,system,2026-04-22 08:00:00,system
252,PO2026000252,7,1,5,2026-05-11,2026-05-22,received,,2026-05-11 08:00:00,system,2026-05-11 08:00:00,system
253,PO2026000253,8,8,4,2026-06-27,2026-07-10,received,,2026-06-27 08:00:00,system,2026-06-27 08:00:00,system
254,PO2026000254,12,6,5,2026-04-09,2026-04-16,partially_received,,2026-04-09 08:00:00,system,2026-04-09 08:00:00,system
255,PO2026000255,7,1,5,2026-05-29,2026-06-13,partially_received,,2026-05-29 08:00:00,system,2026-05-29 08:00:00,system
256,PO2026000256,3,1,3,2026-02-04,2026-02-18,approved,,2026-02-04 08:00:00,system,2026-02-04 08:00:00,system
257,PO2026000257,2,2,4,2026-06-21,2026-07-04,draft,,2026-06-21 08:00:00,system,2026-06-21 08:00:00,system
258,PO2026000258,9,2,2,2026-02-17,2026-02-22,received,,2026-02-17 08:00:00,system,2026-02-17 08:00:00,system
259,PO2026000259,4,5,5,2026-01-25,2026-01-31,received,,2026-01-25 08:00:00,system,2026-01-25 08:00:00,system
260,PO2026000260,1,4,3,2026-01-18,2026-01-26,received,,2026-01-18 08:00:00,system,2026-01-18 08:00:00,system
261,PO2026000261,6,3,3,2026-02-12,2026-02-22,received,,2026-02-12 08:00:00,system,2026-02-12 08:00:00,system
262,PO2026000262,15,9,4,2026-02-06,2026-02-12,draft,,2026-02-06 08:00:00,system,2026-02-06 08:00:00,system
263,PO2026000263,1,9,3,2026-04-04,2026-04-15,received,,2026-04-04 08:00:00,system,2026-04-04 08:00:00,system
264,PO2026000264,18,1,3,2026-04-30,2026-05-07,received,,2026-04-30 08:00:00,system,2026-04-30 08:00:00,system
265,PO2026000265,16,6,3,2026-04-27,2026-05-05,partially_received,,2026-04-27 08:00:00,system,2026-04-27 08:00:00,system
266,PO2026000266,1,1,3,2026-06-28,2026-07-06,sent,,2026-06-28 08:00:00,system,2026-06-28 08:00:00,system
267,PO2026000267,3,7,3,2026-01-07,2026-01-19,received,,2026-01-07 08:00:00,system,2026-01-07 08:00:00,system
268,PO2026000268,9,8,2,2026-01-04,2026-01-12,received,,2026-01-04 08:00:00,system,2026-01-04 08:00:00,system
269,PO2026000269,5,3,6,2026-03-02,2026-03-15,received,,2026-03-02 08:00:00,system,2026-03-02 08:00:00,system
270,PO2026000270,9,4,2,2026-04-18,2026-04-27,received,,2026-04-18 08:00:00,system,2026-04-18 08:00:00,system
271,PO2026000271,6,6,3,2026-03-14,2026-03-25,received,,2026-03-14 08:00:00,system,2026-03-14 08:00:00,system
272,PO2026000272,5,1,6,2026-02-04,2026-02-17,received,,2026-02-04 08:00:00,system,2026-02-04 08:00:00,system
273,PO2026000273,5,8,6,2026-05-13,2026-05-30,partially_received,,2026-05-13 08:00:00,system,2026-05-13 08:00:00,system
274,PO2026000274,4,8,5,2026-03-16,2026-03-28,sent,,2026-03-16 08:00:00,system,2026-03-16 08:00:00,system
275,PO2026000275,20,7,7,2026-03-15,2026-04-09,sent,,2026-03-15 08:00:00,system,2026-03-15 08:00:00,system
276,PO2026000276,2,1,4,2026-06-01,2026-06-16,received,,2026-06-01 08:00:00,system,2026-06-01 08:00:00,system
277,PO2026000277,6,6,3,2026-05-24,2026-06-04,received,,2026-05-24 08:00:00,system,2026-05-24 08:00:00,system
278,PO2026000278,4,1,5,2026-01-12,2026-01-23,sent,,2026-01-12 08:00:00,system,2026-01-12 08:00:00,system
279,PO2026000279,8,5,4,2026-05-25,2026-06-08,received,,2026-05-25 08:00:00,system,2026-05-25 08:00:00,system
280,PO2026000280,9,3,2,2026-05-31,2026-06-09,partially_received,,2026-05-31 08:00:00,system,2026-05-31 08:00:00,system
281,PO2026000281,3,5,3,2026-06-30,2026-07-10,partially_received,,2026-06-30 08:00:00,system,2026-06-30 08:00:00,system
282,PO2026000282,7,3,5,2026-03-13,2026-03-28,received,,2026-03-13 08:00:00,system,2026-03-13 08:00:00,system
283,PO2026000283,8,7,4,2026-04-07,2026-04-17,received,,2026-04-07 08:00:00,system,2026-04-07 08:00:00,system
284,PO2026000284,18,2,3,2026-05-02,2026-05-10,received,,2026-05-02 08:00:00,system,2026-05-02 08:00:00,system
285,PO2026000285,9,5,2,2026-02-09,2026-02-16,sent,,2026-02-09 08:00:00,system,2026-02-09 08:00:00,system
286,PO2026000286,5,7,6,2026-02-16,2026-03-01,received,,2026-02-16 08:00:00,system,2026-02-16 08:00:00,system
287,PO2026000287,2,8,4,2026-02-17,2026-03-03,received,,2026-02-17 08:00:00,system,2026-02-17 08:00:00,system
288,PO2026000288,6,2,3,2026-03-09,2026-03-19,received,,2026-03-09 08:00:00,system,2026-03-09 08:00:00,system
289,PO2026000289,10,6,3,2026-05-17,2026-05-24,received,,2026-05-17 08:00:00,system,2026-05-17 08:00:00,system
290,PO2026000290,18,3,3,2026-04-26,2026-05-03,draft,,2026-04-26 08:00:00,system,2026-04-26 08:00:00,system
291,PO2026000291,1,4,3,2026-06-06,2026-06-16,received,,2026-06-06 08:00:00,system,2026-06-06 08:00:00,system
292,PO2026000292,3,5,3,2026-05-03,2026-05-14,received,,2026-05-03 08:00:00,system,2026-05-03 08:00:00,system
293,PO2026000293,5,4,6,2026-03-05,2026-03-19,received,,2026-03-05 08:00:00,system,2026-03-05 08:00:00,system
294,PO2026000294,4,6,5,2026-05-14,2026-05-21,received,,2026-05-14 08:00:00,system,2026-05-14 08:00:00,system
295,PO2026000295,6,3,3,2026-01-21,2026-02-01,received,,2026-01-21 08:00:00,system,2026-01-21 08:00:00,system
296,PO2026000296,16,8,3,2026-04-17,2026-04-24,received,,2026-04-17 08:00:00,system,2026-04-17 08:00:00,system
297,PO2026000297,5,8,6,2026-01-01,2026-01-19,received,,2026-01-01 08:00:00,system,2026-01-01 08:00:00,system
298,PO2026000298,6,8,3,2026-02-24,2026-03-08,received,,2026-02-24 08:00:00,system,2026-02-24 08:00:00,system
299,PO2026000299,8,1,4,2026-05-11,2026-05-23,received,,2026-05-11 08:00:00,system,2026-05-11 08:00:00,system
300,PO2026000300,3,6,3,2026-05-23,2026-06-04,draft,,2026-05-23 08:00:00,system,2026-05-23 08:00:00,system
301,PO2026000301,5,9,6,2026-06-11,2026-06-27,received,,2026-06-11 08:00:00,system,2026-06-11 08:00:00,system
302,PO2026000302,13,9,3,2026-02-18,2026-02-26,received,,2026-02-18 08:00:00,system,2026-02-18 08:00:00,system
303,PO2026000303,7,3,5,2026-02-06,2026-02-21,received,,2026-02-06 08:00:00,system,2026-02-06 08:00:00,system
304,PO2026000304,9,7,2,2026-06-02,2026-06-11,sent,,2026-06-02 08:00:00,system,2026-06-02 08:00:00,system
305,PO2026000305,5,2,6,2026-04-03,2026-04-17,received,,2026-04-03 08:00:00,system,2026-04-03 08:00:00,system
306,PO2026000306,10,8,3,2026-02-04,2026-02-10,sent,,2026-02-04 08:00:00,system,2026-02-04 08:00:00,system
307,PO2026000307,3,8,3,2026-05-12,2026-05-23,sent,,2026-05-12 08:00:00,system,2026-05-12 08:00:00,system
308,PO2026000308,16,5,3,2026-03-27,2026-04-01,received,,2026-03-27 08:00:00,system,2026-03-27 08:00:00,system
309,PO2026000309,4,6,5,2026-05-27,2026-06-05,sent,,2026-05-27 08:00:00,system,2026-05-27 08:00:00,system
310,PO2026000310,11,4,4,2026-01-20,2026-01-29,received,,2026-01-20 08:00:00,system,2026-01-20 08:00:00,system
311,PO2026000311,6,2,3,2026-04-18,2026-04-30,sent,,2026-04-18 08:00:00,system,2026-04-18 08:00:00,system
312,PO2026000312,7,2,5,2026-02-02,2026-02-15,sent,,2026-02-02 08:00:00,system,2026-02-02 08:00:00,system
313,PO2026000313,4,2,5,2026-04-28,2026-05-08,received,,2026-04-28 08:00:00,system,2026-04-28 08:00:00,system
314,PO2026000314,6,3,3,2026-01-04,2026-01-15,sent,,2026-01-04 08:00:00,system,2026-01-04 08:00:00,system
315,PO2026000315,15,7,4,2026-02-27,2026-03-05,received,,2026-02-27 08:00:00,system,2026-02-27 08:00:00,system
316,PO2026000316,3,8,3,2026-02-18,2026-02-26,approved,,2026-02-18 08:00:00,system,2026-02-18 08:00:00,system
317,PO2026000317,2,6,4,2026-06-07,2026-06-20,partially_received,,2026-06-07 08:00:00,system,2026-06-07 08:00:00,system
318,PO2026000318,6,5,3,2026-03-02,2026-03-14,partially_received,,2026-03-02 08:00:00,system,2026-03-02 08:00:00,system
319,PO2026000319,22,6,7,2026-02-23,2026-03-20,partially_received,,2026-02-23 08:00:00,system,2026-02-23 08:00:00,system
320,PO2026000320,5,3,6,2026-02-09,2026-02-25,received,,2026-02-09 08:00:00,system,2026-02-09 08:00:00,system
321,PO2026000321,6,6,3,2026-03-02,2026-03-13,sent,,2026-03-02 08:00:00,system,2026-03-02 08:00:00,system
322,PO2026000322,4,3,5,2026-04-18,2026-04-27,received,,2026-04-18 08:00:00,system,2026-04-18 08:00:00,system
323,PO2026000323,8,7,4,2026-02-03,2026-02-17,received,,2026-02-03 08:00:00,system,2026-02-03 08:00:00,system
324,PO2026000324,1,5,3,2026-05-24,2026-06-02,received,,2026-05-24 08:00:00,system,2026-05-24 08:00:00,system
325,PO2026000325,4,4,5,2026-02-18,2026-02-28,partially_received,,2026-02-18 08:00:00,system,2026-02-18 08:00:00,system
326,PO2026000326,16,6,3,2026-01-28,2026-02-05,approved,,2026-01-28 08:00:00,system,2026-01-28 08:00:00,system
327,PO2026000327,5,7,6,2026-03-08,2026-03-23,sent,,2026-03-08 08:00:00,system,2026-03-08 08:00:00,system
328,PO2026000328,12,6,5,2026-03-11,2026-03-23,approved,,2026-03-11 08:00:00,system,2026-03-11 08:00:00,system
329,PO2026000329,2,1,4,2026-02-04,2026-02-19,cancelled,,2026-02-04 08:00:00,system,2026-02-04 08:00:00,system
330,PO2026000330,7,7,5,2026-05-20,2026-06-02,partially_received,,2026-05-20 08:00:00,system,2026-05-20 08:00:00,system
331,PO2026000331,7,2,5,2026-01-23,2026-02-08,sent,,2026-01-23 08:00:00,system,2026-01-23 08:00:00,system
332,PO2026000332,4,3,5,2026-03-04,2026-03-14,received,,2026-03-04 08:00:00,system,2026-03-04 08:00:00,system
333,PO2026000333,11,7,4,2026-01-01,2026-01-09,received,,2026-01-01 08:00:00,system,2026-01-01 08:00:00,system
334,PO2026000334,13,6,3,2026-04-11,2026-04-20,partially_received,,2026-04-11 08:00:00,system,2026-04-11 08:00:00,system
335,PO2026000335,1,8,3,2026-02-13,2026-02-25,partially_received,,2026-02-13 08:00:00,system,2026-02-13 08:00:00,system
336,PO2026000336,13,2,3,2026-05-14,2026-05-24,sent,,2026-05-14 08:00:00,system,2026-05-14 08:00:00,system
337,PO2026000337,7,3,5,2026-01-19,2026-01-31,partially_received,,2026-01-19 08:00:00,system,2026-01-19 08:00:00,system
338,PO2026000338,7,8,5,2026-06-13,2026-06-27,received,,2026-06-13 08:00:00,system,2026-06-13 08:00:00,system
339,PO2026000339,14,2,2,2026-01-27,2026-02-03,approved,,2026-01-27 08:00:00,system,2026-01-27 08:00:00,system
340,PO2026000340,14,6,2,2026-04-02,2026-04-06,received,,2026-04-02 08:00:00,system,2026-04-02 08:00:00,system
341,PO2026000341,2,2,4,2026-04-24,2026-05-09,partially_received,,2026-04-24 08:00:00,system,2026-04-24 08:00:00,system
342,PO2026000342,8,3,4,2026-01-29,2026-02-10,received,,2026-01-29 08:00:00,system,2026-01-29 08:00:00,system
343,PO2026000343,2,1,4,2026-01-31,2026-02-14,approved,,2026-01-31 08:00:00,system,2026-01-31 08:00:00,system
344,PO2026000344,4,5,5,2026-02-16,2026-02-28,received,,2026-02-16 08:00:00,system,2026-02-16 08:00:00,system
345,PO2026000345,11,9,4,2026-06-12,2026-06-18,draft,,2026-06-12 08:00:00,system,2026-06-12 08:00:00,system
346,PO2026000346,9,8,2,2026-03-16,2026-03-25,partially_received,,2026-03-16 08:00:00,system,2026-03-16 08:00:00,system
347,PO2026000347,4,7,5,2026-06-22,2026-06-29,received,,2026-06-22 08:00:00,system,2026-06-22 08:00:00,system
348,PO2026000348,5,4,6,2026-03-05,2026-03-19,received,,2026-03-05 08:00:00,system,2026-03-05 08:00:00,system
349,PO2026000349,8,4,4,2026-01-01,2026-01-16,received,,2026-01-01 08:00:00,system,2026-01-01 08:00:00,system
350,PO2026000350,4,9,5,2026-03-02,2026-03-10,received,,2026-03-02 08:00:00,system,2026-03-02 08:00:00,system
351,PO2026000351,4,8,5,2026-04-06,2026-04-12,received,,2026-04-06 08:00:00,system,2026-04-06 08:00:00,system
352,PO2026000352,18,3,3,2026-01-29,2026-02-05,received,,2026-01-29 08:00:00,system,2026-01-29 08:00:00,system
353,PO2026000353,10,6,3,2026-06-23,2026-06-30,draft,,2026-06-23 08:00:00,system,2026-06-23 08:00:00,system
354,PO2026000354,8,9,4,2026-05-05,2026-05-19,partially_received,,2026-05-05 08:00:00,system,2026-05-05 08:00:00,system
355,PO2026000355,14,3,2,2026-02-06,2026-02-14,sent,,2026-02-06 08:00:00,system,2026-02-06 08:00:00,system
356,PO2026000356,1,7,3,2026-01-19,2026-01-29,received,,2026-01-19 08:00:00,system,2026-01-19 08:00:00,system
357,PO2026000357,3,8,3,2026-05-08,2026-05-17,received,,2026-05-08 08:00:00,system,2026-05-08 08:00:00,system
358,PO2026000358,6,4,3,2026-04-21,2026-04-30,sent,,2026-04-21 08:00:00,system,2026-04-21 08:00:00,system
359,PO2026000359,7,2,5,2026-05-02,2026-05-17,received,,2026-05-02 08:00:00,system,2026-05-02 08:00:00,system
360,PO2026000360,5,4,6,2026-06-27,2026-07-13,received,,2026-06-27 08:00:00,system,2026-06-27 08:00:00,system
361,PO2026000361,20,7,7,2026-01-06,2026-02-04,received,,2026-01-06 08:00:00,system,2026-01-06 08:00:00,system
362,PO2026000362,2,6,4,2026-01-01,2026-01-13,received,,2026-01-01 08:00:00,system,2026-01-01 08:00:00,system
363,PO2026000363,7,2,5,2026-05-11,2026-05-26,sent,,2026-05-11 08:00:00,system,2026-05-11 08:00:00,system
364,PO2026000364,7,4,5,2026-04-16,2026-05-01,received,,2026-04-16 08:00:00,system,2026-04-16 08:00:00,system
365,PO2026000365,6,4,3,2026-03-01,2026-03-08,partially_received,,2026-03-01 08:00:00,system,2026-03-01 08:00:00,system
366,PO2026000366,8,6,4,2026-06-14,2026-06-28,sent,,2026-06-14 08:00:00,system,2026-06-14 08:00:00,system
367,PO2026000367,13,2,3,2026-05-02,2026-05-11,received,,2026-05-02 08:00:00,system,2026-05-02 08:00:00,system
368,PO2026000368,10,1,3,2026-06-11,2026-06-18,received,,2026-06-11 08:00:00,system,2026-06-11 08:00:00,system
369,PO2026000369,3,6,3,2026-02-27,2026-03-13,partially_received,,2026-02-27 08:00:00,system,2026-02-27 08:00:00,system
370,PO2026000370,9,6,2,2026-04-04,2026-04-12,received,,2026-04-04 08:00:00,system,2026-04-04 08:00:00,system
371,PO2026000371,12,3,5,2026-04-22,2026-05-03,received,,2026-04-22 08:00:00,system,2026-04-22 08:00:00,system
372,PO2026000372,1,2,3,2026-06-24,2026-07-05,sent,,2026-06-24 08:00:00,system,2026-06-24 08:00:00,system
373,PO2026000373,1,4,3,2026-05-10,2026-05-21,partially_received,,2026-05-10 08:00:00,system,2026-05-10 08:00:00,system
374,PO2026000374,10,1,3,2026-04-18,2026-04-25,sent,,2026-04-18 08:00:00,system,2026-04-18 08:00:00,system
375,PO2026000375,5,7,6,2026-05-23,2026-06-08,sent,,2026-05-23 08:00:00,system,2026-05-23 08:00:00,system
376,PO2026000376,8,1,4,2026-06-03,2026-06-18,received,,2026-06-03 08:00:00,system,2026-06-03 08:00:00,system
377,PO2026000377,1,7,3,2026-04-04,2026-04-14,received,,2026-04-04 08:00:00,system,2026-04-04 08:00:00,system
378,PO2026000378,7,9,5,2026-01-12,2026-01-28,partially_received,,2026-01-12 08:00:00,system,2026-01-12 08:00:00,system
379,PO2026000379,11,8,4,2026-06-08,2026-06-16,partially_received,,2026-06-08 08:00:00,system,2026-06-08 08:00:00,system
380,PO2026000380,2,4,4,2026-06-01,2026-06-10,sent,,2026-06-01 08:00:00,system,2026-06-01 08:00:00,system
381,PO2026000381,1,6,3,2026-03-27,2026-04-04,received,,2026-03-27 08:00:00,system,2026-03-27 08:00:00,system
382,PO2026000382,10,2,3,2026-01-31,2026-02-07,received,,2026-01-31 08:00:00,system,2026-01-31 08:00:00,system
383,PO2026000383,2,3,4,2026-06-04,2026-06-17,received,,2026-06-04 08:00:00,system,2026-06-04 08:00:00,system
384,PO2026000384,18,9,3,2026-01-14,2026-01-21,partially_received,,2026-01-14 08:00:00,system,2026-01-14 08:00:00,system
385,PO2026000385,18,1,3,2026-03-04,2026-03-13,partially_received,,2026-03-04 08:00:00,system,2026-03-04 08:00:00,system
386,PO2026000386,3,6,3,2026-01-15,2026-01-27,partially_received,,2026-01-15 08:00:00,system,2026-01-15 08:00:00,system
387,PO2026000387,5,3,6,2026-04-03,2026-04-20,partially_received,,2026-04-03 08:00:00,system,2026-04-03 08:00:00,system
388,PO2026000388,5,4,6,2026-04-12,2026-04-28,sent,,2026-04-12 08:00:00,system,2026-04-12 08:00:00,system
389,PO2026000389,5,4,6,2026-05-13,2026-05-29,received,,2026-05-13 08:00:00,system,2026-05-13 08:00:00,system
390,PO2026000390,10,3,3,2026-06-30,2026-07-05,sent,,2026-06-30 08:00:00,system,2026-06-30 08:00:00,system
391,PO2026000391,10,8,3,2026-04-11,2026-04-13,received,,2026-04-11 08:00:00,system,2026-04-11 08:00:00,system
392,PO2026000392,6,7,3,2026-03-05,2026-03-12,received,,2026-03-05 08:00:00,system,2026-03-05 08:00:00,system
393,PO2026000393,7,1,5,2026-05-11,2026-05-26,received,,2026-05-11 08:00:00,system,2026-05-11 08:00:00,system
394,PO2026000394,7,9,5,2026-01-17,2026-01-29,received,,2026-01-17 08:00:00,system,2026-01-17 08:00:00,system
395,PO2026000395,12,7,5,2026-05-06,2026-05-17,cancelled,,2026-05-06 08:00:00,system,2026-05-06 08:00:00,system
396,PO2026000396,18,4,3,2026-06-10,2026-06-19,partially_received,,2026-06-10 08:00:00,system,2026-06-10 08:00:00,system
397,PO2026000397,14,3,2,2026-02-15,2026-02-24,approved,,2026-02-15 08:00:00,system,2026-02-15 08:00:00,system
398,PO2026000398,10,4,3,2026-06-21,2026-06-29,received,,2026-06-21 08:00:00,system,2026-06-21 08:00:00,system
399,PO2026000399,3,8,3,2026-06-09,2026-06-21,approved,,2026-06-09 08:00:00,system,2026-06-09 08:00:00,system
400,PO2026000400,4,7,5,2026-01-28,2026-02-07,received,,2026-01-28 08:00:00,system,2026-01-28 08:00:00,system
401,PO2026000401,2,7,4,2026-03-28,2026-04-13,sent,,2026-03-28 08:00:00,system,2026-03-28 08:00:00,system
402,PO2026000402,7,6,5,2026-01-24,2026-02-07,partially_received,,2026-01-24 08:00:00,system,2026-01-24 08:00:00,system
403,PO2026000403,8,2,4,2026-03-02,2026-03-14,partially_received,,2026-03-02 08:00:00,system,2026-03-02 08:00:00,system
404,PO2026000404,4,8,5,2026-03-15,2026-03-24,received,,2026-03-15 08:00:00,system,2026-03-15 08:00:00,system
405,PO2026000405,9,9,2,2026-06-19,2026-06-25,received,,2026-06-19 08:00:00,system,2026-06-19 08:00:00,system
406,PO2026000406,18,7,3,2026-06-05,2026-06-13,sent,,2026-06-05 08:00:00,system,2026-06-05 08:00:00,system
407,PO2026000407,1,1,3,2026-05-05,2026-05-15,received,,2026-05-05 08:00:00,system,2026-05-05 08:00:00,system
408,PO2026000408,5,5,6,2026-01-13,2026-01-28,received,,2026-01-13 08:00:00,system,2026-01-13 08:00:00,system
409,PO2026000409,3,8,3,2026-05-14,2026-05-28,received,,2026-05-14 08:00:00,system,2026-05-14 08:00:00,system
410,PO2026000410,9,5,2,2026-01-01,2026-01-10,received,,2026-01-01 08:00:00,system,2026-01-01 08:00:00,system
411,PO2026000411,7,2,5,2026-01-27,2026-02-10,received,,2026-01-27 08:00:00,system,2026-01-27 08:00:00,system
412,PO2026000412,8,8,4,2026-02-17,2026-02-26,partially_received,,2026-02-17 08:00:00,system,2026-02-17 08:00:00,system
413,PO2026000413,7,5,5,2026-03-21,2026-04-05,received,,2026-03-21 08:00:00,system,2026-03-21 08:00:00,system
414,PO2026000414,14,7,2,2026-05-04,2026-05-11,cancelled,,2026-05-04 08:00:00,system,2026-05-04 08:00:00,system
415,PO2026000415,4,5,5,2026-03-03,2026-03-12,draft,,2026-03-03 08:00:00,system,2026-03-03 08:00:00,system
416,PO2026000416,13,9,3,2026-05-28,2026-06-05,approved,,2026-05-28 08:00:00,system,2026-05-28 08:00:00,system
417,PO2026000417,11,6,4,2026-04-05,2026-04-15,received,,2026-04-05 08:00:00,system,2026-04-05 08:00:00,system
418,PO2026000418,18,8,3,2026-03-08,2026-03-17,received,,2026-03-08 08:00:00,system,2026-03-08 08:00:00,system
419,PO2026000419,6,3,3,2026-05-14,2026-05-25,partially_received,,2026-05-14 08:00:00,system,2026-05-14 08:00:00,system
420,PO2026000420,2,9,4,2026-05-18,2026-05-26,partially_received,,2026-05-18 08:00:00,system,2026-05-18 08:00:00,system
421,PO2026000421,8,9,4,2026-01-21,2026-01-31,partially_received,,2026-01-21 08:00:00,system,2026-01-21 08:00:00,system
422,PO2026000422,5,7,6,2026-03-29,2026-04-08,partially_received,,2026-03-29 08:00:00,system,2026-03-29 08:00:00,system
423,PO2026000423,2,1,4,2026-03-08,2026-03-22,approved,,2026-03-08 08:00:00,system,2026-03-08 08:00:00,system
424,PO2026000424,2,8,4,2026-04-19,2026-05-02,partially_received,,2026-04-19 08:00:00,system,2026-04-19 08:00:00,system
425,PO2026000425,8,9,4,2026-05-16,2026-05-31,received,,2026-05-16 08:00:00,system,2026-05-16 08:00:00,system
426,PO2026000426,3,7,3,2026-03-06,2026-03-14,sent,,2026-03-06 08:00:00,system,2026-03-06 08:00:00,system
427,PO2026000427,13,1,3,2026-02-06,2026-02-14,sent,,2026-02-06 08:00:00,system,2026-02-06 08:00:00,system
428,PO2026000428,5,7,6,2026-06-03,2026-06-17,received,,2026-06-03 08:00:00,system,2026-06-03 08:00:00,system
429,PO2026000429,10,5,3,2026-04-06,2026-04-10,sent,,2026-04-06 08:00:00,system,2026-04-06 08:00:00,system
430,PO2026000430,17,1,5,2026-01-12,2026-01-22,received,,2026-01-12 08:00:00,system,2026-01-12 08:00:00,system
431,PO2026000431,6,9,3,2026-06-09,2026-06-20,approved,,2026-06-09 08:00:00,system,2026-06-09 08:00:00,system
432,PO2026000432,9,8,2,2026-02-21,2026-02-26,received,,2026-02-21 08:00:00,system,2026-02-21 08:00:00,system
433,PO2026000433,6,9,3,2026-01-23,2026-01-30,received,,2026-01-23 08:00:00,system,2026-01-23 08:00:00,system
434,PO2026000434,2,3,4,2026-04-01,2026-04-11,received,,2026-04-01 08:00:00,system,2026-04-01 08:00:00,system
435,PO2026000435,3,6,3,2026-05-16,2026-05-26,partially_received,,2026-05-16 08:00:00,system,2026-05-16 08:00:00,system
436,PO2026000436,2,9,4,2026-02-28,2026-03-15,received,,2026-02-28 08:00:00,system,2026-02-28 08:00:00,system
437,PO2026000437,7,2,5,2026-04-07,2026-04-22,draft,,2026-04-07 08:00:00,system,2026-04-07 08:00:00,system
438,PO2026000438,1,5,3,2026-06-21,2026-07-02,received,,2026-06-21 08:00:00,system,2026-06-21 08:00:00,system
439,PO2026000439,14,4,2,2026-02-10,2026-02-18,received,,2026-02-10 08:00:00,system,2026-02-10 08:00:00,system
440,PO2026000440,6,7,3,2026-06-16,2026-06-26,partially_received,,2026-06-16 08:00:00,system,2026-06-16 08:00:00,system
441,PO2026000441,14,4,2,2026-04-06,2026-04-14,partially_received,,2026-04-06 08:00:00,system,2026-04-06 08:00:00,system
442,PO2026000442,7,6,5,2026-03-08,2026-03-23,received,,2026-03-08 08:00:00,system,2026-03-08 08:00:00,system
443,PO2026000443,7,1,5,2026-06-07,2026-06-23,partially_received,,2026-06-07 08:00:00,system,2026-06-07 08:00:00,system
444,PO2026000444,2,9,4,2026-05-05,2026-05-21,partially_received,,2026-05-05 08:00:00,system,2026-05-05 08:00:00,system
445,PO2026000445,8,3,4,2026-01-27,2026-02-11,received,,2026-01-27 08:00:00,system,2026-01-27 08:00:00,system
446,PO2026000446,14,8,2,2026-04-15,2026-04-22,received,,2026-04-15 08:00:00,system,2026-04-15 08:00:00,system
447,PO2026000447,9,5,2,2026-05-20,2026-05-28,received,,2026-05-20 08:00:00,system,2026-05-20 08:00:00,system
448,PO2026000448,7,7,5,2026-04-06,2026-04-18,partially_received,,2026-04-06 08:00:00,system,2026-04-06 08:00:00,system
449,PO2026000449,2,4,4,2026-05-14,2026-05-25,received,,2026-05-14 08:00:00,system,2026-05-14 08:00:00,system
450,PO2026000450,7,8,5,2026-01-30,2026-02-14,received,,2026-01-30 08:00:00,system,2026-01-30 08:00:00,system
451,PO2026000451,4,1,5,2026-02-08,2026-02-19,sent,,2026-02-08 08:00:00,system,2026-02-08 08:00:00,system
452,PO2026000452,4,2,5,2026-06-05,2026-06-14,received,,2026-06-05 08:00:00,system,2026-06-05 08:00:00,system
453,PO2026000453,20,3,7,2026-03-14,2026-04-11,received,,2026-03-14 08:00:00,system,2026-03-14 08:00:00,system
454,PO2026000454,2,3,4,2026-03-03,2026-03-19,draft,,2026-03-03 08:00:00,system,2026-03-03 08:00:00,system
455,PO2026000455,3,3,3,2026-01-04,2026-01-13,sent,,2026-01-04 08:00:00,system,2026-01-04 08:00:00,system
456,PO2026000456,2,5,4,2026-04-19,2026-05-02,partially_received,,2026-04-19 08:00:00,system,2026-04-19 08:00:00,system
457,PO2026000457,3,6,3,2026-02-26,2026-03-10,sent,,2026-02-26 08:00:00,system,2026-02-26 08:00:00,system
458,PO2026000458,15,9,4,2026-05-05,2026-05-14,received,,2026-05-05 08:00:00,system,2026-05-05 08:00:00,system
459,PO2026000459,5,8,6,2026-01-14,2026-01-31,cancelled,,2026-01-14 08:00:00,system,2026-01-14 08:00:00,system
460,PO2026000460,2,3,4,2026-01-24,2026-02-09,sent,,2026-01-24 08:00:00,system,2026-01-24 08:00:00,system
461,PO2026000461,1,8,3,2026-05-19,2026-05-29,received,,2026-05-19 08:00:00,system,2026-05-19 08:00:00,system
462,PO2026000462,8,3,4,2026-03-14,2026-03-28,partially_received,,2026-03-14 08:00:00,system,2026-03-14 08:00:00,system
463,PO2026000463,1,5,3,2026-05-20,2026-05-27,received,,2026-05-20 08:00:00,system,2026-05-20 08:00:00,system
464,PO2026000464,12,8,5,2026-04-16,2026-04-26,approved,,2026-04-16 08:00:00,system,2026-04-16 08:00:00,system
465,PO2026000465,17,5,5,2026-02-25,2026-03-07,received,,2026-02-25 08:00:00,system,2026-02-25 08:00:00,system
466,PO2026000466,1,6,3,2026-02-23,2026-03-06,cancelled,,2026-02-23 08:00:00,system,2026-02-23 08:00:00,system
467,PO2026000467,6,9,3,2026-05-07,2026-05-19,sent,,2026-05-07 08:00:00,system,2026-05-07 08:00:00,system
468,PO2026000468,3,5,3,2026-01-03,2026-01-15,approved,,2026-01-03 08:00:00,system,2026-01-03 08:00:00,system
469,PO2026000469,8,5,4,2026-04-25,2026-05-07,received,,2026-04-25 08:00:00,system,2026-04-25 08:00:00,system
470,PO2026000470,4,4,5,2026-03-29,2026-04-06,received,,2026-03-29 08:00:00,system,2026-03-29 08:00:00,system
471,PO2026000471,6,9,3,2026-06-05,2026-06-17,received,,2026-06-05 08:00:00,system,2026-06-05 08:00:00,system
472,PO2026000472,5,7,6,2026-05-10,2026-05-28,approved,,2026-05-10 08:00:00,system,2026-05-10 08:00:00,system
473,PO2026000473,11,4,4,2026-01-14,2026-01-22,received,,2026-01-14 08:00:00,system,2026-01-14 08:00:00,system
474,PO2026000474,18,6,3,2026-03-02,2026-03-12,received,,2026-03-02 08:00:00,system,2026-03-02 08:00:00,system
475,PO2026000475,8,2,4,2026-06-02,2026-06-14,received,,2026-06-02 08:00:00,system,2026-06-02 08:00:00,system
476,PO2026000476,7,6,5,2026-02-26,2026-03-10,draft,,2026-02-26 08:00:00,system,2026-02-26 08:00:00,system
477,PO2026000477,10,8,3,2026-03-18,2026-03-25,partially_received,,2026-03-18 08:00:00,system,2026-03-18 08:00:00,system
478,PO2026000478,17,4,5,2026-05-03,2026-05-15,received,,2026-05-03 08:00:00,system,2026-05-03 08:00:00,system
479,PO2026000479,11,3,4,2026-04-06,2026-04-16,received,,2026-04-06 08:00:00,system,2026-04-06 08:00:00,system
480,PO2026000480,14,4,2,2026-06-12,2026-06-17,received,,2026-06-12 08:00:00,system,2026-06-12 08:00:00,system
481,PO2026000481,4,5,5,2026-04-15,2026-04-25,received,,2026-04-15 08:00:00,system,2026-04-15 08:00:00,system
482,PO2026000482,5,2,6,2026-03-10,2026-03-25,approved,,2026-03-10 08:00:00,system,2026-03-10 08:00:00,system
483,PO2026000483,21,1,8,2026-04-18,2026-05-17,received,,2026-04-18 08:00:00,system,2026-04-18 08:00:00,system
484,PO2026000484,5,1,6,2026-03-29,2026-04-15,draft,,2026-03-29 08:00:00,system,2026-03-29 08:00:00,system
485,PO2026000485,7,3,5,2026-06-02,2026-06-18,cancelled,,2026-06-02 08:00:00,system,2026-06-02 08:00:00,system
486,PO2026000486,8,6,4,2026-01-12,2026-01-25,received,,2026-01-12 08:00:00,system,2026-01-12 08:00:00,system
487,PO2026000487,23,9,6,2026-03-10,2026-03-27,received,,2026-03-10 08:00:00,system,2026-03-10 08:00:00,system
488,PO2026000488,4,5,5,2026-06-08,2026-06-19,partially_received,,2026-06-08 08:00:00,system,2026-06-08 08:00:00,system
489,PO2026000489,2,7,4,2026-04-18,2026-04-30,received,,2026-04-18 08:00:00,system,2026-04-18 08:00:00,system
490,PO2026000490,11,7,4,2026-05-29,2026-06-06,draft,,2026-05-29 08:00:00,system,2026-05-29 08:00:00,system
491,PO2026000491,14,9,2,2026-06-17,2026-06-23,cancelled,,2026-06-17 08:00:00,system,2026-06-17 08:00:00,system
492,PO2026000492,7,2,5,2026-05-27,2026-06-13,received,,2026-05-27 08:00:00,system,2026-05-27 08:00:00,system
493,PO2026000493,1,2,3,2026-05-22,2026-06-03,received,,2026-05-22 08:00:00,system,2026-05-22 08:00:00,system
494,PO2026000494,7,9,5,2026-03-20,2026-04-04,received,,2026-03-20 08:00:00,system,2026-03-20 08:00:00,system
495,PO2026000495,3,4,3,2026-01-04,2026-01-18,received,,2026-01-04 08:00:00,system,2026-01-04 08:00:00,system
496,PO2026000496,10,8,3,2026-01-10,2026-01-14,partially_received,,2026-01-10 08:00:00,system,2026-01-10 08:00:00,system
497,PO2026000497,14,1,2,2026-03-05,2026-03-14,sent,,2026-03-05 08:00:00,system,2026-03-05 08:00:00,system
498,PO2026000498,1,9,3,2026-01-27,2026-02-07,received,,2026-01-27 08:00:00,system,2026-01-27 08:00:00,system
499,PO2026000499,13,8,3,2026-06-29,2026-07-07,received,,2026-06-29 08:00:00,system,2026-06-29 08:00:00,system
500,PO2026000500,16,7,3,2026-04-14,2026-04-22,cancelled,,2026-04-14 08:00:00,system,2026-04-14 08:00:00,system
501,PO2026000501,8,7,4,2026-04-15,2026-04-29,sent,,2026-04-15 08:00:00,system,2026-04-15 08:00:00,system
502,PO2026000502,3,5,3,2026-06-07,2026-06-19,received,,2026-06-07 08:00:00,system,2026-06-07 08:00:00,system
503,PO2026000503,6,5,3,2026-05-12,2026-05-25,received,,2026-05-12 08:00:00,system,2026-05-12 08:00:00,system
504,PO2026000504,12,6,5,2026-04-09,2026-04-19,received,,2026-04-09 08:00:00,system,2026-04-09 08:00:00,system
505,PO2026000505,5,8,6,2026-03-21,2026-04-04,received,,2026-03-21 08:00:00,system,2026-03-21 08:00:00,system
506,PO2026000506,3,7,3,2026-03-25,2026-04-05,draft,,2026-03-25 08:00:00,system,2026-03-25 08:00:00,system
507,PO2026000507,2,2,4,2026-06-15,2026-06-27,draft,,2026-06-15 08:00:00,system,2026-06-15 08:00:00,system
508,PO2026000508,18,2,3,2026-06-22,2026-06-27,received,,2026-06-22 08:00:00,system,2026-06-22 08:00:00,system
509,PO2026000509,1,9,3,2026-01-04,2026-01-14,received,,2026-01-04 08:00:00,system,2026-01-04 08:00:00,system
510,PO2026000510,16,9,3,2026-06-27,2026-07-05,partially_received,,2026-06-27 08:00:00,system,2026-06-27 08:00:00,system
511,PO2026000511,5,9,6,2026-03-31,2026-04-17,received,,2026-03-31 08:00:00,system,2026-03-31 08:00:00,system
512,PO2026000512,1,3,3,2026-04-03,2026-04-15,received,,2026-04-03 08:00:00,system,2026-04-03 08:00:00,system
513,PO2026000513,17,9,5,2026-02-11,2026-02-23,partially_received,,2026-02-11 08:00:00,system,2026-02-11 08:00:00,system
514,PO2026000514,9,7,2,2026-06-30,2026-07-07,partially_received,,2026-06-30 08:00:00,system,2026-06-30 08:00:00,system
515,PO2026000515,3,4,3,2026-03-08,2026-03-20,partially_received,,2026-03-08 08:00:00,system,2026-03-08 08:00:00,system
516,PO2026000516,11,4,4,2026-02-27,2026-03-09,received,,2026-02-27 08:00:00,system,2026-02-27 08:00:00,system
517,PO2026000517,8,5,4,2026-05-15,2026-05-27,partially_received,,2026-05-15 08:00:00,system,2026-05-15 08:00:00,system
518,PO2026000518,1,6,3,2026-03-17,2026-03-24,received,,2026-03-17 08:00:00,system,2026-03-17 08:00:00,system
519,PO2026000519,3,5,3,2026-02-17,2026-03-01,received,,2026-02-17 08:00:00,system,2026-02-17 08:00:00,system
520,PO2026000520,3,6,3,2026-02-02,2026-02-12,received,,2026-02-02 08:00:00,system,2026-02-02 08:00:00,system
521,PO2026000521,8,6,4,2026-03-20,2026-04-03,received,,2026-03-20 08:00:00,system,2026-03-20 08:00:00,system
522,PO2026000522,13,3,3,2026-03-24,2026-04-02,sent,,2026-03-24 08:00:00,system,2026-03-24 08:00:00,system
523,PO2026000523,3,2,3,2026-04-02,2026-04-13,draft,,2026-04-02 08:00:00,system,2026-04-02 08:00:00,system
524,PO2026000524,2,8,4,2026-03-07,2026-03-21,received,,2026-03-07 08:00:00,system,2026-03-07 08:00:00,system
525,PO2026000525,14,6,2,2026-01-25,2026-01-31,received,,2026-01-25 08:00:00,system,2026-01-25 08:00:00,system
526,PO2026000526,8,2,4,2026-04-18,2026-04-28,cancelled,,2026-04-18 08:00:00,system,2026-04-18 08:00:00,system
527,PO2026000527,14,2,2,2026-03-04,2026-03-13,received,,2026-03-04 08:00:00,system,2026-03-04 08:00:00,system
528,PO2026000528,13,1,3,2026-02-24,2026-03-05,received,,2026-02-24 08:00:00,system,2026-02-24 08:00:00,system
529,PO2026000529,7,8,5,2026-04-17,2026-05-02,received,,2026-04-17 08:00:00,system,2026-04-17 08:00:00,system
530,PO2026000530,4,4,5,2026-01-31,2026-02-11,partially_received,,2026-01-31 08:00:00,system,2026-01-31 08:00:00,system
531,PO2026000531,6,4,3,2026-02-05,2026-02-15,partially_received,,2026-02-05 08:00:00,system,2026-02-05 08:00:00,system
532,PO2026000532,7,2,5,2026-05-12,2026-05-26,received,,2026-05-12 08:00:00,system,2026-05-12 08:00:00,system
533,PO2026000533,7,6,5,2026-04-10,2026-04-24,received,,2026-04-10 08:00:00,system,2026-04-10 08:00:00,system
534,PO2026000534,3,2,3,2026-02-03,2026-02-15,partially_received,,2026-02-03 08:00:00,system,2026-02-03 08:00:00,system
535,PO2026000535,6,3,3,2026-02-19,2026-03-01,partially_received,,2026-02-19 08:00:00,system,2026-02-19 08:00:00,system
536,PO2026000536,6,5,3,2026-03-24,2026-04-03,received,,2026-03-24 08:00:00,system,2026-03-24 08:00:00,system
537,PO2026000537,8,5,4,2026-02-22,2026-03-09,received,,2026-02-22 08:00:00,system,2026-02-22 08:00:00,system
538,PO2026000538,17,1,5,2026-02-19,2026-02-26,received,,2026-02-19 08:00:00,system,2026-02-19 08:00:00,system
539,PO2026000539,9,4,2,2026-01-23,2026-02-01,received,,2026-01-23 08:00:00,system,2026-01-23 08:00:00,system
540,PO2026000540,21,9,8,2026-06-27,2026-07-29,partially_received,,2026-06-27 08:00:00,system,2026-06-27 08:00:00,system
541,PO2026000541,3,4,3,2026-04-21,2026-05-03,partially_received,,2026-04-21 08:00:00,system,2026-04-21 08:00:00,system
542,PO2026000542,6,9,3,2026-05-06,2026-05-16,received,,2026-05-06 08:00:00,system,2026-05-06 08:00:00,system
543,PO2026000543,4,3,5,2026-02-20,2026-03-01,received,,2026-02-20 08:00:00,system,2026-02-20 08:00:00,system
544,PO2026000544,4,2,5,2026-01-17,2026-01-26,sent,,2026-01-17 08:00:00,system,2026-01-17 08:00:00,system
545,PO2026000545,2,7,4,2026-04-28,2026-05-10,received,,2026-04-28 08:00:00,system,2026-04-28 08:00:00,system
546,PO2026000546,6,6,3,2026-04-16,2026-04-25,received,,2026-04-16 08:00:00,system,2026-04-16 08:00:00,system
547,PO2026000547,7,4,5,2026-01-23,2026-02-06,partially_received,,2026-01-23 08:00:00,system,2026-01-23 08:00:00,system
548,PO2026000548,9,2,2,2026-01-06,2026-01-15,partially_received,,2026-01-06 08:00:00,system,2026-01-06 08:00:00,system
549,PO2026000549,8,9,4,2026-03-16,2026-03-26,received,,2026-03-16 08:00:00,system,2026-03-16 08:00:00,system
550,PO2026000550,1,3,3,2026-04-07,2026-04-19,approved,,2026-04-07 08:00:00,system,2026-04-07 08:00:00,system
551,PO2026000551,14,8,2,2026-03-07,2026-03-12,partially_received,,2026-03-07 08:00:00,system,2026-03-07 08:00:00,system
552,PO2026000552,18,4,3,2026-01-31,2026-02-09,received,,2026-01-31 08:00:00,system,2026-01-31 08:00:00,system
553,PO2026000553,13,7,3,2026-03-22,2026-03-25,received,,2026-03-22 08:00:00,system,2026-03-22 08:00:00,system
554,PO2026000554,5,9,6,2026-04-16,2026-05-03,received,,2026-04-16 08:00:00,system,2026-04-16 08:00:00,system
555,PO2026000555,5,8,6,2026-04-09,2026-04-23,received,,2026-04-09 08:00:00,system,2026-04-09 08:00:00,system
556,PO2026000556,10,1,3,2026-03-12,2026-03-18,received,,2026-03-12 08:00:00,system,2026-03-12 08:00:00,system
557,PO2026000557,1,1,3,2026-01-06,2026-01-14,received,,2026-01-06 08:00:00,system,2026-01-06 08:00:00,system
558,PO2026000558,7,8,5,2026-06-02,2026-06-17,received,,2026-06-02 08:00:00,system,2026-06-02 08:00:00,system
559,PO2026000559,9,1,2,2026-04-10,2026-04-19,received,,2026-04-10 08:00:00,system,2026-04-10 08:00:00,system
560,PO2026000560,10,2,3,2026-01-22,2026-01-29,received,,2026-01-22 08:00:00,system,2026-01-22 08:00:00,system
561,PO2026000561,9,3,2,2026-04-04,2026-04-11,received,,2026-04-04 08:00:00,system,2026-04-04 08:00:00,system
562,PO2026000562,8,7,4,2026-02-23,2026-03-09,received,,2026-02-23 08:00:00,system,2026-02-23 08:00:00,system
563,PO2026000563,5,6,6,2026-05-23,2026-06-09,partially_received,,2026-05-23 08:00:00,system,2026-05-23 08:00:00,system
564,PO2026000564,9,6,2,2026-01-11,2026-01-19,approved,,2026-01-11 08:00:00,system,2026-01-11 08:00:00,system
565,PO2026000565,10,4,3,2026-02-12,2026-02-19,received,,2026-02-12 08:00:00,system,2026-02-12 08:00:00,system
566,PO2026000566,1,4,3,2026-04-20,2026-05-02,received,,2026-04-20 08:00:00,system,2026-04-20 08:00:00,system
567,PO2026000567,9,5,2,2026-05-05,2026-05-13,cancelled,,2026-05-05 08:00:00,system,2026-05-05 08:00:00,system
568,PO2026000568,1,1,3,2026-06-18,2026-06-29,received,,2026-06-18 08:00:00,system,2026-06-18 08:00:00,system
569,PO2026000569,5,4,6,2026-06-27,2026-07-07,received,,2026-06-27 08:00:00,system,2026-06-27 08:00:00,system
570,PO2026000570,7,1,5,2026-03-29,2026-04-12,partially_received,,2026-03-29 08:00:00,system,2026-03-29 08:00:00,system
571,PO2026000571,2,2,4,2026-02-03,2026-02-16,received,,2026-02-03 08:00:00,system,2026-02-03 08:00:00,system
572,PO2026000572,4,4,5,2026-05-17,2026-05-27,received,,2026-05-17 08:00:00,system,2026-05-17 08:00:00,system
573,PO2026000573,4,8,5,2026-05-21,2026-05-28,cancelled,,2026-05-21 08:00:00,system,2026-05-21 08:00:00,system
574,PO2026000574,3,8,3,2026-03-07,2026-03-19,received,,2026-03-07 08:00:00,system,2026-03-07 08:00:00,system
575,PO2026000575,18,2,3,2026-01-29,2026-02-05,received,,2026-01-29 08:00:00,system,2026-01-29 08:00:00,system
576,PO2026000576,5,2,6,2026-06-30,2026-07-15,partially_received,,2026-06-30 08:00:00,system,2026-06-30 08:00:00,system
577,PO2026000577,11,8,4,2026-05-11,2026-05-21,received,,2026-05-11 08:00:00,system,2026-05-11 08:00:00,system
578,PO2026000578,2,3,4,2026-03-14,2026-03-27,received,,2026-03-14 08:00:00,system,2026-03-14 08:00:00,system
579,PO2026000579,7,2,5,2026-02-07,2026-02-20,received,,2026-02-07 08:00:00,system,2026-02-07 08:00:00,system
580,PO2026000580,16,8,3,2026-01-12,2026-01-20,sent,,2026-01-12 08:00:00,system,2026-01-12 08:00:00,system
581,PO2026000581,8,1,4,2026-02-28,2026-03-12,received,,2026-02-28 08:00:00,system,2026-02-28 08:00:00,system
582,PO2026000582,1,9,3,2026-05-28,2026-06-08,received,,2026-05-28 08:00:00,system,2026-05-28 08:00:00,system
583,PO2026000583,1,3,3,2026-04-17,2026-04-28,approved,,2026-04-17 08:00:00,system,2026-04-17 08:00:00,system
584,PO2026000584,6,6,3,2026-04-14,2026-04-25,sent,,2026-04-14 08:00:00,system,2026-04-14 08:00:00,system
585,PO2026000585,6,4,3,2026-06-08,2026-06-19,partially_received,,2026-06-08 08:00:00,system,2026-06-08 08:00:00,system
586,PO2026000586,6,1,3,2026-05-20,2026-06-01,received,,2026-05-20 08:00:00,system,2026-05-20 08:00:00,system
587,PO2026000587,3,4,3,2026-06-17,2026-06-29,partially_received,,2026-06-17 08:00:00,system,2026-06-17 08:00:00,system
588,PO2026000588,15,5,4,2026-06-27,2026-07-07,received,,2026-06-27 08:00:00,system,2026-06-27 08:00:00,system
589,PO2026000589,4,9,5,2026-01-04,2026-01-12,approved,,2026-01-04 08:00:00,system,2026-01-04 08:00:00,system
590,PO2026000590,8,2,4,2026-01-08,2026-01-18,received,,2026-01-08 08:00:00,system,2026-01-08 08:00:00,system
591,PO2026000591,6,2,3,2026-05-01,2026-05-13,partially_received,,2026-05-01 08:00:00,system,2026-05-01 08:00:00,system
592,PO2026000592,4,1,5,2026-04-22,2026-05-01,approved,,2026-04-22 08:00:00,system,2026-04-22 08:00:00,system
593,PO2026000593,1,9,3,2026-03-31,2026-04-12,approved,,2026-03-31 08:00:00,system,2026-03-31 08:00:00,system
594,PO2026000594,15,6,4,2026-01-27,2026-02-06,received,,2026-01-27 08:00:00,system,2026-01-27 08:00:00,system
595,PO2026000595,8,9,4,2026-06-05,2026-06-18,received,,2026-06-05 08:00:00,system,2026-06-05 08:00:00,system
596,PO2026000596,4,4,5,2026-01-19,2026-01-28,received,,2026-01-19 08:00:00,system,2026-01-19 08:00:00,system
597,PO2026000597,7,2,5,2026-04-25,2026-05-06,cancelled,,2026-04-25 08:00:00,system,2026-04-25 08:00:00,system
598,PO2026000598,7,9,5,2026-04-14,2026-04-30,received,,2026-04-14 08:00:00,system,2026-04-14 08:00:00,system
599,PO2026000599,8,6,4,2026-01-11,2026-01-23,received,,2026-01-11 08:00:00,system,2026-01-11 08:00:00,system
600,PO2026000600,6,7,3,2026-01-14,2026-01-25,partially_received,,2026-01-14 08:00:00,system,2026-01-14 08:00:00,system
601,PO2026000601,8,9,4,2026-02-26,2026-03-12,partially_received,,2026-02-26 08:00:00,system,2026-02-26 08:00:00,system
602,PO2026000602,7,5,5,2026-03-06,2026-03-20,approved,,2026-03-06 08:00:00,system,2026-03-06 08:00:00,system
603,PO2026000603,2,5,4,2026-06-03,2026-06-13,received,,2026-06-03 08:00:00,system,2026-06-03 08:00:00,system
604,PO2026000604,8,6,4,2026-03-18,2026-03-29,received,,2026-03-18 08:00:00,system,2026-03-18 08:00:00,system
605,PO2026000605,4,1,5,2026-03-23,2026-03-31,received,,2026-03-23 08:00:00,system,2026-03-23 08:00:00,system
606,PO2026000606,18,7,3,2026-02-01,2026-02-07,received,,2026-02-01 08:00:00,system,2026-02-01 08:00:00,system
607,PO2026000607,4,7,5,2026-01-07,2026-01-13,partially_received,,2026-01-07 08:00:00,system,2026-01-07 08:00:00,system
608,PO2026000608,8,5,4,2026-06-14,2026-06-30,received,,2026-06-14 08:00:00,system,2026-06-14 08:00:00,system
609,PO2026000609,12,9,5,2026-02-13,2026-02-24,received,,2026-02-13 08:00:00,system,2026-02-13 08:00:00,system
610,PO2026000610,7,5,5,2026-01-10,2026-01-23,received,,2026-01-10 08:00:00,system,2026-01-10 08:00:00,system
611,PO2026000611,12,5,5,2026-05-21,2026-05-31,draft,,2026-05-21 08:00:00,system,2026-05-21 08:00:00,system
612,PO2026000612,5,5,6,2026-04-24,2026-05-10,received,,2026-04-24 08:00:00,system,2026-04-24 08:00:00,system
613,PO2026000613,5,6,6,2026-02-28,2026-03-16,draft,,2026-02-28 08:00:00,system,2026-02-28 08:00:00,system
614,PO2026000614,9,9,2,2026-05-20,2026-05-27,partially_received,,2026-05-20 08:00:00,system,2026-05-20 08:00:00,system
615,PO2026000615,10,5,3,2026-06-09,2026-06-15,received,,2026-06-09 08:00:00,system,2026-06-09 08:00:00,system
616,PO2026000616,5,7,6,2026-03-11,2026-03-26,received,,2026-03-11 08:00:00,system,2026-03-11 08:00:00,system
617,PO2026000617,5,6,6,2026-06-30,2026-07-14,partially_received,,2026-06-30 08:00:00,system,2026-06-30 08:00:00,system
618,PO2026000618,12,9,5,2026-06-09,2026-06-19,partially_received,,2026-06-09 08:00:00,system,2026-06-09 08:00:00,system
619,PO2026000619,11,6,4,2026-06-23,2026-07-03,partially_received,,2026-06-23 08:00:00,system,2026-06-23 08:00:00,system
620,PO2026000620,1,1,3,2026-03-09,2026-03-18,received,,2026-03-09 08:00:00,system,2026-03-09 08:00:00,system
621,PO2026000621,2,1,4,2026-02-08,2026-02-24,received,,2026-02-08 08:00:00,system,2026-02-08 08:00:00,system
622,PO2026000622,15,8,4,2026-02-23,2026-02-28,received,,2026-02-23 08:00:00,system,2026-02-23 08:00:00,system
623,PO2026000623,18,5,3,2026-05-09,2026-05-18,received,,2026-05-09 08:00:00,system,2026-05-09 08:00:00,system
624,PO2026000624,13,1,3,2026-05-31,2026-06-08,partially_received,,2026-05-31 08:00:00,system,2026-05-31 08:00:00,system
625,PO2026000625,13,8,3,2026-04-30,2026-05-09,received,,2026-04-30 08:00:00,system,2026-04-30 08:00:00,system
626,PO2026000626,3,3,3,2026-05-20,2026-06-03,received,,2026-05-20 08:00:00,system,2026-05-20 08:00:00,system
627,PO2026000627,12,9,5,2026-06-15,2026-06-27,received,,2026-06-15 08:00:00,system,2026-06-15 08:00:00,system
628,PO2026000628,18,1,3,2026-05-08,2026-05-16,received,,2026-05-08 08:00:00,system,2026-05-08 08:00:00,system
629,PO2026000629,2,4,4,2026-05-09,2026-05-22,received,,2026-05-09 08:00:00,system,2026-05-09 08:00:00,system
630,PO2026000630,14,1,2,2026-01-21,2026-01-29,draft,,2026-01-21 08:00:00,system,2026-01-21 08:00:00,system
631,PO2026000631,14,8,2,2026-04-17,2026-04-23,received,,2026-04-17 08:00:00,system,2026-04-17 08:00:00,system
632,PO2026000632,22,2,7,2026-04-18,2026-05-13,received,,2026-04-18 08:00:00,system,2026-04-18 08:00:00,system
633,PO2026000633,7,6,5,2026-01-08,2026-01-23,partially_received,,2026-01-08 08:00:00,system,2026-01-08 08:00:00,system
634,PO2026000634,7,1,5,2026-05-30,2026-06-11,cancelled,,2026-05-30 08:00:00,system,2026-05-30 08:00:00,system
635,PO2026000635,10,1,3,2026-03-29,2026-04-07,sent,,2026-03-29 08:00:00,system,2026-03-29 08:00:00,system
636,PO2026000636,6,9,3,2026-05-27,2026-06-05,partially_received,,2026-05-27 08:00:00,system,2026-05-27 08:00:00,system
637,PO2026000637,9,6,2,2026-01-12,2026-01-19,approved,,2026-01-12 08:00:00,system,2026-01-12 08:00:00,system
638,PO2026000638,1,2,3,2026-03-24,2026-04-03,approved,,2026-03-24 08:00:00,system,2026-03-24 08:00:00,system
639,PO2026000639,7,4,5,2026-02-10,2026-02-26,received,,2026-02-10 08:00:00,system,2026-02-10 08:00:00,system
640,PO2026000640,11,7,4,2026-05-23,2026-06-02,partially_received,,2026-05-23 08:00:00,system,2026-05-23 08:00:00,system
641,PO2026000641,18,7,3,2026-03-22,2026-04-01,received,,2026-03-22 08:00:00,system,2026-03-22 08:00:00,system
642,PO2026000642,13,2,3,2026-04-03,2026-04-11,received,,2026-04-03 08:00:00,system,2026-04-03 08:00:00,system
643,PO2026000643,17,2,5,2026-03-19,2026-03-30,received,,2026-03-19 08:00:00,system,2026-03-19 08:00:00,system
644,PO2026000644,12,9,5,2026-03-02,2026-03-12,received,,2026-03-02 08:00:00,system,2026-03-02 08:00:00,system
645,PO2026000645,2,9,4,2026-04-01,2026-04-14,received,,2026-04-01 08:00:00,system,2026-04-01 08:00:00,system
646,PO2026000646,7,5,5,2026-05-24,2026-06-10,cancelled,,2026-05-24 08:00:00,system,2026-05-24 08:00:00,system
647,PO2026000647,3,2,3,2026-01-07,2026-01-19,received,,2026-01-07 08:00:00,system,2026-01-07 08:00:00,system
648,PO2026000648,12,2,5,2026-03-08,2026-03-19,sent,,2026-03-08 08:00:00,system,2026-03-08 08:00:00,system
649,PO2026000649,4,1,5,2026-05-28,2026-06-06,received,,2026-05-28 08:00:00,system,2026-05-28 08:00:00,system
650,PO2026000650,9,6,2,2026-01-01,2026-01-07,received,,2026-01-01 08:00:00,system,2026-01-01 08:00:00,system
651,PO2026000651,11,2,4,2026-06-20,2026-06-28,approved,,2026-06-20 08:00:00,system,2026-06-20 08:00:00,system
652,PO2026000652,3,1,3,2026-03-17,2026-03-29,partially_received,,2026-03-17 08:00:00,system,2026-03-17 08:00:00,system
653,PO2026000653,9,4,2,2026-03-30,2026-04-08,received,,2026-03-30 08:00:00,system,2026-03-30 08:00:00,system
654,PO2026000654,6,6,3,2026-01-18,2026-01-30,received,,2026-01-18 08:00:00,system,2026-01-18 08:00:00,system
655,PO2026000655,1,5,3,2026-01-14,2026-01-23,received,,2026-01-14 08:00:00,system,2026-01-14 08:00:00,system
656,PO2026000656,5,3,6,2026-01-01,2026-01-18,received,,2026-01-01 08:00:00,system,2026-01-01 08:00:00,system
657,PO2026000657,10,8,3,2026-02-18,2026-02-26,received,,2026-02-18 08:00:00,system,2026-02-18 08:00:00,system
658,PO2026000658,3,7,3,2026-06-16,2026-06-28,received,,2026-06-16 08:00:00,system,2026-06-16 08:00:00,system
659,PO2026000659,7,6,5,2026-02-25,2026-03-10,received,,2026-02-25 08:00:00,system,2026-02-25 08:00:00,system
660,PO2026000660,2,4,4,2026-04-02,2026-04-16,cancelled,,2026-04-02 08:00:00,system,2026-04-02 08:00:00,system
661,PO2026000661,9,5,2,2026-06-17,2026-06-27,received,,2026-06-17 08:00:00,system,2026-06-17 08:00:00,system
662,PO2026000662,7,3,5,2026-04-10,2026-04-19,received,,2026-04-10 08:00:00,system,2026-04-10 08:00:00,system
663,PO2026000663,7,3,5,2026-06-25,2026-07-09,sent,,2026-06-25 08:00:00,system,2026-06-25 08:00:00,system
664,PO2026000664,10,3,3,2026-06-04,2026-06-10,partially_received,,2026-06-04 08:00:00,system,2026-06-04 08:00:00,system
665,PO2026000665,10,2,3,2026-06-15,2026-06-23,received,,2026-06-15 08:00:00,system,2026-06-15 08:00:00,system
666,PO2026000666,10,4,3,2026-01-05,2026-01-14,sent,,2026-01-05 08:00:00,system,2026-01-05 08:00:00,system
667,PO2026000667,18,6,3,2026-04-06,2026-04-16,partially_received,,2026-04-06 08:00:00,system,2026-04-06 08:00:00,system
668,PO2026000668,5,8,6,2026-01-02,2026-01-14,partially_received,,2026-01-02 08:00:00,system,2026-01-02 08:00:00,system
669,PO2026000669,7,1,5,2026-04-21,2026-05-04,sent,,2026-04-21 08:00:00,system,2026-04-21 08:00:00,system
670,PO2026000670,7,6,5,2026-03-11,2026-03-24,partially_received,,2026-03-11 08:00:00,system,2026-03-11 08:00:00,system
671,PO2026000671,3,8,3,2026-03-09,2026-03-19,received,,2026-03-09 08:00:00,system,2026-03-09 08:00:00,system
672,PO2026000672,6,6,3,2026-03-18,2026-03-28,approved,,2026-03-18 08:00:00,system,2026-03-18 08:00:00,system
673,PO2026000673,4,5,5,2026-01-08,2026-01-15,received,,2026-01-08 08:00:00,system,2026-01-08 08:00:00,system
674,PO2026000674,5,1,6,2026-06-20,2026-07-01,received,,2026-06-20 08:00:00,system,2026-06-20 08:00:00,system
675,PO2026000675,2,4,4,2026-04-02,2026-04-17,partially_received,,2026-04-02 08:00:00,system,2026-04-02 08:00:00,system
676,PO2026000676,3,8,3,2026-05-03,2026-05-14,received,,2026-05-03 08:00:00,system,2026-05-03 08:00:00,system
677,PO2026000677,11,9,4,2026-04-15,2026-04-26,approved,,2026-04-15 08:00:00,system,2026-04-15 08:00:00,system
678,PO2026000678,12,4,5,2026-01-28,2026-02-07,received,,2026-01-28 08:00:00,system,2026-01-28 08:00:00,system
679,PO2026000679,2,5,4,2026-06-07,2026-06-23,partially_received,,2026-06-07 08:00:00,system,2026-06-07 08:00:00,system
680,PO2026000680,2,6,4,2026-02-16,2026-03-03,received,,2026-02-16 08:00:00,system,2026-02-16 08:00:00,system
681,PO2026000681,2,2,4,2026-06-18,2026-06-30,partially_received,,2026-06-18 08:00:00,system,2026-06-18 08:00:00,system
682,PO2026000682,11,3,4,2026-03-03,2026-03-10,received,,2026-03-03 08:00:00,system,2026-03-03 08:00:00,system
683,PO2026000683,15,6,4,2026-06-04,2026-06-13,received,,2026-06-04 08:00:00,system,2026-06-04 08:00:00,system
684,PO2026000684,2,5,4,2026-01-08,2026-01-21,cancelled,,2026-01-08 08:00:00,system,2026-01-08 08:00:00,system
685,PO2026000685,4,8,5,2026-05-12,2026-05-20,sent,,2026-05-12 08:00:00,system,2026-05-12 08:00:00,system
686,PO2026000686,7,9,5,2026-03-31,2026-04-15,cancelled,,2026-03-31 08:00:00,system,2026-03-31 08:00:00,system
687,PO2026000687,4,3,5,2026-02-08,2026-02-17,received,,2026-02-08 08:00:00,system,2026-02-08 08:00:00,system
688,PO2026000688,12,1,5,2026-01-09,2026-01-17,received,,2026-01-09 08:00:00,system,2026-01-09 08:00:00,system
689,PO2026000689,2,7,4,2026-04-22,2026-05-01,received,,2026-04-22 08:00:00,system,2026-04-22 08:00:00,system
690,PO2026000690,8,8,4,2026-05-04,2026-05-19,received,,2026-05-04 08:00:00,system,2026-05-04 08:00:00,system
691,PO2026000691,3,6,3,2026-01-14,2026-01-25,approved,,2026-01-14 08:00:00,system,2026-01-14 08:00:00,system
692,PO2026000692,4,9,5,2026-01-23,2026-01-30,received,,2026-01-23 08:00:00,system,2026-01-23 08:00:00,system
693,PO2026000693,4,2,5,2026-01-04,2026-01-16,received,,2026-01-04 08:00:00,system,2026-01-04 08:00:00,system
694,PO2026000694,6,2,3,2026-01-16,2026-01-28,received,,2026-01-16 08:00:00,system,2026-01-16 08:00:00,system
695,PO2026000695,2,3,4,2026-01-24,2026-02-06,received,,2026-01-24 08:00:00,system,2026-01-24 08:00:00,system
696,PO2026000696,18,8,3,2026-05-13,2026-05-21,received,,2026-05-13 08:00:00,system,2026-05-13 08:00:00,system
697,PO2026000697,9,3,2,2026-01-05,2026-01-13,approved,,2026-01-05 08:00:00,system,2026-01-05 08:00:00,system
698,PO2026000698,3,7,3,2026-03-17,2026-03-30,received,,2026-03-17 08:00:00,system,2026-03-17 08:00:00,system
699,PO2026000699,1,2,3,2026-04-16,2026-04-25,partially_received,,2026-04-16 08:00:00,system,2026-04-16 08:00:00,system
700,PO2026000700,8,1,4,2026-01-31,2026-02-14,received,,2026-01-31 08:00:00,system,2026-01-31 08:00:00,system
701,PO2026000701,5,6,6,2026-05-14,2026-05-28,partially_received,,2026-05-14 08:00:00,system,2026-05-14 08:00:00,system
702,PO2026000702,5,2,6,2026-02-20,2026-03-07,partially_received,,2026-02-20 08:00:00,system,2026-02-20 08:00:00,system
703,PO2026000703,6,5,3,2026-02-02,2026-02-12,draft,,2026-02-02 08:00:00,system,2026-02-02 08:00:00,system
704,PO2026000704,13,5,3,2026-05-06,2026-05-12,received,,2026-05-06 08:00:00,system,2026-05-06 08:00:00,system
705,PO2026000705,6,9,3,2026-04-06,2026-04-17,received,,2026-04-06 08:00:00,system,2026-04-06 08:00:00,system
706,PO2026000706,5,8,6,2026-05-13,2026-05-29,received,,2026-05-13 08:00:00,system,2026-05-13 08:00:00,system
707,PO2026000707,9,8,2,2026-01-09,2026-01-18,received,,2026-01-09 08:00:00,system,2026-01-09 08:00:00,system
708,PO2026000708,23,2,6,2026-04-23,2026-05-05,received,,2026-04-23 08:00:00,system,2026-04-23 08:00:00,system
709,PO2026000709,7,5,5,2026-04-03,2026-04-19,received,,2026-04-03 08:00:00,system,2026-04-03 08:00:00,system
710,PO2026000710,1,9,3,2026-01-16,2026-01-27,partially_received,,2026-01-16 08:00:00,system,2026-01-16 08:00:00,system
711,PO2026000711,7,9,5,2026-02-19,2026-03-05,received,,2026-02-19 08:00:00,system,2026-02-19 08:00:00,system
712,PO2026000712,7,6,5,2026-04-20,2026-05-04,partially_received,,2026-04-20 08:00:00,system,2026-04-20 08:00:00,system
713,PO2026000713,8,9,4,2026-04-18,2026-05-01,sent,,2026-04-18 08:00:00,system,2026-04-18 08:00:00,system
714,PO2026000714,12,7,5,2026-06-05,2026-06-12,cancelled,,2026-06-05 08:00:00,system,2026-06-05 08:00:00,system
715,PO2026000715,9,1,2,2026-01-01,2026-01-10,received,,2026-01-01 08:00:00,system,2026-01-01 08:00:00,system
716,PO2026000716,7,6,5,2026-04-30,2026-05-13,received,,2026-04-30 08:00:00,system,2026-04-30 08:00:00,system
717,PO2026000717,11,6,4,2026-04-07,2026-04-15,partially_received,,2026-04-07 08:00:00,system,2026-04-07 08:00:00,system
718,PO2026000718,12,1,5,2026-02-09,2026-02-16,received,,2026-02-09 08:00:00,system,2026-02-09 08:00:00,system
719,PO2026000719,7,4,5,2026-05-28,2026-06-09,partially_received,,2026-05-28 08:00:00,system,2026-05-28 08:00:00,system
720,PO2026000720,5,8,6,2026-04-24,2026-05-09,received,,2026-04-24 08:00:00,system,2026-04-24 08:00:00,system
721,PO2026000721,18,6,3,2026-01-20,2026-01-29,received,,2026-01-20 08:00:00,system,2026-01-20 08:00:00,system
722,PO2026000722,12,3,5,2026-06-21,2026-07-02,partially_received,,2026-06-21 08:00:00,system,2026-06-21 08:00:00,system
723,PO2026000723,2,4,4,2026-01-06,2026-01-22,partially_received,,2026-01-06 08:00:00,system,2026-01-06 08:00:00,system
724,PO2026000724,6,3,3,2026-06-22,2026-07-05,received,,2026-06-22 08:00:00,system,2026-06-22 08:00:00,system
725,PO2026000725,5,3,6,2026-01-22,2026-02-06,received,,2026-01-22 08:00:00,system,2026-01-22 08:00:00,system
726,PO2026000726,6,6,3,2026-06-11,2026-06-20,received,,2026-06-11 08:00:00,system,2026-06-11 08:00:00,system
727,PO2026000727,6,3,3,2026-01-16,2026-01-27,sent,,2026-01-16 08:00:00,system,2026-01-16 08:00:00,system
728,PO2026000728,1,4,3,2026-01-09,2026-01-19,partially_received,,2026-01-09 08:00:00,system,2026-01-09 08:00:00,system
729,PO2026000729,5,2,6,2026-03-28,2026-04-12,received,,2026-03-28 08:00:00,system,2026-03-28 08:00:00,system
730,PO2026000730,7,5,5,2026-02-07,2026-02-24,received,,2026-02-07 08:00:00,system,2026-02-07 08:00:00,system
731,PO2026000731,7,9,5,2026-05-03,2026-05-18,received,,2026-05-03 08:00:00,system,2026-05-03 08:00:00,system
732,PO2026000732,5,3,6,2026-05-03,2026-05-17,approved,,2026-05-03 08:00:00,system,2026-05-03 08:00:00,system
733,PO2026000733,15,9,4,2026-05-20,2026-05-24,partially_received,,2026-05-20 08:00:00,system,2026-05-20 08:00:00,system
734,PO2026000734,8,1,4,2026-06-12,2026-06-22,received,,2026-06-12 08:00:00,system,2026-06-12 08:00:00,system
735,PO2026000735,17,4,5,2026-05-31,2026-06-12,partially_received,,2026-05-31 08:00:00,system,2026-05-31 08:00:00,system
736,PO2026000736,8,6,4,2026-06-03,2026-06-16,received,,2026-06-03 08:00:00,system,2026-06-03 08:00:00,system
737,PO2026000737,18,5,3,2026-04-25,2026-05-02,received,,2026-04-25 08:00:00,system,2026-04-25 08:00:00,system
738,PO2026000738,8,3,4,2026-04-17,2026-05-01,received,,2026-04-17 08:00:00,system,2026-04-17 08:00:00,system
739,PO2026000739,8,7,4,2026-03-02,2026-03-16,received,,2026-03-02 08:00:00,system,2026-03-02 08:00:00,system
740,PO2026000740,8,8,4,2026-01-22,2026-02-05,received,,2026-01-22 08:00:00,system,2026-01-22 08:00:00,system
741,PO2026000741,7,6,5,2026-05-25,2026-06-07,received,,2026-05-25 08:00:00,system,2026-05-25 08:00:00,system
742,PO2026000742,16,8,3,2026-02-12,2026-02-20,sent,,2026-02-12 08:00:00,system,2026-02-12 08:00:00,system
743,PO2026000743,10,4,3,2026-02-24,2026-03-04,partially_received,,2026-02-24 08:00:00,system,2026-02-24 08:00:00,system
744,PO2026000744,11,3,4,2026-02-15,2026-02-24,received,,2026-02-15 08:00:00,system,2026-02-15 08:00:00,system
745,PO2026000745,1,8,3,2026-04-06,2026-04-15,received,,2026-04-06 08:00:00,system,2026-04-06 08:00:00,system
746,PO2026000746,4,4,5,2026-04-07,2026-04-16,received,,2026-04-07 08:00:00,system,2026-04-07 08:00:00,system
747,PO2026000747,15,5,4,2026-04-06,2026-04-16,received,,2026-04-06 08:00:00,system,2026-04-06 08:00:00,system
748,PO2026000748,2,2,4,2026-06-19,2026-07-02,received,,2026-06-19 08:00:00,system,2026-06-19 08:00:00,system
749,PO2026000749,16,9,3,2026-06-12,2026-06-17,draft,,2026-06-12 08:00:00,system,2026-06-12 08:00:00,system
750,PO2026000750,3,2,3,2026-05-08,2026-05-20,received,,2026-05-08 08:00:00,system,2026-05-08 08:00:00,system
751,PO2026000751,9,9,2,2026-06-17,2026-06-26,received,,2026-06-17 08:00:00,system,2026-06-17 08:00:00,system
752,PO2026000752,3,2,3,2026-01-05,2026-01-18,received,,2026-01-05 08:00:00,system,2026-01-05 08:00:00,system
753,PO2026000753,14,6,2,2026-04-25,2026-05-01,approved,,2026-04-25 08:00:00,system,2026-04-25 08:00:00,system
754,PO2026000754,7,5,5,2026-05-13,2026-05-26,partially_received,,2026-05-13 08:00:00,system,2026-05-13 08:00:00,system
755,PO2026000755,18,7,3,2026-04-11,2026-04-20,partially_received,,2026-04-11 08:00:00,system,2026-04-11 08:00:00,system
756,PO2026000756,7,4,5,2026-01-20,2026-02-04,received,,2026-01-20 08:00:00,system,2026-01-20 08:00:00,system
757,PO2026000757,3,8,3,2026-06-11,2026-06-24,approved,,2026-06-11 08:00:00,system,2026-06-11 08:00:00,system
758,PO2026000758,6,7,3,2026-03-14,2026-03-25,received,,2026-03-14 08:00:00,system,2026-03-14 08:00:00,system
759,PO2026000759,8,9,4,2026-03-01,2026-03-14,received,,2026-03-01 08:00:00,system,2026-03-01 08:00:00,system
760,PO2026000760,13,3,3,2026-05-11,2026-05-20,received,,2026-05-11 08:00:00,system,2026-05-11 08:00:00,system
761,PO2026000761,6,7,3,2026-02-05,2026-02-15,cancelled,,2026-02-05 08:00:00,system,2026-02-05 08:00:00,system
762,PO2026000762,1,5,3,2026-03-13,2026-03-23,received,,2026-03-13 08:00:00,system,2026-03-13 08:00:00,system
763,PO2026000763,1,2,3,2026-05-13,2026-05-25,received,,2026-05-13 08:00:00,system,2026-05-13 08:00:00,system
764,PO2026000764,7,2,5,2026-04-14,2026-04-28,partially_received,,2026-04-14 08:00:00,system,2026-04-14 08:00:00,system
765,PO2026000765,6,4,3,2026-05-13,2026-05-25,partially_received,,2026-05-13 08:00:00,system,2026-05-13 08:00:00,system
766,PO2026000766,9,5,2,2026-06-19,2026-06-27,received,,2026-06-19 08:00:00,system,2026-06-19 08:00:00,system
767,PO2026000767,1,3,3,2026-02-23,2026-03-06,approved,,2026-02-23 08:00:00,system,2026-02-23 08:00:00,system
768,PO2026000768,13,4,3,2026-06-14,2026-06-22,approved,,2026-06-14 08:00:00,system,2026-06-14 08:00:00,system
769,PO2026000769,14,6,2,2026-02-01,2026-02-09,received,,2026-02-01 08:00:00,system,2026-02-01 08:00:00,system
770,PO2026000770,1,9,3,2026-05-31,2026-06-10,partially_received,,2026-05-31 08:00:00,system,2026-05-31 08:00:00,system
771,PO2026000771,16,2,3,2026-04-17,2026-04-25,sent,,2026-04-17 08:00:00,system,2026-04-17 08:00:00,system
772,PO2026000772,7,5,5,2026-03-19,2026-04-04,sent,,2026-03-19 08:00:00,system,2026-03-19 08:00:00,system
773,PO2026000773,3,8,3,2026-04-22,2026-05-01,draft,,2026-04-22 08:00:00,system,2026-04-22 08:00:00,system
774,PO2026000774,13,7,3,2026-06-08,2026-06-14,partially_received,,2026-06-08 08:00:00,system,2026-06-08 08:00:00,system
775,PO2026000775,16,6,3,2026-01-28,2026-02-05,received,,2026-01-28 08:00:00,system,2026-01-28 08:00:00,system
776,PO2026000776,5,3,6,2026-03-19,2026-04-04,received,,2026-03-19 08:00:00,system,2026-03-19 08:00:00,system
777,PO2026000777,6,1,3,2026-02-22,2026-03-06,received,,2026-02-22 08:00:00,system,2026-02-22 08:00:00,system
778,PO2026000778,8,6,4,2026-02-08,2026-02-19,partially_received,,2026-02-08 08:00:00,system,2026-02-08 08:00:00,system
779,PO2026000779,8,6,4,2026-01-13,2026-01-26,received,,2026-01-13 08:00:00,system,2026-01-13 08:00:00,system
780,PO2026000780,13,6,3,2026-02-15,2026-02-23,sent,,2026-02-15 08:00:00,system,2026-02-15 08:00:00,system
781,PO2026000781,17,9,5,2026-05-16,2026-05-25,partially_received,,2026-05-16 08:00:00,system,2026-05-16 08:00:00,system
782,PO2026000782,8,6,4,2026-01-27,2026-02-06,received,,2026-01-27 08:00:00,system,2026-01-27 08:00:00,system
783,PO2026000783,4,5,5,2026-06-19,2026-06-29,received,,2026-06-19 08:00:00,system,2026-06-19 08:00:00,system
784,PO2026000784,7,5,5,2026-05-28,2026-06-11,received,,2026-05-28 08:00:00,system,2026-05-28 08:00:00,system
785,PO2026000785,15,3,4,2026-01-10,2026-01-20,received,,2026-01-10 08:00:00,system,2026-01-10 08:00:00,system
786,PO2026000786,15,8,4,2026-02-16,2026-02-23,partially_received,,2026-02-16 08:00:00,system,2026-02-16 08:00:00,system
787,PO2026000787,1,3,3,2026-05-11,2026-05-21,approved,,2026-05-11 08:00:00,system,2026-05-11 08:00:00,system
788,PO2026000788,3,4,3,2026-06-27,2026-07-08,partially_received,,2026-06-27 08:00:00,system,2026-06-27 08:00:00,system
789,PO2026000789,15,1,4,2026-04-16,2026-04-24,sent,,2026-04-16 08:00:00,system,2026-04-16 08:00:00,system
790,PO2026000790,1,8,3,2026-02-18,2026-03-01,received,,2026-02-18 08:00:00,system,2026-02-18 08:00:00,system
791,PO2026000791,5,9,6,2026-03-12,2026-03-23,partially_received,,2026-03-12 08:00:00,system,2026-03-12 08:00:00,system
792,PO2026000792,8,9,4,2026-06-24,2026-07-08,sent,,2026-06-24 08:00:00,system,2026-06-24 08:00:00,system
793,PO2026000793,8,8,4,2026-03-14,2026-03-28,received,,2026-03-14 08:00:00,system,2026-03-14 08:00:00,system
794,PO2026000794,10,5,3,2026-04-27,2026-05-03,received,,2026-04-27 08:00:00,system,2026-04-27 08:00:00,system
795,PO2026000795,14,7,2,2026-05-16,2026-05-23,received,,2026-05-16 08:00:00,system,2026-05-16 08:00:00,system
796,PO2026000796,3,5,3,2026-04-08,2026-04-20,partially_received,,2026-04-08 08:00:00,system,2026-04-08 08:00:00,system
797,PO2026000797,5,7,6,2026-03-06,2026-03-16,received,,2026-03-06 08:00:00,system,2026-03-06 08:00:00,system
798,PO2026000798,8,3,4,2026-01-05,2026-01-13,received,,2026-01-05 08:00:00,system,2026-01-05 08:00:00,system
799,PO2026000799,14,9,2,2026-05-28,2026-06-04,partially_received,,2026-05-28 08:00:00,system,2026-05-28 08:00:00,system
800,PO2026000800,1,9,3,2026-03-19,2026-03-29,received,,2026-03-19 08:00:00,system,2026-03-19 08:00:00,system
801,PO2026000801,1,9,3,2026-06-04,2026-06-15,received,,2026-06-04 08:00:00,system,2026-06-04 08:00:00,system
802,PO2026000802,15,2,4,2026-03-12,2026-03-17,approved,,2026-03-12 08:00:00,system,2026-03-12 08:00:00,system
803,PO2026000803,1,5,3,2026-05-17,2026-05-30,received,,2026-05-17 08:00:00,system,2026-05-17 08:00:00,system
804,PO2026000804,10,1,3,2026-01-20,2026-01-24,partially_received,,2026-01-20 08:00:00,system,2026-01-20 08:00:00,system
805,PO2026000805,1,5,3,2026-02-01,2026-02-09,partially_received,,2026-02-01 08:00:00,system,2026-02-01 08:00:00,system
806,PO2026000806,1,5,3,2026-05-10,2026-05-23,received,,2026-05-10 08:00:00,system,2026-05-10 08:00:00,system
807,PO2026000807,5,8,6,2026-02-07,2026-02-22,received,,2026-02-07 08:00:00,system,2026-02-07 08:00:00,system
808,PO2026000808,16,3,3,2026-06-22,2026-06-27,approved,,2026-06-22 08:00:00,system,2026-06-22 08:00:00,system
809,PO2026000809,2,4,4,2026-04-30,2026-05-14,partially_received,,2026-04-30 08:00:00,system,2026-04-30 08:00:00,system
810,PO2026000810,21,3,8,2026-02-06,2026-03-09,received,,2026-02-06 08:00:00,system,2026-02-06 08:00:00,system
811,PO2026000811,5,1,6,2026-05-26,2026-06-12,approved,,2026-05-26 08:00:00,system,2026-05-26 08:00:00,system
812,PO2026000812,6,5,3,2026-05-26,2026-06-07,draft,,2026-05-26 08:00:00,system,2026-05-26 08:00:00,system
813,PO2026000813,3,3,3,2026-01-05,2026-01-15,received,,2026-01-05 08:00:00,system,2026-01-05 08:00:00,system
814,PO2026000814,13,7,3,2026-01-20,2026-01-29,received,,2026-01-20 08:00:00,system,2026-01-20 08:00:00,system
815,PO2026000815,5,4,6,2026-04-05,2026-04-21,received,,2026-04-05 08:00:00,system,2026-04-05 08:00:00,system
816,PO2026000816,5,6,6,2026-05-17,2026-06-03,draft,,2026-05-17 08:00:00,system,2026-05-17 08:00:00,system
817,PO2026000817,8,5,4,2026-02-22,2026-03-08,draft,,2026-02-22 08:00:00,system,2026-02-22 08:00:00,system
818,PO2026000818,13,6,3,2026-03-21,2026-03-24,received,,2026-03-21 08:00:00,system,2026-03-21 08:00:00,system
819,PO2026000819,10,5,3,2026-03-20,2026-03-28,received,,2026-03-20 08:00:00,system,2026-03-20 08:00:00,system
820,PO2026000820,13,3,3,2026-05-08,2026-05-17,received,,2026-05-08 08:00:00,system,2026-05-08 08:00:00,system
821,PO2026000821,10,9,3,2026-05-13,2026-05-22,cancelled,,2026-05-13 08:00:00,system,2026-05-13 08:00:00,system
822,PO2026000822,1,6,3,2026-02-04,2026-02-14,partially_received,,2026-02-04 08:00:00,system,2026-02-04 08:00:00,system
823,PO2026000823,6,1,3,2026-06-15,2026-06-27,received,,2026-06-15 08:00:00,system,2026-06-15 08:00:00,system
824,PO2026000824,14,4,2,2026-04-07,2026-04-16,received,,2026-04-07 08:00:00,system,2026-04-07 08:00:00,system
825,PO2026000825,2,7,4,2026-05-11,2026-05-20,received,,2026-05-11 08:00:00,system,2026-05-11 08:00:00,system
826,PO2026000826,4,1,5,2026-06-05,2026-06-15,received,,2026-06-05 08:00:00,system,2026-06-05 08:00:00,system
827,PO2026000827,6,6,3,2026-05-18,2026-05-31,partially_received,,2026-05-18 08:00:00,system,2026-05-18 08:00:00,system
828,PO2026000828,11,9,4,2026-01-25,2026-01-31,partially_received,,2026-01-25 08:00:00,system,2026-01-25 08:00:00,system
829,PO2026000829,14,7,2,2026-02-10,2026-02-17,approved,,2026-02-10 08:00:00,system,2026-02-10 08:00:00,system
830,PO2026000830,1,3,3,2026-04-01,2026-04-10,cancelled,,2026-04-01 08:00:00,system,2026-04-01 08:00:00,system
831,PO2026000831,7,5,5,2026-01-07,2026-01-22,sent,,2026-01-07 08:00:00,system,2026-01-07 08:00:00,system
832,PO2026000832,4,7,5,2026-01-11,2026-01-17,received,,2026-01-11 08:00:00,system,2026-01-11 08:00:00,system
833,PO2026000833,6,5,3,2026-05-06,2026-05-17,approved,,2026-05-06 08:00:00,system,2026-05-06 08:00:00,system
834,PO2026000834,2,1,4,2026-04-18,2026-05-02,partially_received,,2026-04-18 08:00:00,system,2026-04-18 08:00:00,system
835,PO2026000835,5,6,6,2026-01-19,2026-02-02,received,,2026-01-19 08:00:00,system,2026-01-19 08:00:00,system
836,PO2026000836,16,1,3,2026-01-15,2026-01-21,approved,,2026-01-15 08:00:00,system,2026-01-15 08:00:00,system
837,PO2026000837,7,8,5,2026-04-18,2026-05-04,received,,2026-04-18 08:00:00,system,2026-04-18 08:00:00,system
838,PO2026000838,8,6,4,2026-03-02,2026-03-16,received,,2026-03-02 08:00:00,system,2026-03-02 08:00:00,system
839,PO2026000839,12,2,5,2026-02-06,2026-02-16,received,,2026-02-06 08:00:00,system,2026-02-06 08:00:00,system
840,PO2026000840,9,3,2,2026-06-12,2026-06-18,received,,2026-06-12 08:00:00,system,2026-06-12 08:00:00,system
841,PO2026000841,11,8,4,2026-05-26,2026-06-03,received,,2026-05-26 08:00:00,system,2026-05-26 08:00:00,system
842,PO2026000842,7,5,5,2026-01-20,2026-02-02,received,,2026-01-20 08:00:00,system,2026-01-20 08:00:00,system
843,PO2026000843,3,6,3,2026-03-14,2026-03-26,received,,2026-03-14 08:00:00,system,2026-03-14 08:00:00,system
844,PO2026000844,16,7,3,2026-03-24,2026-04-01,draft,,2026-03-24 08:00:00,system,2026-03-24 08:00:00,system
845,PO2026000845,5,7,6,2026-06-09,2026-06-22,partially_received,,2026-06-09 08:00:00,system,2026-06-09 08:00:00,system
846,PO2026000846,1,6,3,2026-03-07,2026-03-16,received,,2026-03-07 08:00:00,system,2026-03-07 08:00:00,system
847,PO2026000847,12,4,5,2026-05-16,2026-05-25,received,,2026-05-16 08:00:00,system,2026-05-16 08:00:00,system
848,PO2026000848,1,8,3,2026-05-23,2026-06-02,received,,2026-05-23 08:00:00,system,2026-05-23 08:00:00,system
849,PO2026000849,5,3,6,2026-06-03,2026-06-18,received,,2026-06-03 08:00:00,system,2026-06-03 08:00:00,system
850,PO2026000850,12,7,5,2026-06-28,2026-07-06,partially_received,,2026-06-28 08:00:00,system,2026-06-28 08:00:00,system
851,PO2026000851,13,1,3,2026-06-29,2026-07-04,partially_received,,2026-06-29 08:00:00,system,2026-06-29 08:00:00,system
852,PO2026000852,10,8,3,2026-05-05,2026-05-14,sent,,2026-05-05 08:00:00,system,2026-05-05 08:00:00,system
853,PO2026000853,2,4,4,2026-06-23,2026-07-06,received,,2026-06-23 08:00:00,system,2026-06-23 08:00:00,system
854,PO2026000854,11,9,4,2026-01-28,2026-02-03,received,,2026-01-28 08:00:00,system,2026-01-28 08:00:00,system
855,PO2026000855,5,2,6,2026-06-13,2026-06-30,received,,2026-06-13 08:00:00,system,2026-06-13 08:00:00,system
856,PO2026000856,4,9,5,2026-05-08,2026-05-16,cancelled,,2026-05-08 08:00:00,system,2026-05-08 08:00:00,system
857,PO2026000857,7,8,5,2026-03-16,2026-03-29,partially_received,,2026-03-16 08:00:00,system,2026-03-16 08:00:00,system
858,PO2026000858,13,2,3,2026-01-14,2026-01-19,partially_received,,2026-01-14 08:00:00,system,2026-01-14 08:00:00,system
859,PO2026000859,2,6,4,2026-05-08,2026-05-21,approved,,2026-05-08 08:00:00,system,2026-05-08 08:00:00,system
860,PO2026000860,7,7,5,2026-03-17,2026-04-02,received,,2026-03-17 08:00:00,system,2026-03-17 08:00:00,system
861,PO2026000861,1,1,3,2026-02-07,2026-02-17,partially_received,,2026-02-07 08:00:00,system,2026-02-07 08:00:00,system
862,PO2026000862,6,9,3,2026-03-13,2026-03-25,sent,,2026-03-13 08:00:00,system,2026-03-13 08:00:00,system
863,PO2026000863,3,7,3,2026-02-25,2026-03-08,partially_received,,2026-02-25 08:00:00,system,2026-02-25 08:00:00,system
864,PO2026000864,8,9,4,2026-05-25,2026-06-06,received,,2026-05-25 08:00:00,system,2026-05-25 08:00:00,system
865,PO2026000865,8,6,4,2026-05-08,2026-05-22,sent,,2026-05-08 08:00:00,system,2026-05-08 08:00:00,system
866,PO2026000866,9,8,2,2026-02-03,2026-02-12,sent,,2026-02-03 08:00:00,system,2026-02-03 08:00:00,system
867,PO2026000867,3,7,3,2026-01-22,2026-02-02,partially_received,,2026-01-22 08:00:00,system,2026-01-22 08:00:00,system
868,PO2026000868,8,2,4,2026-05-09,2026-05-20,approved,,2026-05-09 08:00:00,system,2026-05-09 08:00:00,system
869,PO2026000869,9,4,2,2026-01-24,2026-02-03,received,,2026-01-24 08:00:00,system,2026-01-24 08:00:00,system
870,PO2026000870,13,9,3,2026-06-14,2026-06-22,sent,,2026-06-14 08:00:00,system,2026-06-14 08:00:00,system
871,PO2026000871,12,8,5,2026-03-25,2026-04-04,partially_received,,2026-03-25 08:00:00,system,2026-03-25 08:00:00,system
872,PO2026000872,7,1,5,2026-05-10,2026-05-19,partially_received,,2026-05-10 08:00:00,system,2026-05-10 08:00:00,system
873,PO2026000873,11,2,4,2026-03-13,2026-03-21,sent,,2026-03-13 08:00:00,system,2026-03-13 08:00:00,system
874,PO2026000874,8,6,4,2026-05-10,2026-05-22,received,,2026-05-10 08:00:00,system,2026-05-10 08:00:00,system
875,PO2026000875,5,8,6,2026-02-28,2026-03-13,received,,2026-02-28 08:00:00,system,2026-02-28 08:00:00,system
876,PO2026000876,18,9,3,2026-03-19,2026-03-24,partially_received,,2026-03-19 08:00:00,system,2026-03-19 08:00:00,system
877,PO2026000877,5,4,6,2026-01-28,2026-02-12,sent,,2026-01-28 08:00:00,system,2026-01-28 08:00:00,system
878,PO2026000878,14,9,2,2026-04-10,2026-04-13,received,,2026-04-10 08:00:00,system,2026-04-10 08:00:00,system
879,PO2026000879,4,9,5,2026-06-08,2026-06-18,sent,,2026-06-08 08:00:00,system,2026-06-08 08:00:00,system
880,PO2026000880,11,6,4,2026-06-21,2026-06-30,received,,2026-06-21 08:00:00,system,2026-06-21 08:00:00,system
881,PO2026000881,15,7,4,2026-03-18,2026-03-27,received,,2026-03-18 08:00:00,system,2026-03-18 08:00:00,system
882,PO2026000882,1,4,3,2026-04-25,2026-05-06,sent,,2026-04-25 08:00:00,system,2026-04-25 08:00:00,system
883,PO2026000883,10,6,3,2026-03-04,2026-03-11,received,,2026-03-04 08:00:00,system,2026-03-04 08:00:00,system
884,PO2026000884,7,1,5,2026-01-07,2026-01-22,received,,2026-01-07 08:00:00,system,2026-01-07 08:00:00,system
885,PO2026000885,2,1,4,2026-03-07,2026-03-23,received,,2026-03-07 08:00:00,system,2026-03-07 08:00:00,system
886,PO2026000886,10,1,3,2026-03-27,2026-04-05,approved,,2026-03-27 08:00:00,system,2026-03-27 08:00:00,system
887,PO2026000887,9,7,2,2026-04-24,2026-05-03,received,,2026-04-24 08:00:00,system,2026-04-24 08:00:00,system
888,PO2026000888,6,7,3,2026-05-03,2026-05-15,received,,2026-05-03 08:00:00,system,2026-05-03 08:00:00,system
889,PO2026000889,1,9,3,2026-04-01,2026-04-09,received,,2026-04-01 08:00:00,system,2026-04-01 08:00:00,system
890,PO2026000890,20,7,7,2026-01-21,2026-02-20,sent,,2026-01-21 08:00:00,system,2026-01-21 08:00:00,system
891,PO2026000891,10,9,3,2026-01-16,2026-01-24,received,,2026-01-16 08:00:00,system,2026-01-16 08:00:00,system
892,PO2026000892,1,5,3,2026-02-13,2026-02-24,partially_received,,2026-02-13 08:00:00,system,2026-02-13 08:00:00,system
893,PO2026000893,4,6,5,2026-06-02,2026-06-10,received,,2026-06-02 08:00:00,system,2026-06-02 08:00:00,system
894,PO2026000894,9,6,2,2026-02-28,2026-03-07,draft,,2026-02-28 08:00:00,system,2026-02-28 08:00:00,system
895,PO2026000895,13,5,3,2026-02-14,2026-02-22,received,,2026-02-14 08:00:00,system,2026-02-14 08:00:00,system
896,PO2026000896,7,7,5,2026-02-18,2026-03-03,received,,2026-02-18 08:00:00,system,2026-02-18 08:00:00,system
897,PO2026000897,5,2,6,2026-05-07,2026-05-19,partially_received,,2026-05-07 08:00:00,system,2026-05-07 08:00:00,system
898,PO2026000898,8,7,4,2026-01-09,2026-01-23,received,,2026-01-09 08:00:00,system,2026-01-09 08:00:00,system
899,PO2026000899,17,7,5,2026-06-06,2026-06-15,received,,2026-06-06 08:00:00,system,2026-06-06 08:00:00,system
900,PO2026000900,9,6,2,2026-06-03,2026-06-12,sent,,2026-06-03 08:00:00,system,2026-06-03 08:00:00,system
901,PO2026000901,15,7,4,2026-02-05,2026-02-16,received,,2026-02-05 08:00:00,system,2026-02-05 08:00:00,system
902,PO2026000902,6,8,3,2026-04-05,2026-04-17,partially_received,,2026-04-05 08:00:00,system,2026-04-05 08:00:00,system
903,PO2026000903,12,8,5,2026-04-24,2026-05-04,partially_received,,2026-04-24 08:00:00,system,2026-04-24 08:00:00,system
904,PO2026000904,7,8,5,2026-06-02,2026-06-16,approved,,2026-06-02 08:00:00,system,2026-06-02 08:00:00,system
905,PO2026000905,10,4,3,2026-03-10,2026-03-17,approved,,2026-03-10 08:00:00,system,2026-03-10 08:00:00,system
906,PO2026000906,11,5,4,2026-05-01,2026-05-10,received,,2026-05-01 08:00:00,system,2026-05-01 08:00:00,system
907,PO2026000907,13,2,3,2026-02-12,2026-02-20,received,,2026-02-12 08:00:00,system,2026-02-12 08:00:00,system
908,PO2026000908,7,8,5,2026-06-26,2026-07-11,received,,2026-06-26 08:00:00,system,2026-06-26 08:00:00,system
909,PO2026000909,1,5,3,2026-05-05,2026-05-13,partially_received,,2026-05-05 08:00:00,system,2026-05-05 08:00:00,system
910,PO2026000910,1,2,3,2026-05-03,2026-05-16,received,,2026-05-03 08:00:00,system,2026-05-03 08:00:00,system
911,PO2026000911,1,9,3,2026-06-08,2026-06-18,received,,2026-06-08 08:00:00,system,2026-06-08 08:00:00,system
912,PO2026000912,5,5,6,2026-03-01,2026-03-16,received,,2026-03-01 08:00:00,system,2026-03-01 08:00:00,system
913,PO2026000913,16,3,3,2026-02-08,2026-02-15,approved,,2026-02-08 08:00:00,system,2026-02-08 08:00:00,system
914,PO2026000914,1,1,3,2026-02-22,2026-03-05,received,,2026-02-22 08:00:00,system,2026-02-22 08:00:00,system
915,PO2026000915,12,9,5,2026-03-02,2026-03-14,approved,,2026-03-02 08:00:00,system,2026-03-02 08:00:00,system
916,PO2026000916,13,6,3,2026-06-27,2026-07-04,received,,2026-06-27 08:00:00,system,2026-06-27 08:00:00,system
917,PO2026000917,2,1,4,2026-06-16,2026-07-01,received,,2026-06-16 08:00:00,system,2026-06-16 08:00:00,system
918,PO2026000918,12,5,5,2026-03-21,2026-03-31,received,,2026-03-21 08:00:00,system,2026-03-21 08:00:00,system
919,PO2026000919,7,5,5,2026-03-23,2026-04-05,received,,2026-03-23 08:00:00,system,2026-03-23 08:00:00,system
920,PO2026000920,1,6,3,2026-05-27,2026-06-06,approved,,2026-05-27 08:00:00,system,2026-05-27 08:00:00,system
921,PO2026000921,4,7,5,2026-05-21,2026-06-01,received,,2026-05-21 08:00:00,system,2026-05-21 08:00:00,system
922,PO2026000922,1,8,3,2026-04-24,2026-05-01,received,,2026-04-24 08:00:00,system,2026-04-24 08:00:00,system
923,PO2026000923,20,8,7,2026-01-06,2026-02-01,received,,2026-01-06 08:00:00,system,2026-01-06 08:00:00,system
924,PO2026000924,2,7,4,2026-02-10,2026-02-23,received,,2026-02-10 08:00:00,system,2026-02-10 08:00:00,system
925,PO2026000925,1,4,3,2026-02-18,2026-02-28,partially_received,,2026-02-18 08:00:00,system,2026-02-18 08:00:00,system
926,PO2026000926,4,6,5,2026-04-14,2026-04-22,partially_received,,2026-04-14 08:00:00,system,2026-04-14 08:00:00,system
927,PO2026000927,16,9,3,2026-03-20,2026-03-28,sent,,2026-03-20 08:00:00,system,2026-03-20 08:00:00,system
928,PO2026000928,17,7,5,2026-03-31,2026-04-10,received,,2026-03-31 08:00:00,system,2026-03-31 08:00:00,system
929,PO2026000929,16,4,3,2026-02-02,2026-02-10,received,,2026-02-02 08:00:00,system,2026-02-02 08:00:00,system
930,PO2026000930,7,9,5,2026-06-11,2026-06-20,received,,2026-06-11 08:00:00,system,2026-06-11 08:00:00,system
931,PO2026000931,14,3,2,2026-06-25,2026-07-03,partially_received,,2026-06-25 08:00:00,system,2026-06-25 08:00:00,system
932,PO2026000932,6,4,3,2026-06-28,2026-07-11,received,,2026-06-28 08:00:00,system,2026-06-28 08:00:00,system
933,PO2026000933,2,8,4,2026-01-22,2026-02-02,partially_received,,2026-01-22 08:00:00,system,2026-01-22 08:00:00,system
934,PO2026000934,15,8,4,2026-01-08,2026-01-17,partially_received,,2026-01-08 08:00:00,system,2026-01-08 08:00:00,system
935,PO2026000935,11,5,4,2026-04-28,2026-05-05,partially_received,,2026-04-28 08:00:00,system,2026-04-28 08:00:00,system
936,PO2026000936,4,5,5,2026-03-22,2026-03-30,partially_received,,2026-03-22 08:00:00,system,2026-03-22 08:00:00,system
937,PO2026000937,4,9,5,2026-03-05,2026-03-11,received,,2026-03-05 08:00:00,system,2026-03-05 08:00:00,system
938,PO2026000938,2,1,4,2026-03-29,2026-04-12,received,,2026-03-29 08:00:00,system,2026-03-29 08:00:00,system
939,PO2026000939,11,9,4,2026-01-24,2026-02-04,received,,2026-01-24 08:00:00,system,2026-01-24 08:00:00,system
940,PO2026000940,14,9,2,2026-02-13,2026-02-20,received,,2026-02-13 08:00:00,system,2026-02-13 08:00:00,system
941,PO2026000941,5,9,6,2026-03-17,2026-04-01,partially_received,,2026-03-17 08:00:00,system,2026-03-17 08:00:00,system
942,PO2026000942,1,7,3,2026-04-05,2026-04-14,draft,,2026-04-05 08:00:00,system,2026-04-05 08:00:00,system
943,PO2026000943,16,6,3,2026-06-19,2026-06-26,received,,2026-06-19 08:00:00,system,2026-06-19 08:00:00,system
944,PO2026000944,12,9,5,2026-02-02,2026-02-14,approved,,2026-02-02 08:00:00,system,2026-02-02 08:00:00,system
945,PO2026000945,5,1,6,2026-01-11,2026-01-27,sent,,2026-01-11 08:00:00,system,2026-01-11 08:00:00,system
946,PO2026000946,8,7,4,2026-06-25,2026-07-06,received,,2026-06-25 08:00:00,system,2026-06-25 08:00:00,system
947,PO2026000947,13,7,3,2026-04-25,2026-05-04,draft,,2026-04-25 08:00:00,system,2026-04-25 08:00:00,system
948,PO2026000948,1,6,3,2026-06-27,2026-07-04,sent,,2026-06-27 08:00:00,system,2026-06-27 08:00:00,system
949,PO2026000949,9,1,2,2026-06-25,2026-07-02,received,,2026-06-25 08:00:00,system,2026-06-25 08:00:00,system
950,PO2026000950,6,3,3,2026-06-15,2026-06-25,received,,2026-06-15 08:00:00,system,2026-06-15 08:00:00,system
951,PO2026000951,3,4,3,2026-06-10,2026-06-22,received,,2026-06-10 08:00:00,system,2026-06-10 08:00:00,system
952,PO2026000952,3,7,3,2026-04-09,2026-04-22,partially_received,,2026-04-09 08:00:00,system,2026-04-09 08:00:00,system
953,PO2026000953,10,3,3,2026-06-23,2026-06-30,received,,2026-06-23 08:00:00,system,2026-06-23 08:00:00,system
954,PO2026000954,12,3,5,2026-05-14,2026-05-25,received,,2026-05-14 08:00:00,system,2026-05-14 08:00:00,system
955,PO2026000955,4,7,5,2026-01-21,2026-01-31,received,,2026-01-21 08:00:00,system,2026-01-21 08:00:00,system
956,PO2026000956,5,9,6,2026-04-16,2026-04-29,approved,,2026-04-16 08:00:00,system,2026-04-16 08:00:00,system
957,PO2026000957,17,3,5,2026-03-06,2026-03-16,sent,,2026-03-06 08:00:00,system,2026-03-06 08:00:00,system
958,PO2026000958,9,2,2,2026-04-01,2026-04-04,partially_received,,2026-04-01 08:00:00,system,2026-04-01 08:00:00,system
959,PO2026000959,7,3,5,2026-02-13,2026-02-28,received,,2026-02-13 08:00:00,system,2026-02-13 08:00:00,system
960,PO2026000960,14,6,2,2026-05-25,2026-06-02,partially_received,,2026-05-25 08:00:00,system,2026-05-25 08:00:00,system
961,PO2026000961,12,4,5,2026-05-19,2026-05-26,received,,2026-05-19 08:00:00,system,2026-05-19 08:00:00,system
962,PO2026000962,6,4,3,2026-03-15,2026-03-25,received,,2026-03-15 08:00:00,system,2026-03-15 08:00:00,system
963,PO2026000963,13,5,3,2026-06-22,2026-07-01,partially_received,,2026-06-22 08:00:00,system,2026-06-22 08:00:00,system
964,PO2026000964,4,5,5,2026-01-19,2026-01-30,received,,2026-01-19 08:00:00,system,2026-01-19 08:00:00,system
965,PO2026000965,9,2,2,2026-02-16,2026-02-26,received,,2026-02-16 08:00:00,system,2026-02-16 08:00:00,system
966,PO2026000966,14,6,2,2026-02-20,2026-02-28,received,,2026-02-20 08:00:00,system,2026-02-20 08:00:00,system
967,PO2026000967,4,5,5,2026-06-02,2026-06-11,received,,2026-06-02 08:00:00,system,2026-06-02 08:00:00,system
968,PO2026000968,7,9,5,2026-05-12,2026-05-23,received,,2026-05-12 08:00:00,system,2026-05-12 08:00:00,system
969,PO2026000969,4,5,5,2026-06-21,2026-07-01,received,,2026-06-21 08:00:00,system,2026-06-21 08:00:00,system
970,PO2026000970,3,5,3,2026-05-02,2026-05-13,received,,2026-05-02 08:00:00,system,2026-05-02 08:00:00,system
971,PO2026000971,2,1,4,2026-04-21,2026-05-05,partially_received,,2026-04-21 08:00:00,system,2026-04-21 08:00:00,system
972,PO2026000972,16,2,3,2026-04-28,2026-05-04,received,,2026-04-28 08:00:00,system,2026-04-28 08:00:00,system
973,PO2026000973,18,4,3,2026-05-26,2026-05-31,partially_received,,2026-05-26 08:00:00,system,2026-05-26 08:00:00,system
974,PO2026000974,18,9,3,2026-06-25,2026-07-03,received,,2026-06-25 08:00:00,system,2026-06-25 08:00:00,system
975,PO2026000975,1,3,3,2026-02-07,2026-02-17,partially_received,,2026-02-07 08:00:00,system,2026-02-07 08:00:00,system
976,PO2026000976,9,1,2,2026-02-20,2026-03-01,received,,2026-02-20 08:00:00,system,2026-02-20 08:00:00,system
977,PO2026000977,12,6,5,2026-06-05,2026-06-16,sent,,2026-06-05 08:00:00,system,2026-06-05 08:00:00,system
978,PO2026000978,1,4,3,2026-01-26,2026-02-04,sent,,2026-01-26 08:00:00,system,2026-01-26 08:00:00,system
979,PO2026000979,1,7,3,2026-02-14,2026-02-23,received,,2026-02-14 08:00:00,system,2026-02-14 08:00:00,system
980,PO2026000980,6,3,3,2026-01-13,2026-01-25,received,,2026-01-13 08:00:00,system,2026-01-13 08:00:00,system
981,PO2026000981,1,1,3,2026-06-28,2026-07-09,received,,2026-06-28 08:00:00,system,2026-06-28 08:00:00,system
982,PO2026000982,11,7,4,2026-05-04,2026-05-15,sent,,2026-05-04 08:00:00,system,2026-05-04 08:00:00,system
983,PO2026000983,4,6,5,2026-02-13,2026-02-23,received,,2026-02-13 08:00:00,system,2026-02-13 08:00:00,system
984,PO2026000984,7,8,5,2026-03-23,2026-04-06,received,,2026-03-23 08:00:00,system,2026-03-23 08:00:00,system
985,PO2026000985,7,3,5,2026-01-22,2026-02-06,received,,2026-01-22 08:00:00,system,2026-01-22 08:00:00,system
986,PO2026000986,8,8,4,2026-06-08,2026-06-21,received,,2026-06-08 08:00:00,system,2026-06-08 08:00:00,system
987,PO2026000987,9,6,2,2026-01-15,2026-01-22,received,,2026-01-15 08:00:00,system,2026-01-15 08:00:00,system
988,PO2026000988,12,3,5,2026-03-03,2026-03-13,sent,,2026-03-03 08:00:00,system,2026-03-03 08:00:00,system
989,PO2026000989,6,3,3,2026-01-22,2026-01-31,partially_received,,2026-01-22 08:00:00,system,2026-01-22 08:00:00,system
990,PO2026000990,13,1,3,2026-03-20,2026-03-30,draft,,2026-03-20 08:00:00,system,2026-03-20 08:00:00,system
991,PO2026000991,10,7,3,2026-05-16,2026-05-23,cancelled,,2026-05-16 08:00:00,system,2026-05-16 08:00:00,system
992,PO2026000992,6,8,3,2026-03-26,2026-04-07,partially_received,,2026-03-26 08:00:00,system,2026-03-26 08:00:00,system
993,PO2026000993,7,4,5,2026-03-13,2026-03-28,received,,2026-03-13 08:00:00,system,2026-03-13 08:00:00,system
994,PO2026000994,6,3,3,2026-04-17,2026-04-28,cancelled,,2026-04-17 08:00:00,system,2026-04-17 08:00:00,system
995,PO2026000995,12,3,5,2026-04-29,2026-05-09,received,,2026-04-29 08:00:00,system,2026-04-29 08:00:00,system
996,PO2026000996,14,9,2,2026-05-13,2026-05-19,received,,2026-05-13 08:00:00,system,2026-05-13 08:00:00,system
997,PO2026000997,6,5,3,2026-04-14,2026-04-26,received,,2026-04-14 08:00:00,system,2026-04-14 08:00:00,system
998,PO2026000998,4,1,5,2026-01-31,2026-02-11,partially_received,,2026-01-31 08:00:00,system,2026-01-31 08:00:00,system
999,PO2026000999,13,4,3,2026-03-15,2026-03-24,received,,2026-03-15 08:00:00,system,2026-03-15 08:00:00,system
1000,PO2026001000,6,8,3,2026-06-14,2026-06-25,partially_received,,2026-06-14 08:00:00,system,2026-06-14 08:00:00,system
1001,PO2026001001,2,9,4,2026-04-28,2026-05-13,partially_received,,2026-04-28 08:00:00,system,2026-04-28 08:00:00,system
1002,PO2026001002,5,5,6,2026-06-10,2026-06-23,received,,2026-06-10 08:00:00,system,2026-06-10 08:00:00,system
1003,PO2026001003,12,8,5,2026-01-06,2026-01-17,received,,2026-01-06 08:00:00,system,2026-01-06 08:00:00,system
1004,PO2026001004,1,4,3,2026-03-22,2026-04-01,received,,2026-03-22 08:00:00,system,2026-03-22 08:00:00,system
1005,PO2026001005,9,6,2,2026-05-12,2026-05-20,sent,,2026-05-12 08:00:00,system,2026-05-12 08:00:00,system
1006,PO2026001006,7,1,5,2026-04-01,2026-04-18,approved,,2026-04-01 08:00:00,system,2026-04-01 08:00:00,system
1007,PO2026001007,8,2,4,2026-05-01,2026-05-15,cancelled,,2026-05-01 08:00:00,system,2026-05-01 08:00:00,system
1008,PO2026001008,2,2,4,2026-02-08,2026-02-23,partially_received,,2026-02-08 08:00:00,system,2026-02-08 08:00:00,system
1009,PO2026001009,17,1,5,2026-01-06,2026-01-15,sent,,2026-01-06 08:00:00,system,2026-01-06 08:00:00,system
1010,PO2026001010,2,5,4,2026-03-21,2026-04-01,received,,2026-03-21 08:00:00,system,2026-03-21 08:00:00,system
1011,PO2026001011,10,8,3,2026-04-06,2026-04-13,received,,2026-04-06 08:00:00,system,2026-04-06 08:00:00,system
1012,PO2026001012,22,2,7,2026-06-13,2026-07-08,approved,,2026-06-13 08:00:00,system,2026-06-13 08:00:00,system
1013,PO2026001013,10,3,3,2026-02-07,2026-02-16,approved,,2026-02-07 08:00:00,system,2026-02-07 08:00:00,system
1014,PO2026001014,2,3,4,2026-03-13,2026-03-28,received,,2026-03-13 08:00:00,system,2026-03-13 08:00:00,system
1015,PO2026001015,4,4,5,2026-03-23,2026-04-04,partially_received,,2026-03-23 08:00:00,system,2026-03-23 08:00:00,system
1016,PO2026001016,14,8,2,2026-05-29,2026-06-07,partially_received,,2026-05-29 08:00:00,system,2026-05-29 08:00:00,system
1017,PO2026001017,7,2,5,2026-05-06,2026-05-22,sent,,2026-05-06 08:00:00,system,2026-05-06 08:00:00,system
1018,PO2026001018,8,9,4,2026-02-21,2026-03-06,received,,2026-02-21 08:00:00,system,2026-02-21 08:00:00,system
1019,PO2026001019,10,2,3,2026-06-06,2026-06-08,sent,,2026-06-06 08:00:00,system,2026-06-06 08:00:00,system
1020,PO2026001020,4,5,5,2026-01-22,2026-01-30,received,,2026-01-22 08:00:00,system,2026-01-22 08:00:00,system
1021,PO2026001021,1,4,3,2026-04-03,2026-04-13,received,,2026-04-03 08:00:00,system,2026-04-03 08:00:00,system
1022,PO2026001022,8,1,4,2026-05-06,2026-05-19,received,,2026-05-06 08:00:00,system,2026-05-06 08:00:00,system
1023,PO2026001023,9,8,2,2026-02-06,2026-02-10,draft,,2026-02-06 08:00:00,system,2026-02-06 08:00:00,system
1024,PO2026001024,13,5,3,2026-06-30,2026-07-09,received,,2026-06-30 08:00:00,system,2026-06-30 08:00:00,system
1025,PO2026001025,8,5,4,2026-05-08,2026-05-22,received,,2026-05-08 08:00:00,system,2026-05-08 08:00:00,system
1026,PO2026001026,4,3,5,2026-01-16,2026-01-26,partially_received,,2026-01-16 08:00:00,system,2026-01-16 08:00:00,system
1027,PO2026001027,3,2,3,2026-02-11,2026-02-24,received,,2026-02-11 08:00:00,system,2026-02-11 08:00:00,system
1028,PO2026001028,4,9,5,2026-05-24,2026-06-05,received,,2026-05-24 08:00:00,system,2026-05-24 08:00:00,system
1029,PO2026001029,7,5,5,2026-06-01,2026-06-16,partially_received,,2026-06-01 08:00:00,system,2026-06-01 08:00:00,system
1030,PO2026001030,1,7,3,2026-05-25,2026-06-04,sent,,2026-05-25 08:00:00,system,2026-05-25 08:00:00,system
1031,PO2026001031,10,9,3,2026-05-31,2026-06-09,partially_received,,2026-05-31 08:00:00,system,2026-05-31 08:00:00,system
1032,PO2026001032,12,7,5,2026-01-01,2026-01-10,draft,,2026-01-01 08:00:00,system,2026-01-01 08:00:00,system
1033,PO2026001033,4,3,5,2026-03-08,2026-03-18,sent,,2026-03-08 08:00:00,system,2026-03-08 08:00:00,system
1034,PO2026001034,6,3,3,2026-06-03,2026-06-11,partially_received,,2026-06-03 08:00:00,system,2026-06-03 08:00:00,system
1035,PO2026001035,10,9,3,2026-01-21,2026-01-24,partially_received,,2026-01-21 08:00:00,system,2026-01-21 08:00:00,system
1036,PO2026001036,6,7,3,2026-02-13,2026-02-22,partially_received,,2026-02-13 08:00:00,system,2026-02-13 08:00:00,system
1037,PO2026001037,2,8,4,2026-02-13,2026-02-26,partially_received,,2026-02-13 08:00:00,system,2026-02-13 08:00:00,system
1038,PO2026001038,1,1,3,2026-03-01,2026-03-09,sent,,2026-03-01 08:00:00,system,2026-03-01 08:00:00,system
1039,PO2026001039,2,6,4,2026-05-19,2026-06-01,partially_received,,2026-05-19 08:00:00,system,2026-05-19 08:00:00,system
1040,PO2026001040,1,5,3,2026-03-18,2026-03-29,approved,,2026-03-18 08:00:00,system,2026-03-18 08:00:00,system
1041,PO2026001041,8,2,4,2026-05-17,2026-05-31,received,,2026-05-17 08:00:00,system,2026-05-17 08:00:00,system
1042,PO2026001042,8,9,4,2026-03-05,2026-03-21,sent,,2026-03-05 08:00:00,system,2026-03-05 08:00:00,system
1043,PO2026001043,5,3,6,2026-01-17,2026-02-02,sent,,2026-01-17 08:00:00,system,2026-01-17 08:00:00,system
1044,PO2026001044,9,9,2,2026-03-21,2026-03-26,partially_received,,2026-03-21 08:00:00,system,2026-03-21 08:00:00,system
1045,PO2026001045,4,6,5,2026-03-08,2026-03-17,received,,2026-03-08 08:00:00,system,2026-03-08 08:00:00,system
1046,PO2026001046,6,8,3,2026-02-04,2026-02-16,received,,2026-02-04 08:00:00,system,2026-02-04 08:00:00,system
1047,PO2026001047,12,6,5,2026-04-14,2026-04-22,received,,2026-04-14 08:00:00,system,2026-04-14 08:00:00,system
1048,PO2026001048,5,4,6,2026-02-22,2026-03-10,received,,2026-02-22 08:00:00,system,2026-02-22 08:00:00,system
1049,PO2026001049,9,4,2,2026-06-09,2026-06-18,approved,,2026-06-09 08:00:00,system,2026-06-09 08:00:00,system
1050,PO2026001050,2,6,4,2026-05-31,2026-06-13,partially_received,,2026-05-31 08:00:00,system,2026-05-31 08:00:00,system
1051,PO2026001051,1,5,3,2026-03-23,2026-03-28,received,,2026-03-23 08:00:00,system,2026-03-23 08:00:00,system
1052,PO2026001052,18,9,3,2026-01-17,2026-01-22,partially_received,,2026-01-17 08:00:00,system,2026-01-17 08:00:00,system
1053,PO2026001053,7,3,5,2026-06-03,2026-06-16,received,,2026-06-03 08:00:00,system,2026-06-03 08:00:00,system
1054,PO2026001054,10,5,3,2026-04-20,2026-04-27,received,,2026-04-20 08:00:00,system,2026-04-20 08:00:00,system
1055,PO2026001055,5,8,6,2026-06-06,2026-06-20,partially_received,,2026-06-06 08:00:00,system,2026-06-06 08:00:00,system
1056,PO2026001056,2,7,4,2026-01-05,2026-01-19,approved,,2026-01-05 08:00:00,system,2026-01-05 08:00:00,system
1057,PO2026001057,9,5,2,2026-03-24,2026-04-02,partially_received,,2026-03-24 08:00:00,system,2026-03-24 08:00:00,system
1058,PO2026001058,6,6,3,2026-05-18,2026-05-30,received,,2026-05-18 08:00:00,system,2026-05-18 08:00:00,system
1059,PO2026001059,17,2,5,2026-03-17,2026-03-27,received,,2026-03-17 08:00:00,system,2026-03-17 08:00:00,system
1060,PO2026001060,10,4,3,2026-01-26,2026-02-02,partially_received,,2026-01-26 08:00:00,system,2026-01-26 08:00:00,system
1061,PO2026001061,6,9,3,2026-02-05,2026-02-18,approved,,2026-02-05 08:00:00,system,2026-02-05 08:00:00,system
1062,PO2026001062,2,4,4,2026-03-08,2026-03-21,received,,2026-03-08 08:00:00,system,2026-03-08 08:00:00,system
1063,PO2026001063,17,4,5,2026-03-03,2026-03-14,draft,,2026-03-03 08:00:00,system,2026-03-03 08:00:00,system
1064,PO2026001064,5,1,6,2026-06-04,2026-06-20,draft,,2026-06-04 08:00:00,system,2026-06-04 08:00:00,system
1065,PO2026001065,2,6,4,2026-01-16,2026-01-29,received,,2026-01-16 08:00:00,system,2026-01-16 08:00:00,system
1066,PO2026001066,7,3,5,2026-03-24,2026-04-09,approved,,2026-03-24 08:00:00,system,2026-03-24 08:00:00,system
1067,PO2026001067,1,3,3,2026-03-09,2026-03-17,received,,2026-03-09 08:00:00,system,2026-03-09 08:00:00,system
1068,PO2026001068,16,9,3,2026-02-18,2026-02-26,received,,2026-02-18 08:00:00,system,2026-02-18 08:00:00,system
1069,PO2026001069,2,9,4,2026-01-06,2026-01-20,partially_received,,2026-01-06 08:00:00,system,2026-01-06 08:00:00,system
1070,PO2026001070,5,9,6,2026-04-12,2026-04-25,received,,2026-04-12 08:00:00,system,2026-04-12 08:00:00,system
1071,PO2026001071,18,1,3,2026-05-29,2026-06-04,draft,,2026-05-29 08:00:00,system,2026-05-29 08:00:00,system
1072,PO2026001072,8,6,4,2026-01-23,2026-02-06,partially_received,,2026-01-23 08:00:00,system,2026-01-23 08:00:00,system
1073,PO2026001073,11,4,4,2026-06-03,2026-06-13,partially_received,,2026-06-03 08:00:00,system,2026-06-03 08:00:00,system
1074,PO2026001074,5,7,6,2026-04-16,2026-05-01,received,,2026-04-16 08:00:00,system,2026-04-16 08:00:00,system
1075,PO2026001075,17,2,5,2026-05-08,2026-05-18,received,,2026-05-08 08:00:00,system,2026-05-08 08:00:00,system
1076,PO2026001076,3,1,3,2026-02-12,2026-02-26,received,,2026-02-12 08:00:00,system,2026-02-12 08:00:00,system
1077,PO2026001077,6,3,3,2026-06-21,2026-07-02,received,,2026-06-21 08:00:00,system,2026-06-21 08:00:00,system
1078,PO2026001078,15,3,4,2026-05-11,2026-05-21,received,,2026-05-11 08:00:00,system,2026-05-11 08:00:00,system
1079,PO2026001079,4,7,5,2026-01-06,2026-01-10,sent,,2026-01-06 08:00:00,system,2026-01-06 08:00:00,system
1080,PO2026001080,18,1,3,2026-05-11,2026-05-19,cancelled,,2026-05-11 08:00:00,system,2026-05-11 08:00:00,system
1081,PO2026001081,5,4,6,2026-06-20,2026-07-07,received,,2026-06-20 08:00:00,system,2026-06-20 08:00:00,system
1082,PO2026001082,1,1,3,2026-01-14,2026-01-19,partially_received,,2026-01-14 08:00:00,system,2026-01-14 08:00:00,system
1083,PO2026001083,6,3,3,2026-03-26,2026-04-06,received,,2026-03-26 08:00:00,system,2026-03-26 08:00:00,system
1084,PO2026001084,4,4,5,2026-02-17,2026-03-01,received,,2026-02-17 08:00:00,system,2026-02-17 08:00:00,system
1085,PO2026001085,8,4,4,2026-02-22,2026-03-08,partially_received,,2026-02-22 08:00:00,system,2026-02-22 08:00:00,system
1086,PO2026001086,5,3,6,2026-05-09,2026-05-23,received,,2026-05-09 08:00:00,system,2026-05-09 08:00:00,system
1087,PO2026001087,3,8,3,2026-05-28,2026-06-11,approved,,2026-05-28 08:00:00,system,2026-05-28 08:00:00,system
1088,PO2026001088,9,5,2,2026-01-25,2026-02-03,received,,2026-01-25 08:00:00,system,2026-01-25 08:00:00,system
1089,PO2026001089,4,4,5,2026-03-07,2026-03-16,partially_received,,2026-03-07 08:00:00,system,2026-03-07 08:00:00,system
1090,PO2026001090,15,5,4,2026-01-23,2026-01-29,sent,,2026-01-23 08:00:00,system,2026-01-23 08:00:00,system
1091,PO2026001091,16,9,3,2026-02-14,2026-02-22,partially_received,,2026-02-14 08:00:00,system,2026-02-14 08:00:00,system
1092,PO2026001092,5,6,6,2026-06-16,2026-07-02,received,,2026-06-16 08:00:00,system,2026-06-16 08:00:00,system
1093,PO2026001093,13,6,3,2026-02-05,2026-02-13,received,,2026-02-05 08:00:00,system,2026-02-05 08:00:00,system
1094,PO2026001094,11,7,4,2026-02-02,2026-02-11,received,,2026-02-02 08:00:00,system,2026-02-02 08:00:00,system
1095,PO2026001095,7,2,5,2026-06-03,2026-06-15,received,,2026-06-03 08:00:00,system,2026-06-03 08:00:00,system
1096,PO2026001096,1,7,3,2026-05-26,2026-06-08,received,,2026-05-26 08:00:00,system,2026-05-26 08:00:00,system
1097,PO2026001097,14,3,2,2026-06-18,2026-06-25,partially_received,,2026-06-18 08:00:00,system,2026-06-18 08:00:00,system
1098,PO2026001098,11,1,4,2026-04-04,2026-04-13,received,,2026-04-04 08:00:00,system,2026-04-04 08:00:00,system
1099,PO2026001099,6,9,3,2026-05-08,2026-05-20,received,,2026-05-08 08:00:00,system,2026-05-08 08:00:00,system
1100,PO2026001100,13,5,3,2026-06-01,2026-06-10,received,,2026-06-01 08:00:00,system,2026-06-01 08:00:00,system
1101,PO2026001101,4,3,5,2026-05-04,2026-05-12,received,,2026-05-04 08:00:00,system,2026-05-04 08:00:00,system
1102,PO2026001102,3,2,3,2026-06-29,2026-07-11,partially_received,,2026-06-29 08:00:00,system,2026-06-29 08:00:00,system
1103,PO2026001103,18,5,3,2026-06-13,2026-06-21,received,,2026-06-13 08:00:00,system,2026-06-13 08:00:00,system
1104,PO2026001104,2,8,4,2026-03-14,2026-03-28,received,,2026-03-14 08:00:00,system,2026-03-14 08:00:00,system
1105,PO2026001105,1,3,3,2026-01-16,2026-01-22,received,,2026-01-16 08:00:00,system,2026-01-16 08:00:00,system
1106,PO2026001106,1,1,3,2026-01-23,2026-02-01,sent,,2026-01-23 08:00:00,system,2026-01-23 08:00:00,system
1107,PO2026001107,15,1,4,2026-06-04,2026-06-13,received,,2026-06-04 08:00:00,system,2026-06-04 08:00:00,system
1108,PO2026001108,6,3,3,2026-02-16,2026-02-26,received,,2026-02-16 08:00:00,system,2026-02-16 08:00:00,system
1109,PO2026001109,6,1,3,2026-05-05,2026-05-12,sent,,2026-05-05 08:00:00,system,2026-05-05 08:00:00,system
1110,PO2026001110,3,8,3,2026-05-04,2026-05-18,sent,,2026-05-04 08:00:00,system,2026-05-04 08:00:00,system
1111,PO2026001111,13,4,3,2026-03-30,2026-04-07,received,,2026-03-30 08:00:00,system,2026-03-30 08:00:00,system
1112,PO2026001112,11,8,4,2026-05-20,2026-05-28,received,,2026-05-20 08:00:00,system,2026-05-20 08:00:00,system
1113,PO2026001113,8,7,4,2026-03-22,2026-04-04,received,,2026-03-22 08:00:00,system,2026-03-22 08:00:00,system
1114,PO2026001114,5,9,6,2026-03-29,2026-04-14,partially_received,,2026-03-29 08:00:00,system,2026-03-29 08:00:00,system
1115,PO2026001115,5,9,6,2026-03-19,2026-04-02,received,,2026-03-19 08:00:00,system,2026-03-19 08:00:00,system
1116,PO2026001116,9,2,2,2026-02-24,2026-02-27,received,,2026-02-24 08:00:00,system,2026-02-24 08:00:00,system
1117,PO2026001117,8,3,4,2026-02-14,2026-02-26,approved,,2026-02-14 08:00:00,system,2026-02-14 08:00:00,system
1118,PO2026001118,11,3,4,2026-06-13,2026-06-21,partially_received,,2026-06-13 08:00:00,system,2026-06-13 08:00:00,system
1119,PO2026001119,15,2,4,2026-06-16,2026-06-26,received,,2026-06-16 08:00:00,system,2026-06-16 08:00:00,system
1120,PO2026001120,3,2,3,2026-04-27,2026-05-11,received,,2026-04-27 08:00:00,system,2026-04-27 08:00:00,system
1121,PO2026001121,3,7,3,2026-01-21,2026-02-04,received,,2026-01-21 08:00:00,system,2026-01-21 08:00:00,system
1122,PO2026001122,5,8,6,2026-03-24,2026-04-07,partially_received,,2026-03-24 08:00:00,system,2026-03-24 08:00:00,system
1123,PO2026001123,4,9,5,2026-03-22,2026-04-02,received,,2026-03-22 08:00:00,system,2026-03-22 08:00:00,system
1124,PO2026001124,8,1,4,2026-06-26,2026-07-07,sent,,2026-06-26 08:00:00,system,2026-06-26 08:00:00,system
1125,PO2026001125,12,5,5,2026-03-09,2026-03-16,received,,2026-03-09 08:00:00,system,2026-03-09 08:00:00,system
1126,PO2026001126,2,6,4,2026-05-17,2026-05-27,draft,,2026-05-17 08:00:00,system,2026-05-17 08:00:00,system
1127,PO2026001127,3,4,3,2026-05-29,2026-06-12,received,,2026-05-29 08:00:00,system,2026-05-29 08:00:00,system
1128,PO2026001128,2,6,4,2026-05-18,2026-06-03,partially_received,,2026-05-18 08:00:00,system,2026-05-18 08:00:00,system
1129,PO2026001129,9,9,2,2026-01-02,2026-01-10,received,,2026-01-02 08:00:00,system,2026-01-02 08:00:00,system
1130,PO2026001130,1,7,3,2026-06-02,2026-06-07,received,,2026-06-02 08:00:00,system,2026-06-02 08:00:00,system
1131,PO2026001131,7,3,5,2026-04-16,2026-04-27,received,,2026-04-16 08:00:00,system,2026-04-16 08:00:00,system
1132,PO2026001132,13,9,3,2026-01-08,2026-01-14,partially_received,,2026-01-08 08:00:00,system,2026-01-08 08:00:00,system
1133,PO2026001133,1,1,3,2026-01-17,2026-01-27,received,,2026-01-17 08:00:00,system,2026-01-17 08:00:00,system
1134,PO2026001134,6,2,3,2026-04-15,2026-04-27,partially_received,,2026-04-15 08:00:00,system,2026-04-15 08:00:00,system
1135,PO2026001135,3,5,3,2026-02-24,2026-03-08,received,,2026-02-24 08:00:00,system,2026-02-24 08:00:00,system
1136,PO2026001136,6,5,3,2026-05-13,2026-05-24,sent,,2026-05-13 08:00:00,system,2026-05-13 08:00:00,system
1137,PO2026001137,1,4,3,2026-02-13,2026-02-24,received,,2026-02-13 08:00:00,system,2026-02-13 08:00:00,system
1138,PO2026001138,4,3,5,2026-01-14,2026-01-22,received,,2026-01-14 08:00:00,system,2026-01-14 08:00:00,system
1139,PO2026001139,3,8,3,2026-04-25,2026-05-07,partially_received,,2026-04-25 08:00:00,system,2026-04-25 08:00:00,system
1140,PO2026001140,23,3,6,2026-06-01,2026-06-20,received,,2026-06-01 08:00:00,system,2026-06-01 08:00:00,system
1141,PO2026001141,7,8,5,2026-06-09,2026-06-24,partially_received,,2026-06-09 08:00:00,system,2026-06-09 08:00:00,system
1142,PO2026001142,3,2,3,2026-03-08,2026-03-19,approved,,2026-03-08 08:00:00,system,2026-03-08 08:00:00,system
1143,PO2026001143,6,3,3,2026-01-23,2026-01-29,received,,2026-01-23 08:00:00,system,2026-01-23 08:00:00,system
1144,PO2026001144,11,7,4,2026-01-10,2026-01-20,partially_received,,2026-01-10 08:00:00,system,2026-01-10 08:00:00,system
1145,PO2026001145,1,3,3,2026-01-30,2026-02-05,approved,,2026-01-30 08:00:00,system,2026-01-30 08:00:00,system
1146,PO2026001146,12,5,5,2026-04-03,2026-04-11,received,,2026-04-03 08:00:00,system,2026-04-03 08:00:00,system
1147,PO2026001147,8,9,4,2026-05-14,2026-05-29,received,,2026-05-14 08:00:00,system,2026-05-14 08:00:00,system
1148,PO2026001148,4,2,5,2026-06-30,2026-07-08,received,,2026-06-30 08:00:00,system,2026-06-30 08:00:00,system
1149,PO2026001149,14,2,2,2026-06-05,2026-06-13,received,,2026-06-05 08:00:00,system,2026-06-05 08:00:00,system
1150,PO2026001150,10,8,3,2026-01-06,2026-01-13,received,,2026-01-06 08:00:00,system,2026-01-06 08:00:00,system
1151,PO2026001151,8,2,4,2026-06-07,2026-06-18,approved,,2026-06-07 08:00:00,system,2026-06-07 08:00:00,system
1152,PO2026001152,14,3,2,2026-02-14,2026-02-20,received,,2026-02-14 08:00:00,system,2026-02-14 08:00:00,system
1153,PO2026001153,7,3,5,2026-06-16,2026-07-02,received,,2026-06-16 08:00:00,system,2026-06-16 08:00:00,system
1154,PO2026001154,7,8,5,2026-02-04,2026-02-19,received,,2026-02-04 08:00:00,system,2026-02-04 08:00:00,system
1155,PO2026001155,9,5,2,2026-05-30,2026-06-08,received,,2026-05-30 08:00:00,system,2026-05-30 08:00:00,system
1156,PO2026001156,11,8,4,2026-04-21,2026-04-30,received,,2026-04-21 08:00:00,system,2026-04-21 08:00:00,system
1157,PO2026001157,7,4,5,2026-03-13,2026-03-25,sent,,2026-03-13 08:00:00,system,2026-03-13 08:00:00,system
1158,PO2026001158,10,4,3,2026-04-15,2026-04-20,received,,2026-04-15 08:00:00,system,2026-04-15 08:00:00,system
1159,PO2026001159,14,7,2,2026-01-14,2026-01-20,partially_received,,2026-01-14 08:00:00,system,2026-01-14 08:00:00,system
1160,PO2026001160,12,7,5,2026-04-06,2026-04-16,partially_received,,2026-04-06 08:00:00,system,2026-04-06 08:00:00,system
1161,PO2026001161,7,4,5,2026-03-21,2026-04-03,received,,2026-03-21 08:00:00,system,2026-03-21 08:00:00,system
1162,PO2026001162,3,5,3,2026-03-20,2026-03-31,received,,2026-03-20 08:00:00,system,2026-03-20 08:00:00,system
1163,PO2026001163,4,8,5,2026-02-07,2026-02-14,received,,2026-02-07 08:00:00,system,2026-02-07 08:00:00,system
1164,PO2026001164,9,3,2,2026-01-14,2026-01-24,partially_received,,2026-01-14 08:00:00,system,2026-01-14 08:00:00,system
1165,PO2026001165,18,3,3,2026-01-06,2026-01-14,received,,2026-01-06 08:00:00,system,2026-01-06 08:00:00,system
1166,PO2026001166,6,7,3,2026-02-20,2026-03-03,sent,,2026-02-20 08:00:00,system,2026-02-20 08:00:00,system
1167,PO2026001167,2,8,4,2026-03-20,2026-04-04,received,,2026-03-20 08:00:00,system,2026-03-20 08:00:00,system
1168,PO2026001168,10,7,3,2026-06-07,2026-06-14,received,,2026-06-07 08:00:00,system,2026-06-07 08:00:00,system
1169,PO2026001169,9,6,2,2026-05-13,2026-05-17,received,,2026-05-13 08:00:00,system,2026-05-13 08:00:00,system
1170,PO2026001170,2,6,4,2026-04-24,2026-05-06,received,,2026-04-24 08:00:00,system,2026-04-24 08:00:00,system
1171,PO2026001171,3,3,3,2026-05-24,2026-06-03,approved,,2026-05-24 08:00:00,system,2026-05-24 08:00:00,system
1172,PO2026001172,12,9,5,2026-06-10,2026-06-20,approved,,2026-06-10 08:00:00,system,2026-06-10 08:00:00,system
1173,PO2026001173,4,1,5,2026-04-13,2026-04-24,partially_received,,2026-04-13 08:00:00,system,2026-04-13 08:00:00,system
1174,PO2026001174,6,6,3,2026-04-16,2026-04-28,received,,2026-04-16 08:00:00,system,2026-04-16 08:00:00,system
1175,PO2026001175,11,6,4,2026-06-15,2026-06-23,received,,2026-06-15 08:00:00,system,2026-06-15 08:00:00,system
1176,PO2026001176,8,8,4,2026-05-10,2026-05-24,received,,2026-05-10 08:00:00,system,2026-05-10 08:00:00,system
1177,PO2026001177,6,8,3,2026-05-17,2026-05-29,received,,2026-05-17 08:00:00,system,2026-05-17 08:00:00,system
1178,PO2026001178,5,5,6,2026-06-21,2026-07-05,received,,2026-06-21 08:00:00,system,2026-06-21 08:00:00,system
1179,PO2026001179,2,1,4,2026-04-24,2026-05-08,cancelled,,2026-04-24 08:00:00,system,2026-04-24 08:00:00,system
1180,PO2026001180,1,2,3,2026-06-13,2026-06-21,sent,,2026-06-13 08:00:00,system,2026-06-13 08:00:00,system
1181,PO2026001181,1,3,3,2026-02-13,2026-02-20,received,,2026-02-13 08:00:00,system,2026-02-13 08:00:00,system
1182,PO2026001182,3,4,3,2026-05-13,2026-05-25,received,,2026-05-13 08:00:00,system,2026-05-13 08:00:00,system
1183,PO2026001183,15,5,4,2026-04-03,2026-04-12,received,,2026-04-03 08:00:00,system,2026-04-03 08:00:00,system
1184,PO2026001184,2,6,4,2026-02-15,2026-02-28,received,,2026-02-15 08:00:00,system,2026-02-15 08:00:00,system
1185,PO2026001185,3,1,3,2026-05-23,2026-06-02,received,,2026-05-23 08:00:00,system,2026-05-23 08:00:00,system
1186,PO2026001186,13,4,3,2026-01-23,2026-01-27,draft,,2026-01-23 08:00:00,system,2026-01-23 08:00:00,system
1187,PO2026001187,2,6,4,2026-01-09,2026-01-22,received,,2026-01-09 08:00:00,system,2026-01-09 08:00:00,system
1188,PO2026001188,15,9,4,2026-06-14,2026-06-22,received,,2026-06-14 08:00:00,system,2026-06-14 08:00:00,system
1189,PO2026001189,5,5,6,2026-03-19,2026-04-02,received,,2026-03-19 08:00:00,system,2026-03-19 08:00:00,system
1190,PO2026001190,11,8,4,2026-04-22,2026-04-29,received,,2026-04-22 08:00:00,system,2026-04-22 08:00:00,system
1191,PO2026001191,1,2,3,2026-02-21,2026-03-04,approved,,2026-02-21 08:00:00,system,2026-02-21 08:00:00,system
1192,PO2026001192,1,5,3,2026-04-16,2026-04-26,sent,,2026-04-16 08:00:00,system,2026-04-16 08:00:00,system
1193,PO2026001193,13,3,3,2026-05-10,2026-05-16,received,,2026-05-10 08:00:00,system,2026-05-10 08:00:00,system
1194,PO2026001194,13,1,3,2026-06-15,2026-06-24,sent,,2026-06-15 08:00:00,system,2026-06-15 08:00:00,system
1195,PO2026001195,12,8,5,2026-05-10,2026-05-19,partially_received,,2026-05-10 08:00:00,system,2026-05-10 08:00:00,system
1196,PO2026001196,12,3,5,2026-04-03,2026-04-14,received,,2026-04-03 08:00:00,system,2026-04-03 08:00:00,system
1197,PO2026001197,5,8,6,2026-05-19,2026-06-02,received,,2026-05-19 08:00:00,system,2026-05-19 08:00:00,system
1198,PO2026001198,12,8,5,2026-06-26,2026-07-05,draft,,2026-06-26 08:00:00,system,2026-06-26 08:00:00,system
1199,PO2026001199,2,8,4,2026-02-19,2026-03-02,draft,,2026-02-19 08:00:00,system,2026-02-19 08:00:00,system
1200,PO2026001200,13,5,3,2026-04-13,2026-04-17,partially_received,,2026-04-13 08:00:00,system,2026-04-13 08:00:00,system
1201,PO2026001201,1,5,3,2026-03-22,2026-04-02,received,,2026-03-22 08:00:00,system,2026-03-22 08:00:00,system
1202,PO2026001202,7,1,5,2026-02-05,2026-02-20,partially_received,,2026-02-05 08:00:00,system,2026-02-05 08:00:00,system
1203,PO2026001203,23,7,6,2026-05-06,2026-05-21,partially_received,,2026-05-06 08:00:00,system,2026-05-06 08:00:00,system
1204,PO2026001204,1,4,3,2026-04-01,2026-04-10,received,,2026-04-01 08:00:00,system,2026-04-01 08:00:00,system
1205,PO2026001205,7,9,5,2026-04-07,2026-04-18,partially_received,,2026-04-07 08:00:00,system,2026-04-07 08:00:00,system
1206,PO2026001206,4,5,5,2026-02-13,2026-02-22,sent,,2026-02-13 08:00:00,system,2026-02-13 08:00:00,system
1207,PO2026001207,5,8,6,2026-03-22,2026-04-04,received,,2026-03-22 08:00:00,system,2026-03-22 08:00:00,system
1208,PO2026001208,7,3,5,2026-01-08,2026-01-23,draft,,2026-01-08 08:00:00,system,2026-01-08 08:00:00,system
1209,PO2026001209,2,4,4,2026-05-30,2026-06-07,received,,2026-05-30 08:00:00,system,2026-05-30 08:00:00,system
1210,PO2026001210,6,7,3,2026-06-18,2026-06-30,partially_received,,2026-06-18 08:00:00,system,2026-06-18 08:00:00,system
1211,PO2026001211,10,2,3,2026-05-05,2026-05-12,received,,2026-05-05 08:00:00,system,2026-05-05 08:00:00,system
1212,PO2026001212,17,7,5,2026-03-03,2026-03-11,partially_received,,2026-03-03 08:00:00,system,2026-03-03 08:00:00,system
1213,PO2026001213,12,4,5,2026-06-13,2026-06-23,received,,2026-06-13 08:00:00,system,2026-06-13 08:00:00,system
1214,PO2026001214,6,4,3,2026-05-31,2026-06-07,received,,2026-05-31 08:00:00,system,2026-05-31 08:00:00,system
1215,PO2026001215,5,5,6,2026-06-16,2026-06-29,received,,2026-06-16 08:00:00,system,2026-06-16 08:00:00,system
1216,PO2026001216,10,9,3,2026-04-18,2026-04-22,draft,,2026-04-18 08:00:00,system,2026-04-18 08:00:00,system
1217,PO2026001217,6,6,3,2026-01-23,2026-02-03,partially_received,,2026-01-23 08:00:00,system,2026-01-23 08:00:00,system
1218,PO2026001218,6,9,3,2026-05-27,2026-06-09,received,,2026-05-27 08:00:00,system,2026-05-27 08:00:00,system
1219,PO2026001219,16,8,3,2026-06-08,2026-06-16,received,,2026-06-08 08:00:00,system,2026-06-08 08:00:00,system
1220,PO2026001220,14,6,2,2026-03-18,2026-03-22,partially_received,,2026-03-18 08:00:00,system,2026-03-18 08:00:00,system
1221,PO2026001221,9,5,2,2026-01-04,2026-01-12,cancelled,,2026-01-04 08:00:00,system,2026-01-04 08:00:00,system
1222,PO2026001222,5,8,6,2026-02-11,2026-02-26,cancelled,,2026-02-11 08:00:00,system,2026-02-11 08:00:00,system
1223,PO2026001223,8,6,4,2026-04-21,2026-04-30,partially_received,,2026-04-21 08:00:00,system,2026-04-21 08:00:00,system
1224,PO2026001224,11,5,4,2026-03-31,2026-04-07,sent,,2026-03-31 08:00:00,system,2026-03-31 08:00:00,system
1225,PO2026001225,2,1,4,2026-03-18,2026-04-02,received,,2026-03-18 08:00:00,system,2026-03-18 08:00:00,system
1226,PO2026001226,5,6,6,2026-05-28,2026-06-11,cancelled,,2026-05-28 08:00:00,system,2026-05-28 08:00:00,system
1227,PO2026001227,11,7,4,2026-05-09,2026-05-15,received,,2026-05-09 08:00:00,system,2026-05-09 08:00:00,system
1228,PO2026001228,7,5,5,2026-05-18,2026-06-01,received,,2026-05-18 08:00:00,system,2026-05-18 08:00:00,system
1229,PO2026001229,6,7,3,2026-01-02,2026-01-15,cancelled,,2026-01-02 08:00:00,system,2026-01-02 08:00:00,system
1230,PO2026001230,10,8,3,2026-06-15,2026-06-23,received,,2026-06-15 08:00:00,system,2026-06-15 08:00:00,system
1231,PO2026001231,12,8,5,2026-01-27,2026-02-04,approved,,2026-01-27 08:00:00,system,2026-01-27 08:00:00,system
1232,PO2026001232,1,8,3,2026-04-09,2026-04-18,draft,,2026-04-09 08:00:00,system,2026-04-09 08:00:00,system
1233,PO2026001233,8,6,4,2026-04-28,2026-05-12,received,,2026-04-28 08:00:00,system,2026-04-28 08:00:00,system
1234,PO2026001234,7,4,5,2026-03-31,2026-04-17,partially_received,,2026-03-31 08:00:00,system,2026-03-31 08:00:00,system
1235,PO2026001235,6,9,3,2026-03-31,2026-04-10,partially_received,,2026-03-31 08:00:00,system,2026-03-31 08:00:00,system
1236,PO2026001236,13,2,3,2026-05-18,2026-05-26,received,,2026-05-18 08:00:00,system,2026-05-18 08:00:00,system
1237,PO2026001237,12,7,5,2026-02-26,2026-03-10,partially_received,,2026-02-26 08:00:00,system,2026-02-26 08:00:00,system
1238,PO2026001238,4,2,5,2026-02-05,2026-02-15,sent,,2026-02-05 08:00:00,system,2026-02-05 08:00:00,system
1239,PO2026001239,4,5,5,2026-04-17,2026-04-28,partially_received,,2026-04-17 08:00:00,system,2026-04-17 08:00:00,system
1240,PO2026001240,9,2,2,2026-02-24,2026-03-05,approved,,2026-02-24 08:00:00,system,2026-02-24 08:00:00,system
1241,PO2026001241,14,1,2,2026-01-27,2026-02-03,received,,2026-01-27 08:00:00,system,2026-01-27 08:00:00,system
1242,PO2026001242,3,1,3,2026-05-22,2026-06-03,received,,2026-05-22 08:00:00,system,2026-05-22 08:00:00,system
1243,PO2026001243,11,8,4,2026-01-14,2026-01-20,received,,2026-01-14 08:00:00,system,2026-01-14 08:00:00,system
1244,PO2026001244,8,4,4,2026-04-29,2026-05-13,received,,2026-04-29 08:00:00,system,2026-04-29 08:00:00,system
1245,PO2026001245,10,3,3,2026-01-31,2026-02-07,approved,,2026-01-31 08:00:00,system,2026-01-31 08:00:00,system
1246,PO2026001246,3,1,3,2026-01-02,2026-01-14,received,,2026-01-02 08:00:00,system,2026-01-02 08:00:00,system
1247,PO2026001247,1,2,3,2026-04-26,2026-05-02,received,,2026-04-26 08:00:00,system,2026-04-26 08:00:00,system
1248,PO2026001248,12,3,5,2026-03-05,2026-03-14,received,,2026-03-05 08:00:00,system,2026-03-05 08:00:00,system
1249,PO2026001249,5,7,6,2026-04-11,2026-04-26,sent,,2026-04-11 08:00:00,system,2026-04-11 08:00:00,system
1250,PO2026001250,5,3,6,2026-01-01,2026-01-16,approved,,2026-01-01 08:00:00,system,2026-01-01 08:00:00,system
1251,PO2026001251,4,6,5,2026-04-10,2026-04-14,received,,2026-04-10 08:00:00,system,2026-04-10 08:00:00,system
1252,PO2026001252,16,9,3,2026-01-12,2026-01-21,sent,,2026-01-12 08:00:00,system,2026-01-12 08:00:00,system
1253,PO2026001253,22,8,7,2026-06-30,2026-07-22,received,,2026-06-30 08:00:00,system,2026-06-30 08:00:00,system
1254,PO2026001254,16,5,3,2026-06-17,2026-06-24,sent,,2026-06-17 08:00:00,system,2026-06-17 08:00:00,system
1255,PO2026001255,13,7,3,2026-02-26,2026-03-05,received,,2026-02-26 08:00:00,system,2026-02-26 08:00:00,system
1256,PO2026001256,1,1,3,2026-02-05,2026-02-15,partially_received,,2026-02-05 08:00:00,system,2026-02-05 08:00:00,system
1257,PO2026001257,8,8,4,2026-01-24,2026-02-05,received,,2026-01-24 08:00:00,system,2026-01-24 08:00:00,system
1258,PO2026001258,13,4,3,2026-05-15,2026-05-23,received,,2026-05-15 08:00:00,system,2026-05-15 08:00:00,system
1259,PO2026001259,8,4,4,2026-04-18,2026-04-30,approved,,2026-04-18 08:00:00,system,2026-04-18 08:00:00,system
1260,PO2026001260,11,8,4,2026-06-14,2026-06-24,partially_received,,2026-06-14 08:00:00,system,2026-06-14 08:00:00,system
1261,PO2026001261,21,5,8,2026-06-19,2026-07-22,sent,,2026-06-19 08:00:00,system,2026-06-19 08:00:00,system
1262,PO2026001262,20,6,7,2026-06-02,2026-06-29,draft,,2026-06-02 08:00:00,system,2026-06-02 08:00:00,system
1263,PO2026001263,3,3,3,2026-05-31,2026-06-12,received,,2026-05-31 08:00:00,system,2026-05-31 08:00:00,system
1264,PO2026001264,7,3,5,2026-03-19,2026-04-02,partially_received,,2026-03-19 08:00:00,system,2026-03-19 08:00:00,system
1265,PO2026001265,9,6,2,2026-05-28,2026-06-06,received,,2026-05-28 08:00:00,system,2026-05-28 08:00:00,system
1266,PO2026001266,16,1,3,2026-01-15,2026-01-22,received,,2026-01-15 08:00:00,system,2026-01-15 08:00:00,system
1267,PO2026001267,13,9,3,2026-06-25,2026-07-04,received,,2026-06-25 08:00:00,system,2026-06-25 08:00:00,system
1268,PO2026001268,8,6,4,2026-05-25,2026-06-07,sent,,2026-05-25 08:00:00,system,2026-05-25 08:00:00,system
1269,PO2026001269,1,2,3,2026-02-23,2026-03-05,sent,,2026-02-23 08:00:00,system,2026-02-23 08:00:00,system
1270,PO2026001270,10,4,3,2026-02-16,2026-02-22,partially_received,,2026-02-16 08:00:00,system,2026-02-16 08:00:00,system
1271,PO2026001271,9,3,2,2026-05-26,2026-06-03,approved,,2026-05-26 08:00:00,system,2026-05-26 08:00:00,system
1272,PO2026001272,10,8,3,2026-01-30,2026-02-06,partially_received,,2026-01-30 08:00:00,system,2026-01-30 08:00:00,system
1273,PO2026001273,2,8,4,2026-04-19,2026-05-03,approved,,2026-04-19 08:00:00,system,2026-04-19 08:00:00,system
1274,PO2026001274,10,9,3,2026-06-04,2026-06-13,draft,,2026-06-04 08:00:00,system,2026-06-04 08:00:00,system
1275,PO2026001275,1,6,3,2026-04-21,2026-05-01,sent,,2026-04-21 08:00:00,system,2026-04-21 08:00:00,system
1276,PO2026001276,5,1,6,2026-02-28,2026-03-13,partially_received,,2026-02-28 08:00:00,system,2026-02-28 08:00:00,system
1277,PO2026001277,7,1,5,2026-01-09,2026-01-19,received,,2026-01-09 08:00:00,system,2026-01-09 08:00:00,system
1278,PO2026001278,11,9,4,2026-05-19,2026-05-28,received,,2026-05-19 08:00:00,system,2026-05-19 08:00:00,system
1279,PO2026001279,8,4,4,2026-02-28,2026-03-16,received,,2026-02-28 08:00:00,system,2026-02-28 08:00:00,system
1280,PO2026001280,8,8,4,2026-03-11,2026-03-20,received,,2026-03-11 08:00:00,system,2026-03-11 08:00:00,system
1281,PO2026001281,9,7,2,2026-01-08,2026-01-16,sent,,2026-01-08 08:00:00,system,2026-01-08 08:00:00,system
1282,PO2026001282,1,9,3,2026-06-04,2026-06-15,approved,,2026-06-04 08:00:00,system,2026-06-04 08:00:00,system
1283,PO2026001283,3,9,3,2026-05-02,2026-05-16,received,,2026-05-02 08:00:00,system,2026-05-02 08:00:00,system
1284,PO2026001284,5,7,6,2026-02-10,2026-02-26,sent,,2026-02-10 08:00:00,system,2026-02-10 08:00:00,system
1285,PO2026001285,11,9,4,2026-03-12,2026-03-22,received,,2026-03-12 08:00:00,system,2026-03-12 08:00:00,system
1286,PO2026001286,2,9,4,2026-01-10,2026-01-26,received,,2026-01-10 08:00:00,system,2026-01-10 08:00:00,system
1287,PO2026001287,18,3,3,2026-04-19,2026-04-27,partially_received,,2026-04-19 08:00:00,system,2026-04-19 08:00:00,system
1288,PO2026001288,4,2,5,2026-04-28,2026-05-08,received,,2026-04-28 08:00:00,system,2026-04-28 08:00:00,system
1289,PO2026001289,4,9,5,2026-04-07,2026-04-16,partially_received,,2026-04-07 08:00:00,system,2026-04-07 08:00:00,system
1290,PO2026001290,1,3,3,2026-02-17,2026-02-27,received,,2026-02-17 08:00:00,system,2026-02-17 08:00:00,system
1291,PO2026001291,11,2,4,2026-05-31,2026-06-07,approved,,2026-05-31 08:00:00,system,2026-05-31 08:00:00,system
1292,PO2026001292,8,8,4,2026-05-05,2026-05-19,approved,,2026-05-05 08:00:00,system,2026-05-05 08:00:00,system
1293,PO2026001293,5,9,6,2026-04-15,2026-04-29,received,,2026-04-15 08:00:00,system,2026-04-15 08:00:00,system
1294,PO2026001294,7,3,5,2026-05-28,2026-06-10,approved,,2026-05-28 08:00:00,system,2026-05-28 08:00:00,system
1295,PO2026001295,3,8,3,2026-03-21,2026-04-04,received,,2026-03-21 08:00:00,system,2026-03-21 08:00:00,system
1296,PO2026001296,15,4,4,2026-06-27,2026-07-07,received,,2026-06-27 08:00:00,system,2026-06-27 08:00:00,system
1297,PO2026001297,2,4,4,2026-02-20,2026-03-06,received,,2026-02-20 08:00:00,system,2026-02-20 08:00:00,system
1298,PO2026001298,7,2,5,2026-03-12,2026-03-28,received,,2026-03-12 08:00:00,system,2026-03-12 08:00:00,system
1299,PO2026001299,10,8,3,2026-04-11,2026-04-18,received,,2026-04-11 08:00:00,system,2026-04-11 08:00:00,system
1300,PO2026001300,5,7,6,2026-01-02,2026-01-17,sent,,2026-01-02 08:00:00,system,2026-01-02 08:00:00,system
1301,PO2026001301,6,7,3,2026-02-23,2026-03-04,partially_received,,2026-02-23 08:00:00,system,2026-02-23 08:00:00,system
1302,PO2026001302,17,6,5,2026-06-03,2026-06-14,received,,2026-06-03 08:00:00,system,2026-06-03 08:00:00,system
1303,PO2026001303,15,3,4,2026-01-16,2026-01-23,sent,,2026-01-16 08:00:00,system,2026-01-16 08:00:00,system
1304,PO2026001304,8,5,4,2026-02-24,2026-03-10,sent,,2026-02-24 08:00:00,system,2026-02-24 08:00:00,system
1305,PO2026001305,2,5,4,2026-05-02,2026-05-18,approved,,2026-05-02 08:00:00,system,2026-05-02 08:00:00,system
1306,PO2026001306,3,5,3,2026-03-12,2026-03-23,received,,2026-03-12 08:00:00,system,2026-03-12 08:00:00,system
1307,PO2026001307,10,6,3,2026-03-31,2026-04-07,sent,,2026-03-31 08:00:00,system,2026-03-31 08:00:00,system
1308,PO2026001308,20,8,7,2026-03-24,2026-04-21,received,,2026-03-24 08:00:00,system,2026-03-24 08:00:00,system
1309,PO2026001309,4,2,5,2026-04-18,2026-04-29,partially_received,,2026-04-18 08:00:00,system,2026-04-18 08:00:00,system
1310,PO2026001310,14,3,2,2026-04-03,2026-04-10,received,,2026-04-03 08:00:00,system,2026-04-03 08:00:00,system
1311,PO2026001311,3,9,3,2026-04-11,2026-04-25,received,,2026-04-11 08:00:00,system,2026-04-11 08:00:00,system
1312,PO2026001312,7,6,5,2026-01-12,2026-01-25,received,,2026-01-12 08:00:00,system,2026-01-12 08:00:00,system
1313,PO2026001313,2,1,4,2026-02-26,2026-03-14,approved,,2026-02-26 08:00:00,system,2026-02-26 08:00:00,system
1314,PO2026001314,4,7,5,2026-03-14,2026-03-23,received,,2026-03-14 08:00:00,system,2026-03-14 08:00:00,system
1315,PO2026001315,7,7,5,2026-06-28,2026-07-10,approved,,2026-06-28 08:00:00,system,2026-06-28 08:00:00,system
1316,PO2026001316,12,4,5,2026-04-04,2026-04-13,received,,2026-04-04 08:00:00,system,2026-04-04 08:00:00,system
1317,PO2026001317,4,5,5,2026-05-04,2026-05-15,received,,2026-05-04 08:00:00,system,2026-05-04 08:00:00,system
1318,PO2026001318,13,7,3,2026-01-07,2026-01-14,partially_received,,2026-01-07 08:00:00,system,2026-01-07 08:00:00,system
1319,PO2026001319,14,6,2,2026-03-16,2026-03-23,received,,2026-03-16 08:00:00,system,2026-03-16 08:00:00,system
1320,PO2026001320,4,2,5,2026-05-17,2026-05-26,received,,2026-05-17 08:00:00,system,2026-05-17 08:00:00,system
1321,PO2026001321,13,3,3,2026-03-28,2026-04-06,approved,,2026-03-28 08:00:00,system,2026-03-28 08:00:00,system
1322,PO2026001322,17,6,5,2026-05-01,2026-05-11,received,,2026-05-01 08:00:00,system,2026-05-01 08:00:00,system
1323,PO2026001323,5,5,6,2026-06-30,2026-07-15,cancelled,,2026-06-30 08:00:00,system,2026-06-30 08:00:00,system
1324,PO2026001324,12,8,5,2026-03-26,2026-04-05,received,,2026-03-26 08:00:00,system,2026-03-26 08:00:00,system
1325,PO2026001325,1,3,3,2026-03-24,2026-04-04,sent,,2026-03-24 08:00:00,system,2026-03-24 08:00:00,system
1326,PO2026001326,10,2,3,2026-02-20,2026-02-24,received,,2026-02-20 08:00:00,system,2026-02-20 08:00:00,system
1327,PO2026001327,7,9,5,2026-04-23,2026-05-04,partially_received,,2026-04-23 08:00:00,system,2026-04-23 08:00:00,system
1328,PO2026001328,7,1,5,2026-02-20,2026-03-06,partially_received,,2026-02-20 08:00:00,system,2026-02-20 08:00:00,system
1329,PO2026001329,9,9,2,2026-02-28,2026-03-08,partially_received,,2026-02-28 08:00:00,system,2026-02-28 08:00:00,system
1330,PO2026001330,8,7,4,2026-04-19,2026-05-03,received,,2026-04-19 08:00:00,system,2026-04-19 08:00:00,system
1331,PO2026001331,4,7,5,2026-01-04,2026-01-12,received,,2026-01-04 08:00:00,system,2026-01-04 08:00:00,system
1332,PO2026001332,8,8,4,2026-06-09,2026-06-19,received,,2026-06-09 08:00:00,system,2026-06-09 08:00:00,system
1333,PO2026001333,9,4,2,2026-04-21,2026-04-27,received,,2026-04-21 08:00:00,system,2026-04-21 08:00:00,system
1334,PO2026001334,5,4,6,2026-06-29,2026-07-14,received,,2026-06-29 08:00:00,system,2026-06-29 08:00:00,system
1335,PO2026001335,7,5,5,2026-02-23,2026-03-10,received,,2026-02-23 08:00:00,system,2026-02-23 08:00:00,system
1336,PO2026001336,5,5,6,2026-04-27,2026-05-12,received,,2026-04-27 08:00:00,system,2026-04-27 08:00:00,system
1337,PO2026001337,3,8,3,2026-06-16,2026-06-29,partially_received,,2026-06-16 08:00:00,system,2026-06-16 08:00:00,system
1338,PO2026001338,3,7,3,2026-01-14,2026-01-28,received,,2026-01-14 08:00:00,system,2026-01-14 08:00:00,system
1339,PO2026001339,22,1,7,2026-06-20,2026-07-13,received,,2026-06-20 08:00:00,system,2026-06-20 08:00:00,system
1340,PO2026001340,3,4,3,2026-06-18,2026-06-30,partially_received,,2026-06-18 08:00:00,system,2026-06-18 08:00:00,system
1341,PO2026001341,17,8,5,2026-04-11,2026-04-22,partially_received,,2026-04-11 08:00:00,system,2026-04-11 08:00:00,system
1342,PO2026001342,3,8,3,2026-02-27,2026-03-11,received,,2026-02-27 08:00:00,system,2026-02-27 08:00:00,system
1343,PO2026001343,7,8,5,2026-01-21,2026-02-01,received,,2026-01-21 08:00:00,system,2026-01-21 08:00:00,system
1344,PO2026001344,2,3,4,2026-01-02,2026-01-15,received,,2026-01-02 08:00:00,system,2026-01-02 08:00:00,system
1345,PO2026001345,5,9,6,2026-05-24,2026-06-08,received,,2026-05-24 08:00:00,system,2026-05-24 08:00:00,system
1346,PO2026001346,1,7,3,2026-04-30,2026-05-10,partially_received,,2026-04-30 08:00:00,system,2026-04-30 08:00:00,system
1347,PO2026001347,7,2,5,2026-03-03,2026-03-14,partially_received,,2026-03-03 08:00:00,system,2026-03-03 08:00:00,system
1348,PO2026001348,13,8,3,2026-02-18,2026-02-26,received,,2026-02-18 08:00:00,system,2026-02-18 08:00:00,system
1349,PO2026001349,3,9,3,2026-04-03,2026-04-16,cancelled,,2026-04-03 08:00:00,system,2026-04-03 08:00:00,system
1350,PO2026001350,8,4,4,2026-01-19,2026-01-31,partially_received,,2026-01-19 08:00:00,system,2026-01-19 08:00:00,system
1351,PO2026001351,3,2,3,2026-01-14,2026-01-26,cancelled,,2026-01-14 08:00:00,system,2026-01-14 08:00:00,system
1352,PO2026001352,14,4,2,2026-01-17,2026-01-26,received,,2026-01-17 08:00:00,system,2026-01-17 08:00:00,system
1353,PO2026001353,15,6,4,2026-06-10,2026-06-20,received,,2026-06-10 08:00:00,system,2026-06-10 08:00:00,system
1354,PO2026001354,12,4,5,2026-03-22,2026-04-03,cancelled,,2026-03-22 08:00:00,system,2026-03-22 08:00:00,system
1355,PO2026001355,12,6,5,2026-04-16,2026-04-21,received,,2026-04-16 08:00:00,system,2026-04-16 08:00:00,system
1356,PO2026001356,6,3,3,2026-04-25,2026-05-06,received,,2026-04-25 08:00:00,system,2026-04-25 08:00:00,system
1357,PO2026001357,2,2,4,2026-03-31,2026-04-16,draft,,2026-03-31 08:00:00,system,2026-03-31 08:00:00,system
1358,PO2026001358,12,7,5,2026-03-17,2026-03-26,cancelled,,2026-03-17 08:00:00,system,2026-03-17 08:00:00,system
1359,PO2026001359,1,8,3,2026-02-14,2026-02-25,sent,,2026-02-14 08:00:00,system,2026-02-14 08:00:00,system
1360,PO2026001360,6,1,3,2026-04-29,2026-05-12,received,,2026-04-29 08:00:00,system,2026-04-29 08:00:00,system
1361,PO2026001361,11,1,4,2026-06-02,2026-06-08,received,,2026-06-02 08:00:00,system,2026-06-02 08:00:00,system
1362,PO2026001362,4,8,5,2026-02-04,2026-02-12,draft,,2026-02-04 08:00:00,system,2026-02-04 08:00:00,system
1363,PO2026001363,10,2,3,2026-02-13,2026-02-21,partially_received,,2026-02-13 08:00:00,system,2026-02-13 08:00:00,system
1364,PO2026001364,11,7,4,2026-06-06,2026-06-16,received,,2026-06-06 08:00:00,system,2026-06-06 08:00:00,system
1365,PO2026001365,7,1,5,2026-05-06,2026-05-15,received,,2026-05-06 08:00:00,system,2026-05-06 08:00:00,system
1366,PO2026001366,4,8,5,2026-05-28,2026-06-08,cancelled,,2026-05-28 08:00:00,system,2026-05-28 08:00:00,system
1367,PO2026001367,18,2,3,2026-06-23,2026-06-30,cancelled,,2026-06-23 08:00:00,system,2026-06-23 08:00:00,system
1368,PO2026001368,4,7,5,2026-06-12,2026-06-22,received,,2026-06-12 08:00:00,system,2026-06-12 08:00:00,system
1369,PO2026001369,3,2,3,2026-02-22,2026-03-06,cancelled,,2026-02-22 08:00:00,system,2026-02-22 08:00:00,system
1370,PO2026001370,4,6,5,2026-02-01,2026-02-11,draft,,2026-02-01 08:00:00,system,2026-02-01 08:00:00,system
1371,PO2026001371,17,2,5,2026-05-11,2026-05-21,sent,,2026-05-11 08:00:00,system,2026-05-11 08:00:00,system
1372,PO2026001372,4,4,5,2026-04-09,2026-04-17,sent,,2026-04-09 08:00:00,system,2026-04-09 08:00:00,system
1373,PO2026001373,6,3,3,2026-04-19,2026-04-28,received,,2026-04-19 08:00:00,system,2026-04-19 08:00:00,system
1374,PO2026001374,5,6,6,2026-05-25,2026-06-08,received,,2026-05-25 08:00:00,system,2026-05-25 08:00:00,system
1375,PO2026001375,14,5,2,2026-06-14,2026-06-19,received,,2026-06-14 08:00:00,system,2026-06-14 08:00:00,system
1376,PO2026001376,5,5,6,2026-03-05,2026-03-20,received,,2026-03-05 08:00:00,system,2026-03-05 08:00:00,system
1377,PO2026001377,1,1,3,2026-01-05,2026-01-16,cancelled,,2026-01-05 08:00:00,system,2026-01-05 08:00:00,system
1378,PO2026001378,6,5,3,2026-06-11,2026-06-24,received,,2026-06-11 08:00:00,system,2026-06-11 08:00:00,system
1379,PO2026001379,1,1,3,2026-01-11,2026-01-21,sent,,2026-01-11 08:00:00,system,2026-01-11 08:00:00,system
1380,PO2026001380,2,8,4,2026-02-28,2026-03-13,received,,2026-02-28 08:00:00,system,2026-02-28 08:00:00,system
1381,PO2026001381,13,1,3,2026-06-13,2026-06-20,partially_received,,2026-06-13 08:00:00,system,2026-06-13 08:00:00,system
1382,PO2026001382,6,3,3,2026-05-21,2026-06-01,received,,2026-05-21 08:00:00,system,2026-05-21 08:00:00,system
1383,PO2026001383,2,1,4,2026-02-25,2026-03-11,partially_received,,2026-02-25 08:00:00,system,2026-02-25 08:00:00,system
1384,PO2026001384,6,7,3,2026-04-01,2026-04-11,received,,2026-04-01 08:00:00,system,2026-04-01 08:00:00,system
1385,PO2026001385,18,7,3,2026-04-23,2026-04-30,sent,,2026-04-23 08:00:00,system,2026-04-23 08:00:00,system
1386,PO2026001386,2,2,4,2026-03-17,2026-04-02,received,,2026-03-17 08:00:00,system,2026-03-17 08:00:00,system
1387,PO2026001387,6,9,3,2026-04-30,2026-05-13,sent,,2026-04-30 08:00:00,system,2026-04-30 08:00:00,system
1388,PO2026001388,12,7,5,2026-03-25,2026-04-03,sent,,2026-03-25 08:00:00,system,2026-03-25 08:00:00,system
1389,PO2026001389,4,5,5,2026-02-12,2026-02-23,received,,2026-02-12 08:00:00,system,2026-02-12 08:00:00,system
1390,PO2026001390,10,4,3,2026-06-25,2026-07-02,received,,2026-06-25 08:00:00,system,2026-06-25 08:00:00,system
1391,PO2026001391,11,7,4,2026-04-25,2026-05-04,partially_received,,2026-04-25 08:00:00,system,2026-04-25 08:00:00,system
1392,PO2026001392,13,3,3,2026-03-18,2026-03-26,received,,2026-03-18 08:00:00,system,2026-03-18 08:00:00,system
1393,PO2026001393,3,3,3,2026-02-26,2026-03-11,received,,2026-02-26 08:00:00,system,2026-02-26 08:00:00,system
1394,PO2026001394,6,4,3,2026-02-01,2026-02-09,received,,2026-02-01 08:00:00,system,2026-02-01 08:00:00,system
1395,PO2026001395,6,2,3,2026-04-18,2026-04-30,partially_received,,2026-04-18 08:00:00,system,2026-04-18 08:00:00,system
1396,PO2026001396,4,7,5,2026-06-01,2026-06-09,received,,2026-06-01 08:00:00,system,2026-06-01 08:00:00,system
1397,PO2026001397,2,6,4,2026-06-12,2026-06-28,received,,2026-06-12 08:00:00,system,2026-06-12 08:00:00,system
1398,PO2026001398,7,8,5,2026-03-14,2026-03-28,approved,,2026-03-14 08:00:00,system,2026-03-14 08:00:00,system
1399,PO2026001399,8,8,4,2026-01-31,2026-02-13,partially_received,,2026-01-31 08:00:00,system,2026-01-31 08:00:00,system
1400,PO2026001400,2,8,4,2026-02-14,2026-03-02,received,,2026-02-14 08:00:00,system,2026-02-14 08:00:00,system
1401,PO2026001401,15,4,4,2026-05-25,2026-06-04,approved,,2026-05-25 08:00:00,system,2026-05-25 08:00:00,system
1402,PO2026001402,8,3,4,2026-01-05,2026-01-17,received,,2026-01-05 08:00:00,system,2026-01-05 08:00:00,system
1403,PO2026001403,11,6,4,2026-06-17,2026-06-26,received,,2026-06-17 08:00:00,system,2026-06-17 08:00:00,system
1404,PO2026001404,2,2,4,2026-01-15,2026-01-28,received,,2026-01-15 08:00:00,system,2026-01-15 08:00:00,system
1405,PO2026001405,12,6,5,2026-04-07,2026-04-16,cancelled,,2026-04-07 08:00:00,system,2026-04-07 08:00:00,system
1406,PO2026001406,2,4,4,2026-02-22,2026-03-05,received,,2026-02-22 08:00:00,system,2026-02-22 08:00:00,system
1407,PO2026001407,13,6,3,2026-05-13,2026-05-22,approved,,2026-05-13 08:00:00,system,2026-05-13 08:00:00,system
1408,PO2026001408,10,7,3,2026-04-17,2026-04-23,received,,2026-04-17 08:00:00,system,2026-04-17 08:00:00,system
1409,PO2026001409,3,3,3,2026-01-16,2026-01-25,received,,2026-01-16 08:00:00,system,2026-01-16 08:00:00,system
1410,PO2026001410,11,2,4,2026-01-19,2026-01-30,received,,2026-01-19 08:00:00,system,2026-01-19 08:00:00,system
1411,PO2026001411,6,5,3,2026-05-14,2026-05-23,received,,2026-05-14 08:00:00,system,2026-05-14 08:00:00,system
1412,PO2026001412,11,7,4,2026-03-14,2026-03-23,received,,2026-03-14 08:00:00,system,2026-03-14 08:00:00,system
1413,PO2026001413,5,7,6,2026-01-06,2026-01-24,sent,,2026-01-06 08:00:00,system,2026-01-06 08:00:00,system
1414,PO2026001414,14,5,2,2026-05-27,2026-06-03,received,,2026-05-27 08:00:00,system,2026-05-27 08:00:00,system
1415,PO2026001415,8,4,4,2026-01-14,2026-01-25,received,,2026-01-14 08:00:00,system,2026-01-14 08:00:00,system
1416,PO2026001416,1,5,3,2026-05-07,2026-05-17,sent,,2026-05-07 08:00:00,system,2026-05-07 08:00:00,system
1417,PO2026001417,1,9,3,2026-02-21,2026-03-04,received,,2026-02-21 08:00:00,system,2026-02-21 08:00:00,system
1418,PO2026001418,14,2,2,2026-03-03,2026-03-11,received,,2026-03-03 08:00:00,system,2026-03-03 08:00:00,system
1419,PO2026001419,7,2,5,2026-05-16,2026-05-26,sent,,2026-05-16 08:00:00,system,2026-05-16 08:00:00,system
1420,PO2026001420,14,8,2,2026-03-27,2026-04-05,partially_received,,2026-03-27 08:00:00,system,2026-03-27 08:00:00,system
1421,PO2026001421,10,4,3,2026-04-12,2026-04-19,partially_received,,2026-04-12 08:00:00,system,2026-04-12 08:00:00,system
1422,PO2026001422,4,8,5,2026-05-12,2026-05-22,received,,2026-05-12 08:00:00,system,2026-05-12 08:00:00,system
1423,PO2026001423,2,3,4,2026-06-15,2026-06-29,received,,2026-06-15 08:00:00,system,2026-06-15 08:00:00,system
1424,PO2026001424,1,4,3,2026-01-04,2026-01-16,received,,2026-01-04 08:00:00,system,2026-01-04 08:00:00,system
1425,PO2026001425,2,5,4,2026-03-25,2026-04-10,received,,2026-03-25 08:00:00,system,2026-03-25 08:00:00,system
1426,PO2026001426,3,4,3,2026-01-22,2026-02-02,received,,2026-01-22 08:00:00,system,2026-01-22 08:00:00,system
1427,PO2026001427,2,7,4,2026-01-31,2026-02-13,received,,2026-01-31 08:00:00,system,2026-01-31 08:00:00,system
1428,PO2026001428,3,3,3,2026-02-06,2026-02-17,received,,2026-02-06 08:00:00,system,2026-02-06 08:00:00,system
1429,PO2026001429,13,1,3,2026-02-11,2026-02-19,received,,2026-02-11 08:00:00,system,2026-02-11 08:00:00,system
1430,PO2026001430,4,2,5,2026-05-07,2026-05-17,received,,2026-05-07 08:00:00,system,2026-05-07 08:00:00,system
1431,PO2026001431,7,1,5,2026-05-17,2026-05-29,received,,2026-05-17 08:00:00,system,2026-05-17 08:00:00,system
1432,PO2026001432,14,7,2,2026-03-28,2026-04-02,cancelled,,2026-03-28 08:00:00,system,2026-03-28 08:00:00,system
1433,PO2026001433,14,3,2,2026-02-15,2026-02-23,sent,,2026-02-15 08:00:00,system,2026-02-15 08:00:00,system
1434,PO2026001434,3,2,3,2026-01-10,2026-01-23,received,,2026-01-10 08:00:00,system,2026-01-10 08:00:00,system
1435,PO2026001435,2,6,4,2026-05-18,2026-05-30,cancelled,,2026-05-18 08:00:00,system,2026-05-18 08:00:00,system
1436,PO2026001436,8,5,4,2026-04-06,2026-04-19,received,,2026-04-06 08:00:00,system,2026-04-06 08:00:00,system
1437,PO2026001437,2,8,4,2026-04-08,2026-04-17,received,,2026-04-08 08:00:00,system,2026-04-08 08:00:00,system
1438,PO2026001438,20,4,7,2026-06-21,2026-07-20,received,,2026-06-21 08:00:00,system,2026-06-21 08:00:00,system
1439,PO2026001439,7,6,5,2026-06-12,2026-06-25,received,,2026-06-12 08:00:00,system,2026-06-12 08:00:00,system
1440,PO2026001440,3,7,3,2026-03-08,2026-03-18,partially_received,,2026-03-08 08:00:00,system,2026-03-08 08:00:00,system
1441,PO2026001441,5,7,6,2026-04-06,2026-04-21,partially_received,,2026-04-06 08:00:00,system,2026-04-06 08:00:00,system
1442,PO2026001442,5,6,6,2026-05-02,2026-05-16,sent,,2026-05-02 08:00:00,system,2026-05-02 08:00:00,system
1443,PO2026001443,4,6,5,2026-04-01,2026-04-09,received,,2026-04-01 08:00:00,system,2026-04-01 08:00:00,system
1444,PO2026001444,2,1,4,2026-04-22,2026-05-08,partially_received,,2026-04-22 08:00:00,system,2026-04-22 08:00:00,system
1445,PO2026001445,1,5,3,2026-04-22,2026-05-01,received,,2026-04-22 08:00:00,system,2026-04-22 08:00:00,system
1446,PO2026001446,13,1,3,2026-05-30,2026-06-04,approved,,2026-05-30 08:00:00,system,2026-05-30 08:00:00,system
1447,PO2026001447,7,6,5,2026-06-18,2026-06-30,received,,2026-06-18 08:00:00,system,2026-06-18 08:00:00,system
1448,PO2026001448,8,1,4,2026-06-15,2026-06-24,received,,2026-06-15 08:00:00,system,2026-06-15 08:00:00,system
1449,PO2026001449,1,8,3,2026-01-20,2026-01-30,received,,2026-01-20 08:00:00,system,2026-01-20 08:00:00,system
1450,PO2026001450,3,6,3,2026-02-20,2026-03-03,received,,2026-02-20 08:00:00,system,2026-02-20 08:00:00,system
1451,PO2026001451,5,5,6,2026-06-06,2026-06-21,draft,,2026-06-06 08:00:00,system,2026-06-06 08:00:00,system
1452,PO2026001452,7,1,5,2026-06-29,2026-07-13,partially_received,,2026-06-29 08:00:00,system,2026-06-29 08:00:00,system
1453,PO2026001453,13,5,3,2026-06-30,2026-07-09,received,,2026-06-30 08:00:00,system,2026-06-30 08:00:00,system
1454,PO2026001454,12,4,5,2026-02-02,2026-02-12,sent,,2026-02-02 08:00:00,system,2026-02-02 08:00:00,system
1455,PO2026001455,8,4,4,2026-06-17,2026-06-30,cancelled,,2026-06-17 08:00:00,system,2026-06-17 08:00:00,system
1456,PO2026001456,15,6,4,2026-05-04,2026-05-11,cancelled,,2026-05-04 08:00:00,system,2026-05-04 08:00:00,system
1457,PO2026001457,6,5,3,2026-03-30,2026-04-09,received,,2026-03-30 08:00:00,system,2026-03-30 08:00:00,system
1458,PO2026001458,3,5,3,2026-02-27,2026-03-08,partially_received,,2026-02-27 08:00:00,system,2026-02-27 08:00:00,system
1459,PO2026001459,5,1,6,2026-01-08,2026-01-21,draft,,2026-01-08 08:00:00,system,2026-01-08 08:00:00,system
1460,PO2026001460,1,1,3,2026-01-05,2026-01-13,approved,,2026-01-05 08:00:00,system,2026-01-05 08:00:00,system
1461,PO2026001461,1,8,3,2026-01-03,2026-01-12,partially_received,,2026-01-03 08:00:00,system,2026-01-03 08:00:00,system
1462,PO2026001462,8,3,4,2026-06-03,2026-06-17,approved,,2026-06-03 08:00:00,system,2026-06-03 08:00:00,system
1463,PO2026001463,3,9,3,2026-03-07,2026-03-19,approved,,2026-03-07 08:00:00,system,2026-03-07 08:00:00,system
1464,PO2026001464,5,3,6,2026-01-05,2026-01-20,received,,2026-01-05 08:00:00,system,2026-01-05 08:00:00,system
1465,PO2026001465,18,8,3,2026-05-13,2026-05-21,received,,2026-05-13 08:00:00,system,2026-05-13 08:00:00,system
1466,PO2026001466,2,1,4,2026-05-30,2026-06-12,partially_received,,2026-05-30 08:00:00,system,2026-05-30 08:00:00,system
1467,PO2026001467,9,3,2,2026-05-04,2026-05-13,partially_received,,2026-05-04 08:00:00,system,2026-05-04 08:00:00,system
1468,PO2026001468,10,4,3,2026-06-17,2026-06-24,approved,,2026-06-17 08:00:00,system,2026-06-17 08:00:00,system
1469,PO2026001469,6,2,3,2026-01-25,2026-02-06,approved,,2026-01-25 08:00:00,system,2026-01-25 08:00:00,system
1470,PO2026001470,1,3,3,2026-06-17,2026-06-25,partially_received,,2026-06-17 08:00:00,system,2026-06-17 08:00:00,system
1471,PO2026001471,8,1,4,2026-01-09,2026-01-22,received,,2026-01-09 08:00:00,system,2026-01-09 08:00:00,system
1472,PO2026001472,5,1,6,2026-05-09,2026-05-23,sent,,2026-05-09 08:00:00,system,2026-05-09 08:00:00,system
1473,PO2026001473,4,5,5,2026-02-26,2026-03-06,approved,,2026-02-26 08:00:00,system,2026-02-26 08:00:00,system
1474,PO2026001474,4,2,5,2026-06-23,2026-07-03,received,,2026-06-23 08:00:00,system,2026-06-23 08:00:00,system
1475,PO2026001475,5,7,6,2026-03-16,2026-03-29,received,,2026-03-16 08:00:00,system,2026-03-16 08:00:00,system
1476,PO2026001476,12,5,5,2026-06-19,2026-06-29,approved,,2026-06-19 08:00:00,system,2026-06-19 08:00:00,system
1477,PO2026001477,5,5,6,2026-05-28,2026-06-10,received,,2026-05-28 08:00:00,system,2026-05-28 08:00:00,system
1478,PO2026001478,7,1,5,2026-01-14,2026-01-26,received,,2026-01-14 08:00:00,system,2026-01-14 08:00:00,system
1479,PO2026001479,12,3,5,2026-03-02,2026-03-13,partially_received,,2026-03-02 08:00:00,system,2026-03-02 08:00:00,system
1480,PO2026001480,3,8,3,2026-03-17,2026-03-29,received,,2026-03-17 08:00:00,system,2026-03-17 08:00:00,system
1481,PO2026001481,7,9,5,2026-04-05,2026-04-20,received,,2026-04-05 08:00:00,system,2026-04-05 08:00:00,system
1482,PO2026001482,15,3,4,2026-05-18,2026-05-28,sent,,2026-05-18 08:00:00,system,2026-05-18 08:00:00,system
1483,PO2026001483,8,5,4,2026-06-20,2026-07-05,partially_received,,2026-06-20 08:00:00,system,2026-06-20 08:00:00,system
1484,PO2026001484,22,8,7,2026-05-02,2026-05-27,received,,2026-05-02 08:00:00,system,2026-05-02 08:00:00,system
1485,PO2026001485,3,6,3,2026-06-04,2026-06-18,partially_received,,2026-06-04 08:00:00,system,2026-06-04 08:00:00,system
1486,PO2026001486,5,2,6,2026-01-01,2026-01-16,partially_received,,2026-01-01 08:00:00,system,2026-01-01 08:00:00,system
1487,PO2026001487,1,6,3,2026-04-28,2026-05-07,cancelled,,2026-04-28 08:00:00,system,2026-04-28 08:00:00,system
1488,PO2026001488,3,6,3,2026-02-14,2026-02-28,sent,,2026-02-14 08:00:00,system,2026-02-14 08:00:00,system
1489,PO2026001489,5,9,6,2026-03-22,2026-04-06,approved,,2026-03-22 08:00:00,system,2026-03-22 08:00:00,system
1490,PO2026001490,2,3,4,2026-04-24,2026-05-08,partially_received,,2026-04-24 08:00:00,system,2026-04-24 08:00:00,system
1491,PO2026001491,6,1,3,2026-04-27,2026-05-10,received,,2026-04-27 08:00:00,system,2026-04-27 08:00:00,system
1492,PO2026001492,18,8,3,2026-05-31,2026-06-08,received,,2026-05-31 08:00:00,system,2026-05-31 08:00:00,system
1493,PO2026001493,5,7,6,2026-06-13,2026-06-30,approved,,2026-06-13 08:00:00,system,2026-06-13 08:00:00,system
1494,PO2026001494,9,8,2,2026-04-10,2026-04-19,received,,2026-04-10 08:00:00,system,2026-04-10 08:00:00,system
1495,PO2026001495,5,1,6,2026-03-27,2026-04-10,draft,,2026-03-27 08:00:00,system,2026-03-27 08:00:00,system
1496,PO2026001496,1,1,3,2026-03-14,2026-03-25,partially_received,,2026-03-14 08:00:00,system,2026-03-14 08:00:00,system
1497,PO2026001497,10,8,3,2026-03-21,2026-03-28,received,,2026-03-21 08:00:00,system,2026-03-21 08:00:00,system
1498,PO2026001498,12,8,5,2026-06-20,2026-06-30,received,,2026-06-20 08:00:00,system,2026-06-20 08:00:00,system
1499,PO2026001499,11,8,4,2026-03-30,2026-04-09,received,,2026-03-30 08:00:00,system,2026-03-30 08:00:00,system
1500,PO2026001500,15,2,4,2026-05-03,2026-05-13,received,,2026-05-03 08:00:00,system,2026-05-03 08:00:00,system
