goods_receipt_id,grn_number,purchase_order_id,warehouse_id,vehicle_id,receipt_date,receipt_status,notes,created_date,created_by,updated_date,updated_by
1,GRN2026000001,1,7,43,2026-04-20,received,,2026-04-20 08:00:00,system,2026-04-20 08:00:00,system
2,GRN2026000002,1,7,62,2026-04-24,received,,2026-04-24 08:00:00,system,2026-04-24 08:00:00,system
3,GRN2026000003,3,4,,2026-03-21,received,,2026-03-21 08:00:00,system,2026-03-21 08:00:00,system
4,GRN2026000004,4,7,,2026-04-30,received,,2026-04-30 08:00:00,system,2026-04-30 08:00:00,system
5,GRN2026000005,4,7,,2026-05-04,received,,2026-05-04 08:00:00,system,2026-05-04 08:00:00,system
6,GRN2026000006,5,7,62,2026-05-16,received,,2026-05-16 08:00:00,system,2026-05-16 08:00:00,system
7,GRN2026000007,5,7,21,2026-05-21,received,,2026-05-21 08:00:00,system,2026-05-21 08:00:00,system
8,GRN2026000008,6,1,,2026-02-07,received,,2026-02-07 08:00:00,system,2026-02-07 08:00:00,system
9,GRN2026000009,7,8,,2026-06-16,received,,2026-06-16 08:00:00,system,2026-06-16 08:00:00,system
10,GRN2026000010,9,4,52,2026-05-24,received,,2026-05-24 08:00:00,system,2026-05-24 08:00:00,system
11,GRN2026000011,9,4,51,2026-05-29,received,,2026-05-29 08:00:00,system,2026-05-29 08:00:00,system
12,GRN2026000012,12,3,97,2026-06-05,received,,2026-06-05 08:00:00,system,2026-06-05 08:00:00,system
13,GRN2026000013,12,3,90,2026-06-08,received,,2026-06-08 08:00:00,system,2026-06-08 08:00:00,system
14,GRN2026000014,13,6,82,2026-02-08,received,,2026-02-08 08:00:00,system,2026-02-08 08:00:00,system
15,GRN2026000015,14,6,,2026-06-18,received,,2026-06-18 08:00:00,system,2026-06-18 08:00:00,system
16,GRN2026000016,15,6,120,2026-07-08,received,,2026-07-08 08:00:00,system,2026-07-08 08:00:00,system
17,GRN2026000017,17,1,11,2026-04-12,received,,2026-04-12 08:00:00,system,2026-04-12 08:00:00,system
18,GRN2026000018,17,1,22,2026-04-16,received,,2026-04-16 08:00:00,system,2026-04-16 08:00:00,system
19,GRN2026000019,18,4,86,2026-06-29,received,,2026-06-29 08:00:00,system,2026-06-29 08:00:00,system
20,GRN2026000020,20,3,,2026-06-26,received,,2026-06-26 08:00:00,system,2026-06-26 08:00:00,system
21,GRN2026000021,20,3,44,2026-06-27,received,,2026-06-27 08:00:00,system,2026-06-27 08:00:00,system
22,GRN2026000022,20,3,122,2026-06-28,received,,2026-06-28 08:00:00,system,2026-06-28 08:00:00,system
23,GRN2026000023,21,1,60,2026-01-28,received,,2026-01-28 08:00:00,system,2026-01-28 08:00:00,system
24,GRN2026000024,22,6,128,2026-07-13,received,,2026-07-13 08:00:00,system,2026-07-13 08:00:00,system
25,GRN2026000025,23,3,89,2026-07-04,received,,2026-07-04 08:00:00,system,2026-07-04 08:00:00,system
26,GRN2026000026,23,3,59,2026-07-06,received,,2026-07-06 08:00:00,system,2026-07-06 08:00:00,system
27,GRN2026000027,24,3,81,2026-03-28,received,,2026-03-28 08:00:00,system,2026-03-28 08:00:00,system
28,GRN2026000028,24,3,32,2026-03-31,received,,2026-03-31 08:00:00,system,2026-03-31 08:00:00,system
29,GRN2026000029,25,8,,2026-03-09,received,,2026-03-09 08:00:00,system,2026-03-09 08:00:00,system
30,GRN2026000030,26,6,135,2026-02-20,received,,2026-02-20 08:00:00,system,2026-02-20 08:00:00,system
31,GRN2026000031,28,4,31,2026-03-31,received,,2026-03-31 08:00:00,system,2026-03-31 08:00:00,system
32,GRN2026000032,28,4,,2026-04-01,received,,2026-04-01 08:00:00,system,2026-04-01 08:00:00,system
33,GRN2026000033,29,6,17,2026-05-27,received,,2026-05-27 08:00:00,system,2026-05-27 08:00:00,system
34,GRN2026000034,29,6,,2026-05-30,received,,2026-05-30 08:00:00,system,2026-05-30 08:00:00,system
35,GRN2026000035,30,2,,2026-06-25,received,,2026-06-25 08:00:00,system,2026-06-25 08:00:00,system
36,GRN2026000036,30,2,129,2026-06-30,received,,2026-06-30 08:00:00,system,2026-06-30 08:00:00,system
37,GRN2026000037,31,2,,2026-07-05,received,,2026-07-05 08:00:00,system,2026-07-05 08:00:00,system
38,GRN2026000038,31,2,,2026-07-10,received,,2026-07-10 08:00:00,system,2026-07-10 08:00:00,system
39,GRN2026000039,32,4,79,2026-04-13,received,,2026-04-13 08:00:00,system,2026-04-13 08:00:00,system
40,GRN2026000040,32,4,70,2026-04-18,received,,2026-04-18 08:00:00,system,2026-04-18 08:00:00,system
41,GRN2026000041,33,9,,2026-06-06,received,,2026-06-06 08:00:00,system,2026-06-06 08:00:00,system
42,GRN2026000042,34,5,89,2026-05-16,received,,2026-05-16 08:00:00,system,2026-05-16 08:00:00,system
43,GRN2026000043,34,5,,2026-05-21,received,,2026-05-21 08:00:00,system,2026-05-21 08:00:00,system
44,GRN2026000044,36,9,26,2026-01-31,received,,2026-01-31 08:00:00,system,2026-01-31 08:00:00,system
45,GRN2026000045,37,8,100,2026-03-24,received,,2026-03-24 08:00:00,system,2026-03-24 08:00:00,system
46,GRN2026000046,38,1,,2026-07-05,received,,2026-07-05 08:00:00,system,2026-07-05 08:00:00,system
47,GRN2026000047,38,1,108,2026-07-08,received,,2026-07-08 08:00:00,system,2026-07-08 08:00:00,system
48,GRN2026000048,39,5,117,2026-01-10,received,,2026-01-10 08:00:00,system,2026-01-10 08:00:00,system
49,GRN2026000049,39,5,,2026-01-12,received,,2026-01-12 08:00:00,system,2026-01-12 08:00:00,system
50,GRN2026000050,41,4,,2026-02-06,received,,2026-02-06 08:00:00,system,2026-02-06 08:00:00,system
51,GRN2026000051,42,1,63,2026-02-21,received,,2026-02-21 08:00:00,system,2026-02-21 08:00:00,system
52,GRN2026000052,44,4,130,2026-05-16,received,,2026-05-16 08:00:00,system,2026-05-16 08:00:00,system
53,GRN2026000053,46,1,108,2026-06-28,received,,2026-06-28 08:00:00,system,2026-06-28 08:00:00,system
54,GRN2026000054,46,1,,2026-06-30,received,,2026-06-30 08:00:00,system,2026-06-30 08:00:00,system
55,GRN2026000055,48,5,30,2026-01-18,received,,2026-01-18 08:00:00,system,2026-01-18 08:00:00,system
56,GRN2026000056,49,1,105,2026-05-01,received,,2026-05-01 08:00:00,system,2026-05-01 08:00:00,system
57,GRN2026000057,49,1,,2026-05-05,received,,2026-05-05 08:00:00,system,2026-05-05 08:00:00,system
58,GRN2026000058,50,7,106,2026-03-14,received,,2026-03-14 08:00:00,system,2026-03-14 08:00:00,system
59,GRN2026000059,51,5,75,2026-06-14,received,,2026-06-14 08:00:00,system,2026-06-14 08:00:00,system
60,GRN2026000060,51,5,38,2026-06-15,received,,2026-06-15 08:00:00,system,2026-06-15 08:00:00,system
61,GRN2026000061,52,7,87,2026-04-03,received,,2026-04-03 08:00:00,system,2026-04-03 08:00:00,system
62,GRN2026000062,53,4,45,2026-05-15,received,,2026-05-15 08:00:00,system,2026-05-15 08:00:00,system
63,GRN2026000063,53,4,86,2026-05-18,received,,2026-05-18 08:00:00,system,2026-05-18 08:00:00,system
64,GRN2026000064,54,9,48,2026-07-08,received,,2026-07-08 08:00:00,system,2026-07-08 08:00:00,system
65,GRN2026000065,54,9,,2026-07-12,received,,2026-07-12 08:00:00,system,2026-07-12 08:00:00,system
66,GRN2026000066,54,9,68,2026-07-13,received,,2026-07-13 08:00:00,system,2026-07-13 08:00:00,system
67,GRN2026000067,55,7,85,2026-05-22,received,,2026-05-22 08:00:00,system,2026-05-22 08:00:00,system
68,GRN2026000068,57,8,70,2026-01-14,received,,2026-01-14 08:00:00,system,2026-01-14 08:00:00,system
69,GRN2026000069,60,4,130,2026-04-23,received,,2026-04-23 08:00:00,system,2026-04-23 08:00:00,system
70,GRN2026000070,62,3,93,2026-01-25,received,,2026-01-25 08:00:00,system,2026-01-25 08:00:00,system
71,GRN2026000071,65,7,,2026-02-03,received,,2026-02-03 08:00:00,system,2026-02-03 08:00:00,system
72,GRN2026000072,65,7,,2026-02-04,received,,2026-02-04 08:00:00,system,2026-02-04 08:00:00,system
73,GRN2026000073,67,9,57,2026-07-01,received,,2026-07-01 08:00:00,system,2026-07-01 08:00:00,system
74,GRN2026000074,67,9,47,2026-07-03,received,,2026-07-03 08:00:00,system,2026-07-03 08:00:00,system
75,GRN2026000075,68,3,5,2026-05-12,received,,2026-05-12 08:00:00,system,2026-05-12 08:00:00,system
76,GRN2026000076,68,3,37,2026-05-14,received,,2026-05-14 08:00:00,system,2026-05-14 08:00:00,system
77,GRN2026000077,69,9,,2026-02-22,received,,2026-02-22 08:00:00,system,2026-02-22 08:00:00,system
78,GRN2026000078,69,9,,2026-02-27,received,,2026-02-27 08:00:00,system,2026-02-27 08:00:00,system
79,GRN2026000079,70,4,97,2026-04-10,received,,2026-04-10 08:00:00,system,2026-04-10 08:00:00,system
80,GRN2026000080,71,8,31,2026-03-26,received,,2026-03-26 08:00:00,system,2026-03-26 08:00:00,system
81,GRN2026000081,75,2,52,2026-05-22,received,,2026-05-22 08:00:00,system,2026-05-22 08:00:00,system
82,GRN2026000082,76,5,7,2026-04-12,received,,2026-04-12 08:00:00,system,2026-04-12 08:00:00,system
83,GRN2026000083,78,9,80,2026-01-22,received,,2026-01-22 08:00:00,system,2026-01-22 08:00:00,system
84,GRN2026000084,79,5,106,2026-05-27,received,,2026-05-27 08:00:00,system,2026-05-27 08:00:00,system
85,GRN2026000085,80,9,20,2026-04-06,received,,2026-04-06 08:00:00,system,2026-04-06 08:00:00,system
86,GRN2026000086,80,9,64,2026-04-07,received,,2026-04-07 08:00:00,system,2026-04-07 08:00:00,system
87,GRN2026000087,82,8,63,2026-02-26,received,,2026-02-26 08:00:00,system,2026-02-26 08:00:00,system
88,GRN2026000088,83,6,7,2026-02-06,received,,2026-02-06 08:00:00,system,2026-02-06 08:00:00,system
89,GRN2026000089,84,2,80,2026-04-07,received,,2026-04-07 08:00:00,system,2026-04-07 08:00:00,system
90,GRN2026000090,84,2,19,2026-04-08,received,,2026-04-08 08:00:00,system,2026-04-08 08:00:00,system
91,GRN2026000091,85,6,,2026-01-12,received,,2026-01-12 08:00:00,system,2026-01-12 08:00:00,system
92,GRN2026000092,85,6,82,2026-01-13,received,,2026-01-13 08:00:00,system,2026-01-13 08:00:00,system
93,GRN2026000093,85,6,57,2026-01-14,received,,2026-01-14 08:00:00,system,2026-01-14 08:00:00,system
94,GRN2026000094,86,9,3,2026-07-01,received,,2026-07-01 08:00:00,system,2026-07-01 08:00:00,system
95,GRN2026000095,86,9,118,2026-07-02,received,,2026-07-02 08:00:00,system,2026-07-02 08:00:00,system
96,GRN2026000096,88,6,104,2026-06-26,received,,2026-06-26 08:00:00,system,2026-06-26 08:00:00,system
97,GRN2026000097,88,6,83,2026-06-30,received,,2026-06-30 08:00:00,system,2026-06-30 08:00:00,system
98,GRN2026000098,89,2,,2026-03-09,received,,2026-03-09 08:00:00,system,2026-03-09 08:00:00,system
99,GRN2026000099,89,2,120,2026-03-12,received,,2026-03-12 08:00:00,system,2026-03-12 08:00:00,system
100,GRN2026000100,89,2,134,2026-03-17,received,,2026-03-17 08:00:00,system,2026-03-17 08:00:00,system
101,GRN2026000101,90,5,49,2026-04-29,received,,2026-04-29 08:00:00,system,2026-04-29 08:00:00,system
102,GRN2026000102,92,9,94,2026-05-10,received,,2026-05-10 08:00:00,system,2026-05-10 08:00:00,system
103,GRN2026000103,93,1,,2026-01-15,received,,2026-01-15 08:00:00,system,2026-01-15 08:00:00,system
104,GRN2026000104,93,1,,2026-01-20,received,,2026-01-20 08:00:00,system,2026-01-20 08:00:00,system
105,GRN2026000105,94,6,,2026-03-13,received,,2026-03-13 08:00:00,system,2026-03-13 08:00:00,system
106,GRN2026000106,95,4,44,2026-04-27,received,,2026-04-27 08:00:00,system,2026-04-27 08:00:00,system
107,GRN2026000107,95,4,26,2026-04-30,received,,2026-04-30 08:00:00,system,2026-04-30 08:00:00,system
108,GRN2026000108,96,8,25,2026-06-07,received,,2026-06-07 08:00:00,system,2026-06-07 08:00:00,system
109,GRN2026000109,96,8,,2026-06-09,received,,2026-06-09 08:00:00,system,2026-06-09 08:00:00,system
110,GRN2026000110,98,2,1,2026-02-16,received,,2026-02-16 08:00:00,system,2026-02-16 08:00:00,system
111,GRN2026000111,101,6,,2026-01-22,received,,2026-01-22 08:00:00,system,2026-01-22 08:00:00,system
112,GRN2026000112,105,1,,2026-01-22,received,,2026-01-22 08:00:00,system,2026-01-22 08:00:00,system
113,GRN2026000113,105,1,,2026-01-27,received,,2026-01-27 08:00:00,system,2026-01-27 08:00:00,system
114,GRN2026000114,105,1,128,2026-01-29,received,,2026-01-29 08:00:00,system,2026-01-29 08:00:00,system
115,GRN2026000115,108,2,46,2026-02-13,received,,2026-02-13 08:00:00,system,2026-02-13 08:00:00,system
116,GRN2026000116,110,7,84,2026-02-04,received,,2026-02-04 08:00:00,system,2026-02-04 08:00:00,system
117,GRN2026000117,110,7,,2026-02-06,received,,2026-02-06 08:00:00,system,2026-02-06 08:00:00,system
118,GRN2026000118,113,6,,2026-05-17,received,,2026-05-17 08:00:00,system,2026-05-17 08:00:00,system
119,GRN2026000119,114,2,78,2026-01-29,received,,2026-01-29 08:00:00,system,2026-01-29 08:00:00,system
120,GRN2026000120,115,2,90,2026-03-01,received,,2026-03-01 08:00:00,system,2026-03-01 08:00:00,system
121,GRN2026000121,116,4,,2026-04-18,received,,2026-04-18 08:00:00,system,2026-04-18 08:00:00,system
122,GRN2026000122,117,3,102,2026-04-05,received,,2026-04-05 08:00:00,system,2026-04-05 08:00:00,system
123,GRN2026000123,117,3,53,2026-04-10,received,,2026-04-10 08:00:00,system,2026-04-10 08:00:00,system
124,GRN2026000124,118,4,22,2026-03-21,received,,2026-03-21 08:00:00,system,2026-03-21 08:00:00,system
125,GRN2026000125,118,4,104,2026-03-25,received,,2026-03-25 08:00:00,system,2026-03-25 08:00:00,system
126,GRN2026000126,121,8,114,2026-01-12,received,,2026-01-12 08:00:00,system,2026-01-12 08:00:00,system
127,GRN2026000127,121,8,,2026-01-15,received,,2026-01-15 08:00:00,system,2026-01-15 08:00:00,system
128,GRN2026000128,124,4,58,2026-06-08,received,,2026-06-08 08:00:00,system,2026-06-08 08:00:00,system
129,GRN2026000129,125,4,28,2026-02-02,received,,2026-02-02 08:00:00,system,2026-02-02 08:00:00,system
130,GRN2026000130,125,4,,2026-02-03,received,,2026-02-03 08:00:00,system,2026-02-03 08:00:00,system
131,GRN2026000131,125,4,,2026-02-06,received,,2026-02-06 08:00:00,system,2026-02-06 08:00:00,system
132,GRN2026000132,127,1,49,2026-04-12,received,,2026-04-12 08:00:00,system,2026-04-12 08:00:00,system
133,GRN2026000133,127,1,47,2026-04-17,received,,2026-04-17 08:00:00,system,2026-04-17 08:00:00,system
134,GRN2026000134,128,3,45,2026-03-27,received,,2026-03-27 08:00:00,system,2026-03-27 08:00:00,system
135,GRN2026000135,129,5,2,2026-06-13,received,,2026-06-13 08:00:00,system,2026-06-13 08:00:00,system
136,GRN2026000136,130,8,,2026-05-16,received,,2026-05-16 08:00:00,system,2026-05-16 08:00:00,system
137,GRN2026000137,131,1,8,2026-02-14,received,,2026-02-14 08:00:00,system,2026-02-14 08:00:00,system
138,GRN2026000138,132,8,20,2026-01-17,received,,2026-01-17 08:00:00,system,2026-01-17 08:00:00,system
139,GRN2026000139,132,8,19,2026-01-18,received,,2026-01-18 08:00:00,system,2026-01-18 08:00:00,system
140,GRN2026000140,133,9,93,2026-06-28,received,,2026-06-28 08:00:00,system,2026-06-28 08:00:00,system
141,GRN2026000141,134,1,30,2026-04-08,received,,2026-04-08 08:00:00,system,2026-04-08 08:00:00,system
142,GRN2026000142,135,2,63,2026-03-19,received,,2026-03-19 08:00:00,system,2026-03-19 08:00:00,system
143,GRN2026000143,136,3,13,2026-06-02,received,,2026-06-02 08:00:00,system,2026-06-02 08:00:00,system
144,GRN2026000144,136,3,58,2026-06-07,received,,2026-06-07 08:00:00,system,2026-06-07 08:00:00,system
145,GRN2026000145,137,4,130,2026-04-30,received,,2026-04-30 08:00:00,system,2026-04-30 08:00:00,system
146,GRN2026000146,139,9,,2026-05-29,received,,2026-05-29 08:00:00,system,2026-05-29 08:00:00,system
147,GRN2026000147,140,8,45,2026-04-03,received,,2026-04-03 08:00:00,system,2026-04-03 08:00:00,system
148,GRN2026000148,140,8,127,2026-04-05,received,,2026-04-05 08:00:00,system,2026-04-05 08:00:00,system
149,GRN2026000149,141,9,,2026-01-27,received,,2026-01-27 08:00:00,system,2026-01-27 08:00:00,system
150,GRN2026000150,142,6,37,2026-04-27,received,,2026-04-27 08:00:00,system,2026-04-27 08:00:00,system
151,GRN2026000151,142,6,,2026-04-29,received,,2026-04-29 08:00:00,system,2026-04-29 08:00:00,system
152,GRN2026000152,143,5,78,2026-05-31,received,,2026-05-31 08:00:00,system,2026-05-31 08:00:00,system
153,GRN2026000153,146,9,118,2026-03-05,received,,2026-03-05 08:00:00,system,2026-03-05 08:00:00,system
154,GRN2026000154,149,3,93,2026-06-30,received,,2026-06-30 08:00:00,system,2026-06-30 08:00:00,system
155,GRN2026000155,150,4,92,2026-06-13,received,,2026-06-13 08:00:00,system,2026-06-13 08:00:00,system
156,GRN2026000156,150,4,,2026-06-14,received,,2026-06-14 08:00:00,system,2026-06-14 08:00:00,system
157,GRN2026000157,151,8,90,2026-04-27,received,,2026-04-27 08:00:00,system,2026-04-27 08:00:00,system
158,GRN2026000158,152,1,,2026-01-14,received,,2026-01-14 08:00:00,system,2026-01-14 08:00:00,system
159,GRN2026000159,153,5,110,2026-01-27,received,,2026-01-27 08:00:00,system,2026-01-27 08:00:00,system
160,GRN2026000160,154,5,82,2026-03-05,received,,2026-03-05 08:00:00,system,2026-03-05 08:00:00,system
161,GRN2026000161,154,5,54,2026-03-09,received,,2026-03-09 08:00:00,system,2026-03-09 08:00:00,system
162,GRN2026000162,154,5,21,2026-03-13,received,,2026-03-13 08:00:00,system,2026-03-13 08:00:00,system
163,GRN2026000163,156,2,47,2026-04-16,received,,2026-04-16 08:00:00,system,2026-04-16 08:00:00,system
164,GRN2026000164,156,2,,2026-04-17,received,,2026-04-17 08:00:00,system,2026-04-17 08:00:00,system
165,GRN2026000165,158,9,11,2026-03-16,received,,2026-03-16 08:00:00,system,2026-03-16 08:00:00,system
166,GRN2026000166,158,9,129,2026-03-19,received,,2026-03-19 08:00:00,system,2026-03-19 08:00:00,system
167,GRN2026000167,160,4,5,2026-01-12,received,,2026-01-12 08:00:00,system,2026-01-12 08:00:00,system
168,GRN2026000168,161,9,,2026-06-06,received,,2026-06-06 08:00:00,system,2026-06-06 08:00:00,system
169,GRN2026000169,164,4,3,2026-07-01,received,,2026-07-01 08:00:00,system,2026-07-01 08:00:00,system
170,GRN2026000170,165,9,44,2026-02-21,received,,2026-02-21 08:00:00,system,2026-02-21 08:00:00,system
171,GRN2026000171,166,2,,2026-03-08,received,,2026-03-08 08:00:00,system,2026-03-08 08:00:00,system
172,GRN2026000172,166,2,,2026-03-13,received,,2026-03-13 08:00:00,system,2026-03-13 08:00:00,system
173,GRN2026000173,167,5,105,2026-03-28,received,,2026-03-28 08:00:00,system,2026-03-28 08:00:00,system
174,GRN2026000174,168,3,,2026-06-10,received,,2026-06-10 08:00:00,system,2026-06-10 08:00:00,system
175,GRN2026000175,168,3,66,2026-06-15,received,,2026-06-15 08:00:00,system,2026-06-15 08:00:00,system
176,GRN2026000176,169,1,46,2026-04-06,received,,2026-04-06 08:00:00,system,2026-04-06 08:00:00,system
177,GRN2026000177,170,7,77,2026-06-18,received,,2026-06-18 08:00:00,system,2026-06-18 08:00:00,system
178,GRN2026000178,171,2,,2026-07-01,received,,2026-07-01 08:00:00,system,2026-07-01 08:00:00,system
179,GRN2026000179,171,2,108,2026-07-04,received,,2026-07-04 08:00:00,system,2026-07-04 08:00:00,system
180,GRN2026000180,172,7,,2026-04-25,received,,2026-04-25 08:00:00,system,2026-04-25 08:00:00,system
181,GRN2026000181,173,8,,2026-05-08,received,,2026-05-08 08:00:00,system,2026-05-08 08:00:00,system
182,GRN2026000182,174,1,51,2026-05-03,received,,2026-05-03 08:00:00,system,2026-05-03 08:00:00,system
183,GRN2026000183,175,8,120,2026-03-02,received,,2026-03-02 08:00:00,system,2026-03-02 08:00:00,system
184,GRN2026000184,175,8,20,2026-03-05,received,,2026-03-05 08:00:00,system,2026-03-05 08:00:00,system
185,GRN2026000185,176,1,22,2026-03-28,received,,2026-03-28 08:00:00,system,2026-03-28 08:00:00,system
186,GRN2026000186,176,1,84,2026-03-29,received,,2026-03-29 08:00:00,system,2026-03-29 08:00:00,system
187,GRN2026000187,178,8,1,2026-05-28,received,,2026-05-28 08:00:00,system,2026-05-28 08:00:00,system
188,GRN2026000188,179,9,,2026-03-20,received,,2026-03-20 08:00:00,system,2026-03-20 08:00:00,system
189,GRN2026000189,181,5,10,2026-01-10,received,,2026-01-10 08:00:00,system,2026-01-10 08:00:00,system
190,GRN2026000190,182,5,39,2026-02-25,received,,2026-02-25 08:00:00,system,2026-02-25 08:00:00,system
191,GRN2026000191,185,2,107,2026-04-22,received,,2026-04-22 08:00:00,system,2026-04-22 08:00:00,system
192,GRN2026000192,186,3,,2026-01-28,received,,2026-01-28 08:00:00,system,2026-01-28 08:00:00,system
193,GRN2026000193,187,4,68,2026-03-02,received,,2026-03-02 08:00:00,system,2026-03-02 08:00:00,system
194,GRN2026000194,188,1,62,2026-07-10,received,,2026-07-10 08:00:00,system,2026-07-10 08:00:00,system
195,GRN2026000195,191,4,86,2026-02-06,received,,2026-02-06 08:00:00,system,2026-02-06 08:00:00,system
196,GRN2026000196,192,5,54,2026-03-09,received,,2026-03-09 08:00:00,system,2026-03-09 08:00:00,system
197,GRN2026000197,193,4,48,2026-06-03,received,,2026-06-03 08:00:00,system,2026-06-03 08:00:00,system
198,GRN2026000198,195,2,77,2026-01-19,received,,2026-01-19 08:00:00,system,2026-01-19 08:00:00,system
199,GRN2026000199,196,7,53,2026-07-07,received,,2026-07-07 08:00:00,system,2026-07-07 08:00:00,system
200,GRN2026000200,197,4,116,2026-04-27,received,,2026-04-27 08:00:00,system,2026-04-27 08:00:00,system
201,GRN2026000201,197,4,120,2026-05-01,received,,2026-05-01 08:00:00,system,2026-05-01 08:00:00,system
202,GRN2026000202,197,4,92,2026-05-04,received,,2026-05-04 08:00:00,system,2026-05-04 08:00:00,system
203,GRN2026000203,198,3,132,2026-06-16,received,,2026-06-16 08:00:00,system,2026-06-16 08:00:00,system
204,GRN2026000204,198,3,67,2026-06-19,received,,2026-06-19 08:00:00,system,2026-06-19 08:00:00,system
205,GRN2026000205,200,6,11,2026-06-06,received,,2026-06-06 08:00:00,system,2026-06-06 08:00:00,system
206,GRN2026000206,201,4,3,2026-06-03,received,,2026-06-03 08:00:00,system,2026-06-03 08:00:00,system
207,GRN2026000207,202,2,28,2026-05-28,received,,2026-05-28 08:00:00,system,2026-05-28 08:00:00,system
208,GRN2026000208,203,8,130,2026-02-13,received,,2026-02-13 08:00:00,system,2026-02-13 08:00:00,system
209,GRN2026000209,204,4,,2026-06-21,received,,2026-06-21 08:00:00,system,2026-06-21 08:00:00,system
210,GRN2026000210,205,4,109,2026-04-20,received,,2026-04-20 08:00:00,system,2026-04-20 08:00:00,system
211,GRN2026000211,205,4,,2026-04-24,received,,2026-04-24 08:00:00,system,2026-04-24 08:00:00,system
212,GRN2026000212,207,3,128,2026-02-27,received,,2026-02-27 08:00:00,system,2026-02-27 08:00:00,system
213,GRN2026000213,208,4,,2026-04-14,received,,2026-04-14 08:00:00,system,2026-04-14 08:00:00,system
214,GRN2026000214,209,3,133,2026-02-17,received,,2026-02-17 08:00:00,system,2026-02-17 08:00:00,system
215,GRN2026000215,209,3,,2026-02-22,received,,2026-02-22 08:00:00,system,2026-02-22 08:00:00,system
216,GRN2026000216,211,2,107,2026-04-07,received,,2026-04-07 08:00:00,system,2026-04-07 08:00:00,system
217,GRN2026000217,211,2,,2026-04-09,received,,2026-04-09 08:00:00,system,2026-04-09 08:00:00,system
218,GRN2026000218,212,3,39,2026-05-23,received,,2026-05-23 08:00:00,system,2026-05-23 08:00:00,system
219,GRN2026000219,214,2,,2026-06-21,received,,2026-06-21 08:00:00,system,2026-06-21 08:00:00,system
220,GRN2026000220,215,2,87,2026-02-09,received,,2026-02-09 08:00:00,system,2026-02-09 08:00:00,system
221,GRN2026000221,215,2,45,2026-02-14,received,,2026-02-14 08:00:00,system,2026-02-14 08:00:00,system
222,GRN2026000222,216,3,90,2026-06-10,received,,2026-06-10 08:00:00,system,2026-06-10 08:00:00,system
223,GRN2026000223,216,3,81,2026-06-13,received,,2026-06-13 08:00:00,system,2026-06-13 08:00:00,system
224,GRN2026000224,217,4,23,2026-05-19,received,,2026-05-19 08:00:00,system,2026-05-19 08:00:00,system
225,GRN2026000225,218,8,18,2026-06-12,received,,2026-06-12 08:00:00,system,2026-06-12 08:00:00,system
226,GRN2026000226,220,1,50,2026-04-20,received,,2026-04-20 08:00:00,system,2026-04-20 08:00:00,system
227,GRN2026000227,220,1,7,2026-04-22,received,,2026-04-22 08:00:00,system,2026-04-22 08:00:00,system
228,GRN2026000228,221,6,128,2026-03-14,received,,2026-03-14 08:00:00,system,2026-03-14 08:00:00,system
229,GRN2026000229,222,5,,2026-04-10,received,,2026-04-10 08:00:00,system,2026-04-10 08:00:00,system
230,GRN2026000230,222,5,43,2026-04-11,received,,2026-04-11 08:00:00,system,2026-04-11 08:00:00,system
231,GRN2026000231,223,1,114,2026-04-10,received,,2026-04-10 08:00:00,system,2026-04-10 08:00:00,system
232,GRN2026000232,224,4,96,2026-06-16,received,,2026-06-16 08:00:00,system,2026-06-16 08:00:00,system
233,GRN2026000233,225,4,125,2026-04-23,received,,2026-04-23 08:00:00,system,2026-04-23 08:00:00,system
234,GRN2026000234,226,2,9,2026-04-29,received,,2026-04-29 08:00:00,system,2026-04-29 08:00:00,system
235,GRN2026000235,227,5,120,2026-07-02,received,,2026-07-02 08:00:00,system,2026-07-02 08:00:00,system
236,GRN2026000236,228,2,67,2026-03-21,received,,2026-03-21 08:00:00,system,2026-03-21 08:00:00,system
237,GRN2026000237,229,9,84,2026-02-15,received,,2026-02-15 08:00:00,system,2026-02-15 08:00:00,system
238,GRN2026000238,229,9,37,2026-02-20,received,,2026-02-20 08:00:00,system,2026-02-20 08:00:00,system
239,GRN2026000239,230,4,56,2026-03-15,received,,2026-03-15 08:00:00,system,2026-03-15 08:00:00,system
240,GRN2026000240,230,4,,2026-03-16,received,,2026-03-16 08:00:00,system,2026-03-16 08:00:00,system
241,GRN2026000241,231,8,64,2026-06-27,received,,2026-06-27 08:00:00,system,2026-06-27 08:00:00,system
242,GRN2026000242,231,8,130,2026-06-28,received,,2026-06-28 08:00:00,system,2026-06-28 08:00:00,system
243,GRN2026000243,232,4,132,2026-04-27,received,,2026-04-27 08:00:00,system,2026-04-27 08:00:00,system
244,GRN2026000244,233,6,67,2026-01-26,received,,2026-01-26 08:00:00,system,2026-01-26 08:00:00,system
245,GRN2026000245,234,4,63,2026-05-22,received,,2026-05-22 08:00:00,system,2026-05-22 08:00:00,system
246,GRN2026000246,235,1,82,2026-06-23,received,,2026-06-23 08:00:00,system,2026-06-23 08:00:00,system
247,GRN2026000247,236,5,8,2026-04-15,received,,2026-04-15 08:00:00,system,2026-04-15 08:00:00,system
248,GRN2026000248,237,7,122,2026-05-26,received,,2026-05-26 08:00:00,system,2026-05-26 08:00:00,system
249,GRN2026000249,237,7,53,2026-05-29,received,,2026-05-29 08:00:00,system,2026-05-29 08:00:00,system
250,GRN2026000250,240,3,,2026-07-10,received,,2026-07-10 08:00:00,system,2026-07-10 08:00:00,system
251,GRN2026000251,242,1,,2026-01-16,received,,2026-01-16 08:00:00,system,2026-01-16 08:00:00,system
252,GRN2026000252,244,6,,2026-01-21,received,,2026-01-21 08:00:00,system,2026-01-21 08:00:00,system
253,GRN2026000253,245,2,,2026-05-22,received,,2026-05-22 08:00:00,system,2026-05-22 08:00:00,system
254,GRN2026000254,245,2,134,2026-05-26,received,,2026-05-26 08:00:00,system,2026-05-26 08:00:00,system
255,GRN2026000255,246,4,,2026-06-17,received,,2026-06-17 08:00:00,system,2026-06-17 08:00:00,system
256,GRN2026000256,246,4,,2026-06-19,received,,2026-06-19 08:00:00,system,2026-06-19 08:00:00,system
257,GRN2026000257,248,3,,2026-03-03,received,,2026-03-03 08:00:00,system,2026-03-03 08:00:00,system
258,GRN2026000258,249,9,,2026-01-23,received,,2026-01-23 08:00:00,system,2026-01-23 08:00:00,system
259,GRN2026000259,249,9,2,2026-01-28,received,,2026-01-28 08:00:00,system,2026-01-28 08:00:00,system
260,GRN2026000260,251,4,,2026-05-05,received,,2026-05-05 08:00:00,system,2026-05-05 08:00:00,system
261,GRN2026000261,251,4,,2026-05-07,received,,2026-05-07 08:00:00,system,2026-05-07 08:00:00,system
262,GRN2026000262,252,1,,2026-05-22,received,,2026-05-22 08:00:00,system,2026-05-22 08:00:00,system
263,GRN2026000263,253,8,26,2026-07-08,received,,2026-07-08 08:00:00,system,2026-07-08 08:00:00,system
264,GRN2026000264,253,8,32,2026-07-11,received,,2026-07-11 08:00:00,system,2026-07-11 08:00:00,system
265,GRN2026000265,254,6,50,2026-04-18,received,,2026-04-18 08:00:00,system,2026-04-18 08:00:00,system
266,GRN2026000266,255,1,119,2026-06-15,received,,2026-06-15 08:00:00,system,2026-06-15 08:00:00,system
267,GRN2026000267,255,1,129,2026-06-20,received,,2026-06-20 08:00:00,system,2026-06-20 08:00:00,system
268,GRN2026000268,258,2,88,2026-02-24,received,,2026-02-24 08:00:00,system,2026-02-24 08:00:00,system
269,GRN2026000269,259,5,,2026-02-02,received,,2026-02-02 08:00:00,system,2026-02-02 08:00:00,system
270,GRN2026000270,260,4,,2026-01-27,received,,2026-01-27 08:00:00,system,2026-01-27 08:00:00,system
271,GRN2026000271,261,3,5,2026-02-22,received,,2026-02-22 08:00:00,system,2026-02-22 08:00:00,system
272,GRN2026000272,263,9,84,2026-04-15,received,,2026-04-15 08:00:00,system,2026-04-15 08:00:00,system
273,GRN2026000273,264,1,,2026-05-05,received,,2026-05-05 08:00:00,system,2026-05-05 08:00:00,system
274,GRN2026000274,265,6,,2026-05-06,received,,2026-05-06 08:00:00,system,2026-05-06 08:00:00,system
275,GRN2026000275,267,7,15,2026-01-18,received,,2026-01-18 08:00:00,system,2026-01-18 08:00:00,system
276,GRN2026000276,268,8,,2026-01-10,received,,2026-01-10 08:00:00,system,2026-01-10 08:00:00,system
277,GRN2026000277,269,3,9,2026-03-15,received,,2026-03-15 08:00:00,system,2026-03-15 08:00:00,system
278,GRN2026000278,269,3,71,2026-03-17,received,,2026-03-17 08:00:00,system,2026-03-17 08:00:00,system
279,GRN2026000279,270,4,104,2026-04-27,received,,2026-04-27 08:00:00,system,2026-04-27 08:00:00,system
280,GRN2026000280,271,6,35,2026-03-27,received,,2026-03-27 08:00:00,system,2026-03-27 08:00:00,system
281,GRN2026000281,272,1,15,2026-02-16,received,,2026-02-16 08:00:00,system,2026-02-16 08:00:00,system
282,GRN2026000282,273,8,42,2026-05-29,received,,2026-05-29 08:00:00,system,2026-05-29 08:00:00,system
283,GRN2026000283,273,8,7,2026-06-03,received,,2026-06-03 08:00:00,system,2026-06-03 08:00:00,system
284,GRN2026000284,273,8,,2026-06-04,received,,2026-06-04 08:00:00,system,2026-06-04 08:00:00,system
285,GRN2026000285,276,1,101,2026-06-17,received,,2026-06-17 08:00:00,system,2026-06-17 08:00:00,system
286,GRN2026000286,276,1,132,2026-06-20,received,,2026-06-20 08:00:00,system,2026-06-20 08:00:00,system
287,GRN2026000287,277,6,100,2026-06-04,received,,2026-06-04 08:00:00,system,2026-06-04 08:00:00,system
288,GRN2026000288,277,6,,2026-06-07,received,,2026-06-07 08:00:00,system,2026-06-07 08:00:00,system
289,GRN2026000289,279,5,113,2026-06-07,received,,2026-06-07 08:00:00,system,2026-06-07 08:00:00,system
290,GRN2026000290,280,3,87,2026-06-07,received,,2026-06-07 08:00:00,system,2026-06-07 08:00:00,system
291,GRN2026000291,281,5,39,2026-07-11,received,,2026-07-11 08:00:00,system,2026-07-11 08:00:00,system
292,GRN2026000292,282,3,52,2026-03-29,received,,2026-03-29 08:00:00,system,2026-03-29 08:00:00,system
293,GRN2026000293,282,3,71,2026-04-01,received,,2026-04-01 08:00:00,system,2026-04-01 08:00:00,system
294,GRN2026000294,283,7,84,2026-04-17,received,,2026-04-17 08:00:00,system,2026-04-17 08:00:00,system
295,GRN2026000295,284,2,46,2026-05-09,received,,2026-05-09 08:00:00,system,2026-05-09 08:00:00,system
296,GRN2026000296,286,7,91,2026-02-27,received,,2026-02-27 08:00:00,system,2026-02-27 08:00:00,system
297,GRN2026000297,287,8,11,2026-03-03,received,,2026-03-03 08:00:00,system,2026-03-03 08:00:00,system
298,GRN2026000298,287,8,133,2026-03-04,received,,2026-03-04 08:00:00,system,2026-03-04 08:00:00,system
299,GRN2026000299,288,2,58,2026-03-18,received,,2026-03-18 08:00:00,system,2026-03-18 08:00:00,system
300,GRN2026000300,289,6,68,2026-05-26,received,,2026-05-26 08:00:00,system,2026-05-26 08:00:00,system
301,GRN2026000301,289,6,,2026-05-27,received,,2026-05-27 08:00:00,system,2026-05-27 08:00:00,system
302,GRN2026000302,291,4,8,2026-06-18,received,,2026-06-18 08:00:00,system,2026-06-18 08:00:00,system
303,GRN2026000303,292,5,,2026-05-15,received,,2026-05-15 08:00:00,system,2026-05-15 08:00:00,system
304,GRN2026000304,293,4,75,2026-03-19,received,,2026-03-19 08:00:00,system,2026-03-19 08:00:00,system
305,GRN2026000305,294,6,53,2026-05-22,received,,2026-05-22 08:00:00,system,2026-05-22 08:00:00,system
306,GRN2026000306,295,3,44,2026-02-03,received,,2026-02-03 08:00:00,system,2026-02-03 08:00:00,system
307,GRN2026000307,296,8,89,2026-04-24,received,,2026-04-24 08:00:00,system,2026-04-24 08:00:00,system
308,GRN2026000308,296,8,13,2026-04-26,received,,2026-04-26 08:00:00,system,2026-04-26 08:00:00,system
309,GRN2026000309,297,8,,2026-01-18,received,,2026-01-18 08:00:00,system,2026-01-18 08:00:00,system
310,GRN2026000310,298,8,129,2026-03-07,received,,2026-03-07 08:00:00,system,2026-03-07 08:00:00,system
311,GRN2026000311,298,8,88,2026-03-10,received,,2026-03-10 08:00:00,system,2026-03-10 08:00:00,system
312,GRN2026000312,299,1,,2026-05-23,received,,2026-05-23 08:00:00,system,2026-05-23 08:00:00,system
313,GRN2026000313,301,9,89,2026-06-26,received,,2026-06-26 08:00:00,system,2026-06-26 08:00:00,system
314,GRN2026000314,302,9,127,2026-02-25,received,,2026-02-25 08:00:00,system,2026-02-25 08:00:00,system
315,GRN2026000315,302,9,2,2026-03-02,received,,2026-03-02 08:00:00,system,2026-03-02 08:00:00,system
316,GRN2026000316,303,3,82,2026-02-23,received,,2026-02-23 08:00:00,system,2026-02-23 08:00:00,system
317,GRN2026000317,303,3,96,2026-02-24,received,,2026-02-24 08:00:00,system,2026-02-24 08:00:00,system
318,GRN2026000318,305,2,31,2026-04-16,received,,2026-04-16 08:00:00,system,2026-04-16 08:00:00,system
319,GRN2026000319,308,5,125,2026-03-30,received,,2026-03-30 08:00:00,system,2026-03-30 08:00:00,system
320,GRN2026000320,310,4,1,2026-01-29,received,,2026-01-29 08:00:00,system,2026-01-29 08:00:00,system
321,GRN2026000321,310,4,15,2026-01-31,received,,2026-01-31 08:00:00,system,2026-01-31 08:00:00,system
322,GRN2026000322,313,2,131,2026-05-07,received,,2026-05-07 08:00:00,system,2026-05-07 08:00:00,system
323,GRN2026000323,315,7,,2026-03-04,received,,2026-03-04 08:00:00,system,2026-03-04 08:00:00,system
324,GRN2026000324,315,7,81,2026-03-06,received,,2026-03-06 08:00:00,system,2026-03-06 08:00:00,system
325,GRN2026000325,317,6,130,2026-06-22,received,,2026-06-22 08:00:00,system,2026-06-22 08:00:00,system
326,GRN2026000326,318,5,110,2026-03-15,received,,2026-03-15 08:00:00,system,2026-03-15 08:00:00,system
327,GRN2026000327,319,6,,2026-03-21,received,,2026-03-21 08:00:00,system,2026-03-21 08:00:00,system
328,GRN2026000328,319,6,15,2026-03-26,received,,2026-03-26 08:00:00,system,2026-03-26 08:00:00,system
329,GRN2026000329,320,3,,2026-02-26,received,,2026-02-26 08:00:00,system,2026-02-26 08:00:00,system
330,GRN2026000330,320,3,54,2026-02-27,received,,2026-02-27 08:00:00,system,2026-02-27 08:00:00,system
331,GRN2026000331,322,3,83,2026-04-27,received,,2026-04-27 08:00:00,system,2026-04-27 08:00:00,system
332,GRN2026000332,323,7,129,2026-02-19,received,,2026-02-19 08:00:00,system,2026-02-19 08:00:00,system
333,GRN2026000333,323,7,64,2026-02-22,received,,2026-02-22 08:00:00,system,2026-02-22 08:00:00,system
334,GRN2026000334,324,5,,2026-06-03,received,,2026-06-03 08:00:00,system,2026-06-03 08:00:00,system
335,GRN2026000335,325,4,2,2026-03-01,received,,2026-03-01 08:00:00,system,2026-03-01 08:00:00,system
336,GRN2026000336,330,7,,2026-05-31,received,,2026-05-31 08:00:00,system,2026-05-31 08:00:00,system
337,GRN2026000337,332,3,66,2026-03-13,received,,2026-03-13 08:00:00,system,2026-03-13 08:00:00,system
338,GRN2026000338,333,7,,2026-01-07,received,,2026-01-07 08:00:00,system,2026-01-07 08:00:00,system
339,GRN2026000339,334,6,,2026-04-19,received,,2026-04-19 08:00:00,system,2026-04-19 08:00:00,system
340,GRN2026000340,335,8,29,2026-02-23,received,,2026-02-23 08:00:00,system,2026-02-23 08:00:00,system
341,GRN2026000341,335,8,51,2026-02-26,received,,2026-02-26 08:00:00,system,2026-02-26 08:00:00,system
342,GRN2026000342,337,3,116,2026-01-30,received,,2026-01-30 08:00:00,system,2026-01-30 08:00:00,system
343,GRN2026000343,338,8,52,2026-06-25,received,,2026-06-25 08:00:00,system,2026-06-25 08:00:00,system
344,GRN2026000344,340,6,125,2026-04-05,received,,2026-04-05 08:00:00,system,2026-04-05 08:00:00,system
345,GRN2026000345,341,2,4,2026-05-07,received,,2026-05-07 08:00:00,system,2026-05-07 08:00:00,system
346,GRN2026000346,342,3,,2026-02-09,received,,2026-02-09 08:00:00,system,2026-02-09 08:00:00,system
347,GRN2026000347,344,5,74,2026-02-27,received,,2026-02-27 08:00:00,system,2026-02-27 08:00:00,system
348,GRN2026000348,344,5,92,2026-03-03,received,,2026-03-03 08:00:00,system,2026-03-03 08:00:00,system
349,GRN2026000349,346,8,,2026-03-23,received,,2026-03-23 08:00:00,system,2026-03-23 08:00:00,system
350,GRN2026000350,347,7,,2026-06-27,received,,2026-06-27 08:00:00,system,2026-06-27 08:00:00,system
351,GRN2026000351,348,4,39,2026-03-17,received,,2026-03-17 08:00:00,system,2026-03-17 08:00:00,system
352,GRN2026000352,349,4,35,2026-01-15,received,,2026-01-15 08:00:00,system,2026-01-15 08:00:00,system
353,GRN2026000353,350,9,,2026-03-09,received,,2026-03-09 08:00:00,system,2026-03-09 08:00:00,system
354,GRN2026000354,351,8,82,2026-04-10,received,,2026-04-10 08:00:00,system,2026-04-10 08:00:00,system
355,GRN2026000355,352,3,127,2026-02-04,received,,2026-02-04 08:00:00,system,2026-02-04 08:00:00,system
356,GRN2026000356,354,9,32,2026-05-19,received,,2026-05-19 08:00:00,system,2026-05-19 08:00:00,system
357,GRN2026000357,356,7,25,2026-01-29,received,,2026-01-29 08:00:00,system,2026-01-29 08:00:00,system
358,GRN2026000358,356,7,,2026-01-31,received,,2026-01-31 08:00:00,system,2026-01-31 08:00:00,system
359,GRN2026000359,356,7,49,2026-02-02,received,,2026-02-02 08:00:00,system,2026-02-02 08:00:00,system
360,GRN2026000360,357,8,41,2026-05-16,received,,2026-05-16 08:00:00,system,2026-05-16 08:00:00,system
361,GRN2026000361,359,2,36,2026-05-15,received,,2026-05-15 08:00:00,system,2026-05-15 08:00:00,system
362,GRN2026000362,359,2,20,2026-05-18,received,,2026-05-18 08:00:00,system,2026-05-18 08:00:00,system
363,GRN2026000363,360,4,45,2026-07-15,received,,2026-07-15 08:00:00,system,2026-07-15 08:00:00,system
364,GRN2026000364,360,4,88,2026-07-17,received,,2026-07-17 08:00:00,system,2026-07-17 08:00:00,system
365,GRN2026000365,361,7,,2026-02-04,received,,2026-02-04 08:00:00,system,2026-02-04 08:00:00,system
366,GRN2026000366,361,7,112,2026-02-08,received,,2026-02-08 08:00:00,system,2026-02-08 08:00:00,system
367,GRN2026000367,362,6,,2026-01-14,received,,2026-01-14 08:00:00,system,2026-01-14 08:00:00,system
368,GRN2026000368,364,4,128,2026-05-03,received,,2026-05-03 08:00:00,system,2026-05-03 08:00:00,system
369,GRN2026000369,364,4,128,2026-05-06,received,,2026-05-06 08:00:00,system,2026-05-06 08:00:00,system
370,GRN2026000370,365,4,27,2026-03-07,received,,2026-03-07 08:00:00,system,2026-03-07 08:00:00,system
371,GRN2026000371,367,2,62,2026-05-12,received,,2026-05-12 08:00:00,system,2026-05-12 08:00:00,system
372,GRN2026000372,368,1,,2026-06-18,received,,2026-06-18 08:00:00,system,2026-06-18 08:00:00,system
373,GRN2026000373,369,6,85,2026-03-15,received,,2026-03-15 08:00:00,system,2026-03-15 08:00:00,system
374,GRN2026000374,369,6,52,2026-03-18,received,,2026-03-18 08:00:00,system,2026-03-18 08:00:00,system
375,GRN2026000375,370,6,51,2026-04-13,received,,2026-04-13 08:00:00,system,2026-04-13 08:00:00,system
376,GRN2026000376,370,6,133,2026-04-14,received,,2026-04-14 08:00:00,system,2026-04-14 08:00:00,system
377,GRN2026000377,371,3,18,2026-05-03,received,,2026-05-03 08:00:00,system,2026-05-03 08:00:00,system
378,GRN2026000378,373,4,126,2026-05-23,received,,2026-05-23 08:00:00,system,2026-05-23 08:00:00,system
379,GRN2026000379,373,4,,2026-05-26,received,,2026-05-26 08:00:00,system,2026-05-26 08:00:00,system
380,GRN2026000380,376,1,87,2026-06-17,received,,2026-06-17 08:00:00,system,2026-06-17 08:00:00,system
381,GRN2026000381,376,1,,2026-06-19,received,,2026-06-19 08:00:00,system,2026-06-19 08:00:00,system
382,GRN2026000382,377,7,17,2026-04-14,received,,2026-04-14 08:00:00,system,2026-04-14 08:00:00,system
383,GRN2026000383,378,9,133,2026-01-27,received,,2026-01-27 08:00:00,system,2026-01-27 08:00:00,system
384,GRN2026000384,378,9,127,2026-01-31,received,,2026-01-31 08:00:00,system,2026-01-31 08:00:00,system
385,GRN2026000385,379,8,21,2026-06-18,received,,2026-06-18 08:00:00,system,2026-06-18 08:00:00,system
386,GRN2026000386,381,6,42,2026-04-03,received,,2026-04-03 08:00:00,system,2026-04-03 08:00:00,system
387,GRN2026000387,381,6,,2026-04-04,received,,2026-04-04 08:00:00,system,2026-04-04 08:00:00,system
388,GRN2026000388,382,2,4,2026-02-06,received,,2026-02-06 08:00:00,system,2026-02-06 08:00:00,system
389,GRN2026000389,382,2,71,2026-02-09,received,,2026-02-09 08:00:00,system,2026-02-09 08:00:00,system
390,GRN2026000390,383,3,33,2026-06-18,received,,2026-06-18 08:00:00,system,2026-06-18 08:00:00,system
391,GRN2026000391,384,9,,2026-01-22,received,,2026-01-22 08:00:00,system,2026-01-22 08:00:00,system
392,GRN2026000392,384,9,52,2026-01-27,received,,2026-01-27 08:00:00,system,2026-01-27 08:00:00,system
393,GRN2026000393,385,1,,2026-03-14,received,,2026-03-14 08:00:00,system,2026-03-14 08:00:00,system
394,GRN2026000394,386,6,,2026-01-29,received,,2026-01-29 08:00:00,system,2026-01-29 08:00:00,system
395,GRN2026000395,386,6,,2026-02-01,received,,2026-02-01 08:00:00,system,2026-02-01 08:00:00,system
396,GRN2026000396,387,3,,2026-04-22,received,,2026-04-22 08:00:00,system,2026-04-22 08:00:00,system
397,GRN2026000397,387,3,55,2026-04-27,received,,2026-04-27 08:00:00,system,2026-04-27 08:00:00,system
398,GRN2026000398,389,4,,2026-05-27,received,,2026-05-27 08:00:00,system,2026-05-27 08:00:00,system
399,GRN2026000399,389,4,108,2026-05-28,received,,2026-05-28 08:00:00,system,2026-05-28 08:00:00,system
400,GRN2026000400,389,4,38,2026-06-01,received,,2026-06-01 08:00:00,system,2026-06-01 08:00:00,system
401,GRN2026000401,391,8,,2026-04-11,received,,2026-04-11 08:00:00,system,2026-04-11 08:00:00,system
402,GRN2026000402,392,7,107,2026-03-13,received,,2026-03-13 08:00:00,system,2026-03-13 08:00:00,system
403,GRN2026000403,393,1,107,2026-05-26,received,,2026-05-26 08:00:00,system,2026-05-26 08:00:00,system
404,GRN2026000404,393,1,85,2026-05-31,received,,2026-05-31 08:00:00,system,2026-05-31 08:00:00,system
405,GRN2026000405,394,9,65,2026-01-29,received,,2026-01-29 08:00:00,system,2026-01-29 08:00:00,system
406,GRN2026000406,396,4,18,2026-06-19,received,,2026-06-19 08:00:00,system,2026-06-19 08:00:00,system
407,GRN2026000407,398,4,58,2026-06-27,received,,2026-06-27 08:00:00,system,2026-06-27 08:00:00,system
408,GRN2026000408,400,7,27,2026-02-06,received,,2026-02-06 08:00:00,system,2026-02-06 08:00:00,system
409,GRN2026000409,402,6,118,2026-02-06,received,,2026-02-06 08:00:00,system,2026-02-06 08:00:00,system
410,GRN2026000410,403,2,92,2026-03-14,received,,2026-03-14 08:00:00,system,2026-03-14 08:00:00,system
411,GRN2026000411,404,8,,2026-03-23,received,,2026-03-23 08:00:00,system,2026-03-23 08:00:00,system
412,GRN2026000412,404,8,,2026-03-26,received,,2026-03-26 08:00:00,system,2026-03-26 08:00:00,system
413,GRN2026000413,404,8,26,2026-03-30,received,,2026-03-30 08:00:00,system,2026-03-30 08:00:00,system
414,GRN2026000414,405,9,73,2026-06-23,received,,2026-06-23 08:00:00,system,2026-06-23 08:00:00,system
415,GRN2026000415,407,1,23,2026-05-17,received,,2026-05-17 08:00:00,system,2026-05-17 08:00:00,system
416,GRN2026000416,407,1,,2026-05-18,received,,2026-05-18 08:00:00,system,2026-05-18 08:00:00,system
417,GRN2026000417,408,5,58,2026-01-26,received,,2026-01-26 08:00:00,system,2026-01-26 08:00:00,system
418,GRN2026000418,408,5,,2026-01-27,received,,2026-01-27 08:00:00,system,2026-01-27 08:00:00,system
419,GRN2026000419,409,8,3,2026-05-30,received,,2026-05-30 08:00:00,system,2026-05-30 08:00:00,system
420,GRN2026000420,409,8,,2026-06-03,received,,2026-06-03 08:00:00,system,2026-06-03 08:00:00,system
421,GRN2026000421,409,8,92,2026-06-06,received,,2026-06-06 08:00:00,system,2026-06-06 08:00:00,system
422,GRN2026000422,410,5,,2026-01-08,received,,2026-01-08 08:00:00,system,2026-01-08 08:00:00,system
423,GRN2026000423,410,5,75,2026-01-11,received,,2026-01-11 08:00:00,system,2026-01-11 08:00:00,system
424,GRN2026000424,411,2,,2026-02-09,received,,2026-02-09 08:00:00,system,2026-02-09 08:00:00,system
425,GRN2026000425,411,2,,2026-02-14,received,,2026-02-14 08:00:00,system,2026-02-14 08:00:00,system
426,GRN2026000426,412,8,,2026-02-24,received,,2026-02-24 08:00:00,system,2026-02-24 08:00:00,system
427,GRN2026000427,413,5,44,2026-04-07,received,,2026-04-07 08:00:00,system,2026-04-07 08:00:00,system
428,GRN2026000428,417,6,77,2026-04-15,received,,2026-04-15 08:00:00,system,2026-04-15 08:00:00,system
429,GRN2026000429,417,6,,2026-04-19,received,,2026-04-19 08:00:00,system,2026-04-19 08:00:00,system
430,GRN2026000430,417,6,62,2026-04-24,received,,2026-04-24 08:00:00,system,2026-04-24 08:00:00,system
431,GRN2026000431,418,8,115,2026-03-15,received,,2026-03-15 08:00:00,system,2026-03-15 08:00:00,system
432,GRN2026000432,418,8,86,2026-03-18,received,,2026-03-18 08:00:00,system,2026-03-18 08:00:00,system
433,GRN2026000433,418,8,,2026-03-20,received,,2026-03-20 08:00:00,system,2026-03-20 08:00:00,system
434,GRN2026000434,419,3,,2026-05-27,received,,2026-05-27 08:00:00,system,2026-05-27 08:00:00,system
435,GRN2026000435,420,9,,2026-05-25,received,,2026-05-25 08:00:00,system,2026-05-25 08:00:00,system
436,GRN2026000436,421,9,31,2026-02-02,received,,2026-02-02 08:00:00,system,2026-02-02 08:00:00,system
437,GRN2026000437,422,7,135,2026-04-10,received,,2026-04-10 08:00:00,system,2026-04-10 08:00:00,system
438,GRN2026000438,424,8,85,2026-05-04,received,,2026-05-04 08:00:00,system,2026-05-04 08:00:00,system
439,GRN2026000439,425,9,39,2026-05-30,received,,2026-05-30 08:00:00,system,2026-05-30 08:00:00,system
440,GRN2026000440,428,7,109,2026-06-16,received,,2026-06-16 08:00:00,system,2026-06-16 08:00:00,system
441,GRN2026000441,430,1,27,2026-01-24,received,,2026-01-24 08:00:00,system,2026-01-24 08:00:00,system
442,GRN2026000442,430,1,13,2026-01-27,received,,2026-01-27 08:00:00,system,2026-01-27 08:00:00,system
443,GRN2026000443,432,8,,2026-02-25,received,,2026-02-25 08:00:00,system,2026-02-25 08:00:00,system
444,GRN2026000444,433,9,104,2026-01-30,received,,2026-01-30 08:00:00,system,2026-01-30 08:00:00,system
445,GRN2026000445,434,3,19,2026-04-13,received,,2026-04-13 08:00:00,system,2026-04-13 08:00:00,system
446,GRN2026000446,435,6,135,2026-05-24,received,,2026-05-24 08:00:00,system,2026-05-24 08:00:00,system
447,GRN2026000447,436,9,132,2026-03-15,received,,2026-03-15 08:00:00,system,2026-03-15 08:00:00,system
448,GRN2026000448,436,9,,2026-03-18,received,,2026-03-18 08:00:00,system,2026-03-18 08:00:00,system
449,GRN2026000449,438,5,108,2026-07-03,received,,2026-07-03 08:00:00,system,2026-07-03 08:00:00,system
450,GRN2026000450,438,5,53,2026-07-04,received,,2026-07-04 08:00:00,system,2026-07-04 08:00:00,system
451,GRN2026000451,439,4,134,2026-02-18,received,,2026-02-18 08:00:00,system,2026-02-18 08:00:00,system
452,GRN2026000452,439,4,94,2026-02-23,received,,2026-02-23 08:00:00,system,2026-02-23 08:00:00,system
453,GRN2026000453,439,4,2,2026-02-28,received,,2026-02-28 08:00:00,system,2026-02-28 08:00:00,system
454,GRN2026000454,440,7,,2026-06-27,received,,2026-06-27 08:00:00,system,2026-06-27 08:00:00,system
455,GRN2026000455,440,7,133,2026-07-02,received,,2026-07-02 08:00:00,system,2026-07-02 08:00:00,system
456,GRN2026000456,441,4,,2026-04-15,received,,2026-04-15 08:00:00,system,2026-04-15 08:00:00,system
457,GRN2026000457,442,6,50,2026-03-24,received,,2026-03-24 08:00:00,system,2026-03-24 08:00:00,system
458,GRN2026000458,443,1,123,2026-06-23,received,,2026-06-23 08:00:00,system,2026-06-23 08:00:00,system
459,GRN2026000459,444,9,94,2026-05-21,received,,2026-05-21 08:00:00,system,2026-05-21 08:00:00,system
460,GRN2026000460,445,3,129,2026-02-09,received,,2026-02-09 08:00:00,system,2026-02-09 08:00:00,system
461,GRN2026000461,446,8,26,2026-04-24,received,,2026-04-24 08:00:00,system,2026-04-24 08:00:00,system
462,GRN2026000462,447,5,75,2026-05-27,received,,2026-05-27 08:00:00,system,2026-05-27 08:00:00,system
463,GRN2026000463,447,5,,2026-05-28,received,,2026-05-28 08:00:00,system,2026-05-28 08:00:00,system
464,GRN2026000464,448,7,,2026-04-18,received,,2026-04-18 08:00:00,system,2026-04-18 08:00:00,system
465,GRN2026000465,449,4,10,2026-05-24,received,,2026-05-24 08:00:00,system,2026-05-24 08:00:00,system
466,GRN2026000466,449,4,,2026-05-26,received,,2026-05-26 08:00:00,system,2026-05-26 08:00:00,system
467,GRN2026000467,450,8,83,2026-02-12,received,,2026-02-12 08:00:00,system,2026-02-12 08:00:00,system
468,GRN2026000468,450,8,124,2026-02-17,received,,2026-02-17 08:00:00,system,2026-02-17 08:00:00,system
469,GRN2026000469,452,2,33,2026-06-12,received,,2026-06-12 08:00:00,system,2026-06-12 08:00:00,system
470,GRN2026000470,452,2,,2026-06-16,received,,2026-06-16 08:00:00,system,2026-06-16 08:00:00,system
471,GRN2026000471,452,2,42,2026-06-19,received,,2026-06-19 08:00:00,system,2026-06-19 08:00:00,system
472,GRN2026000472,453,3,42,2026-04-12,received,,2026-04-12 08:00:00,system,2026-04-12 08:00:00,system
473,GRN2026000473,453,3,,2026-04-15,received,,2026-04-15 08:00:00,system,2026-04-15 08:00:00,system
474,GRN2026000474,456,5,88,2026-05-01,received,,2026-05-01 08:00:00,system,2026-05-01 08:00:00,system
475,GRN2026000475,458,9,11,2026-05-14,received,,2026-05-14 08:00:00,system,2026-05-14 08:00:00,system
476,GRN2026000476,461,8,135,2026-05-29,received,,2026-05-29 08:00:00,system,2026-05-29 08:00:00,system
477,GRN2026000477,462,3,72,2026-03-30,received,,2026-03-30 08:00:00,system,2026-03-30 08:00:00,system
478,GRN2026000478,463,5,,2026-05-26,received,,2026-05-26 08:00:00,system,2026-05-26 08:00:00,system
479,GRN2026000479,465,5,88,2026-03-08,received,,2026-03-08 08:00:00,system,2026-03-08 08:00:00,system
480,GRN2026000480,465,5,,2026-03-13,received,,2026-03-13 08:00:00,system,2026-03-13 08:00:00,system
481,GRN2026000481,469,5,38,2026-05-09,received,,2026-05-09 08:00:00,system,2026-05-09 08:00:00,system
482,GRN2026000482,470,4,11,2026-04-04,received,,2026-04-04 08:00:00,system,2026-04-04 08:00:00,system
483,GRN2026000483,471,9,,2026-06-16,received,,2026-06-16 08:00:00,system,2026-06-16 08:00:00,system
484,GRN2026000484,473,4,,2026-01-24,received,,2026-01-24 08:00:00,system,2026-01-24 08:00:00,system
485,GRN2026000485,474,6,4,2026-03-10,received,,2026-03-10 08:00:00,system,2026-03-10 08:00:00,system
486,GRN2026000486,475,2,7,2026-06-14,received,,2026-06-14 08:00:00,system,2026-06-14 08:00:00,system
487,GRN2026000487,477,8,124,2026-03-27,received,,2026-03-27 08:00:00,system,2026-03-27 08:00:00,system
488,GRN2026000488,477,8,,2026-03-31,received,,2026-03-31 08:00:00,system,2026-03-31 08:00:00,system
489,GRN2026000489,478,4,,2026-05-17,received,,2026-05-17 08:00:00,system,2026-05-17 08:00:00,system
490,GRN2026000490,479,3,,2026-04-17,received,,2026-04-17 08:00:00,system,2026-04-17 08:00:00,system
491,GRN2026000491,480,4,76,2026-06-18,received,,2026-06-18 08:00:00,system,2026-06-18 08:00:00,system
492,GRN2026000492,480,4,,2026-06-20,received,,2026-06-20 08:00:00,system,2026-06-20 08:00:00,system
493,GRN2026000493,481,5,81,2026-04-23,received,,2026-04-23 08:00:00,system,2026-04-23 08:00:00,system
494,GRN2026000494,483,1,,2026-05-17,received,,2026-05-17 08:00:00,system,2026-05-17 08:00:00,system
495,GRN2026000495,483,1,93,2026-05-18,received,,2026-05-18 08:00:00,system,2026-05-18 08:00:00,system
496,GRN2026000496,486,6,1,2026-01-25,received,,2026-01-25 08:00:00,system,2026-01-25 08:00:00,system
497,GRN2026000497,487,9,103,2026-03-29,received,,2026-03-29 08:00:00,system,2026-03-29 08:00:00,system
498,GRN2026000498,487,9,45,2026-04-03,received,,2026-04-03 08:00:00,system,2026-04-03 08:00:00,system
499,GRN2026000499,488,5,70,2026-06-20,received,,2026-06-20 08:00:00,system,2026-06-20 08:00:00,system
500,GRN2026000500,488,5,,2026-06-25,received,,2026-06-25 08:00:00,system,2026-06-25 08:00:00,system
501,GRN2026000501,489,7,34,2026-04-28,received,,2026-04-28 08:00:00,system,2026-04-28 08:00:00,system
502,GRN2026000502,492,2,26,2026-06-12,received,,2026-06-12 08:00:00,system,2026-06-12 08:00:00,system
503,GRN2026000503,493,2,13,2026-06-04,received,,2026-06-04 08:00:00,system,2026-06-04 08:00:00,system
504,GRN2026000504,494,9,97,2026-04-02,received,,2026-04-02 08:00:00,system,2026-04-02 08:00:00,system
505,GRN2026000505,494,9,25,2026-04-07,received,,2026-04-07 08:00:00,system,2026-04-07 08:00:00,system
506,GRN2026000506,495,4,,2026-01-20,received,,2026-01-20 08:00:00,system,2026-01-20 08:00:00,system
507,GRN2026000507,496,8,25,2026-01-12,received,,2026-01-12 08:00:00,system,2026-01-12 08:00:00,system
508,GRN2026000508,496,8,,2026-01-13,received,,2026-01-13 08:00:00,system,2026-01-13 08:00:00,system
509,GRN2026000509,498,9,93,2026-02-08,received,,2026-02-08 08:00:00,system,2026-02-08 08:00:00,system
510,GRN2026000510,499,8,,2026-07-08,received,,2026-07-08 08:00:00,system,2026-07-08 08:00:00,system
511,GRN2026000511,502,5,41,2026-06-21,received,,2026-06-21 08:00:00,system,2026-06-21 08:00:00,system
512,GRN2026000512,503,5,8,2026-05-25,received,,2026-05-25 08:00:00,system,2026-05-25 08:00:00,system
513,GRN2026000513,504,6,19,2026-04-18,received,,2026-04-18 08:00:00,system,2026-04-18 08:00:00,system
514,GRN2026000514,505,8,22,2026-04-04,received,,2026-04-04 08:00:00,system,2026-04-04 08:00:00,system
515,GRN2026000515,505,8,25,2026-04-07,received,,2026-04-07 08:00:00,system,2026-04-07 08:00:00,system
516,GRN2026000516,508,2,45,2026-06-25,received,,2026-06-25 08:00:00,system,2026-06-25 08:00:00,system
517,GRN2026000517,509,9,116,2026-01-14,received,,2026-01-14 08:00:00,system,2026-01-14 08:00:00,system
518,GRN2026000518,510,9,101,2026-07-06,received,,2026-07-06 08:00:00,system,2026-07-06 08:00:00,system
519,GRN2026000519,510,9,104,2026-07-09,received,,2026-07-09 08:00:00,system,2026-07-09 08:00:00,system
520,GRN2026000520,511,9,20,2026-04-18,received,,2026-04-18 08:00:00,system,2026-04-18 08:00:00,system
521,GRN2026000521,511,9,37,2026-04-19,received,,2026-04-19 08:00:00,system,2026-04-19 08:00:00,system
522,GRN2026000522,511,9,77,2026-04-24,received,,2026-04-24 08:00:00,system,2026-04-24 08:00:00,system
523,GRN2026000523,512,3,103,2026-04-14,received,,2026-04-14 08:00:00,system,2026-04-14 08:00:00,system
524,GRN2026000524,513,9,8,2026-02-25,received,,2026-02-25 08:00:00,system,2026-02-25 08:00:00,system
525,GRN2026000525,513,9,79,2026-02-28,received,,2026-02-28 08:00:00,system,2026-02-28 08:00:00,system
526,GRN2026000526,514,7,,2026-07-09,received,,2026-07-09 08:00:00,system,2026-07-09 08:00:00,system
527,GRN2026000527,515,4,33,2026-03-19,received,,2026-03-19 08:00:00,system,2026-03-19 08:00:00,system
528,GRN2026000528,515,4,,2026-03-23,received,,2026-03-23 08:00:00,system,2026-03-23 08:00:00,system
529,GRN2026000529,516,4,118,2026-03-07,received,,2026-03-07 08:00:00,system,2026-03-07 08:00:00,system
530,GRN2026000530,517,5,,2026-05-26,received,,2026-05-26 08:00:00,system,2026-05-26 08:00:00,system
531,GRN2026000531,518,6,,2026-03-26,received,,2026-03-26 08:00:00,system,2026-03-26 08:00:00,system
532,GRN2026000532,519,5,27,2026-02-27,received,,2026-02-27 08:00:00,system,2026-02-27 08:00:00,system
533,GRN2026000533,520,6,56,2026-02-14,received,,2026-02-14 08:00:00,system,2026-02-14 08:00:00,system
534,GRN2026000534,521,6,31,2026-04-01,received,,2026-04-01 08:00:00,system,2026-04-01 08:00:00,system
535,GRN2026000535,524,8,7,2026-03-19,received,,2026-03-19 08:00:00,system,2026-03-19 08:00:00,system
536,GRN2026000536,524,8,10,2026-03-20,received,,2026-03-20 08:00:00,system,2026-03-20 08:00:00,system
537,GRN2026000537,525,6,82,2026-02-02,received,,2026-02-02 08:00:00,system,2026-02-02 08:00:00,system
538,GRN2026000538,527,2,,2026-03-13,received,,2026-03-13 08:00:00,system,2026-03-13 08:00:00,system
539,GRN2026000539,527,2,103,2026-03-16,received,,2026-03-16 08:00:00,system,2026-03-16 08:00:00,system
540,GRN2026000540,528,1,27,2026-03-03,received,,2026-03-03 08:00:00,system,2026-03-03 08:00:00,system
541,GRN2026000541,528,1,135,2026-03-04,received,,2026-03-04 08:00:00,system,2026-03-04 08:00:00,system
542,GRN2026000542,529,8,109,2026-05-03,received,,2026-05-03 08:00:00,system,2026-05-03 08:00:00,system
543,GRN2026000543,529,8,,2026-05-07,received,,2026-05-07 08:00:00,system,2026-05-07 08:00:00,system
544,GRN2026000544,530,4,,2026-02-10,received,,2026-02-10 08:00:00,system,2026-02-10 08:00:00,system
545,GRN2026000545,531,4,17,2026-02-16,received,,2026-02-16 08:00:00,system,2026-02-16 08:00:00,system
546,GRN2026000546,532,2,117,2026-05-26,received,,2026-05-26 08:00:00,system,2026-05-26 08:00:00,system
547,GRN2026000547,532,2,,2026-05-27,received,,2026-05-27 08:00:00,system,2026-05-27 08:00:00,system
548,GRN2026000548,533,6,,2026-04-26,received,,2026-04-26 08:00:00,system,2026-04-26 08:00:00,system
549,GRN2026000549,534,2,84,2026-02-13,received,,2026-02-13 08:00:00,system,2026-02-13 08:00:00,system
550,GRN2026000550,535,3,129,2026-02-27,received,,2026-02-27 08:00:00,system,2026-02-27 08:00:00,system
551,GRN2026000551,536,5,70,2026-04-02,received,,2026-04-02 08:00:00,system,2026-04-02 08:00:00,system
552,GRN2026000552,537,5,106,2026-03-09,received,,2026-03-09 08:00:00,system,2026-03-09 08:00:00,system
553,GRN2026000553,537,5,65,2026-03-14,received,,2026-03-14 08:00:00,system,2026-03-14 08:00:00,system
554,GRN2026000554,538,1,37,2026-02-24,received,,2026-02-24 08:00:00,system,2026-02-24 08:00:00,system
555,GRN2026000555,539,4,35,2026-02-02,received,,2026-02-02 08:00:00,system,2026-02-02 08:00:00,system
556,GRN2026000556,539,4,100,2026-02-04,received,,2026-02-04 08:00:00,system,2026-02-04 08:00:00,system
557,GRN2026000557,540,9,94,2026-07-27,received,,2026-07-27 08:00:00,system,2026-07-27 08:00:00,system
558,GRN2026000558,540,9,,2026-07-29,received,,2026-07-29 08:00:00,system,2026-07-29 08:00:00,system
559,GRN2026000559,541,4,110,2026-05-03,received,,2026-05-03 08:00:00,system,2026-05-03 08:00:00,system
560,GRN2026000560,541,4,11,2026-05-05,received,,2026-05-05 08:00:00,system,2026-05-05 08:00:00,system
561,GRN2026000561,542,9,122,2026-05-17,received,,2026-05-17 08:00:00,system,2026-05-17 08:00:00,system
562,GRN2026000562,543,3,,2026-03-01,received,,2026-03-01 08:00:00,system,2026-03-01 08:00:00,system
563,GRN2026000563,545,7,89,2026-05-12,received,,2026-05-12 08:00:00,system,2026-05-12 08:00:00,system
564,GRN2026000564,546,6,102,2026-04-23,received,,2026-04-23 08:00:00,system,2026-04-23 08:00:00,system
565,GRN2026000565,547,4,11,2026-02-08,received,,2026-02-08 08:00:00,system,2026-02-08 08:00:00,system
566,GRN2026000566,548,2,68,2026-01-17,received,,2026-01-17 08:00:00,system,2026-01-17 08:00:00,system
567,GRN2026000567,549,9,81,2026-03-28,received,,2026-03-28 08:00:00,system,2026-03-28 08:00:00,system
568,GRN2026000568,551,8,98,2026-03-10,received,,2026-03-10 08:00:00,system,2026-03-10 08:00:00,system
569,GRN2026000569,552,4,73,2026-02-07,received,,2026-02-07 08:00:00,system,2026-02-07 08:00:00,system
570,GRN2026000570,552,4,106,2026-02-12,received,,2026-02-12 08:00:00,system,2026-02-12 08:00:00,system
571,GRN2026000571,553,7,34,2026-03-24,received,,2026-03-24 08:00:00,system,2026-03-24 08:00:00,system
572,GRN2026000572,554,9,132,2026-05-04,received,,2026-05-04 08:00:00,system,2026-05-04 08:00:00,system
573,GRN2026000573,555,8,,2026-04-25,received,,2026-04-25 08:00:00,system,2026-04-25 08:00:00,system
574,GRN2026000574,556,1,13,2026-03-17,received,,2026-03-17 08:00:00,system,2026-03-17 08:00:00,system
575,GRN2026000575,557,1,39,2026-01-13,received,,2026-01-13 08:00:00,system,2026-01-13 08:00:00,system
576,GRN2026000576,557,1,105,2026-01-14,received,,2026-01-14 08:00:00,system,2026-01-14 08:00:00,system
577,GRN2026000577,558,8,80,2026-06-16,received,,2026-06-16 08:00:00,system,2026-06-16 08:00:00,system
578,GRN2026000578,558,8,21,2026-06-18,received,,2026-06-18 08:00:00,system,2026-06-18 08:00:00,system
579,GRN2026000579,559,1,,2026-04-21,received,,2026-04-21 08:00:00,system,2026-04-21 08:00:00,system
580,GRN2026000580,560,2,41,2026-01-28,received,,2026-01-28 08:00:00,system,2026-01-28 08:00:00,system
581,GRN2026000581,561,3,47,2026-04-11,received,,2026-04-11 08:00:00,system,2026-04-11 08:00:00,system
582,GRN2026000582,562,7,133,2026-03-10,received,,2026-03-10 08:00:00,system,2026-03-10 08:00:00,system
583,GRN2026000583,562,7,,2026-03-13,received,,2026-03-13 08:00:00,system,2026-03-13 08:00:00,system
584,GRN2026000584,563,6,45,2026-06-09,received,,2026-06-09 08:00:00,system,2026-06-09 08:00:00,system
585,GRN2026000585,563,6,68,2026-06-12,received,,2026-06-12 08:00:00,system,2026-06-12 08:00:00,system
586,GRN2026000586,565,4,117,2026-02-20,received,,2026-02-20 08:00:00,system,2026-02-20 08:00:00,system
587,GRN2026000587,566,4,79,2026-04-30,received,,2026-04-30 08:00:00,system,2026-04-30 08:00:00,system
588,GRN2026000588,566,4,108,2026-05-02,received,,2026-05-02 08:00:00,system,2026-05-02 08:00:00,system
589,GRN2026000589,566,4,78,2026-05-04,received,,2026-05-04 08:00:00,system,2026-05-04 08:00:00,system
590,GRN2026000590,568,1,116,2026-07-01,received,,2026-07-01 08:00:00,system,2026-07-01 08:00:00,system
591,GRN2026000591,569,4,5,2026-07-05,received,,2026-07-05 08:00:00,system,2026-07-05 08:00:00,system
592,GRN2026000592,570,1,122,2026-04-13,received,,2026-04-13 08:00:00,system,2026-04-13 08:00:00,system
593,GRN2026000593,571,2,68,2026-02-15,received,,2026-02-15 08:00:00,system,2026-02-15 08:00:00,system
594,GRN2026000594,572,4,57,2026-05-29,received,,2026-05-29 08:00:00,system,2026-05-29 08:00:00,system
595,GRN2026000595,574,8,,2026-03-20,received,,2026-03-20 08:00:00,system,2026-03-20 08:00:00,system
596,GRN2026000596,575,2,17,2026-02-06,received,,2026-02-06 08:00:00,system,2026-02-06 08:00:00,system
597,GRN2026000597,575,2,10,2026-02-08,received,,2026-02-08 08:00:00,system,2026-02-08 08:00:00,system
598,GRN2026000598,576,2,68,2026-07-15,received,,2026-07-15 08:00:00,system,2026-07-15 08:00:00,system
599,GRN2026000599,577,8,85,2026-05-19,received,,2026-05-19 08:00:00,system,2026-05-19 08:00:00,system
600,GRN2026000600,577,8,117,2026-05-20,received,,2026-05-20 08:00:00,system,2026-05-20 08:00:00,system
601,GRN2026000601,577,8,,2026-05-22,received,,2026-05-22 08:00:00,system,2026-05-22 08:00:00,system
602,GRN2026000602,578,3,,2026-03-28,received,,2026-03-28 08:00:00,system,2026-03-28 08:00:00,system
603,GRN2026000603,579,2,26,2026-02-22,received,,2026-02-22 08:00:00,system,2026-02-22 08:00:00,system
604,GRN2026000604,579,2,,2026-02-26,received,,2026-02-26 08:00:00,system,2026-02-26 08:00:00,system
605,GRN2026000605,581,1,7,2026-03-10,received,,2026-03-10 08:00:00,system,2026-03-10 08:00:00,system
606,GRN2026000606,582,9,116,2026-06-09,received,,2026-06-09 08:00:00,system,2026-06-09 08:00:00,system
607,GRN2026000607,585,4,,2026-06-20,received,,2026-06-20 08:00:00,system,2026-06-20 08:00:00,system
608,GRN2026000608,585,4,5,2026-06-23,received,,2026-06-23 08:00:00,system,2026-06-23 08:00:00,system
609,GRN2026000609,586,1,,2026-06-01,received,,2026-06-01 08:00:00,system,2026-06-01 08:00:00,system
610,GRN2026000610,586,1,,2026-06-05,received,,2026-06-05 08:00:00,system,2026-06-05 08:00:00,system
611,GRN2026000611,587,4,134,2026-07-01,received,,2026-07-01 08:00:00,system,2026-07-01 08:00:00,system
612,GRN2026000612,588,5,98,2026-07-05,received,,2026-07-05 08:00:00,system,2026-07-05 08:00:00,system
613,GRN2026000613,590,2,26,2026-01-17,received,,2026-01-17 08:00:00,system,2026-01-17 08:00:00,system
614,GRN2026000614,591,2,,2026-05-12,received,,2026-05-12 08:00:00,system,2026-05-12 08:00:00,system
615,GRN2026000615,591,2,84,2026-05-16,received,,2026-05-16 08:00:00,system,2026-05-16 08:00:00,system
616,GRN2026000616,594,6,24,2026-02-07,received,,2026-02-07 08:00:00,system,2026-02-07 08:00:00,system
617,GRN2026000617,594,6,4,2026-02-10,received,,2026-02-10 08:00:00,system,2026-02-10 08:00:00,system
618,GRN2026000618,595,9,104,2026-06-20,received,,2026-06-20 08:00:00,system,2026-06-20 08:00:00,system
619,GRN2026000619,596,4,,2026-01-29,received,,2026-01-29 08:00:00,system,2026-01-29 08:00:00,system
620,GRN2026000620,598,9,18,2026-05-02,received,,2026-05-02 08:00:00,system,2026-05-02 08:00:00,system
621,GRN2026000621,599,6,87,2026-01-21,received,,2026-01-21 08:00:00,system,2026-01-21 08:00:00,system
622,GRN2026000622,600,7,92,2026-01-24,received,,2026-01-24 08:00:00,system,2026-01-24 08:00:00,system
623,GRN2026000623,601,9,80,2026-03-12,received,,2026-03-12 08:00:00,system,2026-03-12 08:00:00,system
624,GRN2026000624,601,9,78,2026-03-15,received,,2026-03-15 08:00:00,system,2026-03-15 08:00:00,system
625,GRN2026000625,603,5,80,2026-06-15,received,,2026-06-15 08:00:00,system,2026-06-15 08:00:00,system
626,GRN2026000626,604,6,92,2026-03-27,received,,2026-03-27 08:00:00,system,2026-03-27 08:00:00,system
627,GRN2026000627,605,1,,2026-03-30,received,,2026-03-30 08:00:00,system,2026-03-30 08:00:00,system
628,GRN2026000628,606,7,109,2026-02-05,received,,2026-02-05 08:00:00,system,2026-02-05 08:00:00,system
629,GRN2026000629,607,7,,2026-01-13,received,,2026-01-13 08:00:00,system,2026-01-13 08:00:00,system
630,GRN2026000630,608,5,34,2026-07-01,received,,2026-07-01 08:00:00,system,2026-07-01 08:00:00,system
631,GRN2026000631,608,5,85,2026-07-02,received,,2026-07-02 08:00:00,system,2026-07-02 08:00:00,system
632,GRN2026000632,609,9,25,2026-02-26,received,,2026-02-26 08:00:00,system,2026-02-26 08:00:00,system
633,GRN2026000633,609,9,,2026-03-03,received,,2026-03-03 08:00:00,system,2026-03-03 08:00:00,system
634,GRN2026000634,610,5,110,2026-01-24,received,,2026-01-24 08:00:00,system,2026-01-24 08:00:00,system
635,GRN2026000635,610,5,,2026-01-26,received,,2026-01-26 08:00:00,system,2026-01-26 08:00:00,system
636,GRN2026000636,612,5,98,2026-05-11,received,,2026-05-11 08:00:00,system,2026-05-11 08:00:00,system
637,GRN2026000637,614,9,55,2026-05-26,received,,2026-05-26 08:00:00,system,2026-05-26 08:00:00,system
638,GRN2026000638,615,5,,2026-06-17,received,,2026-06-17 08:00:00,system,2026-06-17 08:00:00,system
639,GRN2026000639,615,5,,2026-06-21,received,,2026-06-21 08:00:00,system,2026-06-21 08:00:00,system
640,GRN2026000640,616,7,37,2026-03-26,received,,2026-03-26 08:00:00,system,2026-03-26 08:00:00,system
641,GRN2026000641,617,6,,2026-07-13,received,,2026-07-13 08:00:00,system,2026-07-13 08:00:00,system
642,GRN2026000642,618,9,71,2026-06-17,received,,2026-06-17 08:00:00,system,2026-06-17 08:00:00,system
643,GRN2026000643,618,9,31,2026-06-18,received,,2026-06-18 08:00:00,system,2026-06-18 08:00:00,system
644,GRN2026000644,619,6,132,2026-07-05,received,,2026-07-05 08:00:00,system,2026-07-05 08:00:00,system
645,GRN2026000645,619,6,78,2026-07-06,received,,2026-07-06 08:00:00,system,2026-07-06 08:00:00,system
646,GRN2026000646,620,1,,2026-03-19,received,,2026-03-19 08:00:00,system,2026-03-19 08:00:00,system
647,GRN2026000647,621,1,124,2026-02-26,received,,2026-02-26 08:00:00,system,2026-02-26 08:00:00,system
648,GRN2026000648,621,1,122,2026-02-27,received,,2026-02-27 08:00:00,system,2026-02-27 08:00:00,system
649,GRN2026000649,622,8,130,2026-03-02,received,,2026-03-02 08:00:00,system,2026-03-02 08:00:00,system
650,GRN2026000650,623,5,132,2026-05-20,received,,2026-05-20 08:00:00,system,2026-05-20 08:00:00,system
651,GRN2026000651,623,5,41,2026-05-24,received,,2026-05-24 08:00:00,system,2026-05-24 08:00:00,system
652,GRN2026000652,624,1,92,2026-06-10,received,,2026-06-10 08:00:00,system,2026-06-10 08:00:00,system
653,GRN2026000653,625,8,,2026-05-07,received,,2026-05-07 08:00:00,system,2026-05-07 08:00:00,system
654,GRN2026000654,626,3,88,2026-06-05,received,,2026-06-05 08:00:00,system,2026-06-05 08:00:00,system
655,GRN2026000655,627,9,,2026-06-25,received,,2026-06-25 08:00:00,system,2026-06-25 08:00:00,system
656,GRN2026000656,627,9,48,2026-06-28,received,,2026-06-28 08:00:00,system,2026-06-28 08:00:00,system
657,GRN2026000657,628,1,28,2026-05-15,received,,2026-05-15 08:00:00,system,2026-05-15 08:00:00,system
658,GRN2026000658,628,1,,2026-05-18,received,,2026-05-18 08:00:00,system,2026-05-18 08:00:00,system
659,GRN2026000659,628,1,,2026-05-23,received,,2026-05-23 08:00:00,system,2026-05-23 08:00:00,system
660,GRN2026000660,629,4,25,2026-05-24,received,,2026-05-24 08:00:00,system,2026-05-24 08:00:00,system
661,GRN2026000661,631,8,129,2026-04-24,received,,2026-04-24 08:00:00,system,2026-04-24 08:00:00,system
662,GRN2026000662,632,2,8,2026-05-14,received,,2026-05-14 08:00:00,system,2026-05-14 08:00:00,system
663,GRN2026000663,632,2,,2026-05-15,received,,2026-05-15 08:00:00,system,2026-05-15 08:00:00,system
664,GRN2026000664,633,6,123,2026-01-24,received,,2026-01-24 08:00:00,system,2026-01-24 08:00:00,system
665,GRN2026000665,633,6,115,2026-01-27,received,,2026-01-27 08:00:00,system,2026-01-27 08:00:00,system
666,GRN2026000666,636,9,,2026-06-07,received,,2026-06-07 08:00:00,system,2026-06-07 08:00:00,system
667,GRN2026000667,636,9,,2026-06-08,received,,2026-06-08 08:00:00,system,2026-06-08 08:00:00,system
668,GRN2026000668,639,4,,2026-02-28,received,,2026-02-28 08:00:00,system,2026-02-28 08:00:00,system
669,GRN2026000669,640,7,60,2026-06-02,received,,2026-06-02 08:00:00,system,2026-06-02 08:00:00,system
670,GRN2026000670,640,7,52,2026-06-04,received,,2026-06-04 08:00:00,system,2026-06-04 08:00:00,system
671,GRN2026000671,641,7,120,2026-03-31,received,,2026-03-31 08:00:00,system,2026-03-31 08:00:00,system
672,GRN2026000672,641,7,,2026-04-01,received,,2026-04-01 08:00:00,system,2026-04-01 08:00:00,system
673,GRN2026000673,642,2,,2026-04-13,received,,2026-04-13 08:00:00,system,2026-04-13 08:00:00,system
674,GRN2026000674,643,2,80,2026-03-30,received,,2026-03-30 08:00:00,system,2026-03-30 08:00:00,system
675,GRN2026000675,643,2,,2026-04-04,received,,2026-04-04 08:00:00,system,2026-04-04 08:00:00,system
676,GRN2026000676,644,9,50,2026-03-13,received,,2026-03-13 08:00:00,system,2026-03-13 08:00:00,system
677,GRN2026000677,645,9,79,2026-04-12,received,,2026-04-12 08:00:00,system,2026-04-12 08:00:00,system
678,GRN2026000678,645,9,,2026-04-14,received,,2026-04-14 08:00:00,system,2026-04-14 08:00:00,system
679,GRN2026000679,647,2,26,2026-01-17,received,,2026-01-17 08:00:00,system,2026-01-17 08:00:00,system
680,GRN2026000680,649,1,,2026-06-08,received,,2026-06-08 08:00:00,system,2026-06-08 08:00:00,system
681,GRN2026000681,650,6,116,2026-01-07,received,,2026-01-07 08:00:00,system,2026-01-07 08:00:00,system
682,GRN2026000682,652,1,,2026-03-29,received,,2026-03-29 08:00:00,system,2026-03-29 08:00:00,system
683,GRN2026000683,653,4,29,2026-04-06,received,,2026-04-06 08:00:00,system,2026-04-06 08:00:00,system
684,GRN2026000684,654,6,81,2026-01-29,received,,2026-01-29 08:00:00,system,2026-01-29 08:00:00,system
685,GRN2026000685,655,5,19,2026-01-22,received,,2026-01-22 08:00:00,system,2026-01-22 08:00:00,system
686,GRN2026000686,656,3,108,2026-01-18,received,,2026-01-18 08:00:00,system,2026-01-18 08:00:00,system
687,GRN2026000687,657,8,87,2026-02-25,received,,2026-02-25 08:00:00,system,2026-02-25 08:00:00,system
688,GRN2026000688,658,7,,2026-06-28,received,,2026-06-28 08:00:00,system,2026-06-28 08:00:00,system
689,GRN2026000689,658,7,98,2026-06-30,received,,2026-06-30 08:00:00,system,2026-06-30 08:00:00,system
690,GRN2026000690,659,6,70,2026-03-08,received,,2026-03-08 08:00:00,system,2026-03-08 08:00:00,system
691,GRN2026000691,661,5,126,2026-06-27,received,,2026-06-27 08:00:00,system,2026-06-27 08:00:00,system
692,GRN2026000692,662,3,54,2026-04-21,received,,2026-04-21 08:00:00,system,2026-04-21 08:00:00,system
693,GRN2026000693,664,3,114,2026-06-09,received,,2026-06-09 08:00:00,system,2026-06-09 08:00:00,system
694,GRN2026000694,665,2,25,2026-06-22,received,,2026-06-22 08:00:00,system,2026-06-22 08:00:00,system
695,GRN2026000695,667,6,,2026-04-14,received,,2026-04-14 08:00:00,system,2026-04-14 08:00:00,system
696,GRN2026000696,667,6,,2026-04-19,received,,2026-04-19 08:00:00,system,2026-04-19 08:00:00,system
697,GRN2026000697,668,8,,2026-01-12,received,,2026-01-12 08:00:00,system,2026-01-12 08:00:00,system
698,GRN2026000698,670,6,,2026-03-23,received,,2026-03-23 08:00:00,system,2026-03-23 08:00:00,system
699,GRN2026000699,671,8,96,2026-03-20,received,,2026-03-20 08:00:00,system,2026-03-20 08:00:00,system
700,GRN2026000700,673,5,,2026-01-15,received,,2026-01-15 08:00:00,system,2026-01-15 08:00:00,system
701,GRN2026000701,674,1,103,2026-07-01,received,,2026-07-01 08:00:00,system,2026-07-01 08:00:00,system
702,GRN2026000702,674,1,,2026-07-04,received,,2026-07-04 08:00:00,system,2026-07-04 08:00:00,system
703,GRN2026000703,675,4,105,2026-04-16,received,,2026-04-16 08:00:00,system,2026-04-16 08:00:00,system
704,GRN2026000704,675,4,9,2026-04-18,received,,2026-04-18 08:00:00,system,2026-04-18 08:00:00,system
705,GRN2026000705,676,8,24,2026-05-12,received,,2026-05-12 08:00:00,system,2026-05-12 08:00:00,system
706,GRN2026000706,676,8,,2026-05-14,received,,2026-05-14 08:00:00,system,2026-05-14 08:00:00,system
707,GRN2026000707,676,8,,2026-05-16,received,,2026-05-16 08:00:00,system,2026-05-16 08:00:00,system
708,GRN2026000708,678,4,76,2026-02-05,received,,2026-02-05 08:00:00,system,2026-02-05 08:00:00,system
709,GRN2026000709,678,4,2,2026-02-07,received,,2026-02-07 08:00:00,system,2026-02-07 08:00:00,system
710,GRN2026000710,678,4,30,2026-02-11,received,,2026-02-11 08:00:00,system,2026-02-11 08:00:00,system
711,GRN2026000711,679,5,26,2026-06-22,received,,2026-06-22 08:00:00,system,2026-06-22 08:00:00,system
712,GRN2026000712,680,6,128,2026-03-04,received,,2026-03-04 08:00:00,system,2026-03-04 08:00:00,system
713,GRN2026000713,680,6,51,2026-03-05,received,,2026-03-05 08:00:00,system,2026-03-05 08:00:00,system
714,GRN2026000714,681,2,113,2026-06-30,received,,2026-06-30 08:00:00,system,2026-06-30 08:00:00,system
715,GRN2026000715,682,3,18,2026-03-10,received,,2026-03-10 08:00:00,system,2026-03-10 08:00:00,system
716,GRN2026000716,683,6,131,2026-06-13,received,,2026-06-13 08:00:00,system,2026-06-13 08:00:00,system
717,GRN2026000717,687,3,13,2026-02-18,received,,2026-02-18 08:00:00,system,2026-02-18 08:00:00,system
718,GRN2026000718,688,1,39,2026-01-19,received,,2026-01-19 08:00:00,system,2026-01-19 08:00:00,system
719,GRN2026000719,689,7,62,2026-05-03,received,,2026-05-03 08:00:00,system,2026-05-03 08:00:00,system
720,GRN2026000720,690,8,,2026-05-19,received,,2026-05-19 08:00:00,system,2026-05-19 08:00:00,system
721,GRN2026000721,692,9,51,2026-01-28,received,,2026-01-28 08:00:00,system,2026-01-28 08:00:00,system
722,GRN2026000722,693,2,108,2026-01-18,received,,2026-01-18 08:00:00,system,2026-01-18 08:00:00,system
723,GRN2026000723,694,2,15,2026-01-27,received,,2026-01-27 08:00:00,system,2026-01-27 08:00:00,system
724,GRN2026000724,695,3,,2026-02-07,received,,2026-02-07 08:00:00,system,2026-02-07 08:00:00,system
725,GRN2026000725,695,3,41,2026-02-09,received,,2026-02-09 08:00:00,system,2026-02-09 08:00:00,system
726,GRN2026000726,696,8,59,2026-05-19,received,,2026-05-19 08:00:00,system,2026-05-19 08:00:00,system
727,GRN2026000727,698,7,35,2026-03-28,received,,2026-03-28 08:00:00,system,2026-03-28 08:00:00,system
728,GRN2026000728,699,2,,2026-04-27,received,,2026-04-27 08:00:00,system,2026-04-27 08:00:00,system
729,GRN2026000729,700,1,,2026-02-15,received,,2026-02-15 08:00:00,system,2026-02-15 08:00:00,system
730,GRN2026000730,701,6,9,2026-05-26,received,,2026-05-26 08:00:00,system,2026-05-26 08:00:00,system
731,GRN2026000731,702,2,134,2026-03-05,received,,2026-03-05 08:00:00,system,2026-03-05 08:00:00,system
732,GRN2026000732,704,5,131,2026-05-12,received,,2026-05-12 08:00:00,system,2026-05-12 08:00:00,system
733,GRN2026000733,705,9,105,2026-04-18,received,,2026-04-18 08:00:00,system,2026-04-18 08:00:00,system
734,GRN2026000734,705,9,,2026-04-21,received,,2026-04-21 08:00:00,system,2026-04-21 08:00:00,system
735,GRN2026000735,706,8,94,2026-05-31,received,,2026-05-31 08:00:00,system,2026-05-31 08:00:00,system
736,GRN2026000736,707,8,90,2026-01-16,received,,2026-01-16 08:00:00,system,2026-01-16 08:00:00,system
737,GRN2026000737,707,8,35,2026-01-20,received,,2026-01-20 08:00:00,system,2026-01-20 08:00:00,system
738,GRN2026000738,707,8,127,2026-01-23,received,,2026-01-23 08:00:00,system,2026-01-23 08:00:00,system
739,GRN2026000739,708,2,,2026-05-07,received,,2026-05-07 08:00:00,system,2026-05-07 08:00:00,system
740,GRN2026000740,709,5,133,2026-04-19,received,,2026-04-19 08:00:00,system,2026-04-19 08:00:00,system
741,GRN2026000741,709,5,27,2026-04-23,received,,2026-04-23 08:00:00,system,2026-04-23 08:00:00,system
742,GRN2026000742,710,9,,2026-01-28,received,,2026-01-28 08:00:00,system,2026-01-28 08:00:00,system
743,GRN2026000743,711,9,110,2026-03-07,received,,2026-03-07 08:00:00,system,2026-03-07 08:00:00,system
744,GRN2026000744,712,6,45,2026-05-06,received,,2026-05-06 08:00:00,system,2026-05-06 08:00:00,system
745,GRN2026000745,715,1,,2026-01-11,received,,2026-01-11 08:00:00,system,2026-01-11 08:00:00,system
746,GRN2026000746,715,1,45,2026-01-12,received,,2026-01-12 08:00:00,system,2026-01-12 08:00:00,system
747,GRN2026000747,716,6,104,2026-05-13,received,,2026-05-13 08:00:00,system,2026-05-13 08:00:00,system
748,GRN2026000748,716,6,41,2026-05-17,received,,2026-05-17 08:00:00,system,2026-05-17 08:00:00,system
749,GRN2026000749,717,6,,2026-04-15,received,,2026-04-15 08:00:00,system,2026-04-15 08:00:00,system
750,GRN2026000750,717,6,,2026-04-16,received,,2026-04-16 08:00:00,system,2026-04-16 08:00:00,system
751,GRN2026000751,718,1,125,2026-02-16,received,,2026-02-16 08:00:00,system,2026-02-16 08:00:00,system
752,GRN2026000752,719,4,97,2026-06-10,received,,2026-06-10 08:00:00,system,2026-06-10 08:00:00,system
753,GRN2026000753,719,4,59,2026-06-15,received,,2026-06-15 08:00:00,system,2026-06-15 08:00:00,system
754,GRN2026000754,720,8,42,2026-05-10,received,,2026-05-10 08:00:00,system,2026-05-10 08:00:00,system
755,GRN2026000755,721,6,42,2026-01-30,received,,2026-01-30 08:00:00,system,2026-01-30 08:00:00,system
756,GRN2026000756,722,3,,2026-07-04,received,,2026-07-04 08:00:00,system,2026-07-04 08:00:00,system
757,GRN2026000757,723,4,,2026-01-24,received,,2026-01-24 08:00:00,system,2026-01-24 08:00:00,system
758,GRN2026000758,723,4,117,2026-01-25,received,,2026-01-25 08:00:00,system,2026-01-25 08:00:00,system
759,GRN2026000759,724,3,34,2026-07-06,received,,2026-07-06 08:00:00,system,2026-07-06 08:00:00,system
760,GRN2026000760,724,3,,2026-07-07,received,,2026-07-07 08:00:00,system,2026-07-07 08:00:00,system
761,GRN2026000761,725,3,36,2026-02-08,received,,2026-02-08 08:00:00,system,2026-02-08 08:00:00,system
762,GRN2026000762,726,6,58,2026-06-19,received,,2026-06-19 08:00:00,system,2026-06-19 08:00:00,system
763,GRN2026000763,728,4,32,2026-01-17,received,,2026-01-17 08:00:00,system,2026-01-17 08:00:00,system
764,GRN2026000764,729,2,73,2026-04-12,received,,2026-04-12 08:00:00,system,2026-04-12 08:00:00,system
765,GRN2026000765,730,5,131,2026-02-23,received,,2026-02-23 08:00:00,system,2026-02-23 08:00:00,system
766,GRN2026000766,730,5,105,2026-02-24,received,,2026-02-24 08:00:00,system,2026-02-24 08:00:00,system
767,GRN2026000767,731,9,,2026-05-16,received,,2026-05-16 08:00:00,system,2026-05-16 08:00:00,system
768,GRN2026000768,731,9,27,2026-05-17,received,,2026-05-17 08:00:00,system,2026-05-17 08:00:00,system
769,GRN2026000769,733,9,130,2026-05-23,received,,2026-05-23 08:00:00,system,2026-05-23 08:00:00,system
770,GRN2026000770,734,1,,2026-06-24,received,,2026-06-24 08:00:00,system,2026-06-24 08:00:00,system
771,GRN2026000771,735,4,72,2026-06-14,received,,2026-06-14 08:00:00,system,2026-06-14 08:00:00,system
772,GRN2026000772,736,6,,2026-06-16,received,,2026-06-16 08:00:00,system,2026-06-16 08:00:00,system
773,GRN2026000773,736,6,102,2026-06-20,received,,2026-06-20 08:00:00,system,2026-06-20 08:00:00,system
774,GRN2026000774,737,5,52,2026-05-02,received,,2026-05-02 08:00:00,system,2026-05-02 08:00:00,system
775,GRN2026000775,738,3,,2026-05-02,received,,2026-05-02 08:00:00,system,2026-05-02 08:00:00,system
776,GRN2026000776,739,7,39,2026-03-17,received,,2026-03-17 08:00:00,system,2026-03-17 08:00:00,system
777,GRN2026000777,739,7,42,2026-03-19,received,,2026-03-19 08:00:00,system,2026-03-19 08:00:00,system
778,GRN2026000778,740,8,23,2026-02-06,received,,2026-02-06 08:00:00,system,2026-02-06 08:00:00,system
779,GRN2026000779,740,8,,2026-02-07,received,,2026-02-07 08:00:00,system,2026-02-07 08:00:00,system
780,GRN2026000780,741,6,,2026-06-07,received,,2026-06-07 08:00:00,system,2026-06-07 08:00:00,system
781,GRN2026000781,743,4,116,2026-03-06,received,,2026-03-06 08:00:00,system,2026-03-06 08:00:00,system
782,GRN2026000782,743,4,,2026-03-08,received,,2026-03-08 08:00:00,system,2026-03-08 08:00:00,system
783,GRN2026000783,744,3,81,2026-02-26,received,,2026-02-26 08:00:00,system,2026-02-26 08:00:00,system
784,GRN2026000784,745,8,,2026-04-15,received,,2026-04-15 08:00:00,system,2026-04-15 08:00:00,system
785,GRN2026000785,745,8,,2026-04-16,received,,2026-04-16 08:00:00,system,2026-04-16 08:00:00,system
786,GRN2026000786,746,4,56,2026-04-17,received,,2026-04-17 08:00:00,system,2026-04-17 08:00:00,system
787,GRN2026000787,747,5,88,2026-04-15,received,,2026-04-15 08:00:00,system,2026-04-15 08:00:00,system
788,GRN2026000788,747,5,,2026-04-16,received,,2026-04-16 08:00:00,system,2026-04-16 08:00:00,system
789,GRN2026000789,748,2,55,2026-07-02,received,,2026-07-02 08:00:00,system,2026-07-02 08:00:00,system
790,GRN2026000790,750,2,,2026-05-20,received,,2026-05-20 08:00:00,system,2026-05-20 08:00:00,system
791,GRN2026000791,750,2,135,2026-05-24,received,,2026-05-24 08:00:00,system,2026-05-24 08:00:00,system
792,GRN2026000792,751,9,29,2026-06-26,received,,2026-06-26 08:00:00,system,2026-06-26 08:00:00,system
793,GRN2026000793,751,9,82,2026-06-28,received,,2026-06-28 08:00:00,system,2026-06-28 08:00:00,system
794,GRN2026000794,752,2,,2026-01-20,received,,2026-01-20 08:00:00,system,2026-01-20 08:00:00,system
795,GRN2026000795,754,5,1,2026-05-24,received,,2026-05-24 08:00:00,system,2026-05-24 08:00:00,system
796,GRN2026000796,755,7,,2026-04-19,received,,2026-04-19 08:00:00,system,2026-04-19 08:00:00,system
797,GRN2026000797,756,4,,2026-02-03,received,,2026-02-03 08:00:00,system,2026-02-03 08:00:00,system
798,GRN2026000798,756,4,76,2026-02-08,received,,2026-02-08 08:00:00,system,2026-02-08 08:00:00,system
799,GRN2026000799,758,7,32,2026-03-27,received,,2026-03-27 08:00:00,system,2026-03-27 08:00:00,system
800,GRN2026000800,759,9,24,2026-03-15,received,,2026-03-15 08:00:00,system,2026-03-15 08:00:00,system
801,GRN2026000801,759,9,,2026-03-19,received,,2026-03-19 08:00:00,system,2026-03-19 08:00:00,system
802,GRN2026000802,760,3,34,2026-05-18,received,,2026-05-18 08:00:00,system,2026-05-18 08:00:00,system
803,GRN2026000803,762,5,92,2026-03-23,received,,2026-03-23 08:00:00,system,2026-03-23 08:00:00,system
804,GRN2026000804,763,2,,2026-05-26,received,,2026-05-26 08:00:00,system,2026-05-26 08:00:00,system
805,GRN2026000805,763,2,,2026-05-29,received,,2026-05-29 08:00:00,system,2026-05-29 08:00:00,system
806,GRN2026000806,763,2,135,2026-06-02,received,,2026-06-02 08:00:00,system,2026-06-02 08:00:00,system
807,GRN2026000807,764,2,87,2026-04-30,received,,2026-04-30 08:00:00,system,2026-04-30 08:00:00,system
808,GRN2026000808,764,2,,2026-05-03,received,,2026-05-03 08:00:00,system,2026-05-03 08:00:00,system
809,GRN2026000809,764,2,6,2026-05-08,received,,2026-05-08 08:00:00,system,2026-05-08 08:00:00,system
810,GRN2026000810,765,4,,2026-05-27,received,,2026-05-27 08:00:00,system,2026-05-27 08:00:00,system
811,GRN2026000811,765,4,,2026-05-29,received,,2026-05-29 08:00:00,system,2026-05-29 08:00:00,system
812,GRN2026000812,766,5,66,2026-06-25,received,,2026-06-25 08:00:00,system,2026-06-25 08:00:00,system
813,GRN2026000813,766,5,66,2026-06-26,received,,2026-06-26 08:00:00,system,2026-06-26 08:00:00,system
814,GRN2026000814,766,5,1,2026-06-28,received,,2026-06-28 08:00:00,system,2026-06-28 08:00:00,system
815,GRN2026000815,769,6,121,2026-02-10,received,,2026-02-10 08:00:00,system,2026-02-10 08:00:00,system
816,GRN2026000816,770,9,8,2026-06-09,received,,2026-06-09 08:00:00,system,2026-06-09 08:00:00,system
817,GRN2026000817,770,9,,2026-06-13,received,,2026-06-13 08:00:00,system,2026-06-13 08:00:00,system
818,GRN2026000818,774,7,124,2026-06-16,received,,2026-06-16 08:00:00,system,2026-06-16 08:00:00,system
819,GRN2026000819,775,6,,2026-02-07,received,,2026-02-07 08:00:00,system,2026-02-07 08:00:00,system
820,GRN2026000820,776,3,89,2026-04-04,received,,2026-04-04 08:00:00,system,2026-04-04 08:00:00,system
821,GRN2026000821,777,1,46,2026-03-04,received,,2026-03-04 08:00:00,system,2026-03-04 08:00:00,system
822,GRN2026000822,778,6,17,2026-02-21,received,,2026-02-21 08:00:00,system,2026-02-21 08:00:00,system
823,GRN2026000823,779,6,,2026-01-28,received,,2026-01-28 08:00:00,system,2026-01-28 08:00:00,system
824,GRN2026000824,779,6,86,2026-02-02,received,,2026-02-02 08:00:00,system,2026-02-02 08:00:00,system
825,GRN2026000825,781,9,59,2026-05-25,received,,2026-05-25 08:00:00,system,2026-05-25 08:00:00,system
826,GRN2026000826,781,9,78,2026-05-27,received,,2026-05-27 08:00:00,system,2026-05-27 08:00:00,system
827,GRN2026000827,782,6,36,2026-02-04,received,,2026-02-04 08:00:00,system,2026-02-04 08:00:00,system
828,GRN2026000828,783,5,112,2026-06-29,received,,2026-06-29 08:00:00,system,2026-06-29 08:00:00,system
829,GRN2026000829,784,5,27,2026-06-09,received,,2026-06-09 08:00:00,system,2026-06-09 08:00:00,system
830,GRN2026000830,785,3,,2026-01-20,received,,2026-01-20 08:00:00,system,2026-01-20 08:00:00,system
831,GRN2026000831,786,8,82,2026-02-22,received,,2026-02-22 08:00:00,system,2026-02-22 08:00:00,system
832,GRN2026000832,786,8,,2026-02-24,received,,2026-02-24 08:00:00,system,2026-02-24 08:00:00,system
833,GRN2026000833,788,4,,2026-07-09,received,,2026-07-09 08:00:00,system,2026-07-09 08:00:00,system
834,GRN2026000834,790,8,117,2026-02-28,received,,2026-02-28 08:00:00,system,2026-02-28 08:00:00,system
835,GRN2026000835,790,8,,2026-03-02,received,,2026-03-02 08:00:00,system,2026-03-02 08:00:00,system
836,GRN2026000836,791,9,76,2026-03-24,received,,2026-03-24 08:00:00,system,2026-03-24 08:00:00,system
837,GRN2026000837,793,8,16,2026-03-27,received,,2026-03-27 08:00:00,system,2026-03-27 08:00:00,system
838,GRN2026000838,794,5,7,2026-05-03,received,,2026-05-03 08:00:00,system,2026-05-03 08:00:00,system
839,GRN2026000839,795,7,,2026-05-22,received,,2026-05-22 08:00:00,system,2026-05-22 08:00:00,system
840,GRN2026000840,795,7,132,2026-05-25,received,,2026-05-25 08:00:00,system,2026-05-25 08:00:00,system
841,GRN2026000841,796,5,,2026-04-18,received,,2026-04-18 08:00:00,system,2026-04-18 08:00:00,system
842,GRN2026000842,797,7,30,2026-03-18,received,,2026-03-18 08:00:00,system,2026-03-18 08:00:00,system
843,GRN2026000843,798,3,131,2026-01-11,received,,2026-01-11 08:00:00,system,2026-01-11 08:00:00,system
844,GRN2026000844,799,9,101,2026-06-06,received,,2026-06-06 08:00:00,system,2026-06-06 08:00:00,system
845,GRN2026000845,800,9,119,2026-03-30,received,,2026-03-30 08:00:00,system,2026-03-30 08:00:00,system
846,GRN2026000846,801,9,87,2026-06-15,received,,2026-06-15 08:00:00,system,2026-06-15 08:00:00,system
847,GRN2026000847,803,5,11,2026-06-01,received,,2026-06-01 08:00:00,system,2026-06-01 08:00:00,system
848,GRN2026000848,803,5,58,2026-06-03,received,,2026-06-03 08:00:00,system,2026-06-03 08:00:00,system
849,GRN2026000849,803,5,,2026-06-05,received,,2026-06-05 08:00:00,system,2026-06-05 08:00:00,system
850,GRN2026000850,804,1,,2026-01-23,received,,2026-01-23 08:00:00,system,2026-01-23 08:00:00,system
851,GRN2026000851,805,5,,2026-02-10,received,,2026-02-10 08:00:00,system,2026-02-10 08:00:00,system
852,GRN2026000852,806,5,122,2026-05-25,received,,2026-05-25 08:00:00,system,2026-05-25 08:00:00,system
853,GRN2026000853,807,8,118,2026-02-21,received,,2026-02-21 08:00:00,system,2026-02-21 08:00:00,system
854,GRN2026000854,809,4,92,2026-05-15,received,,2026-05-15 08:00:00,system,2026-05-15 08:00:00,system
855,GRN2026000855,809,4,18,2026-05-19,received,,2026-05-19 08:00:00,system,2026-05-19 08:00:00,system
856,GRN2026000856,810,3,62,2026-03-10,received,,2026-03-10 08:00:00,system,2026-03-10 08:00:00,system
857,GRN2026000857,810,3,135,2026-03-12,received,,2026-03-12 08:00:00,system,2026-03-12 08:00:00,system
858,GRN2026000858,810,3,,2026-03-16,received,,2026-03-16 08:00:00,system,2026-03-16 08:00:00,system
859,GRN2026000859,813,3,89,2026-01-15,received,,2026-01-15 08:00:00,system,2026-01-15 08:00:00,system
860,GRN2026000860,814,7,30,2026-01-31,received,,2026-01-31 08:00:00,system,2026-01-31 08:00:00,system
861,GRN2026000861,814,7,,2026-02-04,received,,2026-02-04 08:00:00,system,2026-02-04 08:00:00,system
862,GRN2026000862,815,4,84,2026-04-21,received,,2026-04-21 08:00:00,system,2026-04-21 08:00:00,system
863,GRN2026000863,818,6,1,2026-03-26,received,,2026-03-26 08:00:00,system,2026-03-26 08:00:00,system
864,GRN2026000864,819,5,,2026-03-28,received,,2026-03-28 08:00:00,system,2026-03-28 08:00:00,system
865,GRN2026000865,820,3,,2026-05-19,received,,2026-05-19 08:00:00,system,2026-05-19 08:00:00,system
866,GRN2026000866,820,3,,2026-05-24,received,,2026-05-24 08:00:00,system,2026-05-24 08:00:00,system
867,GRN2026000867,822,6,33,2026-02-12,received,,2026-02-12 08:00:00,system,2026-02-12 08:00:00,system
868,GRN2026000868,822,6,107,2026-02-15,received,,2026-02-15 08:00:00,system,2026-02-15 08:00:00,system
869,GRN2026000869,823,1,2,2026-06-28,received,,2026-06-28 08:00:00,system,2026-06-28 08:00:00,system
870,GRN2026000870,824,4,108,2026-04-14,received,,2026-04-14 08:00:00,system,2026-04-14 08:00:00,system
871,GRN2026000871,824,4,98,2026-04-17,received,,2026-04-17 08:00:00,system,2026-04-17 08:00:00,system
872,GRN2026000872,825,7,36,2026-05-20,received,,2026-05-20 08:00:00,system,2026-05-20 08:00:00,system
873,GRN2026000873,826,1,16,2026-06-14,received,,2026-06-14 08:00:00,system,2026-06-14 08:00:00,system
874,GRN2026000874,826,1,105,2026-06-15,received,,2026-06-15 08:00:00,system,2026-06-15 08:00:00,system
875,GRN2026000875,827,6,120,2026-06-02,received,,2026-06-02 08:00:00,system,2026-06-02 08:00:00,system
876,GRN2026000876,828,9,55,2026-02-02,received,,2026-02-02 08:00:00,system,2026-02-02 08:00:00,system
877,GRN2026000877,832,7,20,2026-01-15,received,,2026-01-15 08:00:00,system,2026-01-15 08:00:00,system
878,GRN2026000878,834,1,33,2026-05-01,received,,2026-05-01 08:00:00,system,2026-05-01 08:00:00,system
879,GRN2026000879,834,1,106,2026-05-03,received,,2026-05-03 08:00:00,system,2026-05-03 08:00:00,system
880,GRN2026000880,835,6,13,2026-02-01,received,,2026-02-01 08:00:00,system,2026-02-01 08:00:00,system
881,GRN2026000881,837,8,,2026-05-06,received,,2026-05-06 08:00:00,system,2026-05-06 08:00:00,system
882,GRN2026000882,838,6,96,2026-03-14,received,,2026-03-14 08:00:00,system,2026-03-14 08:00:00,system
883,GRN2026000883,838,6,46,2026-03-18,received,,2026-03-18 08:00:00,system,2026-03-18 08:00:00,system
884,GRN2026000884,839,2,122,2026-02-14,received,,2026-02-14 08:00:00,system,2026-02-14 08:00:00,system
885,GRN2026000885,840,3,75,2026-06-16,received,,2026-06-16 08:00:00,system,2026-06-16 08:00:00,system
886,GRN2026000886,840,3,,2026-06-20,received,,2026-06-20 08:00:00,system,2026-06-20 08:00:00,system
887,GRN2026000887,841,8,,2026-06-03,received,,2026-06-03 08:00:00,system,2026-06-03 08:00:00,system
888,GRN2026000888,842,5,,2026-02-01,received,,2026-02-01 08:00:00,system,2026-02-01 08:00:00,system
889,GRN2026000889,843,6,,2026-03-27,received,,2026-03-27 08:00:00,system,2026-03-27 08:00:00,system
890,GRN2026000890,843,6,97,2026-03-28,received,,2026-03-28 08:00:00,system,2026-03-28 08:00:00,system
891,GRN2026000891,845,7,93,2026-06-20,received,,2026-06-20 08:00:00,system,2026-06-20 08:00:00,system
892,GRN2026000892,845,7,19,2026-06-21,received,,2026-06-21 08:00:00,system,2026-06-21 08:00:00,system
893,GRN2026000893,846,6,71,2026-03-14,received,,2026-03-14 08:00:00,system,2026-03-14 08:00:00,system
894,GRN2026000894,847,4,,2026-05-23,received,,2026-05-23 08:00:00,system,2026-05-23 08:00:00,system
895,GRN2026000895,848,8,35,2026-06-03,received,,2026-06-03 08:00:00,system,2026-06-03 08:00:00,system
896,GRN2026000896,848,8,128,2026-06-06,received,,2026-06-06 08:00:00,system,2026-06-06 08:00:00,system
897,GRN2026000897,849,3,43,2026-06-17,received,,2026-06-17 08:00:00,system,2026-06-17 08:00:00,system
898,GRN2026000898,850,7,,2026-07-05,received,,2026-07-05 08:00:00,system,2026-07-05 08:00:00,system
899,GRN2026000899,851,1,125,2026-07-06,received,,2026-07-06 08:00:00,system,2026-07-06 08:00:00,system
900,GRN2026000900,853,4,,2026-07-06,received,,2026-07-06 08:00:00,system,2026-07-06 08:00:00,system
901,GRN2026000901,853,4,87,2026-07-09,received,,2026-07-09 08:00:00,system,2026-07-09 08:00:00,system
902,GRN2026000902,854,9,,2026-02-05,received,,2026-02-05 08:00:00,system,2026-02-05 08:00:00,system
903,GRN2026000903,855,2,78,2026-06-30,received,,2026-06-30 08:00:00,system,2026-06-30 08:00:00,system
904,GRN2026000904,855,2,59,2026-07-03,received,,2026-07-03 08:00:00,system,2026-07-03 08:00:00,system
905,GRN2026000905,857,8,85,2026-03-29,received,,2026-03-29 08:00:00,system,2026-03-29 08:00:00,system
906,GRN2026000906,858,2,43,2026-01-21,received,,2026-01-21 08:00:00,system,2026-01-21 08:00:00,system
907,GRN2026000907,860,7,113,2026-04-01,received,,2026-04-01 08:00:00,system,2026-04-01 08:00:00,system
908,GRN2026000908,860,7,34,2026-04-03,received,,2026-04-03 08:00:00,system,2026-04-03 08:00:00,system
909,GRN2026000909,861,1,130,2026-02-19,received,,2026-02-19 08:00:00,system,2026-02-19 08:00:00,system
910,GRN2026000910,863,7,,2026-03-09,received,,2026-03-09 08:00:00,system,2026-03-09 08:00:00,system
911,GRN2026000911,864,9,85,2026-06-04,received,,2026-06-04 08:00:00,system,2026-06-04 08:00:00,system
912,GRN2026000912,867,7,11,2026-02-04,received,,2026-02-04 08:00:00,system,2026-02-04 08:00:00,system
913,GRN2026000913,869,4,54,2026-02-04,received,,2026-02-04 08:00:00,system,2026-02-04 08:00:00,system
914,GRN2026000914,871,8,86,2026-04-04,received,,2026-04-04 08:00:00,system,2026-04-04 08:00:00,system
915,GRN2026000915,872,1,,2026-05-20,received,,2026-05-20 08:00:00,system,2026-05-20 08:00:00,system
916,GRN2026000916,874,6,119,2026-05-22,received,,2026-05-22 08:00:00,system,2026-05-22 08:00:00,system
917,GRN2026000917,874,6,,2026-05-24,received,,2026-05-24 08:00:00,system,2026-05-24 08:00:00,system
918,GRN2026000918,875,8,133,2026-03-14,received,,2026-03-14 08:00:00,system,2026-03-14 08:00:00,system
919,GRN2026000919,876,9,,2026-03-25,received,,2026-03-25 08:00:00,system,2026-03-25 08:00:00,system
920,GRN2026000920,876,9,23,2026-03-28,received,,2026-03-28 08:00:00,system,2026-03-28 08:00:00,system
921,GRN2026000921,878,9,132,2026-04-15,received,,2026-04-15 08:00:00,system,2026-04-15 08:00:00,system
922,GRN2026000922,880,6,48,2026-06-28,received,,2026-06-28 08:00:00,system,2026-06-28 08:00:00,system
923,GRN2026000923,881,7,43,2026-03-28,received,,2026-03-28 08:00:00,system,2026-03-28 08:00:00,system
924,GRN2026000924,883,6,98,2026-03-09,received,,2026-03-09 08:00:00,system,2026-03-09 08:00:00,system
925,GRN2026000925,883,6,,2026-03-13,received,,2026-03-13 08:00:00,system,2026-03-13 08:00:00,system
926,GRN2026000926,884,1,,2026-01-23,received,,2026-01-23 08:00:00,system,2026-01-23 08:00:00,system
927,GRN2026000927,884,1,83,2026-01-24,received,,2026-01-24 08:00:00,system,2026-01-24 08:00:00,system
928,GRN2026000928,885,1,,2026-03-21,received,,2026-03-21 08:00:00,system,2026-03-21 08:00:00,system
929,GRN2026000929,885,1,,2026-03-22,received,,2026-03-22 08:00:00,system,2026-03-22 08:00:00,system
930,GRN2026000930,887,7,66,2026-05-03,received,,2026-05-03 08:00:00,system,2026-05-03 08:00:00,system
931,GRN2026000931,888,7,,2026-05-13,received,,2026-05-13 08:00:00,system,2026-05-13 08:00:00,system
932,GRN2026000932,888,7,126,2026-05-18,received,,2026-05-18 08:00:00,system,2026-05-18 08:00:00,system
933,GRN2026000933,889,9,55,2026-04-10,received,,2026-04-10 08:00:00,system,2026-04-10 08:00:00,system
934,GRN2026000934,891,9,76,2026-01-26,received,,2026-01-26 08:00:00,system,2026-01-26 08:00:00,system
935,GRN2026000935,892,5,73,2026-02-25,received,,2026-02-25 08:00:00,system,2026-02-25 08:00:00,system
936,GRN2026000936,893,6,,2026-06-10,received,,2026-06-10 08:00:00,system,2026-06-10 08:00:00,system
937,GRN2026000937,895,5,60,2026-02-21,received,,2026-02-21 08:00:00,system,2026-02-21 08:00:00,system
938,GRN2026000938,896,7,116,2026-03-02,received,,2026-03-02 08:00:00,system,2026-03-02 08:00:00,system
939,GRN2026000939,897,2,101,2026-05-17,received,,2026-05-17 08:00:00,system,2026-05-17 08:00:00,system
940,GRN2026000940,898,7,60,2026-01-21,received,,2026-01-21 08:00:00,system,2026-01-21 08:00:00,system
941,GRN2026000941,898,7,,2026-01-23,received,,2026-01-23 08:00:00,system,2026-01-23 08:00:00,system
942,GRN2026000942,899,7,,2026-06-15,received,,2026-06-15 08:00:00,system,2026-06-15 08:00:00,system
943,GRN2026000943,901,7,,2026-02-18,received,,2026-02-18 08:00:00,system,2026-02-18 08:00:00,system
944,GRN2026000944,902,8,35,2026-04-18,received,,2026-04-18 08:00:00,system,2026-04-18 08:00:00,system
945,GRN2026000945,903,8,96,2026-05-06,received,,2026-05-06 08:00:00,system,2026-05-06 08:00:00,system
946,GRN2026000946,906,5,41,2026-05-11,received,,2026-05-11 08:00:00,system,2026-05-11 08:00:00,system
947,GRN2026000947,906,5,,2026-05-16,received,,2026-05-16 08:00:00,system,2026-05-16 08:00:00,system
948,GRN2026000948,907,2,130,2026-02-22,received,,2026-02-22 08:00:00,system,2026-02-22 08:00:00,system
949,GRN2026000949,907,2,,2026-02-25,received,,2026-02-25 08:00:00,system,2026-02-25 08:00:00,system
950,GRN2026000950,908,8,,2026-07-12,received,,2026-07-12 08:00:00,system,2026-07-12 08:00:00,system
951,GRN2026000951,909,5,,2026-05-15,received,,2026-05-15 08:00:00,system,2026-05-15 08:00:00,system
952,GRN2026000952,910,2,1,2026-05-16,received,,2026-05-16 08:00:00,system,2026-05-16 08:00:00,system
953,GRN2026000953,910,2,24,2026-05-18,received,,2026-05-18 08:00:00,system,2026-05-18 08:00:00,system
954,GRN2026000954,911,9,16,2026-06-19,received,,2026-06-19 08:00:00,system,2026-06-19 08:00:00,system
955,GRN2026000955,911,9,,2026-06-23,received,,2026-06-23 08:00:00,system,2026-06-23 08:00:00,system
956,GRN2026000956,911,9,,2026-06-25,received,,2026-06-25 08:00:00,system,2026-06-25 08:00:00,system
957,GRN2026000957,912,5,9,2026-03-15,received,,2026-03-15 08:00:00,system,2026-03-15 08:00:00,system
958,GRN2026000958,914,1,105,2026-03-03,received,,2026-03-03 08:00:00,system,2026-03-03 08:00:00,system
959,GRN2026000959,914,1,2,2026-03-07,received,,2026-03-07 08:00:00,system,2026-03-07 08:00:00,system
960,GRN2026000960,916,6,,2026-07-02,received,,2026-07-02 08:00:00,system,2026-07-02 08:00:00,system
961,GRN2026000961,917,1,,2026-07-03,received,,2026-07-03 08:00:00,system,2026-07-03 08:00:00,system
962,GRN2026000962,917,1,86,2026-07-06,received,,2026-07-06 08:00:00,system,2026-07-06 08:00:00,system
963,GRN2026000963,918,5,80,2026-03-29,received,,2026-03-29 08:00:00,system,2026-03-29 08:00:00,system
964,GRN2026000964,919,5,79,2026-04-06,received,,2026-04-06 08:00:00,system,2026-04-06 08:00:00,system
965,GRN2026000965,919,5,101,2026-04-11,received,,2026-04-11 08:00:00,system,2026-04-11 08:00:00,system
966,GRN2026000966,921,7,49,2026-06-02,received,,2026-06-02 08:00:00,system,2026-06-02 08:00:00,system
967,GRN2026000967,922,8,,2026-04-30,received,,2026-04-30 08:00:00,system,2026-04-30 08:00:00,system
968,GRN2026000968,923,8,51,2026-02-02,received,,2026-02-02 08:00:00,system,2026-02-02 08:00:00,system
969,GRN2026000969,924,7,103,2026-02-24,received,,2026-02-24 08:00:00,system,2026-02-24 08:00:00,system
970,GRN2026000970,924,7,47,2026-02-26,received,,2026-02-26 08:00:00,system,2026-02-26 08:00:00,system
971,GRN2026000971,925,4,78,2026-03-02,received,,2026-03-02 08:00:00,system,2026-03-02 08:00:00,system
972,GRN2026000972,925,4,74,2026-03-03,received,,2026-03-03 08:00:00,system,2026-03-03 08:00:00,system
973,GRN2026000973,926,6,,2026-04-23,received,,2026-04-23 08:00:00,system,2026-04-23 08:00:00,system
974,GRN2026000974,928,7,113,2026-04-10,received,,2026-04-10 08:00:00,system,2026-04-10 08:00:00,system
975,GRN2026000975,929,4,129,2026-02-08,received,,2026-02-08 08:00:00,system,2026-02-08 08:00:00,system
976,GRN2026000976,929,4,,2026-02-13,received,,2026-02-13 08:00:00,system,2026-02-13 08:00:00,system
977,GRN2026000977,930,9,,2026-06-20,received,,2026-06-20 08:00:00,system,2026-06-20 08:00:00,system
978,GRN2026000978,931,3,,2026-07-01,received,,2026-07-01 08:00:00,system,2026-07-01 08:00:00,system
979,GRN2026000979,931,3,71,2026-07-06,received,,2026-07-06 08:00:00,system,2026-07-06 08:00:00,system
980,GRN2026000980,932,4,112,2026-07-09,received,,2026-07-09 08:00:00,system,2026-07-09 08:00:00,system
981,GRN2026000981,932,4,59,2026-07-14,received,,2026-07-14 08:00:00,system,2026-07-14 08:00:00,system
982,GRN2026000982,933,8,13,2026-01-31,received,,2026-01-31 08:00:00,system,2026-01-31 08:00:00,system
983,GRN2026000983,934,8,31,2026-01-18,received,,2026-01-18 08:00:00,system,2026-01-18 08:00:00,system
984,GRN2026000984,935,5,118,2026-05-05,received,,2026-05-05 08:00:00,system,2026-05-05 08:00:00,system
985,GRN2026000985,935,5,2,2026-05-10,received,,2026-05-10 08:00:00,system,2026-05-10 08:00:00,system
986,GRN2026000986,936,5,121,2026-03-31,received,,2026-03-31 08:00:00,system,2026-03-31 08:00:00,system
987,GRN2026000987,937,9,42,2026-03-13,received,,2026-03-13 08:00:00,system,2026-03-13 08:00:00,system
988,GRN2026000988,938,1,27,2026-04-11,received,,2026-04-11 08:00:00,system,2026-04-11 08:00:00,system
989,GRN2026000989,938,1,24,2026-04-12,received,,2026-04-12 08:00:00,system,2026-04-12 08:00:00,system
990,GRN2026000990,939,9,108,2026-02-02,received,,2026-02-02 08:00:00,system,2026-02-02 08:00:00,system
991,GRN2026000991,939,9,1,2026-02-05,received,,2026-02-05 08:00:00,system,2026-02-05 08:00:00,system
992,GRN2026000992,940,9,70,2026-02-18,received,,2026-02-18 08:00:00,system,2026-02-18 08:00:00,system
993,GRN2026000993,941,9,80,2026-03-31,received,,2026-03-31 08:00:00,system,2026-03-31 08:00:00,system
994,GRN2026000994,941,9,66,2026-04-02,received,,2026-04-02 08:00:00,system,2026-04-02 08:00:00,system
995,GRN2026000995,943,6,117,2026-06-25,received,,2026-06-25 08:00:00,system,2026-06-25 08:00:00,system
996,GRN2026000996,946,7,52,2026-07-08,received,,2026-07-08 08:00:00,system,2026-07-08 08:00:00,system
997,GRN2026000997,946,7,,2026-07-13,received,,2026-07-13 08:00:00,system,2026-07-13 08:00:00,system
998,GRN2026000998,949,1,116,2026-06-30,received,,2026-06-30 08:00:00,system,2026-06-30 08:00:00,system
999,GRN2026000999,949,1,133,2026-07-03,received,,2026-07-03 08:00:00,system,2026-07-03 08:00:00,system
1000,GRN2026001000,950,3,49,2026-06-25,received,,2026-06-25 08:00:00,system,2026-06-25 08:00:00,system
1001,GRN2026001001,951,4,,2026-06-21,received,,2026-06-21 08:00:00,system,2026-06-21 08:00:00,system
1002,GRN2026001002,952,7,56,2026-04-22,received,,2026-04-22 08:00:00,system,2026-04-22 08:00:00,system
1003,GRN2026001003,952,7,107,2026-04-25,received,,2026-04-25 08:00:00,system,2026-04-25 08:00:00,system
1004,GRN2026001004,953,3,37,2026-06-30,received,,2026-06-30 08:00:00,system,2026-06-30 08:00:00,system
1005,GRN2026001005,953,3,119,2026-07-02,received,,2026-07-02 08:00:00,system,2026-07-02 08:00:00,system
1006,GRN2026001006,954,3,124,2026-05-26,received,,2026-05-26 08:00:00,system,2026-05-26 08:00:00,system
1007,GRN2026001007,954,3,50,2026-05-28,received,,2026-05-28 08:00:00,system,2026-05-28 08:00:00,system
1008,GRN2026001008,955,7,7,2026-02-01,received,,2026-02-01 08:00:00,system,2026-02-01 08:00:00,system
1009,GRN2026001009,958,2,80,2026-04-05,received,,2026-04-05 08:00:00,system,2026-04-05 08:00:00,system
1010,GRN2026001010,959,3,52,2026-02-26,received,,2026-02-26 08:00:00,system,2026-02-26 08:00:00,system
1011,GRN2026001011,960,6,,2026-05-31,received,,2026-05-31 08:00:00,system,2026-05-31 08:00:00,system
1012,GRN2026001012,960,6,72,2026-06-02,received,,2026-06-02 08:00:00,system,2026-06-02 08:00:00,system
1013,GRN2026001013,961,4,91,2026-05-25,received,,2026-05-25 08:00:00,system,2026-05-25 08:00:00,system
1014,GRN2026001014,961,4,,2026-05-27,received,,2026-05-27 08:00:00,system,2026-05-27 08:00:00,system
1015,GRN2026001015,962,4,131,2026-03-27,received,,2026-03-27 08:00:00,system,2026-03-27 08:00:00,system
1016,GRN2026001016,963,5,,2026-06-30,received,,2026-06-30 08:00:00,system,2026-06-30 08:00:00,system
1017,GRN2026001017,964,5,78,2026-02-01,received,,2026-02-01 08:00:00,system,2026-02-01 08:00:00,system
1018,GRN2026001018,964,5,121,2026-02-03,received,,2026-02-03 08:00:00,system,2026-02-03 08:00:00,system
1019,GRN2026001019,964,5,112,2026-02-04,received,,2026-02-04 08:00:00,system,2026-02-04 08:00:00,system
1020,GRN2026001020,965,2,42,2026-02-26,received,,2026-02-26 08:00:00,system,2026-02-26 08:00:00,system
1021,GRN2026001021,965,2,116,2026-03-01,received,,2026-03-01 08:00:00,system,2026-03-01 08:00:00,system
1022,GRN2026001022,965,2,110,2026-03-03,received,,2026-03-03 08:00:00,system,2026-03-03 08:00:00,system
1023,GRN2026001023,966,6,100,2026-02-26,received,,2026-02-26 08:00:00,system,2026-02-26 08:00:00,system
1024,GRN2026001024,967,5,58,2026-06-09,received,,2026-06-09 08:00:00,system,2026-06-09 08:00:00,system
1025,GRN2026001025,968,9,,2026-05-25,received,,2026-05-25 08:00:00,system,2026-05-25 08:00:00,system
1026,GRN2026001026,968,9,38,2026-05-28,received,,2026-05-28 08:00:00,system,2026-05-28 08:00:00,system
1027,GRN2026001027,969,5,98,2026-06-30,received,,2026-06-30 08:00:00,system,2026-06-30 08:00:00,system
1028,GRN2026001028,970,5,49,2026-05-12,received,,2026-05-12 08:00:00,system,2026-05-12 08:00:00,system
1029,GRN2026001029,970,5,,2026-05-16,received,,2026-05-16 08:00:00,system,2026-05-16 08:00:00,system
1030,GRN2026001030,971,1,23,2026-05-06,received,,2026-05-06 08:00:00,system,2026-05-06 08:00:00,system
1031,GRN2026001031,971,1,,2026-05-09,received,,2026-05-09 08:00:00,system,2026-05-09 08:00:00,system
1032,GRN2026001032,972,2,,2026-05-05,received,,2026-05-05 08:00:00,system,2026-05-05 08:00:00,system
1033,GRN2026001033,973,4,135,2026-05-29,received,,2026-05-29 08:00:00,system,2026-05-29 08:00:00,system
1034,GRN2026001034,974,9,120,2026-07-05,received,,2026-07-05 08:00:00,system,2026-07-05 08:00:00,system
1035,GRN2026001035,974,9,129,2026-07-09,received,,2026-07-09 08:00:00,system,2026-07-09 08:00:00,system
1036,GRN2026001036,974,9,103,2026-07-11,received,,2026-07-11 08:00:00,system,2026-07-11 08:00:00,system
1037,GRN2026001037,975,3,83,2026-02-17,received,,2026-02-17 08:00:00,system,2026-02-17 08:00:00,system
1038,GRN2026001038,976,1,20,2026-03-01,received,,2026-03-01 08:00:00,system,2026-03-01 08:00:00,system
1039,GRN2026001039,976,1,,2026-03-05,received,,2026-03-05 08:00:00,system,2026-03-05 08:00:00,system
1040,GRN2026001040,979,7,,2026-02-25,received,,2026-02-25 08:00:00,system,2026-02-25 08:00:00,system
1041,GRN2026001041,980,3,117,2026-01-25,received,,2026-01-25 08:00:00,system,2026-01-25 08:00:00,system
1042,GRN2026001042,980,3,121,2026-01-29,received,,2026-01-29 08:00:00,system,2026-01-29 08:00:00,system
1043,GRN2026001043,981,1,134,2026-07-10,received,,2026-07-10 08:00:00,system,2026-07-10 08:00:00,system
1044,GRN2026001044,983,6,,2026-02-25,received,,2026-02-25 08:00:00,system,2026-02-25 08:00:00,system
1045,GRN2026001045,984,8,,2026-04-05,received,,2026-04-05 08:00:00,system,2026-04-05 08:00:00,system
1046,GRN2026001046,985,3,134,2026-02-07,received,,2026-02-07 08:00:00,system,2026-02-07 08:00:00,system
1047,GRN2026001047,986,8,,2026-06-19,received,,2026-06-19 08:00:00,system,2026-06-19 08:00:00,system
1048,GRN2026001048,986,8,129,2026-06-20,received,,2026-06-20 08:00:00,system,2026-06-20 08:00:00,system
1049,GRN2026001049,987,6,61,2026-01-23,received,,2026-01-23 08:00:00,system,2026-01-23 08:00:00,system
1050,GRN2026001050,987,6,,2026-01-27,received,,2026-01-27 08:00:00,system,2026-01-27 08:00:00,system
1051,GRN2026001051,989,3,91,2026-02-02,received,,2026-02-02 08:00:00,system,2026-02-02 08:00:00,system
1052,GRN2026001052,992,8,96,2026-04-08,received,,2026-04-08 08:00:00,system,2026-04-08 08:00:00,system
1053,GRN2026001053,993,4,60,2026-03-28,received,,2026-03-28 08:00:00,system,2026-03-28 08:00:00,system
1054,GRN2026001054,995,3,32,2026-05-08,received,,2026-05-08 08:00:00,system,2026-05-08 08:00:00,system
1055,GRN2026001055,996,9,97,2026-05-20,received,,2026-05-20 08:00:00,system,2026-05-20 08:00:00,system
1056,GRN2026001056,997,5,61,2026-04-27,received,,2026-04-27 08:00:00,system,2026-04-27 08:00:00,system
1057,GRN2026001057,997,5,57,2026-04-30,received,,2026-04-30 08:00:00,system,2026-04-30 08:00:00,system
1058,GRN2026001058,998,1,,2026-02-13,received,,2026-02-13 08:00:00,system,2026-02-13 08:00:00,system
1059,GRN2026001059,999,4,121,2026-03-23,received,,2026-03-23 08:00:00,system,2026-03-23 08:00:00,system
1060,GRN2026001060,1000,8,3,2026-06-23,received,,2026-06-23 08:00:00,system,2026-06-23 08:00:00,system
1061,GRN2026001061,1000,8,66,2026-06-28,received,,2026-06-28 08:00:00,system,2026-06-28 08:00:00,system
1062,GRN2026001062,1001,9,102,2026-05-11,received,,2026-05-11 08:00:00,system,2026-05-11 08:00:00,system
1063,GRN2026001063,1002,5,26,2026-06-21,received,,2026-06-21 08:00:00,system,2026-06-21 08:00:00,system
1064,GRN2026001064,1003,8,108,2026-01-17,received,,2026-01-17 08:00:00,system,2026-01-17 08:00:00,system
1065,GRN2026001065,1003,8,35,2026-01-22,received,,2026-01-22 08:00:00,system,2026-01-22 08:00:00,system
1066,GRN2026001066,1004,4,7,2026-04-03,received,,2026-04-03 08:00:00,system,2026-04-03 08:00:00,system
1067,GRN2026001067,1008,2,6,2026-02-24,received,,2026-02-24 08:00:00,system,2026-02-24 08:00:00,system
1068,GRN2026001068,1008,2,42,2026-02-28,received,,2026-02-28 08:00:00,system,2026-02-28 08:00:00,system
1069,GRN2026001069,1008,2,83,2026-03-05,received,,2026-03-05 08:00:00,system,2026-03-05 08:00:00,system
1070,GRN2026001070,1010,5,18,2026-04-03,received,,2026-04-03 08:00:00,system,2026-04-03 08:00:00,system
1071,GRN2026001071,1011,8,86,2026-04-12,received,,2026-04-12 08:00:00,system,2026-04-12 08:00:00,system
1072,GRN2026001072,1014,3,88,2026-03-28,received,,2026-03-28 08:00:00,system,2026-03-28 08:00:00,system
1073,GRN2026001073,1015,4,,2026-04-04,received,,2026-04-04 08:00:00,system,2026-04-04 08:00:00,system
1074,GRN2026001074,1016,8,,2026-06-07,received,,2026-06-07 08:00:00,system,2026-06-07 08:00:00,system
1075,GRN2026001075,1018,9,61,2026-03-04,received,,2026-03-04 08:00:00,system,2026-03-04 08:00:00,system
1076,GRN2026001076,1020,5,,2026-02-01,received,,2026-02-01 08:00:00,system,2026-02-01 08:00:00,system
1077,GRN2026001077,1020,5,43,2026-02-03,received,,2026-02-03 08:00:00,system,2026-02-03 08:00:00,system
1078,GRN2026001078,1021,4,32,2026-04-11,received,,2026-04-11 08:00:00,system,2026-04-11 08:00:00,system
1079,GRN2026001079,1021,4,64,2026-04-12,received,,2026-04-12 08:00:00,system,2026-04-12 08:00:00,system
1080,GRN2026001080,1022,1,,2026-05-21,received,,2026-05-21 08:00:00,system,2026-05-21 08:00:00,system
1081,GRN2026001081,1024,5,,2026-07-09,received,,2026-07-09 08:00:00,system,2026-07-09 08:00:00,system
1082,GRN2026001082,1024,5,38,2026-07-14,received,,2026-07-14 08:00:00,system,2026-07-14 08:00:00,system
1083,GRN2026001083,1025,5,56,2026-05-21,received,,2026-05-21 08:00:00,system,2026-05-21 08:00:00,system
1084,GRN2026001084,1025,5,,2026-05-24,received,,2026-05-24 08:00:00,system,2026-05-24 08:00:00,system
1085,GRN2026001085,1026,3,22,2026-01-26,received,,2026-01-26 08:00:00,system,2026-01-26 08:00:00,system
1086,GRN2026001086,1027,2,44,2026-02-22,received,,2026-02-22 08:00:00,system,2026-02-22 08:00:00,system
1087,GRN2026001087,1028,9,,2026-06-06,received,,2026-06-06 08:00:00,system,2026-06-06 08:00:00,system
1088,GRN2026001088,1029,5,3,2026-06-15,received,,2026-06-15 08:00:00,system,2026-06-15 08:00:00,system
1089,GRN2026001089,1029,5,9,2026-06-16,received,,2026-06-16 08:00:00,system,2026-06-16 08:00:00,system
1090,GRN2026001090,1031,9,106,2026-06-07,received,,2026-06-07 08:00:00,system,2026-06-07 08:00:00,system
1091,GRN2026001091,1034,3,,2026-06-12,received,,2026-06-12 08:00:00,system,2026-06-12 08:00:00,system
1092,GRN2026001092,1034,3,124,2026-06-15,received,,2026-06-15 08:00:00,system,2026-06-15 08:00:00,system
1093,GRN2026001093,1035,9,104,2026-01-25,received,,2026-01-25 08:00:00,system,2026-01-25 08:00:00,system
1094,GRN2026001094,1036,7,65,2026-02-20,received,,2026-02-20 08:00:00,system,2026-02-20 08:00:00,system
1095,GRN2026001095,1037,8,81,2026-02-24,received,,2026-02-24 08:00:00,system,2026-02-24 08:00:00,system
1096,GRN2026001096,1039,6,29,2026-06-01,received,,2026-06-01 08:00:00,system,2026-06-01 08:00:00,system
1097,GRN2026001097,1041,2,,2026-05-31,received,,2026-05-31 08:00:00,system,2026-05-31 08:00:00,system
1098,GRN2026001098,1044,9,,2026-03-28,received,,2026-03-28 08:00:00,system,2026-03-28 08:00:00,system
1099,GRN2026001099,1045,6,42,2026-03-18,received,,2026-03-18 08:00:00,system,2026-03-18 08:00:00,system
1100,GRN2026001100,1046,8,,2026-02-17,received,,2026-02-17 08:00:00,system,2026-02-17 08:00:00,system
1101,GRN2026001101,1046,8,,2026-02-22,received,,2026-02-22 08:00:00,system,2026-02-22 08:00:00,system
1102,GRN2026001102,1047,6,,2026-04-22,received,,2026-04-22 08:00:00,system,2026-04-22 08:00:00,system
1103,GRN2026001103,1047,6,74,2026-04-23,received,,2026-04-23 08:00:00,system,2026-04-23 08:00:00,system
1104,GRN2026001104,1048,4,56,2026-03-10,received,,2026-03-10 08:00:00,system,2026-03-10 08:00:00,system
1105,GRN2026001105,1050,6,58,2026-06-11,received,,2026-06-11 08:00:00,system,2026-06-11 08:00:00,system
1106,GRN2026001106,1051,5,,2026-03-28,received,,2026-03-28 08:00:00,system,2026-03-28 08:00:00,system
1107,GRN2026001107,1052,9,34,2026-01-21,received,,2026-01-21 08:00:00,system,2026-01-21 08:00:00,system
1108,GRN2026001108,1053,3,,2026-06-15,received,,2026-06-15 08:00:00,system,2026-06-15 08:00:00,system
1109,GRN2026001109,1054,5,,2026-04-27,received,,2026-04-27 08:00:00,system,2026-04-27 08:00:00,system
1110,GRN2026001110,1055,8,,2026-06-19,received,,2026-06-19 08:00:00,system,2026-06-19 08:00:00,system
1111,GRN2026001111,1057,5,,2026-04-01,received,,2026-04-01 08:00:00,system,2026-04-01 08:00:00,system
1112,GRN2026001112,1057,5,25,2026-04-06,received,,2026-04-06 08:00:00,system,2026-04-06 08:00:00,system
1113,GRN2026001113,1057,5,61,2026-04-11,received,,2026-04-11 08:00:00,system,2026-04-11 08:00:00,system
1114,GRN2026001114,1058,6,94,2026-05-30,received,,2026-05-30 08:00:00,system,2026-05-30 08:00:00,system
1115,GRN2026001115,1059,2,123,2026-03-27,received,,2026-03-27 08:00:00,system,2026-03-27 08:00:00,system
1116,GRN2026001116,1060,4,107,2026-02-01,received,,2026-02-01 08:00:00,system,2026-02-01 08:00:00,system
1117,GRN2026001117,1062,4,,2026-03-21,received,,2026-03-21 08:00:00,system,2026-03-21 08:00:00,system
1118,GRN2026001118,1065,6,2,2026-01-29,received,,2026-01-29 08:00:00,system,2026-01-29 08:00:00,system
1119,GRN2026001119,1067,3,6,2026-03-18,received,,2026-03-18 08:00:00,system,2026-03-18 08:00:00,system
1120,GRN2026001120,1067,3,,2026-03-20,received,,2026-03-20 08:00:00,system,2026-03-20 08:00:00,system
1121,GRN2026001121,1068,9,105,2026-02-27,received,,2026-02-27 08:00:00,system,2026-02-27 08:00:00,system
1122,GRN2026001122,1069,9,11,2026-01-18,received,,2026-01-18 08:00:00,system,2026-01-18 08:00:00,system
1123,GRN2026001123,1069,9,135,2026-01-22,received,,2026-01-22 08:00:00,system,2026-01-22 08:00:00,system
1124,GRN2026001124,1070,9,134,2026-04-24,received,,2026-04-24 08:00:00,system,2026-04-24 08:00:00,system
1125,GRN2026001125,1072,6,89,2026-02-06,received,,2026-02-06 08:00:00,system,2026-02-06 08:00:00,system
1126,GRN2026001126,1073,4,126,2026-06-12,received,,2026-06-12 08:00:00,system,2026-06-12 08:00:00,system
1127,GRN2026001127,1074,7,24,2026-04-29,received,,2026-04-29 08:00:00,system,2026-04-29 08:00:00,system
1128,GRN2026001128,1075,2,76,2026-05-18,received,,2026-05-18 08:00:00,system,2026-05-18 08:00:00,system
1129,GRN2026001129,1076,1,94,2026-02-24,received,,2026-02-24 08:00:00,system,2026-02-24 08:00:00,system
1130,GRN2026001130,1077,3,97,2026-07-04,received,,2026-07-04 08:00:00,system,2026-07-04 08:00:00,system
1131,GRN2026001131,1078,3,102,2026-05-21,received,,2026-05-21 08:00:00,system,2026-05-21 08:00:00,system
1132,GRN2026001132,1081,4,88,2026-07-06,received,,2026-07-06 08:00:00,system,2026-07-06 08:00:00,system
1133,GRN2026001133,1081,4,108,2026-07-10,received,,2026-07-10 08:00:00,system,2026-07-10 08:00:00,system
1134,GRN2026001134,1082,1,20,2026-01-21,received,,2026-01-21 08:00:00,system,2026-01-21 08:00:00,system
1135,GRN2026001135,1083,3,80,2026-04-06,received,,2026-04-06 08:00:00,system,2026-04-06 08:00:00,system
1136,GRN2026001136,1084,4,107,2026-02-27,received,,2026-02-27 08:00:00,system,2026-02-27 08:00:00,system
1137,GRN2026001137,1085,4,,2026-03-10,received,,2026-03-10 08:00:00,system,2026-03-10 08:00:00,system
1138,GRN2026001138,1085,4,96,2026-03-14,received,,2026-03-14 08:00:00,system,2026-03-14 08:00:00,system
1139,GRN2026001139,1085,4,122,2026-03-17,received,,2026-03-17 08:00:00,system,2026-03-17 08:00:00,system
1140,GRN2026001140,1086,3,,2026-05-21,received,,2026-05-21 08:00:00,system,2026-05-21 08:00:00,system
1141,GRN2026001141,1088,5,87,2026-02-04,received,,2026-02-04 08:00:00,system,2026-02-04 08:00:00,system
1142,GRN2026001142,1089,4,48,2026-03-16,received,,2026-03-16 08:00:00,system,2026-03-16 08:00:00,system
1143,GRN2026001143,1089,4,34,2026-03-19,received,,2026-03-19 08:00:00,system,2026-03-19 08:00:00,system
1144,GRN2026001144,1089,4,97,2026-03-23,received,,2026-03-23 08:00:00,system,2026-03-23 08:00:00,system
1145,GRN2026001145,1091,9,31,2026-02-24,received,,2026-02-24 08:00:00,system,2026-02-24 08:00:00,system
1146,GRN2026001146,1091,9,37,2026-03-01,received,,2026-03-01 08:00:00,system,2026-03-01 08:00:00,system
1147,GRN2026001147,1092,6,,2026-07-04,received,,2026-07-04 08:00:00,system,2026-07-04 08:00:00,system
1148,GRN2026001148,1092,6,4,2026-07-05,received,,2026-07-05 08:00:00,system,2026-07-05 08:00:00,system
1149,GRN2026001149,1093,6,124,2026-02-11,received,,2026-02-11 08:00:00,system,2026-02-11 08:00:00,system
1150,GRN2026001150,1094,7,75,2026-02-09,received,,2026-02-09 08:00:00,system,2026-02-09 08:00:00,system
1151,GRN2026001151,1095,2,96,2026-06-16,received,,2026-06-16 08:00:00,system,2026-06-16 08:00:00,system
1152,GRN2026001152,1096,7,,2026-06-06,received,,2026-06-06 08:00:00,system,2026-06-06 08:00:00,system
1153,GRN2026001153,1096,7,128,2026-06-09,received,,2026-06-09 08:00:00,system,2026-06-09 08:00:00,system
1154,GRN2026001154,1097,3,125,2026-06-23,received,,2026-06-23 08:00:00,system,2026-06-23 08:00:00,system
1155,GRN2026001155,1097,3,19,2026-06-24,received,,2026-06-24 08:00:00,system,2026-06-24 08:00:00,system
1156,GRN2026001156,1098,1,127,2026-04-11,received,,2026-04-11 08:00:00,system,2026-04-11 08:00:00,system
1157,GRN2026001157,1099,9,90,2026-05-18,received,,2026-05-18 08:00:00,system,2026-05-18 08:00:00,system
1158,GRN2026001158,1100,5,48,2026-06-09,received,,2026-06-09 08:00:00,system,2026-06-09 08:00:00,system
1159,GRN2026001159,1100,5,,2026-06-12,received,,2026-06-12 08:00:00,system,2026-06-12 08:00:00,system
1160,GRN2026001160,1101,3,,2026-05-10,received,,2026-05-10 08:00:00,system,2026-05-10 08:00:00,system
1161,GRN2026001161,1102,2,,2026-07-09,received,,2026-07-09 08:00:00,system,2026-07-09 08:00:00,system
1162,GRN2026001162,1102,2,87,2026-07-11,received,,2026-07-11 08:00:00,system,2026-07-11 08:00:00,system
1163,GRN2026001163,1103,5,135,2026-06-20,received,,2026-06-20 08:00:00,system,2026-06-20 08:00:00,system
1164,GRN2026001164,1104,8,59,2026-03-26,received,,2026-03-26 08:00:00,system,2026-03-26 08:00:00,system
1165,GRN2026001165,1105,3,130,2026-01-20,received,,2026-01-20 08:00:00,system,2026-01-20 08:00:00,system
1166,GRN2026001166,1107,1,,2026-06-12,received,,2026-06-12 08:00:00,system,2026-06-12 08:00:00,system
1167,GRN2026001167,1108,3,73,2026-02-25,received,,2026-02-25 08:00:00,system,2026-02-25 08:00:00,system
1168,GRN2026001168,1111,4,,2026-04-08,received,,2026-04-08 08:00:00,system,2026-04-08 08:00:00,system
1169,GRN2026001169,1112,8,131,2026-05-28,received,,2026-05-28 08:00:00,system,2026-05-28 08:00:00,system
1170,GRN2026001170,1113,7,78,2026-04-02,received,,2026-04-02 08:00:00,system,2026-04-02 08:00:00,system
1171,GRN2026001171,1114,9,112,2026-04-16,received,,2026-04-16 08:00:00,system,2026-04-16 08:00:00,system
1172,GRN2026001172,1114,9,37,2026-04-21,received,,2026-04-21 08:00:00,system,2026-04-21 08:00:00,system
1173,GRN2026001173,1114,9,90,2026-04-24,received,,2026-04-24 08:00:00,system,2026-04-24 08:00:00,system
1174,GRN2026001174,1115,9,116,2026-04-01,received,,2026-04-01 08:00:00,system,2026-04-01 08:00:00,system
1175,GRN2026001175,1116,2,,2026-02-28,received,,2026-02-28 08:00:00,system,2026-02-28 08:00:00,system
1176,GRN2026001176,1118,3,,2026-06-21,received,,2026-06-21 08:00:00,system,2026-06-21 08:00:00,system
1177,GRN2026001177,1119,2,112,2026-06-26,received,,2026-06-26 08:00:00,system,2026-06-26 08:00:00,system
1178,GRN2026001178,1120,2,,2026-05-12,received,,2026-05-12 08:00:00,system,2026-05-12 08:00:00,system
1179,GRN2026001179,1121,7,,2026-02-03,received,,2026-02-03 08:00:00,system,2026-02-03 08:00:00,system
1180,GRN2026001180,1121,7,57,2026-02-05,received,,2026-02-05 08:00:00,system,2026-02-05 08:00:00,system
1181,GRN2026001181,1122,8,7,2026-04-05,received,,2026-04-05 08:00:00,system,2026-04-05 08:00:00,system
1182,GRN2026001182,1123,9,77,2026-03-31,received,,2026-03-31 08:00:00,system,2026-03-31 08:00:00,system
1183,GRN2026001183,1123,9,25,2026-04-04,received,,2026-04-04 08:00:00,system,2026-04-04 08:00:00,system
1184,GRN2026001184,1125,5,3,2026-03-14,received,,2026-03-14 08:00:00,system,2026-03-14 08:00:00,system
1185,GRN2026001185,1125,5,129,2026-03-18,received,,2026-03-18 08:00:00,system,2026-03-18 08:00:00,system
1186,GRN2026001186,1127,4,87,2026-06-14,received,,2026-06-14 08:00:00,system,2026-06-14 08:00:00,system
1187,GRN2026001187,1127,4,,2026-06-19,received,,2026-06-19 08:00:00,system,2026-06-19 08:00:00,system
1188,GRN2026001188,1127,4,,2026-06-23,received,,2026-06-23 08:00:00,system,2026-06-23 08:00:00,system
1189,GRN2026001189,1128,6,22,2026-06-03,received,,2026-06-03 08:00:00,system,2026-06-03 08:00:00,system
1190,GRN2026001190,1129,9,19,2026-01-11,received,,2026-01-11 08:00:00,system,2026-01-11 08:00:00,system
1191,GRN2026001191,1129,9,4,2026-01-15,received,,2026-01-15 08:00:00,system,2026-01-15 08:00:00,system
1192,GRN2026001192,1130,7,58,2026-06-05,received,,2026-06-05 08:00:00,system,2026-06-05 08:00:00,system
1193,GRN2026001193,1131,3,11,2026-04-29,received,,2026-04-29 08:00:00,system,2026-04-29 08:00:00,system
1194,GRN2026001194,1132,9,123,2026-01-15,received,,2026-01-15 08:00:00,system,2026-01-15 08:00:00,system
1195,GRN2026001195,1133,1,,2026-01-28,received,,2026-01-28 08:00:00,system,2026-01-28 08:00:00,system
1196,GRN2026001196,1134,2,105,2026-04-28,received,,2026-04-28 08:00:00,system,2026-04-28 08:00:00,system
1197,GRN2026001197,1134,2,,2026-05-03,received,,2026-05-03 08:00:00,system,2026-05-03 08:00:00,system
1198,GRN2026001198,1135,5,,2026-03-08,received,,2026-03-08 08:00:00,system,2026-03-08 08:00:00,system
1199,GRN2026001199,1137,4,73,2026-02-24,received,,2026-02-24 08:00:00,system,2026-02-24 08:00:00,system
1200,GRN2026001200,1137,4,63,2026-03-01,received,,2026-03-01 08:00:00,system,2026-03-01 08:00:00,system
1201,GRN2026001201,1138,3,23,2026-01-23,received,,2026-01-23 08:00:00,system,2026-01-23 08:00:00,system
1202,GRN2026001202,1139,8,119,2026-05-09,received,,2026-05-09 08:00:00,system,2026-05-09 08:00:00,system
1203,GRN2026001203,1140,3,128,2026-06-20,received,,2026-06-20 08:00:00,system,2026-06-20 08:00:00,system
1204,GRN2026001204,1140,3,53,2026-06-25,received,,2026-06-25 08:00:00,system,2026-06-25 08:00:00,system
1205,GRN2026001205,1141,8,109,2026-06-23,received,,2026-06-23 08:00:00,system,2026-06-23 08:00:00,system
1206,GRN2026001206,1143,3,13,2026-01-28,received,,2026-01-28 08:00:00,system,2026-01-28 08:00:00,system
1207,GRN2026001207,1144,7,53,2026-01-20,received,,2026-01-20 08:00:00,system,2026-01-20 08:00:00,system
1208,GRN2026001208,1144,7,,2026-01-21,received,,2026-01-21 08:00:00,system,2026-01-21 08:00:00,system
1209,GRN2026001209,1146,5,39,2026-04-11,received,,2026-04-11 08:00:00,system,2026-04-11 08:00:00,system
1210,GRN2026001210,1147,9,70,2026-05-27,received,,2026-05-27 08:00:00,system,2026-05-27 08:00:00,system
1211,GRN2026001211,1147,9,51,2026-05-30,received,,2026-05-30 08:00:00,system,2026-05-30 08:00:00,system
1212,GRN2026001212,1147,9,132,2026-06-03,received,,2026-06-03 08:00:00,system,2026-06-03 08:00:00,system
1213,GRN2026001213,1148,2,55,2026-07-07,received,,2026-07-07 08:00:00,system,2026-07-07 08:00:00,system
1214,GRN2026001214,1149,2,15,2026-06-11,received,,2026-06-11 08:00:00,system,2026-06-11 08:00:00,system
1215,GRN2026001215,1150,8,96,2026-01-15,received,,2026-01-15 08:00:00,system,2026-01-15 08:00:00,system
1216,GRN2026001216,1150,8,,2026-01-17,received,,2026-01-17 08:00:00,system,2026-01-17 08:00:00,system
1217,GRN2026001217,1152,3,61,2026-02-20,received,,2026-02-20 08:00:00,system,2026-02-20 08:00:00,system
1218,GRN2026001218,1153,3,,2026-07-01,received,,2026-07-01 08:00:00,system,2026-07-01 08:00:00,system
1219,GRN2026001219,1154,8,58,2026-02-21,received,,2026-02-21 08:00:00,system,2026-02-21 08:00:00,system
1220,GRN2026001220,1154,8,17,2026-02-23,received,,2026-02-23 08:00:00,system,2026-02-23 08:00:00,system
1221,GRN2026001221,1155,5,119,2026-06-10,received,,2026-06-10 08:00:00,system,2026-06-10 08:00:00,system
1222,GRN2026001222,1156,8,78,2026-05-01,received,,2026-05-01 08:00:00,system,2026-05-01 08:00:00,system
1223,GRN2026001223,1158,4,,2026-04-22,received,,2026-04-22 08:00:00,system,2026-04-22 08:00:00,system
1224,GRN2026001224,1158,4,,2026-04-25,received,,2026-04-25 08:00:00,system,2026-04-25 08:00:00,system
1225,GRN2026001225,1159,7,56,2026-01-21,received,,2026-01-21 08:00:00,system,2026-01-21 08:00:00,system
1226,GRN2026001226,1160,7,,2026-04-15,received,,2026-04-15 08:00:00,system,2026-04-15 08:00:00,system
1227,GRN2026001227,1161,4,37,2026-04-01,received,,2026-04-01 08:00:00,system,2026-04-01 08:00:00,system
1228,GRN2026001228,1162,5,49,2026-03-30,received,,2026-03-30 08:00:00,system,2026-03-30 08:00:00,system
1229,GRN2026001229,1162,5,105,2026-04-03,received,,2026-04-03 08:00:00,system,2026-04-03 08:00:00,system
1230,GRN2026001230,1163,8,,2026-02-12,received,,2026-02-12 08:00:00,system,2026-02-12 08:00:00,system
1231,GRN2026001231,1164,3,,2026-01-25,received,,2026-01-25 08:00:00,system,2026-01-25 08:00:00,system
1232,GRN2026001232,1165,3,118,2026-01-14,received,,2026-01-14 08:00:00,system,2026-01-14 08:00:00,system
1233,GRN2026001233,1165,3,126,2026-01-18,received,,2026-01-18 08:00:00,system,2026-01-18 08:00:00,system
1234,GRN2026001234,1167,8,82,2026-04-06,received,,2026-04-06 08:00:00,system,2026-04-06 08:00:00,system
1235,GRN2026001235,1167,8,,2026-04-11,received,,2026-04-11 08:00:00,system,2026-04-11 08:00:00,system
1236,GRN2026001236,1168,7,38,2026-06-15,received,,2026-06-15 08:00:00,system,2026-06-15 08:00:00,system
1237,GRN2026001237,1169,6,,2026-05-17,received,,2026-05-17 08:00:00,system,2026-05-17 08:00:00,system
1238,GRN2026001238,1170,6,71,2026-05-08,received,,2026-05-08 08:00:00,system,2026-05-08 08:00:00,system
1239,GRN2026001239,1173,1,83,2026-04-24,received,,2026-04-24 08:00:00,system,2026-04-24 08:00:00,system
1240,GRN2026001240,1173,1,,2026-04-25,received,,2026-04-25 08:00:00,system,2026-04-25 08:00:00,system
1241,GRN2026001241,1174,6,106,2026-04-29,received,,2026-04-29 08:00:00,system,2026-04-29 08:00:00,system
1242,GRN2026001242,1174,6,23,2026-05-03,received,,2026-05-03 08:00:00,system,2026-05-03 08:00:00,system
1243,GRN2026001243,1174,6,23,2026-05-06,received,,2026-05-06 08:00:00,system,2026-05-06 08:00:00,system
1244,GRN2026001244,1175,6,106,2026-06-23,received,,2026-06-23 08:00:00,system,2026-06-23 08:00:00,system
1245,GRN2026001245,1175,6,118,2026-06-26,received,,2026-06-26 08:00:00,system,2026-06-26 08:00:00,system
1246,GRN2026001246,1176,8,,2026-05-23,received,,2026-05-23 08:00:00,system,2026-05-23 08:00:00,system
1247,GRN2026001247,1176,8,118,2026-05-24,received,,2026-05-24 08:00:00,system,2026-05-24 08:00:00,system
1248,GRN2026001248,1177,8,64,2026-05-28,received,,2026-05-28 08:00:00,system,2026-05-28 08:00:00,system
1249,GRN2026001249,1177,8,,2026-06-02,received,,2026-06-02 08:00:00,system,2026-06-02 08:00:00,system
1250,GRN2026001250,1178,5,49,2026-07-06,received,,2026-07-06 08:00:00,system,2026-07-06 08:00:00,system
1251,GRN2026001251,1181,3,62,2026-02-18,received,,2026-02-18 08:00:00,system,2026-02-18 08:00:00,system
1252,GRN2026001252,1182,4,26,2026-05-26,received,,2026-05-26 08:00:00,system,2026-05-26 08:00:00,system
1253,GRN2026001253,1183,5,36,2026-04-12,received,,2026-04-12 08:00:00,system,2026-04-12 08:00:00,system
1254,GRN2026001254,1184,6,60,2026-02-28,received,,2026-02-28 08:00:00,system,2026-02-28 08:00:00,system
1255,GRN2026001255,1185,1,52,2026-06-02,received,,2026-06-02 08:00:00,system,2026-06-02 08:00:00,system
1256,GRN2026001256,1187,6,,2026-01-22,received,,2026-01-22 08:00:00,system,2026-01-22 08:00:00,system
1257,GRN2026001257,1187,6,58,2026-01-23,received,,2026-01-23 08:00:00,system,2026-01-23 08:00:00,system
1258,GRN2026001258,1188,9,112,2026-06-23,received,,2026-06-23 08:00:00,system,2026-06-23 08:00:00,system
1259,GRN2026001259,1189,5,86,2026-04-01,received,,2026-04-01 08:00:00,system,2026-04-01 08:00:00,system
1260,GRN2026001260,1190,8,81,2026-04-28,received,,2026-04-28 08:00:00,system,2026-04-28 08:00:00,system
1261,GRN2026001261,1193,3,,2026-05-18,received,,2026-05-18 08:00:00,system,2026-05-18 08:00:00,system
1262,GRN2026001262,1195,8,118,2026-05-20,received,,2026-05-20 08:00:00,system,2026-05-20 08:00:00,system
1263,GRN2026001263,1196,3,60,2026-04-15,received,,2026-04-15 08:00:00,system,2026-04-15 08:00:00,system
1264,GRN2026001264,1196,3,,2026-04-17,received,,2026-04-17 08:00:00,system,2026-04-17 08:00:00,system
1265,GRN2026001265,1197,8,,2026-06-03,received,,2026-06-03 08:00:00,system,2026-06-03 08:00:00,system
1266,GRN2026001266,1200,5,4,2026-04-18,received,,2026-04-18 08:00:00,system,2026-04-18 08:00:00,system
1267,GRN2026001267,1201,5,2,2026-04-04,received,,2026-04-04 08:00:00,system,2026-04-04 08:00:00,system
1268,GRN2026001268,1201,5,110,2026-04-07,received,,2026-04-07 08:00:00,system,2026-04-07 08:00:00,system
1269,GRN2026001269,1202,1,78,2026-02-18,received,,2026-02-18 08:00:00,system,2026-02-18 08:00:00,system
1270,GRN2026001270,1203,7,98,2026-05-21,received,,2026-05-21 08:00:00,system,2026-05-21 08:00:00,system
1271,GRN2026001271,1204,4,105,2026-04-11,received,,2026-04-11 08:00:00,system,2026-04-11 08:00:00,system
1272,GRN2026001272,1205,9,10,2026-04-17,received,,2026-04-17 08:00:00,system,2026-04-17 08:00:00,system
1273,GRN2026001273,1207,8,13,2026-04-04,received,,2026-04-04 08:00:00,system,2026-04-04 08:00:00,system
1274,GRN2026001274,1209,4,124,2026-06-05,received,,2026-06-05 08:00:00,system,2026-06-05 08:00:00,system
1275,GRN2026001275,1210,7,82,2026-06-28,received,,2026-06-28 08:00:00,system,2026-06-28 08:00:00,system
1276,GRN2026001276,1210,7,,2026-06-29,received,,2026-06-29 08:00:00,system,2026-06-29 08:00:00,system
1277,GRN2026001277,1211,2,52,2026-05-10,received,,2026-05-10 08:00:00,system,2026-05-10 08:00:00,system
1278,GRN2026001278,1211,2,132,2026-05-11,received,,2026-05-11 08:00:00,system,2026-05-11 08:00:00,system
1279,GRN2026001279,1212,7,104,2026-03-09,received,,2026-03-09 08:00:00,system,2026-03-09 08:00:00,system
1280,GRN2026001280,1213,4,18,2026-06-22,received,,2026-06-22 08:00:00,system,2026-06-22 08:00:00,system
1281,GRN2026001281,1213,4,,2026-06-26,received,,2026-06-26 08:00:00,system,2026-06-26 08:00:00,system
1282,GRN2026001282,1213,4,,2026-06-30,received,,2026-06-30 08:00:00,system,2026-06-30 08:00:00,system
1283,GRN2026001283,1214,4,53,2026-06-08,received,,2026-06-08 08:00:00,system,2026-06-08 08:00:00,system
1284,GRN2026001284,1215,5,3,2026-07-01,received,,2026-07-01 08:00:00,system,2026-07-01 08:00:00,system
1285,GRN2026001285,1217,6,133,2026-02-01,received,,2026-02-01 08:00:00,system,2026-02-01 08:00:00,system
1286,GRN2026001286,1218,9,122,2026-06-11,received,,2026-06-11 08:00:00,system,2026-06-11 08:00:00,system
1287,GRN2026001287,1219,8,84,2026-06-16,received,,2026-06-16 08:00:00,system,2026-06-16 08:00:00,system
1288,GRN2026001288,1220,6,98,2026-03-23,received,,2026-03-23 08:00:00,system,2026-03-23 08:00:00,system
1289,GRN2026001289,1223,6,,2026-05-02,received,,2026-05-02 08:00:00,system,2026-05-02 08:00:00,system
1290,GRN2026001290,1225,1,49,2026-04-03,received,,2026-04-03 08:00:00,system,2026-04-03 08:00:00,system
1291,GRN2026001291,1225,1,56,2026-04-08,received,,2026-04-08 08:00:00,system,2026-04-08 08:00:00,system
1292,GRN2026001292,1227,7,83,2026-05-15,received,,2026-05-15 08:00:00,system,2026-05-15 08:00:00,system
1293,GRN2026001293,1228,5,,2026-06-02,received,,2026-06-02 08:00:00,system,2026-06-02 08:00:00,system
1294,GRN2026001294,1230,8,34,2026-06-23,received,,2026-06-23 08:00:00,system,2026-06-23 08:00:00,system
1295,GRN2026001295,1233,6,103,2026-05-13,received,,2026-05-13 08:00:00,system,2026-05-13 08:00:00,system
1296,GRN2026001296,1234,4,57,2026-04-15,received,,2026-04-15 08:00:00,system,2026-04-15 08:00:00,system
1297,GRN2026001297,1234,4,39,2026-04-20,received,,2026-04-20 08:00:00,system,2026-04-20 08:00:00,system
1298,GRN2026001298,1235,9,,2026-04-12,received,,2026-04-12 08:00:00,system,2026-04-12 08:00:00,system
1299,GRN2026001299,1236,2,103,2026-05-26,received,,2026-05-26 08:00:00,system,2026-05-26 08:00:00,system
1300,GRN2026001300,1237,7,133,2026-03-08,received,,2026-03-08 08:00:00,system,2026-03-08 08:00:00,system
1301,GRN2026001301,1239,5,100,2026-04-28,received,,2026-04-28 08:00:00,system,2026-04-28 08:00:00,system
1302,GRN2026001302,1241,1,46,2026-02-01,received,,2026-02-01 08:00:00,system,2026-02-01 08:00:00,system
1303,GRN2026001303,1241,1,,2026-02-05,received,,2026-02-05 08:00:00,system,2026-02-05 08:00:00,system
1304,GRN2026001304,1242,1,,2026-06-02,received,,2026-06-02 08:00:00,system,2026-06-02 08:00:00,system
1305,GRN2026001305,1242,1,,2026-06-05,received,,2026-06-05 08:00:00,system,2026-06-05 08:00:00,system
1306,GRN2026001306,1243,8,,2026-01-18,received,,2026-01-18 08:00:00,system,2026-01-18 08:00:00,system
1307,GRN2026001307,1244,4,89,2026-05-15,received,,2026-05-15 08:00:00,system,2026-05-15 08:00:00,system
1308,GRN2026001308,1244,4,54,2026-05-20,received,,2026-05-20 08:00:00,system,2026-05-20 08:00:00,system
1309,GRN2026001309,1244,4,,2026-05-22,received,,2026-05-22 08:00:00,system,2026-05-22 08:00:00,system
1310,GRN2026001310,1246,1,9,2026-01-12,received,,2026-01-12 08:00:00,system,2026-01-12 08:00:00,system
1311,GRN2026001311,1246,1,17,2026-01-17,received,,2026-01-17 08:00:00,system,2026-01-17 08:00:00,system
1312,GRN2026001312,1247,2,,2026-05-02,received,,2026-05-02 08:00:00,system,2026-05-02 08:00:00,system
1313,GRN2026001313,1248,3,116,2026-03-16,received,,2026-03-16 08:00:00,system,2026-03-16 08:00:00,system
1314,GRN2026001314,1251,6,42,2026-04-16,received,,2026-04-16 08:00:00,system,2026-04-16 08:00:00,system
1315,GRN2026001315,1253,8,63,2026-07-24,received,,2026-07-24 08:00:00,system,2026-07-24 08:00:00,system
1316,GRN2026001316,1253,8,,2026-07-26,received,,2026-07-26 08:00:00,system,2026-07-26 08:00:00,system
1317,GRN2026001317,1255,7,96,2026-03-07,received,,2026-03-07 08:00:00,system,2026-03-07 08:00:00,system
1318,GRN2026001318,1255,7,,2026-03-10,received,,2026-03-10 08:00:00,system,2026-03-10 08:00:00,system
1319,GRN2026001319,1256,1,74,2026-02-17,received,,2026-02-17 08:00:00,system,2026-02-17 08:00:00,system
1320,GRN2026001320,1256,1,59,2026-02-21,received,,2026-02-21 08:00:00,system,2026-02-21 08:00:00,system
1321,GRN2026001321,1257,8,23,2026-02-04,received,,2026-02-04 08:00:00,system,2026-02-04 08:00:00,system
1322,GRN2026001322,1258,4,125,2026-05-25,received,,2026-05-25 08:00:00,system,2026-05-25 08:00:00,system
1323,GRN2026001323,1260,8,83,2026-06-22,received,,2026-06-22 08:00:00,system,2026-06-22 08:00:00,system
1324,GRN2026001324,1263,3,6,2026-06-14,received,,2026-06-14 08:00:00,system,2026-06-14 08:00:00,system
1325,GRN2026001325,1264,3,13,2026-04-02,received,,2026-04-02 08:00:00,system,2026-04-02 08:00:00,system
1326,GRN2026001326,1265,6,125,2026-06-05,received,,2026-06-05 08:00:00,system,2026-06-05 08:00:00,system
1327,GRN2026001327,1265,6,,2026-06-08,received,,2026-06-08 08:00:00,system,2026-06-08 08:00:00,system
1328,GRN2026001328,1266,1,21,2026-01-22,received,,2026-01-22 08:00:00,system,2026-01-22 08:00:00,system
1329,GRN2026001329,1266,1,,2026-01-23,received,,2026-01-23 08:00:00,system,2026-01-23 08:00:00,system
1330,GRN2026001330,1267,9,,2026-07-03,received,,2026-07-03 08:00:00,system,2026-07-03 08:00:00,system
1331,GRN2026001331,1267,9,77,2026-07-08,received,,2026-07-08 08:00:00,system,2026-07-08 08:00:00,system
1332,GRN2026001332,1270,4,18,2026-02-22,received,,2026-02-22 08:00:00,system,2026-02-22 08:00:00,system
1333,GRN2026001333,1272,8,65,2026-02-08,received,,2026-02-08 08:00:00,system,2026-02-08 08:00:00,system
1334,GRN2026001334,1276,1,127,2026-03-12,received,,2026-03-12 08:00:00,system,2026-03-12 08:00:00,system
1335,GRN2026001335,1276,1,82,2026-03-14,received,,2026-03-14 08:00:00,system,2026-03-14 08:00:00,system
1336,GRN2026001336,1277,1,81,2026-01-18,received,,2026-01-18 08:00:00,system,2026-01-18 08:00:00,system
1337,GRN2026001337,1277,1,116,2026-01-23,received,,2026-01-23 08:00:00,system,2026-01-23 08:00:00,system
1338,GRN2026001338,1278,9,59,2026-05-27,received,,2026-05-27 08:00:00,system,2026-05-27 08:00:00,system
1339,GRN2026001339,1278,9,113,2026-05-29,received,,2026-05-29 08:00:00,system,2026-05-29 08:00:00,system
1340,GRN2026001340,1279,4,88,2026-03-14,received,,2026-03-14 08:00:00,system,2026-03-14 08:00:00,system
1341,GRN2026001341,1279,4,46,2026-03-19,received,,2026-03-19 08:00:00,system,2026-03-19 08:00:00,system
1342,GRN2026001342,1279,4,65,2026-03-21,received,,2026-03-21 08:00:00,system,2026-03-21 08:00:00,system
1343,GRN2026001343,1280,8,37,2026-03-19,received,,2026-03-19 08:00:00,system,2026-03-19 08:00:00,system
1344,GRN2026001344,1283,9,78,2026-05-14,received,,2026-05-14 08:00:00,system,2026-05-14 08:00:00,system
1345,GRN2026001345,1283,9,61,2026-05-19,received,,2026-05-19 08:00:00,system,2026-05-19 08:00:00,system
1346,GRN2026001346,1285,9,81,2026-03-22,received,,2026-03-22 08:00:00,system,2026-03-22 08:00:00,system
1347,GRN2026001347,1286,9,,2026-01-28,received,,2026-01-28 08:00:00,system,2026-01-28 08:00:00,system
1348,GRN2026001348,1287,3,,2026-04-28,received,,2026-04-28 08:00:00,system,2026-04-28 08:00:00,system
1349,GRN2026001349,1287,3,67,2026-05-02,received,,2026-05-02 08:00:00,system,2026-05-02 08:00:00,system
1350,GRN2026001350,1288,2,60,2026-05-10,received,,2026-05-10 08:00:00,system,2026-05-10 08:00:00,system
1351,GRN2026001351,1288,2,98,2026-05-14,received,,2026-05-14 08:00:00,system,2026-05-14 08:00:00,system
1352,GRN2026001352,1289,9,51,2026-04-18,received,,2026-04-18 08:00:00,system,2026-04-18 08:00:00,system
1353,GRN2026001353,1290,3,24,2026-02-27,received,,2026-02-27 08:00:00,system,2026-02-27 08:00:00,system
1354,GRN2026001354,1290,3,133,2026-03-03,received,,2026-03-03 08:00:00,system,2026-03-03 08:00:00,system
1355,GRN2026001355,1293,9,31,2026-04-29,received,,2026-04-29 08:00:00,system,2026-04-29 08:00:00,system
1356,GRN2026001356,1295,8,45,2026-04-04,received,,2026-04-04 08:00:00,system,2026-04-04 08:00:00,system
1357,GRN2026001357,1296,4,71,2026-07-08,received,,2026-07-08 08:00:00,system,2026-07-08 08:00:00,system
1358,GRN2026001358,1297,4,135,2026-03-08,received,,2026-03-08 08:00:00,system,2026-03-08 08:00:00,system
1359,GRN2026001359,1297,4,,2026-03-09,received,,2026-03-09 08:00:00,system,2026-03-09 08:00:00,system
1360,GRN2026001360,1298,2,105,2026-03-27,received,,2026-03-27 08:00:00,system,2026-03-27 08:00:00,system
1361,GRN2026001361,1298,2,112,2026-03-28,received,,2026-03-28 08:00:00,system,2026-03-28 08:00:00,system
1362,GRN2026001362,1299,8,59,2026-04-17,received,,2026-04-17 08:00:00,system,2026-04-17 08:00:00,system
1363,GRN2026001363,1301,7,,2026-03-05,received,,2026-03-05 08:00:00,system,2026-03-05 08:00:00,system
1364,GRN2026001364,1302,6,28,2026-06-14,received,,2026-06-14 08:00:00,system,2026-06-14 08:00:00,system
1365,GRN2026001365,1306,5,,2026-03-21,received,,2026-03-21 08:00:00,system,2026-03-21 08:00:00,system
1366,GRN2026001366,1306,5,25,2026-03-22,received,,2026-03-22 08:00:00,system,2026-03-22 08:00:00,system
1367,GRN2026001367,1308,8,96,2026-04-22,received,,2026-04-22 08:00:00,system,2026-04-22 08:00:00,system
1368,GRN2026001368,1308,8,82,2026-04-25,received,,2026-04-25 08:00:00,system,2026-04-25 08:00:00,system
1369,GRN2026001369,1309,2,,2026-04-29,received,,2026-04-29 08:00:00,system,2026-04-29 08:00:00,system
1370,GRN2026001370,1309,2,134,2026-04-30,received,,2026-04-30 08:00:00,system,2026-04-30 08:00:00,system
1371,GRN2026001371,1309,2,,2026-05-01,received,,2026-05-01 08:00:00,system,2026-05-01 08:00:00,system
1372,GRN2026001372,1310,3,20,2026-04-12,received,,2026-04-12 08:00:00,system,2026-04-12 08:00:00,system
1373,GRN2026001373,1310,3,71,2026-04-15,received,,2026-04-15 08:00:00,system,2026-04-15 08:00:00,system
1374,GRN2026001374,1311,9,,2026-04-25,received,,2026-04-25 08:00:00,system,2026-04-25 08:00:00,system
1375,GRN2026001375,1311,9,34,2026-04-26,received,,2026-04-26 08:00:00,system,2026-04-26 08:00:00,system
1376,GRN2026001376,1312,6,30,2026-01-24,received,,2026-01-24 08:00:00,system,2026-01-24 08:00:00,system
1377,GRN2026001377,1314,7,71,2026-03-22,received,,2026-03-22 08:00:00,system,2026-03-22 08:00:00,system
1378,GRN2026001378,1316,4,46,2026-04-13,received,,2026-04-13 08:00:00,system,2026-04-13 08:00:00,system
1379,GRN2026001379,1316,4,21,2026-04-16,received,,2026-04-16 08:00:00,system,2026-04-16 08:00:00,system
1380,GRN2026001380,1317,5,77,2026-05-15,received,,2026-05-15 08:00:00,system,2026-05-15 08:00:00,system
1381,GRN2026001381,1317,5,119,2026-05-19,received,,2026-05-19 08:00:00,system,2026-05-19 08:00:00,system
1382,GRN2026001382,1318,7,132,2026-01-16,received,,2026-01-16 08:00:00,system,2026-01-16 08:00:00,system
1383,GRN2026001383,1319,6,11,2026-03-24,received,,2026-03-24 08:00:00,system,2026-03-24 08:00:00,system
1384,GRN2026001384,1320,2,93,2026-05-26,received,,2026-05-26 08:00:00,system,2026-05-26 08:00:00,system
1385,GRN2026001385,1320,2,96,2026-05-27,received,,2026-05-27 08:00:00,system,2026-05-27 08:00:00,system
1386,GRN2026001386,1322,6,,2026-05-10,received,,2026-05-10 08:00:00,system,2026-05-10 08:00:00,system
1387,GRN2026001387,1324,8,6,2026-04-04,received,,2026-04-04 08:00:00,system,2026-04-04 08:00:00,system
1388,GRN2026001388,1326,2,57,2026-02-22,received,,2026-02-22 08:00:00,system,2026-02-22 08:00:00,system
1389,GRN2026001389,1327,9,116,2026-05-02,received,,2026-05-02 08:00:00,system,2026-05-02 08:00:00,system
1390,GRN2026001390,1328,1,2,2026-03-04,received,,2026-03-04 08:00:00,system,2026-03-04 08:00:00,system
1391,GRN2026001391,1328,1,21,2026-03-08,received,,2026-03-08 08:00:00,system,2026-03-08 08:00:00,system
1392,GRN2026001392,1329,9,32,2026-03-06,received,,2026-03-06 08:00:00,system,2026-03-06 08:00:00,system
1393,GRN2026001393,1330,7,30,2026-05-04,received,,2026-05-04 08:00:00,system,2026-05-04 08:00:00,system
1394,GRN2026001394,1331,7,93,2026-01-11,received,,2026-01-11 08:00:00,system,2026-01-11 08:00:00,system
1395,GRN2026001395,1332,8,112,2026-06-18,received,,2026-06-18 08:00:00,system,2026-06-18 08:00:00,system
1396,GRN2026001396,1333,4,105,2026-04-25,received,,2026-04-25 08:00:00,system,2026-04-25 08:00:00,system
1397,GRN2026001397,1334,4,,2026-07-14,received,,2026-07-14 08:00:00,system,2026-07-14 08:00:00,system
1398,GRN2026001398,1334,4,68,2026-07-15,received,,2026-07-15 08:00:00,system,2026-07-15 08:00:00,system
1399,GRN2026001399,1335,5,62,2026-03-10,received,,2026-03-10 08:00:00,system,2026-03-10 08:00:00,system
1400,GRN2026001400,1335,5,83,2026-03-15,received,,2026-03-15 08:00:00,system,2026-03-15 08:00:00,system
1401,GRN2026001401,1336,5,41,2026-05-13,received,,2026-05-13 08:00:00,system,2026-05-13 08:00:00,system
1402,GRN2026001402,1336,5,23,2026-05-17,received,,2026-05-17 08:00:00,system,2026-05-17 08:00:00,system
1403,GRN2026001403,1337,8,31,2026-06-27,received,,2026-06-27 08:00:00,system,2026-06-27 08:00:00,system
1404,GRN2026001404,1337,8,3,2026-06-29,received,,2026-06-29 08:00:00,system,2026-06-29 08:00:00,system
1405,GRN2026001405,1338,7,51,2026-01-26,received,,2026-01-26 08:00:00,system,2026-01-26 08:00:00,system
1406,GRN2026001406,1338,7,43,2026-01-27,received,,2026-01-27 08:00:00,system,2026-01-27 08:00:00,system
1407,GRN2026001407,1339,1,112,2026-07-15,received,,2026-07-15 08:00:00,system,2026-07-15 08:00:00,system
1408,GRN2026001408,1340,4,,2026-06-29,received,,2026-06-29 08:00:00,system,2026-06-29 08:00:00,system
1409,GRN2026001409,1340,4,48,2026-07-04,received,,2026-07-04 08:00:00,system,2026-07-04 08:00:00,system
1410,GRN2026001410,1341,8,110,2026-04-20,received,,2026-04-20 08:00:00,system,2026-04-20 08:00:00,system
1411,GRN2026001411,1342,8,,2026-03-12,received,,2026-03-12 08:00:00,system,2026-03-12 08:00:00,system
1412,GRN2026001412,1342,8,,2026-03-13,received,,2026-03-13 08:00:00,system,2026-03-13 08:00:00,system
1413,GRN2026001413,1343,8,112,2026-02-02,received,,2026-02-02 08:00:00,system,2026-02-02 08:00:00,system
1414,GRN2026001414,1344,3,24,2026-01-13,received,,2026-01-13 08:00:00,system,2026-01-13 08:00:00,system
1415,GRN2026001415,1345,9,,2026-06-07,received,,2026-06-07 08:00:00,system,2026-06-07 08:00:00,system
1416,GRN2026001416,1346,7,104,2026-05-12,received,,2026-05-12 08:00:00,system,2026-05-12 08:00:00,system
1417,GRN2026001417,1346,7,,2026-05-16,received,,2026-05-16 08:00:00,system,2026-05-16 08:00:00,system
1418,GRN2026001418,1347,2,16,2026-03-16,received,,2026-03-16 08:00:00,system,2026-03-16 08:00:00,system
1419,GRN2026001419,1348,8,78,2026-02-26,received,,2026-02-26 08:00:00,system,2026-02-26 08:00:00,system
1420,GRN2026001420,1350,4,100,2026-01-29,received,,2026-01-29 08:00:00,system,2026-01-29 08:00:00,system
1421,GRN2026001421,1352,4,130,2026-01-26,received,,2026-01-26 08:00:00,system,2026-01-26 08:00:00,system
1422,GRN2026001422,1353,6,98,2026-06-19,received,,2026-06-19 08:00:00,system,2026-06-19 08:00:00,system
1423,GRN2026001423,1355,6,,2026-04-23,received,,2026-04-23 08:00:00,system,2026-04-23 08:00:00,system
1424,GRN2026001424,1356,3,114,2026-05-08,received,,2026-05-08 08:00:00,system,2026-05-08 08:00:00,system
1425,GRN2026001425,1356,3,62,2026-05-12,received,,2026-05-12 08:00:00,system,2026-05-12 08:00:00,system
1426,GRN2026001426,1360,1,88,2026-05-10,received,,2026-05-10 08:00:00,system,2026-05-10 08:00:00,system
1427,GRN2026001427,1361,1,85,2026-06-08,received,,2026-06-08 08:00:00,system,2026-06-08 08:00:00,system
1428,GRN2026001428,1363,2,37,2026-02-21,received,,2026-02-21 08:00:00,system,2026-02-21 08:00:00,system
1429,GRN2026001429,1363,2,119,2026-02-25,received,,2026-02-25 08:00:00,system,2026-02-25 08:00:00,system
1430,GRN2026001430,1364,7,125,2026-06-15,received,,2026-06-15 08:00:00,system,2026-06-15 08:00:00,system
1431,GRN2026001431,1364,7,,2026-06-19,received,,2026-06-19 08:00:00,system,2026-06-19 08:00:00,system
1432,GRN2026001432,1365,1,129,2026-05-15,received,,2026-05-15 08:00:00,system,2026-05-15 08:00:00,system
1433,GRN2026001433,1368,7,,2026-06-24,received,,2026-06-24 08:00:00,system,2026-06-24 08:00:00,system
1434,GRN2026001434,1368,7,83,2026-06-26,received,,2026-06-26 08:00:00,system,2026-06-26 08:00:00,system
1435,GRN2026001435,1373,3,,2026-04-29,received,,2026-04-29 08:00:00,system,2026-04-29 08:00:00,system
1436,GRN2026001436,1374,6,127,2026-06-08,received,,2026-06-08 08:00:00,system,2026-06-08 08:00:00,system
1437,GRN2026001437,1375,5,100,2026-06-21,received,,2026-06-21 08:00:00,system,2026-06-21 08:00:00,system
1438,GRN2026001438,1376,5,62,2026-03-20,received,,2026-03-20 08:00:00,system,2026-03-20 08:00:00,system
1439,GRN2026001439,1378,5,61,2026-06-24,received,,2026-06-24 08:00:00,system,2026-06-24 08:00:00,system
1440,GRN2026001440,1380,8,57,2026-03-13,received,,2026-03-13 08:00:00,system,2026-03-13 08:00:00,system
1441,GRN2026001441,1380,8,123,2026-03-17,received,,2026-03-17 08:00:00,system,2026-03-17 08:00:00,system
1442,GRN2026001442,1381,1,18,2026-06-19,received,,2026-06-19 08:00:00,system,2026-06-19 08:00:00,system
1443,GRN2026001443,1382,3,22,2026-06-03,received,,2026-06-03 08:00:00,system,2026-06-03 08:00:00,system
1444,GRN2026001444,1383,1,112,2026-03-10,received,,2026-03-10 08:00:00,system,2026-03-10 08:00:00,system
1445,GRN2026001445,1384,7,42,2026-04-11,received,,2026-04-11 08:00:00,system,2026-04-11 08:00:00,system
1446,GRN2026001446,1384,7,43,2026-04-16,received,,2026-04-16 08:00:00,system,2026-04-16 08:00:00,system
1447,GRN2026001447,1386,2,41,2026-04-03,received,,2026-04-03 08:00:00,system,2026-04-03 08:00:00,system
1448,GRN2026001448,1386,2,84,2026-04-04,received,,2026-04-04 08:00:00,system,2026-04-04 08:00:00,system
1449,GRN2026001449,1389,5,90,2026-02-24,received,,2026-02-24 08:00:00,system,2026-02-24 08:00:00,system
1450,GRN2026001450,1389,5,68,2026-03-01,received,,2026-03-01 08:00:00,system,2026-03-01 08:00:00,system
1451,GRN2026001451,1389,5,105,2026-03-04,received,,2026-03-04 08:00:00,system,2026-03-04 08:00:00,system
1452,GRN2026001452,1390,4,,2026-07-01,received,,2026-07-01 08:00:00,system,2026-07-01 08:00:00,system
1453,GRN2026001453,1391,7,132,2026-05-04,received,,2026-05-04 08:00:00,system,2026-05-04 08:00:00,system
1454,GRN2026001454,1392,3,,2026-03-28,received,,2026-03-28 08:00:00,system,2026-03-28 08:00:00,system
1455,GRN2026001455,1393,3,,2026-03-09,received,,2026-03-09 08:00:00,system,2026-03-09 08:00:00,system
1456,GRN2026001456,1394,4,55,2026-02-11,received,,2026-02-11 08:00:00,system,2026-02-11 08:00:00,system
1457,GRN2026001457,1395,2,54,2026-05-01,received,,2026-05-01 08:00:00,system,2026-05-01 08:00:00,system
1458,GRN2026001458,1395,2,36,2026-05-02,received,,2026-05-02 08:00:00,system,2026-05-02 08:00:00,system
1459,GRN2026001459,1396,7,131,2026-06-10,received,,2026-06-10 08:00:00,system,2026-06-10 08:00:00,system
1460,GRN2026001460,1396,7,115,2026-06-11,received,,2026-06-11 08:00:00,system,2026-06-11 08:00:00,system
1461,GRN2026001461,1397,6,48,2026-06-29,received,,2026-06-29 08:00:00,system,2026-06-29 08:00:00,system
1462,GRN2026001462,1397,6,,2026-06-30,received,,2026-06-30 08:00:00,system,2026-06-30 08:00:00,system
1463,GRN2026001463,1399,8,78,2026-02-13,received,,2026-02-13 08:00:00,system,2026-02-13 08:00:00,system
1464,GRN2026001464,1400,8,,2026-03-03,received,,2026-03-03 08:00:00,system,2026-03-03 08:00:00,system
1465,GRN2026001465,1400,8,134,2026-03-05,received,,2026-03-05 08:00:00,system,2026-03-05 08:00:00,system
1466,GRN2026001466,1402,3,61,2026-01-16,received,,2026-01-16 08:00:00,system,2026-01-16 08:00:00,system
1467,GRN2026001467,1403,6,19,2026-06-28,received,,2026-06-28 08:00:00,system,2026-06-28 08:00:00,system
1468,GRN2026001468,1403,6,,2026-07-03,received,,2026-07-03 08:00:00,system,2026-07-03 08:00:00,system
1469,GRN2026001469,1404,2,41,2026-01-30,received,,2026-01-30 08:00:00,system,2026-01-30 08:00:00,system
1470,GRN2026001470,1406,4,33,2026-03-03,received,,2026-03-03 08:00:00,system,2026-03-03 08:00:00,system
1471,GRN2026001471,1408,7,32,2026-04-23,received,,2026-04-23 08:00:00,system,2026-04-23 08:00:00,system
1472,GRN2026001472,1408,7,,2026-04-28,received,,2026-04-28 08:00:00,system,2026-04-28 08:00:00,system
1473,GRN2026001473,1409,3,,2026-01-27,received,,2026-01-27 08:00:00,system,2026-01-27 08:00:00,system
1474,GRN2026001474,1410,2,66,2026-01-28,received,,2026-01-28 08:00:00,system,2026-01-28 08:00:00,system
1475,GRN2026001475,1411,5,120,2026-05-24,received,,2026-05-24 08:00:00,system,2026-05-24 08:00:00,system
1476,GRN2026001476,1412,7,,2026-03-25,received,,2026-03-25 08:00:00,system,2026-03-25 08:00:00,system
1477,GRN2026001477,1412,7,,2026-03-29,received,,2026-03-29 08:00:00,system,2026-03-29 08:00:00,system
1478,GRN2026001478,1414,5,125,2026-06-03,received,,2026-06-03 08:00:00,system,2026-06-03 08:00:00,system
1479,GRN2026001479,1414,5,61,2026-06-07,received,,2026-06-07 08:00:00,system,2026-06-07 08:00:00,system
1480,GRN2026001480,1415,4,56,2026-01-24,received,,2026-01-24 08:00:00,system,2026-01-24 08:00:00,system
1481,GRN2026001481,1417,9,,2026-03-06,received,,2026-03-06 08:00:00,system,2026-03-06 08:00:00,system
1482,GRN2026001482,1418,2,59,2026-03-12,received,,2026-03-12 08:00:00,system,2026-03-12 08:00:00,system
1483,GRN2026001483,1418,2,119,2026-03-17,received,,2026-03-17 08:00:00,system,2026-03-17 08:00:00,system
1484,GRN2026001484,1420,8,88,2026-04-07,received,,2026-04-07 08:00:00,system,2026-04-07 08:00:00,system
1485,GRN2026001485,1421,4,75,2026-04-19,received,,2026-04-19 08:00:00,system,2026-04-19 08:00:00,system
1486,GRN2026001486,1422,8,96,2026-05-24,received,,2026-05-24 08:00:00,system,2026-05-24 08:00:00,system
1487,GRN2026001487,1422,8,79,2026-05-27,received,,2026-05-27 08:00:00,system,2026-05-27 08:00:00,system
1488,GRN2026001488,1423,3,,2026-06-29,received,,2026-06-29 08:00:00,system,2026-06-29 08:00:00,system
1489,GRN2026001489,1423,3,125,2026-07-03,received,,2026-07-03 08:00:00,system,2026-07-03 08:00:00,system
1490,GRN2026001490,1424,4,25,2026-01-18,received,,2026-01-18 08:00:00,system,2026-01-18 08:00:00,system
1491,GRN2026001491,1424,4,3,2026-01-20,received,,2026-01-20 08:00:00,system,2026-01-20 08:00:00,system
1492,GRN2026001492,1425,5,27,2026-04-09,received,,2026-04-09 08:00:00,system,2026-04-09 08:00:00,system
1493,GRN2026001493,1426,4,,2026-01-31,received,,2026-01-31 08:00:00,system,2026-01-31 08:00:00,system
1494,GRN2026001494,1427,7,76,2026-02-13,received,,2026-02-13 08:00:00,system,2026-02-13 08:00:00,system
1495,GRN2026001495,1428,3,83,2026-02-16,received,,2026-02-16 08:00:00,system,2026-02-16 08:00:00,system
1496,GRN2026001496,1429,1,39,2026-02-20,received,,2026-02-20 08:00:00,system,2026-02-20 08:00:00,system
1497,GRN2026001497,1430,2,,2026-05-18,received,,2026-05-18 08:00:00,system,2026-05-18 08:00:00,system
1498,GRN2026001498,1431,1,,2026-05-31,received,,2026-05-31 08:00:00,system,2026-05-31 08:00:00,system
1499,GRN2026001499,1434,2,105,2026-01-23,received,,2026-01-23 08:00:00,system,2026-01-23 08:00:00,system
1500,GRN2026001500,1436,5,2,2026-04-17,received,,2026-04-17 08:00:00,system,2026-04-17 08:00:00,system
1501,GRN2026001501,1437,8,,2026-04-16,received,,2026-04-16 08:00:00,system,2026-04-16 08:00:00,system
1502,GRN2026001502,1438,4,132,2026-07-21,received,,2026-07-21 08:00:00,system,2026-07-21 08:00:00,system
1503,GRN2026001503,1439,6,,2026-06-25,received,,2026-06-25 08:00:00,system,2026-06-25 08:00:00,system
1504,GRN2026001504,1440,7,51,2026-03-20,received,,2026-03-20 08:00:00,system,2026-03-20 08:00:00,system
1505,GRN2026001505,1441,7,86,2026-04-20,received,,2026-04-20 08:00:00,system,2026-04-20 08:00:00,system
1506,GRN2026001506,1441,7,115,2026-04-21,received,,2026-04-21 08:00:00,system,2026-04-21 08:00:00,system
1507,GRN2026001507,1443,6,,2026-04-07,received,,2026-04-07 08:00:00,system,2026-04-07 08:00:00,system
1508,GRN2026001508,1443,6,23,2026-04-09,received,,2026-04-09 08:00:00,system,2026-04-09 08:00:00,system
1509,GRN2026001509,1444,1,5,2026-05-09,received,,2026-05-09 08:00:00,system,2026-05-09 08:00:00,system
1510,GRN2026001510,1444,1,103,2026-05-14,received,,2026-05-14 08:00:00,system,2026-05-14 08:00:00,system
1511,GRN2026001511,1445,5,25,2026-04-30,received,,2026-04-30 08:00:00,system,2026-04-30 08:00:00,system
1512,GRN2026001512,1447,6,,2026-07-01,received,,2026-07-01 08:00:00,system,2026-07-01 08:00:00,system
1513,GRN2026001513,1448,1,,2026-06-26,received,,2026-06-26 08:00:00,system,2026-06-26 08:00:00,system
1514,GRN2026001514,1449,8,,2026-01-28,received,,2026-01-28 08:00:00,system,2026-01-28 08:00:00,system
1515,GRN2026001515,1450,6,107,2026-03-03,received,,2026-03-03 08:00:00,system,2026-03-03 08:00:00,system
1516,GRN2026001516,1450,6,,2026-03-04,received,,2026-03-04 08:00:00,system,2026-03-04 08:00:00,system
1517,GRN2026001517,1452,1,89,2026-07-15,received,,2026-07-15 08:00:00,system,2026-07-15 08:00:00,system
1518,GRN2026001518,1453,5,,2026-07-07,received,,2026-07-07 08:00:00,system,2026-07-07 08:00:00,system
1519,GRN2026001519,1453,5,,2026-07-09,received,,2026-07-09 08:00:00,system,2026-07-09 08:00:00,system
1520,GRN2026001520,1457,5,70,2026-04-07,received,,2026-04-07 08:00:00,system,2026-04-07 08:00:00,system
1521,GRN2026001521,1457,5,82,2026-04-09,received,,2026-04-09 08:00:00,system,2026-04-09 08:00:00,system
1522,GRN2026001522,1458,5,,2026-03-07,received,,2026-03-07 08:00:00,system,2026-03-07 08:00:00,system
1523,GRN2026001523,1461,8,36,2026-01-14,received,,2026-01-14 08:00:00,system,2026-01-14 08:00:00,system
1524,GRN2026001524,1461,8,55,2026-01-19,received,,2026-01-19 08:00:00,system,2026-01-19 08:00:00,system
1525,GRN2026001525,1464,3,,2026-01-22,received,,2026-01-22 08:00:00,system,2026-01-22 08:00:00,system
1526,GRN2026001526,1465,8,122,2026-05-19,received,,2026-05-19 08:00:00,system,2026-05-19 08:00:00,system
1527,GRN2026001527,1466,1,,2026-06-14,received,,2026-06-14 08:00:00,system,2026-06-14 08:00:00,system
1528,GRN2026001528,1467,3,26,2026-05-15,received,,2026-05-15 08:00:00,system,2026-05-15 08:00:00,system
1529,GRN2026001529,1470,3,85,2026-06-26,received,,2026-06-26 08:00:00,system,2026-06-26 08:00:00,system
1530,GRN2026001530,1470,3,17,2026-06-28,received,,2026-06-28 08:00:00,system,2026-06-28 08:00:00,system
1531,GRN2026001531,1471,1,118,2026-01-23,received,,2026-01-23 08:00:00,system,2026-01-23 08:00:00,system
1532,GRN2026001532,1474,2,15,2026-07-02,received,,2026-07-02 08:00:00,system,2026-07-02 08:00:00,system
1533,GRN2026001533,1474,2,18,2026-07-06,received,,2026-07-06 08:00:00,system,2026-07-06 08:00:00,system
1534,GRN2026001534,1475,7,16,2026-03-27,received,,2026-03-27 08:00:00,system,2026-03-27 08:00:00,system
1535,GRN2026001535,1477,5,,2026-06-11,received,,2026-06-11 08:00:00,system,2026-06-11 08:00:00,system
1536,GRN2026001536,1477,5,80,2026-06-14,received,,2026-06-14 08:00:00,system,2026-06-14 08:00:00,system
1537,GRN2026001537,1478,1,55,2026-01-27,received,,2026-01-27 08:00:00,system,2026-01-27 08:00:00,system
1538,GRN2026001538,1479,3,61,2026-03-14,received,,2026-03-14 08:00:00,system,2026-03-14 08:00:00,system
1539,GRN2026001539,1479,3,113,2026-03-19,received,,2026-03-19 08:00:00,system,2026-03-19 08:00:00,system
1540,GRN2026001540,1480,8,81,2026-03-31,received,,2026-03-31 08:00:00,system,2026-03-31 08:00:00,system
1541,GRN2026001541,1481,9,,2026-04-22,received,,2026-04-22 08:00:00,system,2026-04-22 08:00:00,system
1542,GRN2026001542,1481,9,70,2026-04-23,received,,2026-04-23 08:00:00,system,2026-04-23 08:00:00,system
1543,GRN2026001543,1481,9,13,2026-04-25,received,,2026-04-25 08:00:00,system,2026-04-25 08:00:00,system
1544,GRN2026001544,1483,5,,2026-07-04,received,,2026-07-04 08:00:00,system,2026-07-04 08:00:00,system
1545,GRN2026001545,1483,5,,2026-07-05,received,,2026-07-05 08:00:00,system,2026-07-05 08:00:00,system
1546,GRN2026001546,1484,8,,2026-05-27,received,,2026-05-27 08:00:00,system,2026-05-27 08:00:00,system
1547,GRN2026001547,1485,6,8,2026-06-19,received,,2026-06-19 08:00:00,system,2026-06-19 08:00:00,system
1548,GRN2026001548,1486,2,,2026-01-14,received,,2026-01-14 08:00:00,system,2026-01-14 08:00:00,system
1549,GRN2026001549,1486,2,,2026-01-18,received,,2026-01-18 08:00:00,system,2026-01-18 08:00:00,system
1550,GRN2026001550,1486,2,42,2026-01-20,received,,2026-01-20 08:00:00,system,2026-01-20 08:00:00,system
1551,GRN2026001551,1490,3,,2026-05-06,received,,2026-05-06 08:00:00,system,2026-05-06 08:00:00,system
1552,GRN2026001552,1491,1,110,2026-05-12,received,,2026-05-12 08:00:00,system,2026-05-12 08:00:00,system
1553,GRN2026001553,1491,1,49,2026-05-13,received,,2026-05-13 08:00:00,system,2026-05-13 08:00:00,system
1554,GRN2026001554,1492,8,,2026-06-09,received,,2026-06-09 08:00:00,system,2026-06-09 08:00:00,system
1555,GRN2026001555,1494,8,46,2026-04-18,received,,2026-04-18 08:00:00,system,2026-04-18 08:00:00,system
1556,GRN2026001556,1494,8,11,2026-04-19,received,,2026-04-19 08:00:00,system,2026-04-19 08:00:00,system
1557,GRN2026001557,1496,1,,2026-03-25,received,,2026-03-25 08:00:00,system,2026-03-25 08:00:00,system
1558,GRN2026001558,1496,1,32,2026-03-30,received,,2026-03-30 08:00:00,system,2026-03-30 08:00:00,system
1559,GRN2026001559,1497,8,,2026-03-28,received,,2026-03-28 08:00:00,system,2026-03-28 08:00:00,system
1560,GRN2026001560,1497,8,44,2026-03-29,received,,2026-03-29 08:00:00,system,2026-03-29 08:00:00,system
1561,GRN2026001561,1498,8,100,2026-06-30,received,,2026-06-30 08:00:00,system,2026-06-30 08:00:00,system
1562,GRN2026001562,1499,8,112,2026-04-09,received,,2026-04-09 08:00:00,system,2026-04-09 08:00:00,system
1563,GRN2026001563,1500,2,124,2026-05-13,received,,2026-05-13 08:00:00,system,2026-05-13 08:00:00,system
